68
 energy: -117.407286456257 gnorm: 0.188580247575 xtb: 6.6.1 (unknown)
C           52.89050382999999       14.84710153000000       53.79128954999999
C           53.22653729000000       16.06750397000000       52.93696971999999
S           54.04261381000000       15.62439894000000       51.37136803000000
H           52.43867348000000       15.13973495000000       54.74477897999999
H           52.19162126999999       14.19467265000000       53.25909769000000
H           53.79960617000000       14.27675763000000       54.00018183000000
H           52.31253083000000       16.65611973000000       52.77191445000000
H           53.92170258000000       16.70996593000000       53.49358864000000
C           48.02635325999999        8.64886609000000       49.11742341000000
C           49.01383461999999        9.65671735000000       49.70371253000000
S           49.92361811000000       10.43106653000000       48.32640822000000
H           47.45745492000000        8.13125419000000       49.89611257999999
H           47.32375616000000        9.16328828000000       48.45728337000000
H           48.56264428999999        7.90598450000000       48.52179377000000
H           48.45112081000000       10.42050910000000       50.25922808000000
H           49.67192023999999        9.14429688000000       50.41726139000000
C           57.76062367000000        8.22748810000000       46.98790486000000
C           56.56247943999999        7.30859991000000       46.75052823999999
S           55.11001388999999        8.21176674000000       46.12858041000000
H           58.64233887999999        7.66132774000000       47.30729789000000
H           58.00594447999999        8.76093869000000       46.06504062999999
H           57.52025969000000        8.97009569000000       47.75910619999999
H           56.83350689000000        6.56730675000000       45.98524914000000
H           56.34128480000000        6.75242731000000       47.67313500000000
C           57.55999942000000        9.31386938000000       51.76216435000000
C           56.30345110000000        8.68139253000000       52.36061036000000
S           54.88443588000000        9.82094307000000       52.38173003999999
H           57.83480442000000       10.20491532000000       52.33352520999999
H           58.40450359000000        8.61577233000000       51.77975464000000
H           57.37530473000000        9.61727469000000       50.72374405000000
H           56.07552675000000        7.74821082000000       51.82486170999999
H           56.51168714999999        8.41040314000000       53.40525200000000
C           54.75128760000000       16.73343153000000       47.54943094000000
C           54.68331680000000       15.27270940000000       47.11663634000000
S           54.92672792000000       14.21726665000000       48.58852092999999
H           53.96837363000000       16.95115402000000       48.28200040000000
H           55.71569357000000       16.93514678000000       48.02202863999999
H           54.63300839999999       17.41249692000000       46.69882692000000
H           53.73071578000000       15.08071655000000       46.60505120000000
H           55.49665832000000       15.07454579000000       46.40618811000000
C           51.67954438000000       18.97279121000000       50.63269668000000
C           50.57935049999999       18.30283534000000       49.79538102000000
C           50.79902475000000       16.82728700000000       49.68400627000000
N           50.48727457999999       15.96174356000000       50.73799085000000
C           51.04152011000000       14.68042631000000       50.36136563000000
N           51.36686700000000       14.74403840000000       49.01525083000000
C           51.28983243999999       16.07295371000000       48.66745249000000
H           51.61819360000000       18.64352473000000       51.67172433000000
H           52.66692151000000       18.70965485000000       50.24435111000000
H           51.56946521999999       20.05786443000000       50.61028064000000
H           49.60729583000000       18.51706965000000       50.25703019000000
H           50.57480775999999       18.74863738000000       48.79308603000000
H           50.57441239000000       16.30257168000000       51.68599443000000
H           50.40689057000000       13.84381467000000       50.68327865999999
H           51.52749061999999       16.41297002000000       47.66372504000000
Fe          52.12074641000000       10.46503905000000       48.77152920000000
Fe          52.95884604999999       14.20586894000000       50.01008844000000
Fe          54.30540763000000        9.54126016000000       47.79581880000000
Fe          54.18298941000000       10.22594735000000       50.24645822000000
S           55.86966882000000       10.57966556000000       48.91756123000000
S           53.07694201000000        8.61017877000000       49.32038429000000
S           52.86352106000000       12.03129851000000       50.22059822000000
S           53.10199788000000       11.18048632000000       46.86842753000000
Fe          54.35668944999999       12.05239735000000       48.52779903000000
C           52.85761256000000       11.24566190000000       45.05056411999999
O           51.92546922000000       10.55514964000000       44.61420987000000
O           53.62600078000000       12.01483815000000       44.45426771999999
H           54.24566427000000       12.63513714000000       43.97338695000000
68
 energy: -117.420236933721 gnorm: 0.095050536853 xtb: 6.6.1 (unknown)
C           52.89024433237301       14.84512328493036       53.79000690003436
C           53.22409057003369       16.06344807771432       52.93268094942844
S           54.02781784868694       15.61383161311784       51.36260130772926
H           52.43996321743244       15.14063634013855       54.74293293811485
H           52.19034252141837       14.19271175049924       53.25998026684003
H           53.79936854985952       14.27509812681674       53.99846681724726
H           52.31178773587505       16.65388446746686       52.76900427005099
H           53.92342275146995       16.70583496007226       53.48394906235490
C           48.02636967228480        8.64912978770109       49.11733244742823
C           49.01270353669180        9.65700600238793       49.70451365384513
S           49.93033413827077       10.42834615491738       48.33169726014393
H           47.45780056600503        8.13381893625693       49.89745308009428
H           47.32441226356082        9.16236597076177       48.45610622343174
H           48.56349750839619        7.90519221538592       48.52430592963569
H           48.45257271340898       10.42325984018701       50.25864920235063
H           49.67190115478247        9.14560510992283       50.41722820942613
C           57.76111309482415        8.22768738844874       46.98869106950061
C           56.56222976797854        7.31053384195075       46.75196818505968
S           55.11105023651758        8.22163767450070       46.13825890008067
H           58.64160852300571        7.65984498690742       47.30736989120049
H           58.00611382698000        8.76152923558092       46.06677699280516
H           57.52221759401981        8.96987729466518       47.75952175555182
H           56.82933483136556        6.57154529629790       45.98364599225972
H           56.33985630564334        6.75354765574346       47.67326844191414
C           57.56029685463950        9.31442287520681       51.76267454528173
C           56.30294924570266        8.68176772976500       52.35777952593807
S           54.88305830647921        9.82018226128017       52.36661840213401
H           57.83379656860455       10.20621144054350       52.33306614033793
H           58.40388760563277        8.61594545272499       51.78200723701030
H           57.37765843470967        9.61586943724714       50.72435283996606
H           56.07520076908774        7.74897295238143       51.82256480757906
H           56.50647793759056        8.41280388034456       53.40371110583023
C           54.75185446499791       16.73316807170912       47.55014686020520
C           54.68300927156046       15.27217116646650       47.11922154492984
S           54.92790916089179       14.22206946618343       48.59349983469576
H           53.96858219932234       16.95132443984889       48.28183419880264
H           55.71697828432943       16.93477877997183       48.02106107084474
H           54.63275731159277       17.40895525442662       46.69805094540445
H           53.73192715041515       15.07696483671732       46.60800593743356
H           55.49422150668548       15.06890709876455       46.40993906716175
C           51.68023209892893       18.97180740593782       50.63301179889491
C           50.58025119597821       18.30212824845360       49.79589452561834
C           50.80051312358269       16.82662601664389       49.68523731095949
N           50.49129373897220       15.96132854299634       50.73719103847612
C           51.03831640081295       14.68101094218729       50.36078235015189
N           51.36894832705494       14.74441221269797       49.01906883308337
C           51.29101417404885       16.07319755323891       48.66856878303016
H           51.61931472730615       18.64262655166276       51.67191512704564
H           52.66707046771220       18.70894535745821       50.24407385629698
H           51.56945523544854       20.05666159046306       50.60942377518871
H           49.60775684403465       18.51484308443666       50.25675196584933
H           50.57600492409475       18.74594280467967       48.79320354186910
H           50.57301169579744       16.30041495121806       51.68620459793491
H           50.41052765281403       13.84230423656099       50.68602827616548
H           51.52961234670127       16.41113999387240       47.66547081893602
Fe          52.10204628915760       10.45781720861083       48.78509525327994
Fe          52.96070948898748       14.20429491361804       50.01136505847477
Fe          54.30209748045411        9.54307551403985       47.79397605929238
Fe          54.18658433057020       10.22869604143908       50.25134905446751
S           55.85932759467723       10.57950690891111       48.91567241860511
S           53.08409266848858        8.62402195081062       49.32155675417660
S           52.86855094372586       12.03003512593910       50.20608123241445
S           53.08983143633434       11.20447835122550       46.86954715942479
Fe          54.37030990846726       12.06535487860194       48.53230102436748
C           52.89320903858481       11.18168971270158       45.07027048682848
O           51.91451598595195       10.59714365974161       44.59959256595598
O           53.65234762451681       12.01850246776504       44.44814345278805
H           54.20922120366859       12.63553249813313       43.97156734034026
68
 energy: -117.424591651148 gnorm: 0.067654135699 xtb: 6.6.1 (unknown)
C           52.88909700874482       14.84225312778237       53.78710912521458
C           53.22011630306041       16.05624216982341       52.92364926827437
S           54.01212638485560       15.59825490989894       51.34920702623382
H           52.44127605248102       15.14261515379939       54.73914828042432
H           52.18788088615729       14.18875805404578       53.26132600493085
H           53.79835310178060       14.27319948268435       53.99576318404299
H           52.31037551645994       16.64975744061980       52.76270979880790
H           53.92606794693825       16.69824511831561       53.46646899764803
C           48.02635747230955        8.65071457313062       49.11762823849146
C           49.01082046697545        9.65820145665226       49.70670891851735
S           49.94486856246906       10.42066172786774       48.34090831255969
H           47.45742205365715        8.13896231292440       49.89923152593403
H           47.32581519074222        9.16177352477042       48.45393280140507
H           48.56490064620367        7.90460711423466       48.52932148133399
H           48.45321675031821       10.42829706737931       50.25666272451276
H           49.66917337956405        9.14762677519611       50.41980011447250
C           57.76075533035618        8.22844903729050       46.99073547851795
C           56.55882103218525        7.31662488675598       46.75329266694304
S           55.11024822918656        8.23670317349123       46.14256950311158
H           58.63870735138608        7.65700988798403       47.30891662280313
H           58.00723940657898        8.76196865156988       46.06997843497865
H           57.52451184559663        8.97027224873972       47.76134091850123
H           56.82108858400302        6.57998095604707       45.98198489722080
H           56.33469262789281        6.75776551017584       47.67233758817576
C           57.55989151089701        9.31530031692084       51.76289726221707
C           56.30057581473385        8.68389014716285       52.35282028390554
S           54.88072881620700        9.82311999412929       52.34392370207291
H           57.83160509093618       10.20764228732344       52.33257748516535
H           58.40212003856496        8.61609433240667       51.78608493626885
H           57.38075048997695        9.61432924169734       50.72435544197700
H           56.07378416194549        7.75101753432387       51.81915415153697
H           56.49619611264210        8.41864510176210       53.40087472650831
C           54.75326344742550       16.73203760321966       47.55029564894850
C           54.68416409072507       15.27008302987105       47.12390050138833
S           54.93105626901565       14.22644711690490       48.60111917258337
H           53.97003124918168       16.95108948585035       48.28111641549916
H           55.71894943733030       16.93407000474911       48.01916013580210
H           54.63281053332209       17.40375572596219       46.69629749952836
H           53.73387913762576       15.07132669708796       46.61458858244311
H           55.49285370576556       15.06146655637111       46.41579152380392
C           51.68149799732277       18.97066435265972       50.63287074420735
C           50.58188377919243       18.30111595116900       49.79635142477274
C           50.80297518579865       16.82555489536061       49.68683501616871
N           50.49859400870864       15.96078198533063       50.73526878140751
C           51.03070434820261       14.68267826624779       50.35801295312342
N           51.37085938167542       14.74505183161544       49.02468594268108
C           51.29257673288583       16.07374290784620       48.66922835228495
H           51.62120778506051       18.64154769482221       51.67152674156137
H           52.66763952913598       18.70814385692282       50.24310314645187
H           51.56991322534199       20.05521298878912       50.60801111475199
H           49.60888688015921       18.51197463884331       50.25601495513247
H           50.57832118015754       18.74196207349142       48.79302366977619
H           50.56641805720834       16.29591612299469       51.68638721366749
H           50.41674662167610       13.83998285499051       50.69163844477682
H           51.53352369597313       16.40789454990749       47.66698382025141
Fe          52.07892776812514       10.43627983064482       48.80415742392920
Fe          52.96328154737540       14.20309531081519       50.01160890100998
Fe          54.31416635889395        9.53061557323994       47.79519083684513
Fe          54.19278385758487       10.23328756025357       50.25368533416941
S           55.86022743545210       10.57383429324792       48.91369826339092
S           53.09427760310675        8.63311079616334       49.31897199578452
S           52.86431110607705       12.02963429625011       50.17784884604140
S           53.09625160113087       11.21632898765507       46.87043694912666
Fe          54.40112903030120       12.07800164933952       48.54323946323562
C           52.80072660692760       11.25850781895571       45.14937895598588
O           51.99258154764851       10.55488384816401       44.55632297182513
O           53.65311239359018       12.06793812814119       44.45762807709681
H           54.19676797908792       12.58254727921245       43.95248854783870
68
 energy: -117.428887031289 gnorm: 0.023917735276 xtb: 6.6.1 (unknown)
C           52.88802630949152       14.83984748021199       53.78430383581793
C           53.21927784579983       16.05162161690601       52.91766743080429
S           54.01765829043990       15.59354246948906       51.34647516946422
H           52.44150936029836       15.14294668706904       54.73618827794746
H           52.18597371775181       14.18447400098622       53.26165282498176
H           53.79733817479938       14.27113636194194       53.99386652540210
H           52.30941154773398       16.64513531146391       52.75634484735251
H           53.92659556331405       16.69395337959373       53.45779117356410
C           48.02526801500872        8.65151228755786       49.11964740776673
C           49.00887121687482        9.66024976825336       49.70733002314230
S           49.93879504234086       10.41470661313883       48.33386760147932
H           47.45495802034637        8.14166704346627       49.90135011784236
H           47.32601314067989        9.16074247844128       48.45302917647690
H           48.56505927451414        7.90387818722492       48.53416749215354
H           48.45053725236748       10.43207043249184       50.25378058077220
H           49.66592517964680        9.15090279202409       50.42268809895920
C           57.76132652520523        8.22897287527316       46.99234637493849
C           56.55728173069425        7.32040596346593       46.75312238474194
S           55.11131043474084        8.24555647043887       46.14439882849827
H           58.63772304345890        7.65477126847048       47.31002783036267
H           58.00970188774623        8.76280676970583       46.07196520691835
H           57.52667337039458        8.97055316386591       47.76422639543193
H           56.81657541981434        6.58468230384217       45.97997398578435
H           56.33157513138155        6.76057124877699       47.67114218828752
C           57.55955501987054        9.31573486310819       51.76227827346850
C           56.29767318485650        8.68676379046128       52.34934562624701
S           54.88041307795335        9.82954393579474       52.34146636989885
H           57.83041655276008       10.20817685538209       52.33228454359096
H           58.40137517266741        8.61589891472900       51.78918633676745
H           57.38363150203420        9.61429051201795       50.72258998066757
H           56.07157281616731        7.75343812471595       51.81582874354054
H           56.48963118645363        8.42241260785758       53.39814405900218
C           54.75411253411014       16.73200887755078       47.54869146026238
C           54.68637017854523       15.26845576287915       47.12799093117087
S           54.93863690592074       14.23649443260916       48.61282579384083
H           53.97189453727898       16.95241719213255       48.28027163071652
H           55.71980190212959       16.93610277147562       48.01665376391463
H           54.63227552121331       17.40188336055994       46.69315478604548
H           53.73405193327522       15.06674265315369       46.62250773239016
H           55.49494093517505       15.05875200243715       46.41932317443005
C           51.68232394551236       18.96978070105720       50.63315114072618
C           50.58301644630423       18.29948398704959       49.79693677523901
C           50.80414120249704       16.82388021501913       49.68768331518525
N           50.49870921457626       15.95927671110345       50.73536046904063
C           51.02655279039833       14.68157389752177       50.35715132667959
N           51.36727391305241       14.74245199088246       49.02482052804450
C           51.29303503142690       16.07175405983589       48.66945675247844
H           51.62239660297071       18.64062642957797       51.67183274697460
H           52.66857814080164       18.70756217333792       50.24315122434061
H           51.57044461792266       20.05431073482310       50.60855441633881
H           49.60992861128091       18.51058956203247       50.25630228815967
H           50.57977004179102       18.73990949872994       48.79335610010548
H           50.55827079424293       16.29252505978801       51.68739226730705
H           50.41712893195555       13.83799925200025       50.69589518958194
H           51.53600031247235       16.40523022462982       47.66732545491345
Fe          52.07094653924042       10.42879920499513       48.81124033621641
Fe          52.96005233445349       14.19997447513383       50.01137459382635
Fe          54.31033231082991        9.53420790621946       47.78870148022299
Fe          54.19353881243132       10.24148141490896       50.24824490309538
S           55.86988527720865       10.56628602403338       48.90997567255439
S           53.10402018995612        8.62646070912519       49.31885085066354
S           52.85819518348490       12.03261951477565       50.16516571167767
S           53.08978669921216       11.24106733272477       46.87436077536131
Fe          54.41948912769463       12.08865473121863       48.54937262672759
C           52.85699662385436       11.18873006109701       45.16291670660846
O           51.96399970666850       10.59773783262334       44.57862543810651
O           53.66120962730854       12.05344531194775       44.46883930452287
H           54.17112379519442       12.60730723283724       43.92435289045599
68
 energy: -117.429968276894 gnorm: 0.023872599156 xtb: 6.6.1 (unknown)
C           52.88701577406663       14.83665363663140       53.78067945179446
C           53.21852366172207       16.04677717927963       52.91176525923387
S           54.01762649030539       15.58470246193728       51.34251851489264
H           52.44160092938185       15.14269192902598       54.73220635635431
H           52.18385680467151       14.17987639287637       53.26087020853314
H           53.79618841257452       14.26779074108594       53.99099098139057
H           52.30807739194352       16.63892256780658       52.74803461257168
H           53.92586821158184       16.69043368991773       53.44997912566608
C           48.02096703033247        8.65076872718392       49.12386586975388
C           49.00370581900130        9.66223798068377       49.70779767514728
S           49.93492242692110       10.40554096062228       48.32891882197038
H           47.44793818558325        8.14457741715711       49.90602511250052
H           47.32450613226073        9.15754850613390       48.45230711570261
H           48.56268244522494        7.90059522680155       48.54316664529519
H           48.44548825427642       10.43841263135228       50.24823174315611
H           49.65889311403167        9.15695546835126       50.42791019326724
C           57.76231368656892        8.22922563776350       46.99310759363841
C           56.55452724381418        7.32651222085271       46.74981162083129
S           55.11450508193872        8.25831143405582       46.13727049151714
H           58.63544644440314        7.65019698706810       47.31129023212137
H           58.01509829074219        8.76414604476932       46.07426834974024
H           57.53013583417632        8.97027024013886       47.76665919456594
H           56.81192918327388        6.59048298348723       45.97635904453684
H           56.32398359705788        6.76679424265054       47.66685780768189
C           57.55949999800773        9.31684464442217       51.76229431577253
C           56.29408798666123        8.69174583441226       52.34621975606716
S           54.88141468460669        9.84010189050806       52.33862106129016
H           57.83024816429037       10.20969788377545       52.33188387420265
H           58.39986312390451        8.61522664491642       51.79353739031752
H           57.38825711689384        9.61422091653337       50.72111117361560
H           56.06625489361995        7.75924115607171       51.81152519488848
H           56.48248964724210        8.42642235234760       53.39534726236977
C           54.75578449162786       16.73415123459354       47.54540864704637
C           54.69080613101900       15.26842825086854       47.13213019129935
S           54.95175002538122       14.24749383374519       48.62307939733575
H           53.97464146004071       16.95586647375214       48.27791843154485
H           55.72178772895494       16.94218966075173       48.01119794382944
H           54.63087708095733       17.40028190401116       46.68712528148468
H           53.73645936853899       15.06036165575892       46.63237412978739
H           55.49774275424240       15.05662218628898       46.42172569326197
C           51.68404962629322       18.96811878347938       50.63357473541624
C           50.58512741864261       18.29683868923881       49.79761259460202
C           50.80637366601630       16.82123195775312       49.68813609981454
N           50.50029290524514       15.95591198322020       50.73473309764609
C           51.02665669910589       14.67871914642108       50.35570413088253
N           51.36293555468698       14.73857002960363       49.02248559324513
C           51.29333528798860       16.06878515742906       48.66885982845290
H           51.62470710122385       18.63889084865161       51.67232347009811
H           52.67052638368499       18.70684824231110       50.24323382785635
H           51.57121746026530       20.05257825936953       50.60925538734758
H           49.61198449019695       18.50791211361458       50.25697404908453
H           50.58155828642112       18.73717749685013       48.79388120504409
H           50.54870024640888       16.28721245455484       51.68782169905118
H           50.41995838903907       13.83537361325554       50.69972945956658
H           51.53692764776830       16.40219394867391       47.66675709473225
Fe          52.06666949116581       10.41444427672652       48.82025185866480
Fe          52.95919411253597       14.19028720674398       50.00104717267786
Fe          54.30988684608771        9.54244493771493       47.78325679284746
Fe          54.19230656169510       10.24319763738572       50.24317830503362
S           55.87548688965887       10.56244220054655       48.91167748936065
S           53.11688755313943        8.61649836813349       49.31345447045378
S           52.85243056146511       12.02907177040751       50.15531351181449
S           53.08092202686152       11.26836934298457       46.89047346834160
Fe          54.43934545496739       12.10159450355779       48.56133508265040
C           52.86025343492049       11.19355534297621       45.18783299510245
O           51.96812077709006       10.59913219265742       44.59686557971482
O           53.66761083361251       12.05480848122350       44.48770478095685
H           54.16565447196660       12.59801906411627       43.89442272356315
68
 energy: -117.431953022129 gnorm: 0.063849200298 xtb: 6.6.1 (unknown)
C           52.88471009280867       14.82878150531909       53.77235238744821
C           53.21659666234441       16.03534089724375       52.89847923208479
S           54.02645259551854       15.57029626584347       51.33688288008544
H           52.44109749047117       15.14045668035528       54.72301638186529
H           52.17968420331099       14.16925060154265       53.25797503879046
H           53.79360852889974       14.25970797391841       53.98424822321840
H           52.30467740602765       16.62356296816191       52.72757536332294
H           53.92112873375898       16.68271434057817       53.43487163500895
C           48.00863281657835        8.64820270177743       49.13550761406061
C           48.98883793223888        9.66633540069843       49.71101463706187
S           49.93045983935843       10.38183271833477       48.32406551619940
H           47.42817836662744        8.15227283352753       49.91890069415647
H           47.31949774657364        9.14803592616663       48.45079119064508
H           48.55506361196929        7.89065479752774       48.56823920658152
H           48.43029848692280       10.45420418100590       50.23437537627466
H           49.63816097992290        9.17193384135887       50.44434058879794
C           57.76476850575759        8.22980625203440       46.99458923834060
C           56.54689937404184        7.34320535823770       46.74008599485180
S           55.12246941927982        8.29382365320995       46.11935326195087
H           58.62915548557543        7.63781838282884       47.31374015351453
H           58.02917259195139        8.76770999630930       46.08016675273724
H           57.53893208935051        8.96906928546638       47.77253176927663
H           56.79989508939660        6.60609348869067       45.96626872318295
H           56.30359044634556        6.78383614362404       47.65441765814279
C           57.55962126509174        9.31975677281786       51.76278576823169
C           56.28577258336252        8.70406454394125       52.33902347485580
S           54.88374882884722        9.86514896408555       52.32877526299024
H           57.82998256516747       10.21398383058477       52.33070403235113
H           58.39620510299363        8.61377460389721       51.80505864974816
H           57.39984630118591        9.61342203380212       50.71794419746661
H           56.05328630607187        7.77429061435258       51.80082694797706
H           56.46584367543841        8.43557292886516       53.38867756847055
C           54.75961678158549       16.73848013377594       47.53637077840644
C           54.70093395323898       15.26733757216041       47.14154753397170
S           54.97483358895231       14.26750489472694       48.64483740204222
H           53.98079603496125       16.96427423408489       48.27039462249324
H           55.72621429133362       16.95676002546015       47.99673100382357
H           54.62765931377636       17.39499176333736       46.67113939176869
H           53.74286004281638       15.04577044913777       46.65384000888103
H           55.50442239121933       15.05097417871808       46.42774391823257
C           51.68845093856572       18.96335899824866       50.63449010987256
C           50.59055081809585       18.28991050684828       49.79884962763932
C           50.81180731833000       16.81429317444257       49.68895185749337
N           50.50349001003898       15.94773234897966       50.73252781289393
C           51.02509485583561       14.67178369948213       50.35301312188984
N           51.35809093162520       14.72878438397906       49.01965512265681
C           51.29496500124893       16.06041749640848       48.66796347786150
H           51.63058831730726       18.63374145966344       51.67329692036949
H           52.67552820731103       18.70487662543852       50.24334728239158
H           51.57295469660841       20.04758698890798       50.61099371856970
H           49.61723785201983       18.50067427716713       50.25814396988321
H           50.58637198595137       18.73007386808280       48.79485623169972
H           50.51937218949178       16.27382358677236       51.68841768980293
H           50.42603727067610       13.82779960595512       50.70806393209475
H           51.54065848653136       16.39329872308315       47.66603236047025
Fe          52.05642698558494       10.38294199512279       48.83431239598335
Fe          52.95972401440650       14.17584013872237       49.99278191739719
Fe          54.31622269285540        9.56046734643530       47.77334703990286
Fe          54.18756730625297       10.25017557945438       50.23285439318401
S           55.89071281317464       10.55538165547433       48.91813809548344
S           53.14521064815393        8.59963541214825       49.29842770406736
S           52.83911229065207       12.02392583035857       50.12677204339856
S           53.06123213054134       11.32318118748061       46.92275893620513
Fe          54.48450735001160       12.12526720617257       48.58455507071239
C           52.87017126577555       11.20844064380864       45.23960870657136
O           51.98354554718848       10.60754358499134       44.62977458941180
O           53.69294075619580       12.06485512111669       44.54104969575008
H           54.14470107849061       12.56268469773065       43.82711436703055
68
 energy: -117.434389140787 gnorm: 0.095357149781 xtb: 6.6.1 (unknown)
C           52.88292133846775       14.82159074841935       53.76499173075869
C           53.21453303816777       16.02600133495699       52.88803467605410
S           54.03038046826437       15.55612730992136       51.33242099825274
H           52.44132268865025       15.13724776488889       54.71530737489715
H           52.17609225708404       14.16020757812005       53.25487136867699
H           53.79174620004579       14.25212552316163       53.97709335044566
H           52.30049050561995       16.60907865646271       52.70972416090066
H           53.91528387385277       16.67768701232104       53.42354672025779
C           47.99480016335243        8.64492653362551       49.14978052447357
C           48.97248572746501        9.66998890961952       49.71638196023683
S           49.92641895528553       10.35626949598609       48.32232714645621
H           47.40650273324672        8.16058668224345       49.93477070675326
H           47.31313870577825        9.13672850311696       48.45124051121077
H           48.54553396634699        7.87893805636254       48.59733686131744
H           48.41296297855746       10.47014060764647       50.22061510172924
H           49.61469153172484        9.18741399440811       50.46442111612786
C           57.76753339528706        8.22960662809240       46.99507942539708
C           56.53936739537755        7.35995846770924       46.72892336563965
S           55.13175128240133        8.33173505962684       46.10185557402879
H           58.62268300545195        7.62404943707658       47.31469329206024
H           58.04374687409103        8.77091143552352       46.08554983950796
H           57.54828578039232        8.96651525151309       47.77784279468873
H           56.78762226577761        6.62169456138865       45.95464692415671
H           56.28249028309646        6.80128903181622       47.64037487736906
C           57.56029224569335        9.32313756970553       51.76381423920735
C           56.27788507829614        8.71703453842782       52.33216688652907
S           54.88565723967381        9.88964807715828       52.32116874336295
H           57.83024225782129       10.21911736451959       52.32941549716915
H           58.39294638645012        8.61285605419293       51.81750979274642
H           57.41239954981164        9.61225925599632       50.71531246554495
H           56.04055722433292        7.79042823871078       51.78995672569926
H           56.45056944599560        8.44434757790576       53.38187216287034
C           54.76316508631851       16.74145746899152       47.52612821101734
C           54.71072894033487       15.26535002094329       47.14856023361261
S           54.99789313342527       14.28190528904622       48.66072557890276
H           53.98664249867449       16.97174290267529       48.26146530853234
H           55.73044100644117       16.97062997026925       47.98039755583994
H           54.62396554616545       17.38801060232634       46.65393247578050
H           53.74934800843195       15.03165389431859       46.67225600624673
H           55.51076630862173       15.04562701218191       46.43126685196039
C           51.69322784393182       18.95809706509514       50.63491236342981
C           50.59622313190268       18.28227390565608       49.79991199623676
C           50.81831432149823       16.80679863496758       49.68946997472579
N           50.51078798934209       15.93882885487955       50.73047522793491
C           51.02806882388531       14.66409872803063       50.35059525144485
N           51.35518179078436       14.71869535634696       49.01615285459801
C           51.29772233161081       16.05157426515478       48.66677095474046
H           51.63722696798288       18.62787875791678       51.67372310396851
H           52.68090765348265       18.70293212824872       50.24269023551054
H           51.57453670062137       20.04203804802157       50.61243215811228
H           49.62288432852743       18.49231401536523       50.25966112276394
H           50.59082099524858       18.72249507993131       48.79576521454599
H           50.48954129199669       16.25941319840369       51.68849829863170
H           50.43540505052992       13.82028109429143       50.71627486819335
H           51.54391149080223       16.38422172818404       47.66474361301267
Fe          52.04796896444660       10.35779925107921       48.84751419480187
Fe          52.96462223875788       14.15857310337762       49.98084535552824
Fe          54.32327130910597        9.57856875709886       47.76600440315364
Fe          54.18520157159619       10.25582341769115       50.22370445693964
S           55.89964652809982       10.56324966226836       48.91886648573380
S           53.16902691713933        8.58735177392777       49.28456516725941
S           52.82820333715846       12.01593650738962       50.11205779561702
S           53.02998225756185       11.36039014028424       46.94754038565315
Fe          54.50575206308038       12.14649082793979       48.60275639109365
C           52.88519683591513       11.22375360836804       45.27215314448286
O           52.00929289355486       10.61653843088200       44.63352587316083
O           53.73248198057325       12.08570403438366       44.61268018730029
H           54.12519230058201       12.53140508341955       43.78821805500309
68
 energy: -117.440269947303 gnorm: 0.107050978910 xtb: 6.6.1 (unknown)
C           52.88260775674021       14.81662678061884       53.75954360040209
C           53.21340939470966       16.02047874299054       52.88147914360754
S           54.03764094798299       15.54991614592919       51.33237688482811
H           52.44298290192222       15.13378748867603       54.71021780077377
H           52.17423344989687       14.15464913178549       53.25197394141004
H           53.79154974597893       14.24647340539500       53.97021692825044
H           52.29673356149394       16.59742742453924       52.69547595835634
H           53.90813641447522       16.67682635002155       53.41867244393501
C           47.98123024874307        8.64109158940792       49.16590128468302
C           48.95661678555893        9.67222224624317       49.72443530120495
S           49.92345823686242       10.33372005654689       48.32773483424029
H           47.38587940849586        8.16753157493138       49.95204304235612
H           47.30626656211660        9.12486867253764       48.45519355192009
H           48.53530706563438        7.86757291958119       48.62728814739832
H           48.39609011875436       10.48306196820615       50.21016359428042
H           49.59171709000933        9.20128429488638       50.48612599354750
C           57.76926431496416        8.22884685160333       46.99446297525611
C           56.53256049523234        7.37446671722076       46.71789035640149
S           55.14106656161539        8.36577684401886       46.08621159710179
H           58.61606083583493        7.61152293852899       47.31373601026294
H           58.05569623801041        8.77321972381901       46.08957897256631
H           57.55554076329231        8.96319879687759       47.78172014266739
H           56.77703707573024        6.63479829972991       45.94373183609970
H           56.26346808611543        6.81728713780319       47.62689572359104
C           57.56136409643410        9.32698834135471       51.76431962588179
C           56.27257906729360        8.72846151767012       52.32677659392183
S           54.88807564664849        9.90939968916876       52.31561364035617
H           57.83063688406340       10.22531121555864       52.32675592743017
H           58.39073527195631        8.61367741409293       51.82849184233716
H           57.42343565112284        9.61071796733792       50.71265176323615
H           56.03086310988138        7.80534183938689       51.78011299758062
H           56.44046141116718        8.45097311217345       53.37583846645635
C           54.76522430026441       16.74161217293420       47.51591343725708
C           54.71704667100715       15.26216687412534       47.15122119037248
S           55.00858403664585       14.28374961583769       48.66545545148121
H           53.99052730950171       16.97683575416654       48.25181704764656
H           55.73302002040195       16.98027428277502       47.96453053574066
H           54.62053961734424       17.37962790479983       46.63809459028018
H           53.75402552875469       15.02121976857496       46.68296521899357
H           55.51493059087418       15.04062798423107       46.43166474172515
C           51.69780727611645       18.95369241292210       50.63448429393581
C           50.60117885462025       18.27596098382386       49.80045747272074
C           50.82416120690627       16.80086332426691       49.68970838827997
N           50.52231541751529       15.93255532734507       50.72975141766496
C           51.03197462086450       14.65822234835950       50.34957868746783
N           51.35423362535961       14.71022707220093       49.01379511888508
C           51.29951991582760       16.04343076038143       48.66562532414741
H           51.64392153471513       18.62261585974711       51.67323595287559
H           52.68590672539531       18.70182833410868       50.24084427232538
H           51.57586017222591       20.03731231913574       50.61320078904133
H           49.62803635171079       18.48504307506673       50.26128726189464
H           50.59393935009183       18.71616722310238       48.79614631143421
H           50.45547527807713       16.24646622834664       51.68800277633731
H           50.44506435538483       13.81502735504959       50.72521599831573
H           51.54537394419376       16.37580881665762       47.66323547510810
Fe          52.04350638609243       10.33993194738914       48.85358365522788
Fe          52.97272062207874       14.14768862369586       49.97644068897421
Fe          54.33121172879035        9.59004985018773       47.76323219366961
Fe          54.18362289445503       10.26125533931910       50.21660175705501
S           55.90398365738071       10.57652220733764       48.91417251549235
S           53.18459367482050        8.58198868763885       49.27628156835948
S           52.82274035173884       12.00934635853634       50.10375272309954
S           52.98217705574093       11.36402669584665       46.95552423983927
Fe          54.50355634492684       12.15160899229462       48.60545805016547
C           52.90487879352550       11.24230693631023       45.27011048837861
O           52.04911719040345       10.62912607880609       44.58744868177003
O           53.79654026316062       12.12428445791601       44.71871606298805
H           54.10686441434017       12.50255070809747       43.79910296870361
68
 energy: -117.449938609777 gnorm: 0.070176471735 xtb: 6.6.1 (unknown)
C           52.88431539869491       14.81791563533729       53.76032238987914
C           53.21411671889565       16.02285585028993       52.88326744140149
S           54.03768048018340       15.55271342935724       51.33440169073587
H           52.44555018894084       15.13242655592587       54.71205811952809
H           52.17568595516567       14.15798764907970       53.25104233411111
H           53.79341310714277       14.24709105414252       53.96816305914049
H           52.29650110199059       16.59736986013089       52.69584528422583
H           53.90441089453815       16.68149708945820       53.42412619505650
C           47.97779153815566        8.63940204158438       49.17257913018269
C           48.95253069767987        9.67138044186054       49.73014670636446
S           49.92383870249650       10.33031794706512       48.33876028825952
H           47.38202561011001        8.16885968345437       49.95918341841653
H           47.30306804490743        9.11977600794617       48.46102718661079
H           48.53089115330140        7.86423003747617       48.63760469491827
H           48.39119884353954       10.48252199444945       50.21082753045388
H           49.58542305228166        9.20351183955034       50.49377005052234
C           57.76862208564557        8.22764472925905       46.99300305349801
C           56.53205497216899        7.37564106634612       46.71506500360884
S           55.14391984084290        8.37101322389078       46.08752031118112
H           58.61408479206947        7.60958299356458       47.31088134323685
H           58.05561140313085        8.77229172281349       46.08946071863603
H           57.55460898546242        8.96081701577420       47.78058397850020
H           56.77650361549753        6.63558122762015       45.94131506462868
H           56.26131139360293        6.81963736899750       47.62336372604484
C           57.56202127512555        9.32902430175010       51.76382664705193
C           56.27425387809548        8.73033347966846       52.32721474056169
S           54.88866482492834        9.90878641597722       52.31730658336514
H           57.83111471589496       10.22853955756265       52.32421255971119
H           58.39099831117089        8.61650460651343       51.82937421393207
H           57.42378908137329        9.61008523464220       50.71258288919374
H           56.03157322749679        7.80882970906803       51.77908009561179
H           56.44473710878803        8.45023101338387       53.37498294384033
C           54.76391055208313       16.73878162571192       47.51328916729913
C           54.71444196096877       15.26048038891528       47.14699913010777
S           55.00149102637153       14.27160232548369       48.65448354663535
H           53.98920195325580       16.97602097557510       48.24823596964149
H           55.73197207944104       16.97915876607804       47.95945011497569
H           54.61890249266018       17.37492101383003       46.63518726177625
H           53.75382462684082       15.02321044255062       46.67595017431099
H           55.51312701282815       15.04052047434258       46.42863806706843
C           51.69895611737920       18.95309214185196       50.63326635264459
C           50.60174117164944       18.27560662229433       49.80002625332083
C           50.82478011382539       16.80093469729605       49.68911980963752
N           50.53741450599737       15.93433102131665       50.73196687531657
C           51.03610947986688       14.65821872400452       50.35056050652473
N           51.35595177493619       14.71058394285641       49.01363961985446
C           51.29786820987662       16.04215226280755       48.66455762962370
H           51.64587193387932       18.62133365022726       51.67178792476374
H           52.68677029608529       18.70216714480598       50.23879181107339
H           51.57591166527417       20.03653393316344       50.61239829695469
H           49.62903975530337       18.48398486198683       50.26200747356180
H           50.59309878850222       18.71564648270175       48.79580999079653
H           50.44038018521295       16.24309091907234       51.68522903539523
H           50.44869273713933       13.81687303113851       50.72726434416666
H           51.54114340551574       16.37476702590079       47.66176534613908
Fe          52.04643415249142       10.34145037803682       48.83648895815777
Fe          52.98158121358823       14.14928635423467       49.98016064202120
Fe          54.33666476771593        9.58712232225641       47.76925427021936
Fe          54.18580019804770       10.25884576929348       50.21942901033209
S           55.89695790104466       10.58820942926081       48.90455903825642
S           53.18063754769864        8.58980229852051       49.28013439297921
S           52.82506459886111       12.00402396629981       50.11317999322975
S           52.95916705791793       11.32095107324850       46.93567668488725
Fe          54.46887664342479       12.13678825519288       48.59221490051060
C           52.91678631108394       11.26634030635700       45.21410091824622
O           52.07968304595629       10.65806844874152       44.52152435196314
O           53.85687900857724       12.16445406622185       44.80132353089445
H           54.07943998937182       12.46579395446078       43.86891748430009
68
 energy: -117.455537843065 gnorm: 0.031693961764 xtb: 6.6.1 (unknown)
C           52.88516266493554       14.81929840954470       53.76230812626908
C           53.21305800883626       16.02387783239348       52.88389390852335
S           54.03843843689070       15.55459498698330       51.33334109271524
H           52.44615296156537       15.13139284347263       54.71462981605234
H           52.17777758987218       14.16056548559727       53.25085648406078
H           53.79483172079425       14.24966564677626       53.96917301393302
H           52.29674945877228       16.60074751675968       52.70027272325444
H           53.90341822267193       16.68270927153966       53.42552665266341
C           47.97681644082719        8.63848276737672       49.17575277767337
C           48.95065546770896        9.67184046343681       49.73367724443440
S           49.91983334237679       10.32974621366313       48.34024305980810
H           47.38275006472330        8.17034711715909       49.96522094696425
H           47.30008063386629        9.11653768740569       48.46476421265024
H           48.52900676950791        7.86128843081800       48.64286202683852
H           48.38707424470969       10.48142323733893       50.21416256091268
H           49.58364859951198        9.20295389118744       50.49624330852419
C           57.76894902584340        8.22633030628453       46.99270427897164
C           56.53339912523544        7.37320217674044       46.71521757503854
S           55.14463830437515        8.37053025428049       46.09129912926285
H           58.61547762201752        7.60974222357299       47.31036104161068
H           58.05403557307919        8.77017403874586       46.08895933896691
H           57.55263616219121        8.95961259285226       47.77831039388082
H           56.77749579388301        6.63515727371467       45.93952230850667
H           56.26372085923195        6.81488602834692       47.62195688529166
C           57.56202839074896        9.33058113635015       51.76285252200768
C           56.27789403786639        8.72810546386444       52.32936706827792
S           54.88836312248699        9.90244907699411       52.31898838373202
H           57.83099551546904       10.22967158267655       52.32346610451059
H           58.39223161410924        8.61968348646508       51.82563956285777
H           57.41887033183514        9.61195485651754       50.71334834933817
H           56.03607017578882        7.80650305018181       51.78243872081048
H           56.45113573926728        8.44861398290680       53.37704005547986
C           54.76177708468037       16.73597900134236       47.51318495048373
C           54.70865949644355       15.25949383460717       47.13997572834877
S           54.98935238909889       14.26234469445934       48.64333100939248
H           53.98666053617078       16.97199675873287       48.24756725597466
H           55.73046039525242       16.97276244118950       47.95913888957063
H           54.61801363179847       17.37385703660085       46.63679304996501
H           53.75102599898829       15.02893154555844       46.66056463604423
H           55.50952077919627       15.04050695298602       46.42493403004575
C           51.69876051661105       18.95281433326720       50.63249965238913
C           50.60098801641976       18.27636419422147       49.79962320848367
C           50.82377621935092       16.80158592679115       49.68863253915042
N           50.54366563169324       15.93662180830792       50.73228729404223
C           51.03646900461153       14.66010152886776       50.35181299738571
N           51.36319037520129       14.71457453205184       49.01788425877225
C           51.29795464124918       16.04389331537217       48.66405728526139
H           51.64601748851901       18.62041740126800       51.67059792115494
H           52.68582718465367       18.70139999567146       50.23730654938782
H           51.57626487753397       20.03624727209403       50.61154278423906
H           49.62838112082996       18.48422952786292       50.26152892549398
H           50.59256276635970       18.71565508740689       48.79559890941757
H           50.43753123229563       16.24412128667736       51.68328198349664
H           50.44863802716237       13.81788208381489       50.72342536772524
H           51.53665524974087       16.37523534129759       47.66040318323681
Fe          52.03633393791277       10.33506204039715       48.83008974561825
Fe          52.98558756143593       14.15512318080864       49.99351774142469
Fe          54.33399545363915        9.57705149531769       47.77419584587904
Fe          54.19035573471929       10.25391604396871       50.22660873961062
S           55.88836070064826       10.59063006601868       48.89794668355324
S           53.17855934074316        8.58990561829540       49.29276173155544
S           52.81872180800941       12.00183944672108       50.12133980706063
S           52.97547646996210       11.28827884986351       46.92867166175421
Fe          54.44457731065383       12.12832702942092       48.58798076990062
C           52.93676134639417       11.28672372317031       45.20053282221158
O           52.11298755469564       10.71740085055938       44.49278198196153
O           53.89007747218842       12.18915193053446       44.80575924416822
H           54.04954190412795       12.43645437250555       43.88772941201376
68
 energy: -117.459398024999 gnorm: 0.066318635722 xtb: 6.6.1 (unknown)
C           52.88502041888913       14.81709248113354       53.76187671284348
C           53.20976075849727       16.02125083726815       52.88176431336556
S           54.03893245534350       15.55016346506311       51.33055903680957
H           52.44635602413422       15.12735332643661       54.71487151089701
H           52.17883716949238       14.15854716112718       53.24946065547748
H           53.79586723770280       14.24958511086004       53.96760875310310
H           52.29377170907686       16.59821165714540       52.69938469817406
H           53.89937649411993       16.68254386996364       53.42269469631038
C           47.96493782384582        8.63414032370568       49.18997331598109
C           48.93618716410310        9.67386815752342       49.74211221379065
S           49.91053551614237       10.31614675779845       48.34372561842303
H           47.36879193483774        8.17574003806420       49.98420975389721
H           47.28996084216387        9.10419967299798       48.47159454889571
H           48.51890209750923        7.85002098672024       48.66848092756655
H           48.36941251651852       10.48769718917902       50.21266629937948
H           49.56648797656038        9.21098614523705       50.51091737442002
C           57.77081248160923        8.22424913184515       46.99227075681491
C           56.53164598313826        7.37813764666670       46.70829955502470
S           55.15008513044889        8.38895943165448       46.08630621194386
H           58.61402996633539        7.60278852971266       47.31040679066511
H           58.05998104675619        8.76850354797189       46.09063465107683
H           57.55437566393940        8.95647221753904       47.77768443045277
H           56.77272259281216        6.64331220220309       45.92872635364605
H           56.25646237999513        6.81622679557859       47.61092817036026
C           57.56215063939376        9.33466152120493       51.76176889269451
C           56.28041902884516        8.72989091519035       52.33034789757054
S           54.89043887604299        9.90475789076082       52.32072670800314
H           57.83045078963842       10.23398206432553       52.32189037508849
H           58.39318157023602        8.62481695030410       51.82472090597639
H           57.41590469498443        9.61491344380024       50.71305569369125
H           56.03722838709410        7.80975674231216       51.78295025335778
H           56.45477911826925        8.44960765446154       53.37783566570174
C           54.75985900202970       16.73244999206122       47.50718730546664
C           54.70357112629586       15.25654603857459       47.13027455368341
S           54.98088566016896       14.25393548285623       48.63097630267571
H           53.98577158965119       16.96796059907379       48.24227205053490
H           55.72999554135286       16.96721070626792       47.95058403361669
H           54.61490158303090       17.37005328320041       46.63109309519561
H           53.74841417154177       15.03128229881683       46.64275337776687
H           55.50687804387071       15.03735029628452       46.41900746153709
C           51.70116742885022       18.94939712365806       50.63177993741047
C           50.60261412111930       18.27376993604744       49.79986944219746
C           50.82537654570131       16.79875129793201       49.68845207219567
N           50.55607277565071       15.93562663953507       50.73211258310555
C           51.03908527537691       14.65943312206392       50.35241656206907
N           51.37200930626530       14.71550591804282       49.02224072548308
C           51.30008745651347       16.04247981197714       48.66268589421752
H           51.65020870835702       18.61543409965248       51.66921170975920
H           52.68736313772742       18.69886456363535       50.23453172399661
H           51.57814088899551       20.03271935755140       50.61176658686022
H           49.63029832340375       18.48076112216130       50.26213449574055
H           50.59388435051950       18.71198887777888       48.79596716492814
H           50.41957157991427       16.23923775963070       51.68098940900266
H           50.45424445470509       13.81575804520122       50.72264000985432
H           51.53206166738649       16.37157098265888       47.65752980175474
Fe          52.01641092320341       10.31489591254829       48.83917689913395
Fe          52.99157861027452       14.15029990702021       50.00352971336148
Fe          54.33087903763663        9.57390859070586       47.77852875244359
Fe          54.19270148523958       10.24574882991086       50.23483597238685
S           55.87968184790802       10.59730587349151       48.89691829552960
S           53.18212915597917        8.58270639963282       49.30543179458940
S           52.80402099053209       11.99292769014538       50.13452413713970
S           52.98859778141847       11.26721788450501       46.94483065139789
Fe          54.41913532925503       12.12538121271700       48.59743862199240
C           52.99505016720897       11.32772470726568       45.22098154957514
O           52.20652018060784       10.82209971110294       44.44511722253765
O           53.96653661808859       12.24138107601234       44.83533498881899
H           53.97337392573391       12.37128086450315       43.83470963063370
68
 energy: -117.462355233286 gnorm: 0.023523273750 xtb: 6.6.1 (unknown)
C           52.88620597440696       14.81832164600860       53.76319038783730
C           53.21046271082227       16.02437901876215       52.88591825291336
S           54.03384952839221       15.55153621984878       51.33065522033278
H           52.44595377109302       15.12757564135247       54.71588774352913
H           52.18149948166142       14.15853575800448       53.24989578276200
H           53.79783943508967       14.25254497773804       53.97016051033572
H           52.29425923133335       16.60171679809145       52.70450301777236
H           53.90311317873981       16.68487339412560       53.42425114896415
C           47.96072748812797        8.63137420287203       49.19596586738594
C           48.93277647522378        9.67330640745672       49.74355527610989
S           49.90560802732823       10.31715294321161       48.34315015473934
H           47.36566046893004        8.17398597320181       49.99207079333034
H           47.28504080256393        9.10030053969417       48.47705307679791
H           48.51500055923621        7.84697490873585       48.67507039122738
H           48.36592275842307       10.48659316409304       50.21652287951935
H           49.56574487789246        9.21162301400296       50.51165343246331
C           57.77040374389847        8.22317506165787       46.99143567482020
C           56.53283012956146        7.37389074684109       46.70711011650010
S           55.14702169421373        8.38030416856903       46.08493044415553
H           58.61508704067974        7.60382881048048       47.31150864896501
H           58.05940369924981        8.76657374628209       46.08870423086437
H           57.55211794743450        8.95617974239107       47.77581659460292
H           56.77520350609326        6.64129098064335       45.92580356523374
H           56.25971994675885        6.80941603439905       47.60910420318007
C           57.56303331733386        9.33561170033226       51.76084059605889
C           56.28606939522442        8.72574362842677       52.33521605846379
S           54.89270098958158        9.89768790997906       52.32989614038827
H           57.83153414201706       10.23424830437175       52.32212756862424
H           58.39717511419934        8.62824816704051       51.81652556760943
H           57.40917370357464        9.61876482465405       50.71343540447327
H           56.04375732907367        7.80413387458297       51.78969433691093
H           56.46516582544783        8.44766358294385       53.38259399167044
C           54.75632927624357       16.72936135892927       47.50606692766374
C           54.69682298545901       15.25456465930562       47.12175628539075
S           54.97024984471747       14.24335765399412       48.61801311118508
H           53.98316402386921       16.96211177010789       48.24305658608098
H           55.72720018722899       16.95810323651474       47.95140738784531
H           54.61305726294032       17.37310205361553       46.63349084615218
H           53.74202222006593       15.03543045851013       46.62744840946468
H           55.50249992247219       15.03689139441328       46.41199639350162
C           51.70065619117558       18.94929691347568       50.63088510652587
C           50.60073358908365       18.27526622277706       49.79940957441450
C           50.82298840751145       16.79982011115152       49.68808639357906
N           50.55281436271592       15.93735790896652       50.73279990519535
C           51.04095158700368       14.66111763033892       50.35324950800759
N           51.37337809285363       14.71796078819707       49.02263048800546
C           51.30036604053074       16.04487812001981       48.66238665991330
H           51.65011961956023       18.61502263634639       51.66825544359052
H           52.68634951777120       18.69752617123191       50.23279285568898
H           51.57923996111690       20.03283605307688       50.61149221751914
H           49.62884895622527       18.48327891608152       50.26209670362672
H           50.59229216680967       18.71348430698927       48.79545066281143
H           50.42899887084791       16.24439214351151       51.68130566844646
H           50.45227837909312       13.81748371385564       50.71924886041283
H           51.52921109882722       16.37356825963742       47.65633303617199
Fe          52.01603203467239       10.31879811569675       48.85220740507847
Fe          52.98578349058228       14.14338118994539       50.00026230101931
Fe          54.32356877889561        9.57501872141342       47.78179768616446
Fe          54.18769070805951       10.23492235305256       50.24196119967165
S           55.87317531093757       10.59757058279403       48.91178478472636
S           53.16862399481683        8.57807632904531       49.31118043924270
S           52.80270927209266       11.98853386777264       50.15335433922812
S           53.00805603651166       11.25199494010202       46.95038020425775
Fe          54.40326971268534       12.11409953328102       48.59537983075211
C           53.02449456265271       11.34566801699580       45.23335096125962
O           52.25120323130300       10.87503070401753       44.40255387946033
O           53.97873547029828       12.25453266163499       44.78904246184290
H           53.96290781875374       12.36815449238616       43.84312666755697
68
 energy: -117.463146001638 gnorm: 0.020943767412 xtb: 6.6.1 (unknown)
C           52.88618625966026       14.81659037747149       53.76230839584009
C           53.21019732760750       16.02234397613016       52.88454818906169
S           54.03606656379942       15.55246319351968       51.33085302422135
H           52.44499853020501       15.12615944974186       54.71462572315178
H           52.18195020360892       14.15550733375788       53.24962362534220
H           53.79807251417540       14.25114686265769       53.97010833600977
H           52.29296245929140       16.59798685352589       52.70149853842204
H           53.90125047917673       16.68323758360587       53.42354730925990
C           47.95306619256773        8.62877626038868       49.20475440268286
C           48.92481703587185        9.67312706098187       49.74789043425883
S           49.90478777026416       10.31103558143874       48.34983609411595
H           47.35541749615297        8.17604372311682       50.00151135967611
H           47.27944680255469        9.09388967942485       48.48132480923177
H           48.50791737503323        7.84098187403924       48.68936887720996
H           48.35753084730682       10.49003225988876       50.21447192616971
H           49.55529185574327        9.21652204388449       50.52119470872236
C           57.76986489278818        8.22293694436127       46.99105324776719
C           56.53120883169622        7.37647438493000       46.70261086496427
S           55.14625627378407        8.38457147148970       46.08284893003324
H           58.61229522100089        7.60111451358358       47.31205568678966
H           58.06292369001089        8.76764244271715       46.08993389594158
H           57.55214406763349        8.95489931193917       47.77723439532281
H           56.77391134764476        6.64546723132406       45.91981753679162
H           56.25671620540820        6.81005226794599       47.60304712286357
C           57.56325296969558        9.33711733121946       51.76111249416230
C           56.28805025726840        8.72524523631360       52.33755436263377
S           54.89248808901493        9.89382125009426       52.33460853568931
H           57.83124773038779       10.23632094934353       52.32202043707009
H           58.39888825477242        8.63140025338226       51.81432282486965
H           57.40728403797826        9.62068160390949       50.71372121042764
H           56.04659471115701        7.80302970409766       51.79212925056261
H           56.46963772689753        8.44730462230240       53.38435000948530
C           54.75426072829421       16.72583739655784       47.50235797162085
C           54.69350830802031       15.25168117186750       47.11663115303021
S           54.96343630352366       14.24207317815359       48.61452346161754
H           53.98202063596293       16.95897750434937       48.24050239845339
H           55.72537343375930       16.95339976082554       47.94800141926753
H           54.61153951688639       17.37157880059101       46.63107568005377
H           53.73841830249325       15.03335186034186       46.62283249626356
H           55.49995720232467       15.03366869179473       46.40695166558783
C           51.70213285978107       18.94778069226779       50.63054046910494
C           50.60147592240464       18.27455891224794       49.79915628168128
C           50.82317470790891       16.79923478854928       49.68779054040387
N           50.55141404000667       15.93664669220944       50.73289290244306
C           51.04112646741920       14.65982231840416       50.35336371818553
N           51.37141354493048       14.71550091617208       49.02099922164931
C           51.30037977238036       16.04308933504766       48.66258014341734
H           51.65207573897549       18.61271838732448       51.66783249984871
H           52.68774085756013       18.69601881726972       50.23175433816147
H           51.58094428903006       20.03138885613907       50.61245875800015
H           49.62994319498880       18.48329448162199       50.26254224842272
H           50.59250330360706       18.71344234491394       48.79519084552725
H           50.42313915774273       16.24355595415731       51.68129298170573
H           50.45081563116154       13.81739680328926       50.72054924217151
H           51.53028895365093       16.37241981143961       47.65653601288953
Fe          52.02441158634645       10.32449048866525       48.84183132871037
Fe          52.98264081748263       14.13793575418478       49.99887044865932
Fe          54.32889481204956        9.58128406088390       47.78430033362275
Fe          54.17900857111499       10.23332756096225       50.24560514773744
S           55.87594493798576       10.58897965577394       48.92795261981118
S           53.16414074929563        8.57926432102925       49.30425267403470
S           52.79518024156041       11.98342237256160       50.15360768401602
S           53.02998418358256       11.26947192627815       46.94563002623946
Fe          54.41183238241786       12.10876418237127       48.60352985236719
C           53.05120653982391       11.36598257669525       45.22957530060365
O           52.27035225810962       10.89561514035514       44.41668295030419
O           53.99943057138645       12.26801233982244       44.78363726717908
H           53.95405073586406       12.36163839233428       43.82056962845257
68
 energy: -117.463564002500 gnorm: 0.013254302348 xtb: 6.6.1 (unknown)
C           52.88694439560099       14.81358317470404       53.75982366520661
C           53.21009099350236       16.01815733896916       52.88000560732022
S           54.03876539532940       15.55116721262685       51.32858296833872
H           52.44488290491732       15.12451362425443       54.71146827860823
H           52.18326558752563       14.15031787985925       53.24874300164286
H           53.79924806296773       14.24893529125825       53.96903373267119
H           52.29145351717217       16.59149835316857       52.69537101753600
H           53.89883161542279       16.68019503165614       53.41955249269455
C           47.94341461086959        8.62589418453648       49.21954904659609
C           48.91533140782380        9.67440401374126       49.75418879464728
S           49.89993355016628       10.29930017129237       48.35266040900249
H           47.34237046265276        8.18221717088122       50.01895022009521
H           47.27217766612402        9.08402648998251       48.48919850418993
H           48.49799373680860        7.83123565743062       48.71374210629334
H           48.34697422752407       10.49726284213572       50.20983455528933
H           49.54129162502549        9.22560588831139       50.53614281592940
C           57.76924603711473        8.22229201136400       46.99081438420617
C           56.52875139822473        7.38056545513637       46.69625786197430
S           55.14627052650454        8.39462372730539       46.08242594685767
H           58.60825054474527        7.59627552026219       47.31242936558390
H           58.06765461861465        8.76947361629571       46.09252684824126
H           57.55226498719902        8.95228396644261       47.77972400721494
H           56.77084194075576        6.65283822911772       45.91004882085265
H           56.25219623437872        6.81032428940504       47.59379401568980
C           57.56419992855348        9.34014521241513       51.76222417330958
C           56.29007479565576        8.72579377155349       52.33917644715788
S           54.88882246394849        9.88704411786974       52.33733020537854
H           57.83079589419604       10.24032624556035       52.32249435575157
H           58.40168177980427        8.63638283487382       51.81381162007999
H           57.40764120726966        9.62354192078723       50.71445469014795
H           56.05206085433120        7.80174631545671       51.79473897675744
H           56.47373709913602        8.44892241379456       53.38578975304029
C           54.75062304506189       16.71920385962074       47.49590664754056
C           54.68824964938540       15.24460719570336       47.11276544473668
S           54.95880334912994       14.24242806153003       48.61614693467786
H           53.97991834179229       16.95405932817905       48.23545584992225
H           55.72236857233995       16.94652742050657       47.94082165481499
H           54.60771188320085       17.36562301244372       46.62484120374007
H           53.73227947993113       15.02536372969369       46.62138150607510
H           55.49408617517451       15.02501220965819       46.40206660810716
C           51.70476689666233       18.94518939515955       50.62955169212417
C           50.60297400906874       18.27279714595718       49.79873486033979
C           50.82344447731491       16.79756870042792       49.68722842753091
N           50.54803952712243       15.93449054466804       50.73220547147545
C           51.04041751345942       14.65718327873305       50.35337383703686
N           51.36810400632936       14.71123705498419       49.01905536441774
C           51.29973604540277       16.03971799067244       48.66274457474007
H           51.65564509791673       18.60903981233673       51.66669480338966
H           52.69009030069364       18.69347312089728       50.22960379869292
H           51.58384138005751       20.02888615271194       50.61314113227997
H           49.63203977318931       18.48254936140844       50.26321185829710
H           50.59306737545037       18.71252676156010       48.79483140233734
H           50.41532830661225       16.24137817781336       51.68108791489781
H           50.44833581314203       13.81623412442779       50.72245551418872
H           51.53184324378213       16.36983014833560       47.65696892449620
Fe          52.02407133079053       10.32623938324493       48.83942468579097
Fe          52.97829357317673       14.13193244440990       49.99689840452361
Fe          54.33046241910034        9.59149971835131       47.78386365614682
Fe          54.17458724291745       10.23485049384912       50.24604399324905
S           55.87930839572524       10.58225009197438       48.93739518097477
S           53.16413207290184        8.57987674687223       49.29516319458497
S           52.78942935844767       11.97874044132528       50.14776347064936
S           53.03376880337380       11.28999350221208       46.94094256739697
Fe          54.42233654027769       12.10800792046991       48.60400394904283
C           53.08271337893837       11.39312750401673       45.22602680610523
O           52.29188744465571       10.92325676662421       44.41050034758982
O           54.03641756093219       12.28909791743444       44.79180367174873
H           53.97030282666694       12.36485638931758       43.82529422802776
68
 energy: -117.463909681884 gnorm: 0.011666786766 xtb: 6.6.1 (unknown)
C           52.88682066910274       14.80894459174535       53.75772857736097
C           53.20860014658865       16.01277808266664       52.87627942758215
S           54.03593684123339       15.54674537809551       51.32544034909488
H           52.44336303425786       15.12111346713632       54.70836527487353
H           52.18440885816059       14.14337558794509       53.24764970756664
H           53.79976706711744       14.24582888383927       53.96883676368971
H           52.28876567449277       16.58431522621621       52.69153738171326
H           53.89578601543638       16.67597982928853       53.41587433315453
C           47.93425095112674        8.62422905678635       49.23444796397686
C           48.90724161632144        9.67694058773323       49.75892478919119
S           49.89762530488922       10.28843462869295       48.35464403024284
H           47.32998474532273        8.19209631760795       50.03786828469862
H           47.26504066083725        9.07409429362768       48.49719889042301
H           48.48701451973275        7.82103636140592       48.73997118001849
H           48.33782826275826       10.50551531101972       50.20293370966473
H           49.52801836269676        9.23626584704648       50.54955052705974
C           57.76876765293306        8.22151558989856       46.99140194134939
C           56.52689060460439        7.38455166549210       46.68974324261566
S           55.14615856890215        8.40524593859700       46.08461019646501
H           58.60452749935376        7.59152322577110       47.31319440434881
H           58.07209087717862        8.77181153212874       46.09662987492155
H           57.55159152479610        8.94876374823070       47.78304922484807
H           56.76830767012363        6.66245174495852       45.89798876689210
H           56.24928440162895        6.80775740644984       47.58285358097973
C           57.56393692307250        9.34337216020141       51.76489516956214
C           56.29228668497780        8.72334994927693       52.34199832319692
S           54.88162378244481        9.87314536955254       52.33919181739451
H           57.82832247417405       10.24399755080522       52.32557272449871
H           58.40400212185188        8.64238128804069       51.81400947507782
H           57.40617630549517        9.62742480336622       50.71725405015030
H           56.06080285709007        7.79620335781107       51.79952181711086
H           56.47813997782096        8.44919753334791       53.38901541290778
C           54.74598025223816       16.71150298594846       47.48918411173774
C           54.68160721648906       15.23630386390392       47.10980967811356
S           54.95773164637747       14.24587767418884       48.62062943735011
H           53.97679308433255       16.94791996353484       48.22999794851509
H           55.71858665884039       16.93752120242002       47.93328407922927
H           54.60303674845706       17.35817344728910       46.61810735577429
H           53.72437881111301       15.01461127953790       46.62206932142031
H           55.48540328891714       15.01334504254667       46.39757561541821
C           51.70785609884253       18.94152650843743       50.62884922214195
C           50.60455432720807       18.27074699183270       49.79846566973618
C           50.82308688630629       16.79549036930058       49.68619482662262
N           50.54282556532785       15.93143421751307       50.73086006794362
C           51.03984644832924       14.65359433639068       50.35260036469212
N           51.36542734787617       14.70740872068896       49.01659212674464
C           51.29910275814458       16.03675666488892       48.66261758967121
H           51.65947620460324       18.60403849031503       51.66567972674269
H           52.69267691169003       18.68948967907919       50.22773782656033
H           51.58777462168678       20.02536347033237       50.61425381937529
H           49.63438668459268       18.48168152377449       50.26417099175890
H           50.59391446041189       18.71176266629045       48.79493167546236
H           50.41756386935175       16.23949824361620       51.67971149910523
H           50.44383557467513       13.81436241473123       50.72067547586963
H           51.53399451377383       16.36827033472879       47.65759706441265
Fe          52.02360791406376       10.33707020593079       48.83318426532551
Fe          52.97355680119124       14.12654187311831       49.99282414174574
Fe          54.33483590635228        9.60641244594720       47.78116726639858
Fe          54.17193951611413       10.23549000371992       50.24765289247684
S           55.88245786155483       10.58064196375130       48.94782502319175
S           53.16171183286864        8.58766272341725       49.27943832568928
S           52.78467260081060       11.97462151462664       50.14797479357952
S           53.05820502731108       11.32741741552038       46.93658003455106
Fe          54.43249349645142       12.11367295905742       48.61230857792312
C           53.11201625854178       11.42545565444576       45.22728905157084
O           52.31204395411225       10.93730824930276       44.43618300712884
O           54.06000623579533       12.30234561467151       44.76935687924112
H           53.98613523871366       12.36784285039890       43.80872730414467
68
 energy: -117.464104825339 gnorm: 0.005844443183 xtb: 6.6.1 (unknown)
C           52.88622162686785       14.80466512815060       53.75664908888449
C           53.20618619435886       16.00941160025247       52.87570274270931
S           54.03444175274666       15.54404444298487       51.32523792487500
H           52.44177919694003       15.11632900405684       54.70680606904411
H           52.18548763198823       14.13798971320109       53.24597435312893
H           53.80007314805125       14.24350114570765       53.96843042221055
H           52.28571144867857       16.57976205578709       52.69122735416231
H           53.89252004136920       16.67399825377075       53.41517564102823
C           47.92937843344618        8.62469487317055       49.24494521922291
C           48.90296976895583        9.68143675384340       49.76080827666637
S           49.89625240430151       10.28126169425420       48.35291828915186
H           47.32352932822367        8.20255683426244       50.05269286584322
H           47.26154529860249        9.06777838871066       48.50248865240621
H           48.48081934466073        7.81481476366096       48.76015975919945
H           48.33327543390691       10.51382367830772       50.19658001081127
H           49.52149977687497        9.24682378177488       50.55613053320539
C           57.76877797383816        8.22109187887314       46.99260675493802
C           56.52472602813956        7.38971942609599       46.68403826291237
S           55.14860245353788        8.41801344084437       46.08025682119261
H           58.60177580267068        7.58721457540091       47.31415338754942
H           58.07586869049410        8.77365748342676       46.10083293783859
H           57.55127537421936        8.94605751725018       47.78580999556669
H           56.76516561480786        6.67209783823254       45.88804789757770
H           56.24420486167918        6.80740913589233       47.57280472590487
C           57.56276063434365        9.34635900108795       51.76713651665734
C           56.29325665557951        8.72126156604681       52.34330187787449
S           54.87724559039779        9.86498353579825       52.33675835055384
H           57.82466432402099       10.24687596789173       52.32894730818921
H           58.40439051052617        8.64727275018071       51.81666426257976
H           57.40475301440920        9.63069425843792       50.71978658757619
H           56.06683651190949        7.79232905771462       51.80187661793110
H           56.47860344883622        8.44962962584973       53.39125229378079
C           54.74271713338158       16.70719660276216       47.48304802490912
C           54.67782769443701       15.23049596206004       47.11001816725350
S           54.96050304113528       14.24823332395373       48.62491686563340
H           53.97454984953127       16.94549743163984       48.22409966817438
H           55.71610263482788       16.93356957396050       47.92509444475459
H           54.59856020671197       17.35079202617425       46.60996275471722
H           53.71917086416160       15.00527162264408       46.62651291042869
H           55.47876213032895       15.00348351861782       46.39635885543645
C           51.71033645252780       18.93787345659743       50.62845976613158
C           50.60572189623846       18.26872202165556       49.79853081224031
C           50.82257570284123       16.79327190640860       49.68536251813899
N           50.54013835549524       15.92890577541642       50.72917185741338
C           51.03750790055531       14.65114063118086       50.35138752102539
N           51.36606439535256       14.70604255485701       49.01651356788020
C           51.29903911128199       16.03510758492169       48.66191495182296
H           51.66273172061582       18.59950834616468       51.66495476608504
H           52.69450728461187       18.68557875640267       50.22621878669261
H           51.59099704660924       20.02177805949322       50.61471193134975
H           49.63610180600727       18.48020290074177       50.26494194388674
H           50.59508391596087       18.71011731789042       48.79533156158432
H           50.41996683751506       16.23722219819488       51.67826606464644
H           50.44046660638586       13.81163759402893       50.71692045919868
H           51.53492113527692       16.36680451612199       47.65737084255249
Fe          52.01616987167809       10.33759016091626       48.83652485904917
Fe          52.97261361732991       14.12881950959251       49.99534340957717
Fe          54.34044520058777        9.61429118086464       47.77824898441757
Fe          54.17343253506225       10.23537717569990       50.24790231838097
S           55.88666486014500       10.58419731076946       48.95174446509363
S           53.16390917869513        8.59198301780360       49.27003061514813
S           52.78517595435672       11.97656717007898       50.14700664885294
S           53.06488413161352       11.34425696625721       46.93928196424098
Fe          54.43684439122564       12.11690487316091       48.61672126196225
C           53.12716488079001       11.44052785446398       45.23315900544006
O           52.32692796167122       10.94754498064223       44.43848432202656
O           54.07849098403108       12.31012816086040       44.75977308733418
H           53.99520967162847       12.36534866606156       43.79979648534264
68
 energy: -117.464234339222 gnorm: 0.004956572353 xtb: 6.6.1 (unknown)
C           52.88458247905472       14.79903680098581       53.75685087645756
C           53.20204530488536       16.00609267277215       52.87818937297654
S           54.03031059537484       15.54211917867868       51.32699531801791
H           52.43868550887336       15.10804948431744       54.70699305795379
H           52.18631555890492       14.13168322547378       53.24397753154698
H           53.79979488193962       14.24021542510877       53.96827701084668
H           52.28067520807212       16.57490300947008       52.69435407666776
H           53.88749318202611       16.67173787466880       53.41803092986135
C           47.92620873915114        8.62770585182891       49.25564643387133
C           48.90035833530441        9.68929184544411       49.76114170647265
S           49.89722713974345       10.27542057642586       48.34973985915754
H           47.31844256602768        8.21751161407354       50.06813334734905
H           47.26035466675526        9.06256788267239       48.50665664903253
H           48.47676379347214        7.81044911517982       48.78287620793429
H           48.33056028041232       10.52617363372535       50.18729944777689
H           49.51757937577323        9.26225936939472       50.56123848536876
C           57.76903761839246        8.22092468570276       46.99407140648916
C           56.52278538220596        7.39655619281509       46.67520005663581
S           55.15372535178526        8.43521280025745       46.07205276629345
H           58.59814943256185        7.58178418912652       47.31551081185165
H           58.08179638639663        8.77694348633665       46.10653229900425
H           57.55105027724516        8.94242327270485       47.78993517537211
H           56.76265595893824        6.68355718408634       45.87509757151257
H           56.23635347817600        6.80915729510725       47.55883515900053
C           57.56086033842947        9.34937263007327       51.77132541966296
C           56.29305378936498        8.71875118696230       52.34480184629331
S           54.87166584145479        9.85628574730553       52.33397925560556
H           57.81861722399972       10.24989741540646       52.33488784563279
H           58.40465454508422        8.65303037280928       51.82209120865965
H           57.40330692788654        9.63424089951298       50.72432704205059
H           56.07238015164173        7.78826926599188       51.80386825271994
H           56.47662491552713        8.44936838840487       53.39372173650725
C           54.73951251907620       16.70408014433540       47.47433403332374
C           54.67558677387536       15.22475432182674       47.11196703974824
S           54.96862385763534       14.25503639900578       48.63272925361287
H           53.97253930702854       16.94584609530009       48.21525544621790
H           55.71360058893461       16.93368810481169       47.91288854337243
H           54.59267547083272       17.34128589130952       46.59717547267751
H           53.71419706747881       14.99357167576310       46.63635241861638
H           55.47224575242355       14.99306883933796       46.39547318187633
C           51.71329512988321       18.93289284048483       50.62837353128534
C           50.60714932334155       18.26587201936474       49.79881310537199
C           50.82261908517546       16.79018899516324       49.68425835360156
N           50.53790941282293       15.92519198027653       50.72660255686696
C           51.03560719292776       14.64783499690767       50.34879818157467
N           51.36777251606458       14.70452766451186       49.01540356933675
C           51.30059600022368       16.03343973488511       48.66062439995054
H           51.66652964328411       18.59354514677733       51.66448493256236
H           52.69667722945903       18.68008876552890       50.22476234847964
H           51.59504198127099       20.01691204074433       50.61560588258851
H           49.63813353407217       18.47790494899463       50.26604385966183
H           50.59669038108900       18.70784322999422       48.79604654619090
H           50.42395796543391       16.23382483555782       51.67689785255987
H           50.43749545134384       13.80774673504791       50.71082188355057
H           51.53682020934417       16.36539291250199       47.65651054261799
Fe          52.01202346345391       10.33856845733384       48.84022301578288
Fe          52.97343898513178       14.13035152238492       49.99623912071944
Fe          54.34940337916516        9.62419818855693       47.77483655319886
Fe          54.17592514945529       10.23426094218406       50.24652824127791
S           55.89173094966088       10.59307685219246       48.95424667582308
S           53.16723895105386        8.59590576248053       49.25898603883447
S           52.78731525023171       11.97842390965905       50.14957499366349
S           53.06982889686252       11.36019481228180       46.94278665945249
Fe          54.43928377886586       12.12374766290934       48.62420503989888
C           53.13538498208092       11.44711583060649       45.23575482266164
O           52.33243438627034       10.94728633735199       44.44460766489187
O           54.09067980608893       12.31046955203071       44.74878994392039
H           54.00280567378447       12.36041915875474       43.79064839964051
68
 energy: -117.464356408821 gnorm: 0.005276127706 xtb: 6.6.1 (unknown)
C           52.88152215648982       14.79134207199443       53.75880728832642
C           53.19557147778934       16.00265768855657       52.88489972706641
S           54.02725161757125       15.54549331457020       51.33300950394823
H           52.43295797752874       15.09489711202969       54.70935666208795
H           52.18701363447170       14.12335270001838       53.24181262154586
H           53.79872584385491       14.23557832501509       53.96926827430340
H           52.27281975771602       16.56925400436682       52.70182335311232
H           53.87899425942312       16.66888715794930       53.42674537354236
C           47.92448568972716        8.63390438947352       49.26805784235351
C           48.89871787753297        9.70171107214668       49.76087343073115
S           49.90058115429895       10.27105325767367       48.34597012546288
H           47.31340094512699        8.23870842923200       50.08551673248562
H           47.26178163423312        9.05795483619824       48.51001274915026
H           48.47475056096656        7.80764303970041       48.81106959694984
H           48.32829529950909       10.54424831238275       50.17456135347344
H           49.51425024125481        9.28461273184309       50.56748842501539
C           57.76992805464729        8.22071576632576       46.99576155170504
C           56.52131771073580        7.40560224740979       46.66210352307584
S           55.16211481028565        8.45789982644736       46.05953716082701
H           58.59361414657887        7.57466335515312       47.31757993372364
H           58.09121415725836        8.78192066012740       46.11443010473781
H           57.55047284175580        8.93716507612972       47.79562317706348
H           56.76169830296860        6.69822759761002       45.85736441417202
H           56.22564360515692        6.81258341284948       47.53900421535630
C           57.55787675884147        9.35295892318777       51.77801328245869
C           56.29195753802928        8.71526010429898       52.34750817919695
S           54.86439620067078        9.84532891548319       52.33173385666383
H           57.80974275850488       10.25370143186604       52.34387778933988
H           58.40488063687442        8.66065946213735       51.83006507815929
H           57.40112480365802        9.63881404085703       50.73131870633843
H           56.07792815593595        7.78354839548262       51.80618156084113
H           56.47306112955032        8.44746368812281       53.39724087980886
C           54.73576594570739       16.70120994521221       47.46187519865320
C           54.67290605396543       15.21817314567503       47.11447380171985
S           54.97503601533884       14.26305971537473       48.64215819947419
H           53.97022474646415       16.94883791374047       48.20216174084406
H           55.71055951766949       16.93638775075314       47.89566250958060
H           54.58559657476036       17.32913676369634       46.57871191932887
H           53.70871743235862       14.98036605065998       46.64791886829565
H           55.46504084798853       14.98083690105097       46.39503021101545
C           51.71704735997339       18.92635491762262       50.62849991418890
C           50.60872923948997       18.26277018966614       49.79908910734326
C           50.82170216261252       16.78677928401257       49.68276729194911
N           50.53347915308429       15.92128651157165       50.72336650130463
C           51.03195129118563       14.64460489110569       50.34568073220380
N           51.37044991664288       14.70298725551989       49.01440517269717
C           51.30263540159476       16.03172798805813       48.65926656206178
H           51.67098296655720       18.58555236333456       51.66409379348590
H           52.69939894434290       18.67224309069673       50.22327902713664
H           51.60083019108537       20.01060682488218       50.61734360820481
H           49.64048995796404       18.47576548175952       50.26728849285034
H           50.59871236686183       18.70561053487435       48.79683612261260
H           50.42778145169245       16.23033728142508       51.67486476239777
H           50.43360236370654       13.80298615325880       50.70349902405094
H           51.54051331027553       16.36397829368911       47.65585961824487
Fe          52.01226188476813       10.33939748570113       48.84057657436677
Fe          52.97409464951151       14.13500867763461       50.00202348390087
Fe          54.36146408171854        9.63542627886594       47.77123538934801
Fe          54.17948714499474       10.23349684720222       50.24432093849774
S           55.90107591663486       10.59696400803534       48.95856391884487
S           53.17357914811960        8.59982320690493       49.24765231362728
S           52.79234048502472       11.98135291420468       50.14766161761918
S           53.07938230696187       11.37465172374641       46.94564798680583
Fe          54.44988307497757       12.12817257696088       48.63058698357454
C           53.14029722592006       11.44798382648653       45.23668858968403
O           52.33209666010466       10.94389009852355       44.45331349888892
O           54.09844329643970       12.30517744501003       44.73444094838627
H           54.00223445454229       12.34879419642965       43.77682737378052
68
 energy: -117.464530259492 gnorm: 0.005810812887 xtb: 6.6.1 (unknown)
C           52.87500044464215       14.77748248498165       53.76397222422288
C           53.18273565563863       15.99638363709492       52.89860581405159
S           54.01512323130559       15.54946094625286       51.34324223448053
H           52.42218213480398       15.07085188590282       54.71576502553305
H           52.18656797309768       14.10854208029618       53.23994698727359
H           53.79570586882369       14.22665797793619       53.97208240614965
H           52.25742310056314       16.55943876328710       52.71832247687657
H           53.86322282125305       16.66281501886969       53.44394517819922
C           47.92512026065122        8.64746807422917       49.28725491234088
C           48.89847846919510        9.72558559783383       49.75996577797942
S           49.90785977354358       10.26768032244347       48.33943868866876
H           47.30750551507231        8.27628583208323       50.11118638768068
H           47.26838100416063        9.05322310873073       48.51370989833391
H           48.47581818700926        7.80726875559564       48.85657104314016
H           48.32641345393494       10.57697508003147       50.15295761949976
H           49.51079674059891        9.32530180539325       50.57784886982164
C           57.77301916247503        8.21954737534782       46.99793238004592
C           56.52034766220306        7.42097664187296       46.63904076709572
S           55.17723723554727        8.49609461917652       46.03998215984783
H           58.58728321594676        7.56153831953629       47.31993726487109
H           58.10901128397884        8.79042786171833       46.12795865021288
H           57.55128818648093        8.92673984073195       47.80541350085361
H           56.76201805212458        6.72309422105227       45.82646587435032
H           56.20903397971468        6.81865610806695       47.50422254045574
C           57.55301442682336        9.35841145720153       51.79173204886389
C           56.28900980597118        8.70976046932361       52.35290710234620
S           54.85282776840216        9.82897064072791       52.33032625410792
H           57.79454170238891       10.25979660711050       52.36125571622687
H           58.40533022004072        8.67288387299939       51.84631991282342
H           57.39925197003854        9.64581663424983       50.74511175511967
H           56.08511713996577        7.77701713825171       51.80943333845691
H           56.46550363578119        8.44253864021731       53.40346343377848
C           54.73016829035274       16.69840954532345       47.43909928706925
C           54.66969316989744       15.20920546735555       47.11741075954076
S           54.98722471640014       14.27949880166865       48.65712598675849
H           53.96711660655220       16.95682815574876       48.17819961309819
H           55.70611855546530       16.94431529308756       47.86422887994409
H           54.57400264474090       17.30976771303348       46.54532217408862
H           53.70140052637036       14.96049023094729       46.66524467683529
H           55.45519935953650       14.96283561683957       46.39377889902455
C           51.72351593013992       18.91501579479452       50.62891515945275
C           50.61181667960462       18.25696703825660       49.79957434800295
C           50.82166129013697       16.78057937785818       49.68007624664823
N           50.52874343410625       15.91330974628148       50.71773177916118
C           51.03099044028456       14.63822945482905       50.33966943195399
N           51.37546930705190       14.69935112307224       49.01051519220208
C           51.30801294313032       16.02862563152139       48.65686100669915
H           51.67812302013766       18.57171027829517       51.66366635106604
H           52.70431106768224       18.65836738899592       50.22143593665280
H           51.61093033834482       19.99969979730230       50.62068024991368
H           49.64484442385669       18.47147214004933       50.26954456965547
H           50.60204077369073       18.70189908816247       48.79830355371825
H           50.43581172316221       16.22323055212509       51.67110215513216
H           50.43226709342859       13.79462962296225       50.69218691607684
H           51.54807322464286       16.36204701388822       47.65457671304564
Fe          52.01691147416855       10.34098321759533       48.83770987667251
Fe          52.97803577320192       14.13449073730935       50.00249599399646
Fe          54.37970285556045        9.65530458985162       47.76622635989008
Fe          54.18564193623006       10.23245558208520       50.24074359326876
S           55.91166182452102       10.61099076530640       48.96324384515962
S           53.18625929915800        8.60447870629178       49.23035189197953
S           52.79685477672273       11.98109236930240       50.15068781656674
S           53.09435080394825       11.39356601314772       46.94948409347487
Fe          54.46003971684105       12.14344396029754       48.64502329459060
C           53.14076407345341       11.44262773675927       45.23616896031650
O           52.32237670035934       10.93471341283882       44.46741334476617
O           54.10230770301833       12.29055074120023       44.71332470787068
H           53.99227270191101       12.32467535706046       43.75584636198846
68
 energy: -117.464766243649 gnorm: 0.010867774845 xtb: 6.6.1 (unknown)
C           52.86560479546068       14.75939559943339       53.77227286757986
C           53.16576482569827       15.98853839674966       52.91883204142117
S           54.00632003430358       15.56154760208226       51.36146627258827
H           52.40678947094508       15.03928051691194       54.72557052177171
H           52.18504036723695       14.08911834108698       53.23925619379122
H           53.79061100512350       14.21473120397332       53.97801981648298
H           52.23686328260987       16.54676575754913       52.74153694799223
H           53.84071889343572       16.65473827578741       53.47095479675056
C           47.93006224316378        8.66785800766399       49.30808812034761
C           48.90090266842099        9.75794932359179       49.75841238662827
S           49.91554134311357       10.27044039797101       48.33098069736861
H           47.30427410616357        8.32263682301090       50.13690775866180
H           47.28082881253454        9.05182321418572       48.51687998894390
H           48.48251589073762        7.81394625259051       48.90751905570968
H           48.32638973300106       10.61806360197034       50.12813712787703
H           49.50994988413767        9.37800504831015       50.58874018847612
C           57.77787881064734        8.21765564245027       47.00039812311065
C           56.52157958668102        7.43887015358095       46.61037475040157
S           55.19751046818667        8.53902055867654       46.01512682454753
H           58.58073591180734        7.54551905320241       47.32214480825158
H           58.13195676149780        8.80049114831725       46.14505877719555
H           57.55257765505267        8.91317357360560       47.81741222387137
H           56.76647675982661        6.75303141362655       45.78838692824441
H           56.19180160454925        6.82517217715383       47.46080237864275
C           57.54677086252085        9.36461848330004       51.81032435103201
C           56.28430785780942        8.70359846362905       52.36053678360967
S           54.84004678087900        9.81189010039653       52.33082719966595
H           57.77576582885703       10.26665423322769       52.38431022586279
H           58.40521778108869        8.68701617946646       51.86840034824321
H           57.39760372108455        9.65414860987324       50.76343009021739
H           56.09147165161203        7.77082372542302       51.81281351624658
H           56.45510216287873        8.43467526415192       53.41146759651649
C           54.72381787521396       16.69600243619806       47.41013851641026
C           54.66512818621640       15.20026857808854       47.11823715872411
S           54.99219856362475       14.29651791001246       48.67048446426660
H           53.96354612395699       16.96858915219278       48.14712387148457
H           55.70101372264775       16.95420214116873       47.82506293996286
H           54.56173272838777       17.28781151905171       46.50414026624514
H           53.69399219629059       14.94135125859944       46.67922108507283
H           55.44548598982738       14.94294195869664       46.39263411680103
C           51.73132866766811       18.90159548872021       50.62967160621804
C           50.61516515506666       18.25154678723481       49.79981503291973
C           50.81980357050345       16.77480224946564       49.67679859374295
N           50.51796175197415       15.90565068640980       50.71108799034119
C           51.02697210975504       14.63254718070045       50.33404118814025
N           51.38122490294639       14.69570331685148       49.00756306864089
C           51.31353892443112       16.02557691704960       48.65524776220890
H           51.68565015477135       18.55524563309690       51.66342860645143
H           52.71028792492871       18.64052675742202       50.22026615443429
H           51.62446346744210       19.98691163713635       50.62504936505610
H           49.64970393135982       18.46852069019472       50.27167987615962
H           50.60613225396319       18.69921743777427       48.79968914023516
H           50.44025706620832       16.21686049887482       51.66644678200230
H           50.42953426485523       13.78557375715794       50.68089897777496
H           51.55930505156073       16.36042435547841       47.65474939502099
Fe          52.02380564980205       10.33991602246650       48.82872650288523
Fe          52.98045921915224       14.14051894292799       50.01334146280028
Fe          54.40261580953699        9.67556729075949       47.76004397676154
Fe          54.19567800865708       10.23303535786233       50.23616792110716
S           55.93195376332105       10.61350049345632       48.97193620913865
S           53.20560429604776        8.60921363922203       49.21266397849788
S           52.80978906981910       11.98343045619399       50.13984593746024
S           53.11071625945011       11.40632342779023       46.95220951289901
Fe          54.48976769925590       12.15256619599115       48.65249235551845
C           53.13059151276646       11.42924064630971       45.23409175229811
O           52.29862390504987       10.91777238996518       44.48577940756683
O           54.09327589199184       12.26600502366705       44.68987997893399
H           53.97077805047061       12.29287450286319       43.73424360775395
68
 energy: -117.465661663137 gnorm: 0.016979909752 xtb: 6.6.1 (unknown)
C           52.84592637963200       14.72331139854256       53.79027293762700
C           53.13143800252360       15.97242211065185       52.96035699659892
S           53.98946286635062       15.58690748480111       51.39945484086424
H           52.37530384840149       14.97650801656004       54.74662343721869
H           52.18054852619891       14.05036511960260       53.23993658872041
H           53.77920991470813       14.19045445313055       53.99160422101622
H           52.19536551353834       16.52130186505300       52.78918043296468
H           53.79497530463757       16.63752088161281       53.52681609906387
C           47.94209723514524        8.71018456583736       49.34608027600638
C           48.90566902720630        9.82352532531032       49.75480307432191
S           49.92160769629434       10.28343844326295       48.31198856840066
H           47.30073565859451        8.41164243077847       50.18103898927680
H           47.30756184566097        9.05190773333607       48.52205860270609
H           48.49990376014146        7.83396003151935       49.00201983434145
H           48.32611451605735       10.69768709777719       50.08214636541030
H           49.51103890005739        9.48358094086797       50.60647802250949
C           57.78864756156570        8.21295844835374       47.00452012050966
C           56.52687173194224        7.47230680138724       46.55433720758369
S           55.23894258064045        8.61791949246070       45.96705353667993
H           58.56941821374971        7.51410837088437       47.32521957151863
H           58.17782346094752        8.81900888052799       46.17845095301303
H           57.55578785048539        8.88542783908562       47.84023948361596
H           56.77968637331796        6.80981884652611       45.71478460292060
H           56.16174419691948        6.83746258502900       47.37586842267051
C           57.53490868380138        9.37573736382499       51.84863583136315
C           56.27421825810104        8.69245002149643       52.37654156606447
S           54.81744398058076        9.78265173656279       52.33527129206396
H           57.73974730326119       10.27904715166048       52.43096989503943
H           58.40472214577989        8.71303487287223       51.91384452826994
H           57.39595594278442        9.66946310607664       50.80079666475210
H           56.10072659432603        7.76121119043316       51.81870187518759
H           56.43378851792997        8.41732802466794       53.42737513312802
C           54.71247392512855       16.69368805795359       47.35251386549253
C           54.65708586170329       15.18636438424168       47.11722406169985
S           54.99738888462962       14.33169366599244       48.69329919584785
H           53.95745723799035       16.99432228877363       48.08493369852771
H           55.69186251513212       16.97559157197748       47.74765992288955
H           54.53953638066064       17.24781930727758       46.42356617250888
H           53.68211368851497       14.90956963179780       46.70066518264494
H           55.42992424235533       14.90827554347065       46.39028973113277
C           51.74648845990485       18.87579100727802       50.63135860708105
C           50.62171233515102       18.24162608227398       49.80013294126457
C           50.81607398883271       16.76433052596957       49.67039265116492
N           50.49587666858419       15.89118044853040       50.69835867923473
C           51.02037905274079       14.62211038839723       50.32359835392221
N           51.39221601149711       14.68838217265222       49.00156327751320
C           51.32479282782322       16.01990932216265       48.65285600159233
H           51.69927600345523       18.52369857406229       51.66327868698738
H           52.72205554308142       18.60517774695641       50.21905303658121
H           51.65152952448168       19.96240128938086       50.63369018976729
H           49.65916878304805       18.46364912527999       50.27565776316469
H           50.61398294342576       18.69502698766674       48.80224396019953
H           50.44759554129177       16.20513189780871       51.65723702092209
H           50.42658195257836       13.76841081636356       50.66118591845066
H           51.58290833730214       16.35786650450338       47.65598887725385
Fe          52.02740204187471       10.33269047155763       48.80665602011329
Fe          52.98510751859247       14.15035592193550       50.03480438749015
Fe          54.45253775788081        9.71387228280322       47.74740628464774
Fe          54.22117349527765       10.23639807305012       50.22779717055606
S           55.97665012014637       10.61536089904200       48.98932112234826
S           53.24851575657706        8.62031359852202       49.17988942605953
S           52.83695445803151       11.98477032929548       50.11019182286329
S           53.14216792860017       11.42211871855204       46.95833531757217
Fe          54.55825116647552       12.17129144550594       48.66391039211926
C           53.10117597190965       11.39581266155201       45.23081760545693
O           52.24175674596490       10.88064150939024       44.52429935412891
O           54.06307713942201       12.21219515841483       44.64939915368528
H           53.91624207863799       12.22705883913299       43.69724244566648
68
 energy: -117.464466213867 gnorm: 0.027468179188 xtb: 6.6.1 (unknown)
C           52.84421212722465       14.71946216997730       53.79070030852797
C           53.12871770282709       15.96489122091884       52.95637076381205
S           53.96877764095309       15.56419417723265       51.39077981595096
H           52.37624834479937       14.97722587003400       54.74595471591156
H           52.17701213593659       14.04627588449229       53.24427582838399
H           53.77693361581806       14.18668265239895       53.99310447862522
H           52.19271630708580       16.51415260754780       52.78768958332045
H           53.79485445461269       16.63103520838857       53.51922562754340
C           47.94757720004763        8.71505590427380       49.34618570713024
C           48.91116783249447        9.82731510612206       49.75485523008847
S           49.94226827834456       10.28156512626223       48.31996274637855
H           47.30320432380171        8.41631988697218       50.17825694114380
H           47.31598513812054        9.05402058401362       48.52146750650046
H           48.50592441755641        7.84006142305755       49.00525857221690
H           48.32939744128428       10.70061265072874       50.07902556928781
H           49.51094693101732        9.48871767848616       50.60902728183945
C           57.79130781663147        8.20921596539204       47.00378831149354
C           56.52974349754921        7.47255727761210       46.55531101887294
S           55.23798623341783        8.61919917456808       45.98048057299647
H           58.57170245332535        7.50937002000243       47.32031242637574
H           58.17916095171456        8.81573280399838       46.18062313844606
H           57.55937969864083        8.87923073770367       47.83994157917785
H           56.78186606859300        6.81457847738229       45.71294064865567
H           56.16950809861349        6.83295562891510       47.37309761730160
C           57.53789823572648        9.37462650692704       51.85327273011939
C           56.27436266420533        8.69472886178493       52.37696036575209
S           54.82053324289185        9.78891056976241       52.33425259591660
H           57.74316282233608       10.27747794776806       52.43482281551124
H           58.40505698075156        8.70946271306400       51.92214135325292
H           57.40358729343313        9.66721490121851       50.80523328820041
H           56.10014965172051        7.76474989619692       51.81796150196247
H           56.43192763414593        8.41735327584226       53.42772644161745
C           54.71367171220182       16.69425171446725       47.34976969560005
C           54.65880271098124       15.18936543909774       47.11062127885493
S           55.00853321517830       14.33661937917872       48.68633731134965
H           53.95945268491749       16.99161865137534       48.08317587743190
H           55.69371193831130       16.97233961424286       47.74424909331245
H           54.53958203906921       17.25089749348981       46.42419479094133
H           53.68381891892179       14.91302569626051       46.69179870636142
H           55.43207686024514       14.91222399386322       46.38464720572250
C           51.74734947041036       18.87489231373469       50.63182331369270
C           50.62333881716854       18.23917415202731       49.80108019424781
C           50.82085431368593       16.76215426935194       49.67055997617024
N           50.50654965783383       15.88666125983510       50.69907176000611
C           51.03436143771374       14.61781722676688       50.32276274778962
N           51.39236266212615       14.68591103747495       48.99712155422958
C           51.32733891788120       16.01843705343521       48.65237957087619
H           51.69933203039086       18.52368063644590       51.66395596562749
H           52.72302255535388       18.60403332896274       50.22047893614676
H           51.65254519738406       19.96134752962551       50.63290223882733
H           49.66095909750330       18.46068250962685       50.27718160450256
H           50.61441152869018       18.69359395192274       48.80373073261870
H           50.45393324935215       16.19956937516887       51.65624404611278
H           50.43761756202659       13.76702519763427       50.66227590295788
H           51.58218414215791       16.35815307309580       47.65554005543162
Fe          52.05352567766589       10.34440351825595       48.80438186859998
Fe          52.99372332777763       14.12915166143209       50.00371821417565
Fe          54.43205268135550        9.71513389371724       47.75108940301755
Fe          54.21241814559369       10.23347930051486       50.23103757955552
S           55.94637489050499       10.65794836263912       48.97702836420645
S           53.24067639770254        8.61302896881422       49.18414097977680
S           52.81647759701363       11.97544384197427       50.15965454994696
S           53.12801371433761       11.42678824223574       46.95169707004422
Fe          54.49613550988607       12.19706808920537       48.68712284062268
C           53.09861989340129       11.40633359276677       45.22947992422586
O           52.24770474683568       10.88357280743092       44.51612884927970
O           54.05706525523163       12.21649610767058       44.64754340271443
H           53.91500948756063       12.22227368723531       43.69435558268613
68
 energy: -117.465022898432 gnorm: 0.006096482616 xtb: 6.6.1 (unknown)
C           52.84290377880333       14.71731294633707       53.79317764670078
C           53.12680352940331       15.96457383316897       52.96232947181004
S           53.97293725393454       15.57202455327793       51.40107499459515
H           52.37439188093591       14.97482280934828       54.74714483752829
H           52.17655110228850       14.04459772508150       53.24630356183003
H           53.77539527949138       14.18518027237756       53.99685202058827
H           52.19000025299859       16.51106656427508       52.79049627527803
H           53.78959680597162       16.63151502427692       53.52792538577849
C           47.95285992613628        8.71969290079021       49.34607439747743
C           48.91599141704067        9.83130175279437       49.75512085410255
S           49.95778852599427       10.28155403559957       48.32574114387077
H           47.30600020271453        8.42080240588404       50.17575919526186
H           47.32368149846071        9.05621823547768       48.52080486133875
H           48.51185308201071        7.84580014448275       49.00792318862359
H           48.33228769909810       10.70386751383236       50.07648821984760
H           49.51136775724785        9.49400480966006       50.61124802331953
C           57.79272850255828        8.20690319837133       47.00364391163009
C           56.53316167696376        7.47156068757851       46.55478444149052
S           55.23893588960041        8.61620247371833       45.98375760450487
H           58.57285849447020        7.50688688213849       47.31812449944439
H           58.18047253190695        8.81311715526289       46.18293305195388
H           57.55944472574748        8.87570275442493       47.83923860533640
H           56.78656509819654        6.81689877755969       45.71106954002548
H           56.17598587318889        6.82846640105265       47.36937362381361
C           57.53930622838597        9.37449263774159       51.85577197582587
C           56.27397802372467        8.69713238611421       52.37701098685254
S           54.82268921536959        9.79472272757917       52.33109829859061
H           57.74531283451400       10.27664974978980       52.43700190846206
H           58.40433369963402        8.70727934427615       51.92758172737936
H           57.40751801515417        9.66650842156967       50.80751645020123
H           56.09936980116754        7.76799803131042       51.81737164818339
H           56.42998532324627        8.41824395366387       53.42785095646015
C           54.71470836260270       16.69007001361508       47.34999239299632
C           54.65838161713978       15.18744439661031       47.10393844088501
S           55.00992645541094       14.31582860047341       48.67023996282308
H           53.96113972322837       16.98507818288083       48.08396257845841
H           55.69536228572304       16.96431215357431       47.74416261482730
H           54.54053386031930       17.25095671745418       46.42817343713109
H           53.68393698700677       14.91536970141188       46.67969598804424
H           55.43258125084692       14.91423887125288       46.37816102653079
C           51.74728413051740       18.87590808466242       50.63246500781551
C           50.62129255399896       18.24435794176693       49.80152417710099
C           50.81290050892357       16.76744241947254       49.67130560058229
N           50.49302722517677       15.89385837804097       50.70061881816143
C           51.01797267569308       14.62339932628326       50.32710194627018
N           51.38276230953067       14.68987946592997       49.00328710965321
C           51.31754507652707       16.02122424514402       48.65489208999297
H           51.69775068437156       18.52474546920338       51.66451800084887
H           52.72223609145007       18.60214286479645       50.22165863118016
H           51.65582910565237       19.96243561527491       50.63310482766874
H           49.65954193958830       18.46804381094457       50.27752122189023
H           50.61414677569964       18.69830690999773       48.80413259601211
H           50.43900682702298       16.20631173440297       51.65614920519957
H           50.42281189887752       13.77206406260906       50.66680783950994
H           51.57949468779390       16.35992459961115       47.65957486101964
Fe          52.07345730743424       10.35206567745722       48.80375335834174
Fe          52.97927725995986       14.14939929076380       50.02992793232867
Fe          54.42066220168025        9.70179430298763       47.75084943058877
Fe          54.21394664702520       10.23107232347012       50.22813284919282
S           55.95354940751968       10.62836289791670       48.97270742996308
S           53.23457727653719        8.60739581359964       49.19025423177932
S           52.84272780273176       11.99046883078961       50.14317866955226
S           53.11700154300041       11.42025660272718       46.94639232525047
Fe          54.52045357646569       12.16780420427466       48.65258633389916
C           53.09616021541996       11.41116290452014       45.22915881969200
O           52.24993079476289       10.88682862300263       44.50906063201171
O           54.05044753149403       12.21778636216557       44.64831908356104
H           53.91146475650406       12.21870737211853       43.69438549110757
68
 energy: -117.465161223347 gnorm: 0.003899951830 xtb: 6.6.1 (unknown)
C           52.84136278635285       14.71464236364154       53.79420249404864
C           53.12568919256264       15.95957020436606       52.95894088235105
S           53.97851886742357       15.56942004263609       51.39987079241376
H           52.37271496632765       14.97354926508095       54.74845887637172
H           52.17518849858684       14.04049900689174       53.24840843952704
H           53.77409876719681       14.18280823986158       53.99834916381160
H           52.18874115431908       16.50655666725557       52.78783140623462
H           53.78751373100977       16.62731330672056       53.52468622932430
C           47.95847028093181        8.72283551083010       49.34472523838548
C           48.91943605405010        9.83603383751697       49.75636116359277
S           49.95011248694153       10.28842839255054       48.32038858849821
H           47.31145306582719        8.42543934737819       50.17516431087368
H           47.32924449553091        9.05971541873090       48.51819182401144
H           48.51836260461665        7.84782556947849       49.00779569002410
H           48.33622024078760       10.71009903115758       50.07552410808340
H           49.51594238680705        9.49962213213953       50.61313277707646
C           57.79320549151726        8.20759826216711       47.00443890839390
C           56.53409152930876        7.46970979139794       46.55410399385600
S           55.23705606781682        8.61190444574228       45.98391189778032
H           58.57361612493840        7.50699330850193       47.31861281607912
H           58.18146038115064        8.81509341800290       46.18326159954263
H           57.56082429542530        8.87548181995872       47.84188224615312
H           56.78696244300502        6.81766351869844       45.70749485181157
H           56.17784611776239        6.82380281061272       47.36803199779371
C           57.54015270190382        9.37471903579571       51.85625029579039
C           56.27389567653940        8.69824546752675       52.37728188490016
S           54.82500787080527        9.79873575046897       52.33136536275859
H           57.74654005596947       10.27673531096953       52.43820566629101
H           58.40475057298671        8.70673125997534       51.92924215293063
H           57.40930150688828        9.66699084267407       50.80761059328317
H           56.09782571805672        7.76970825216474       51.81681092273237
H           56.42837649246469        8.41898976901077       53.42821485999536
C           54.71523171529986       16.68974773218642       47.34877025314545
C           54.65751748826793       15.18722352912113       47.09922185801220
S           54.99193576358901       14.32080810750726       48.67192024776377
H           53.96141294600113       16.98391009269431       48.08347396077903
H           55.69576373566102       16.96285961603618       47.74494621914204
H           54.54252501649859       17.25295713683597       46.42735335636939
H           53.68444610582689       14.91623730152957       46.67184372258593
H           55.43461299465783       14.91319156713102       46.37608260227295
C           51.74757784887612       18.87581138904071       50.63327737229093
C           50.62144490821694       18.24454168172955       49.80205566704580
C           50.81322801946374       16.76739748858568       49.67166849581245
N           50.49349499124376       15.89395188443636       50.70108740120917
C           51.01784457145182       14.62342357883172       50.32688558446260
N           51.38275443146870       14.68928952132938       49.00300363673894
C           51.31820639490980       16.02074420268378       48.65512441895638
H           51.69745813920316       18.52530265751987       51.66555499169348
H           52.72243731754255       18.60083535482477       50.22281891880846
H           51.65719409026360       19.96254201407204       50.63340365463166
H           49.65972651045849       18.46885858423420       50.27800573525857
H           50.61446279215571       18.69879413171408       48.80470261625254
H           50.43697800871965       16.20648044349973       51.65738545936949
H           50.42231043278343       13.77246909932427       50.66740376609425
H           51.57881827762851       16.35936928830954       47.65933121572649
Fe          52.06604648284803       10.34434105936226       48.80105525711574
Fe          52.97721208390386       14.14734121237854       50.03026693882254
Fe          54.42237112259670        9.70093816073537       47.75053726325518
Fe          54.21486841335666       10.23655800083295       50.22848089126938
S           55.95519048979992       10.62316825299581       48.97327356918894
S           53.24042435820959        8.61050139895263       49.19318280863293
S           52.83581450214015       11.98875527304064       50.13183048774311
S           53.11618421855363       11.41982361901411       46.95057383635652
Fe          54.52223580107918       12.16827987311395       48.65473981070305
C           53.09869960753022       11.40239038952200       45.23326869264979
O           52.24298587508400       10.88924433968070       44.51484037345277
O           54.04787843616934       12.21672404978550       44.65379468160835
H           53.90560876272546       12.22127644752628       43.70037047003587
68
 energy: -117.465274410149 gnorm: 0.002828917198 xtb: 6.6.1 (unknown)
C           52.83865811210313       14.70910658903613       53.79596798664004
C           53.12279470350092       15.95228594515546       52.95734087735487
S           53.97738000041975       15.56129035724089       51.39956231387836
H           52.37028103109452       14.97070353623049       54.74988065659862
H           52.17229067464373       14.03324534388771       53.25231164362651
H           53.77153801175443       14.17782738667346       54.00130297138359
H           52.18529397203987       16.49843510100267       52.78560858879629
H           53.78369418902336       16.62171316297390       53.52236040570110
C           47.96764846800244        8.72945315377339       49.34436952971453
C           48.92606864402377        9.84482838399812       49.75647336253832
S           49.95229441434678       10.29640325136478       48.31743094099138
H           47.31876588292693        8.43303847950960       50.17395162828301
H           47.34047873203428        9.06507423835781       48.51521460676562
H           48.52977026082556        7.85432599352861       49.01022734933986
H           48.34202162501348       10.71948115576185       50.07290156464069
H           49.52241180915286        9.51059984414060       50.61461315111119
C           57.79461606509243        8.20677305342421       47.00510839494334
C           56.53654505431600        7.46738882725819       46.55260354575574
S           55.23465252938036        8.60659595026885       45.98689123558101
H           58.57563565705432        7.50582649745052       47.31789991454232
H           58.18293042990921        8.81647897847939       46.18493812635699
H           57.56223551168377        8.87251254915011       47.84458216435789
H           56.79022964501880        6.82019266077039       45.70216780727514
H           56.18330056600227        6.81614815407373       47.36415574341530
C           57.54211563353944        9.37487986517174       51.85850649918413
C           56.27310027062772        8.70166321647011       52.37753109408527
S           54.82821698541252        9.80739385191910       52.33198429648697
H           57.74949953511196       10.27651175232240       52.44094937742621
H           58.40508309581182        8.70482954421757       51.93386881271782
H           57.41393454663944        9.66715753634428       50.80942497865590
H           56.09468452442877        7.77433981236456       51.81568546115582
H           56.42543183786018        8.42076924305292       53.42833032984318
C           54.71625449464110       16.68887108163555       47.34595885315909
C           54.65608183597915       15.18712862702126       47.09165844144286
S           54.98008904450465       14.31966289294725       48.66632248301952
H           53.96279569749943       16.98095498577707       48.08208215686887
H           55.69705335576598       16.95867446067943       47.74411993728458
H           54.54501173613330       17.25659783183474       46.42667155732485
H           53.68488674518071       14.91857440121050       46.65853887572266
H           55.43648556850251       14.91299745836639       46.37181609160670
C           51.74840832396295       18.87567643141546       50.63477080380348
C           50.62165396770675       18.24558590832710       49.80333915835524
C           50.81253433686196       16.76825527812356       49.67238108129263
N           50.49390584045299       15.89472228880829       50.70210864754718
C           51.01742290585950       14.62385728299806       50.32694979102612
N           51.37880916764573       14.68937190672975       49.00199123206781
C           51.31598375077058       16.02103588881728       48.65521841685625
H           51.69690691719814       18.52626761275144       51.66737166814067
H           52.72300687071127       18.59838107254774       50.22513736581810
H           51.66019013297927       19.96263898663736       50.63382508728239
H           49.66016895099671       18.47083799064557       50.27941672425611
H           50.61489496323903       18.70034178000433       48.80614734522516
H           50.43332296637050       16.20687886949925       51.65859740265925
H           50.42097392939804       13.77399744863392       50.66908944069370
H           51.57550765310915       16.35994169941247       47.65916384789950
Fe          52.06960916672277       10.34124726442910       48.79766389754653
Fe          52.97392325229265       14.14435201799256       50.02348793217496
Fe          54.42041922662136        9.69612941861491       47.75258868570939
Fe          54.21368049352942       10.23812470120506       50.22888288480690
S           55.95273962358729       10.62242805085782       48.97237107572796
S           53.24227659963283        8.60798545391632       49.19778223109494
S           52.83010040174773       11.98689388355760       50.13121277592889
S           53.11250037469221       11.41539352850974       46.95390354987360
Fe          54.51515612793239       12.16740705538276       48.65616641775762
C           53.08989003913008       11.40809676169778       45.23813165441386
O           52.23725037801923       10.88822015303911       44.51852266792090
O           54.04207298700123       12.21702220472793       44.65827345348637
H           53.90131503482537       12.21772378589534       43.70447927503425
68
 energy: -117.465394939447 gnorm: 0.004375289986 xtb: 6.6.1 (unknown)
C           52.83322384389722       14.69624656021158       53.79884443774106
C           53.11649816139423       15.93680162192453       52.95525585140520
S           53.97230394552504       15.54323673203547       51.39940589209911
H           52.36535399356786       14.96326498116989       54.75156989764414
H           52.16631531062917       14.01725475959370       53.25963754647299
H           53.76622271372195       14.16617428026602       54.00695427477909
H           52.17776241604140       16.48027921185225       52.78093498695610
H           53.77535786680164       16.60976143766176       53.51878696005200
C           47.98579755289708        8.74413313504339       49.34557800803876
C           48.93901365530588        9.86484613849756       49.75448914518345
S           49.96072448538228       10.31234336378142       48.31159491070225
H           47.33306389329274        8.44880459966202       50.17267339903778
H           47.36333048768771        9.07476626412539       48.51070928722444
H           48.55354003378478        7.87008495357698       49.01776610818416
H           48.35203877806914       10.73888271642314       50.06721787955671
H           49.53654188381766        9.53653792548980       50.61422755858646
C           57.79776818689327        8.20389740453061       47.00631357399807
C           56.54269220446720        7.46212594197662       46.54876721835624
S           55.23177745151496        8.59703898146311       45.99462679495642
H           58.58058427967222        7.50339968071487       47.31613951680490
H           58.18543383065360        8.81886209265182       46.18951115179334
H           57.56330047864735        8.86464696256936       47.84921298511153
H           56.79952090315105        6.82514791793831       45.69134729242581
H           56.19557407545738        6.80004784338196       47.35463509320590
C           57.54588006202851        9.37549734355115       51.86378963643549
C           56.27104251782004        8.70951833438048       52.37848950222317
S           54.83383043215697        9.82543001295043       52.33499564962445
H           57.75586735528901       10.27623298297068       52.44677861813497
H           58.40506683007714        8.70087455166531       51.94327983564309
H           57.42332030514655        9.66777363186208       50.81406351931553
H           56.08753318518340        7.78512102586481       51.81344288168660
H           56.41991236057108        8.42436405968647       53.42860913197021
C           54.71796823895080       16.68740590108152       47.33924986462614
C           54.65285802075500       15.18719272122556       47.07773464323809
S           54.96574143476371       14.31522947265264       48.65303411196053
H           53.96547425889592       16.97637627765885       48.07762583681498
H           55.69955103952346       16.95032459169779       47.74029999067661
H           54.54949083427551       17.26311267393980       46.42419721147500
H           53.68507627608594       14.92371933422652       46.63348178626833
H           55.43898639285104       14.91228892658282       46.36431375512863
C           51.75067971775573       18.87495666758726       50.63822721294725
C           50.62276099567586       18.24740537881200       49.80629065190026
C           50.81115547411455       16.76977340134948       49.67377690160437
N           50.49515987028072       15.89589554860696       50.70385907178220
C           51.01571771833478       14.62404619612048       50.32650712398182
N           51.36999849985686       14.68949010515339       48.99941038163359
C           51.31019662132977       16.02168695228885       48.65481159075973
H           51.69602808011085       18.52795797184088       51.67150144319356
H           52.72481021016152       18.59295115158412       50.23062494306679
H           51.66686004812880       19.96231386868039       50.63485343096134
H           49.66173312045640       18.47417847952260       50.28266856316165
H           50.61641263565939       18.70329944072414       48.80955015138420
H           50.42631612727383       16.20678407669354       51.66019653537877
H           50.41717585474384       13.77650443124837       50.67141871317752
H           51.56747429843914       16.36144430796704       47.65834721662753
Fe          52.07877922339540       10.34105935378985       48.79266883176083
Fe          52.96692258616087       14.13783846695024       50.00855812182426
Fe          54.41801202259387        9.68738285322566       47.75786010096601
Fe          54.21095651030982       10.23837482395655       50.23142416488143
S           55.94558213516814       10.62960397345120       48.97172594706991
S           53.24205870630587        8.60269716903578       49.20635313622547
S           52.82095827508356       11.98255509184096       50.14154163350656
S           53.10655653158370       11.40618534875143       46.95572690380870
Fe          54.49585553789856       12.16805877658797       48.65983965533584
C           53.08222453748440       11.40253829705735       45.24321921616930
O           52.22083060946375       10.89274344320894       44.52426639486188
O           54.02953894204001       12.21507357367298       44.66430354483195
H           53.88479041354631       12.21770338177756       43.71117094163406
68
 energy: -117.465443407908 gnorm: 0.002939112449 xtb: 6.6.1 (unknown)
C           52.83131540557761       14.68961790002298       53.79866371274677
C           53.11389449782730       15.92951241569019       52.95393873416739
S           53.97172341583023       15.53710347598362       51.39874694385417
H           52.36330301317690       14.95775533741463       54.75093293447115
H           52.16447062153276       14.00977613142637       53.26061056049242
H           53.76439348495281       14.16013401189044       54.00765625732769
H           52.17472073605330       16.47166606944633       52.77834323914253
H           53.77144955877909       16.60352690473231       53.51757750790198
C           47.99178216879251        8.75048919446304       49.34760664947592
C           48.94196549622694        9.87505516057578       49.75213091726282
S           49.96024876625602       10.32029659622001       48.30664507734780
H           47.33886008946025        8.45582925673689       50.17448667211530
H           47.36994601225409        9.07637713152723       48.51057438503668
H           48.56256903300773        7.87731210699320       49.02320702438539
H           48.35312590516013       10.74776522746680       50.06478028306150
H           49.54316796777105        9.55091046975387       50.61082877350167
C           57.79882382048085        8.20264717022488       47.00706411280589
C           56.54592121714274        7.45969121330631       46.54582968125563
S           55.23391176063998        8.59467643162919       45.99492079210842
H           58.58278363705415        7.50337955452357       47.31632673698660
H           58.18609735538498        8.82049693197586       46.19246309807476
H           57.56132888500512        8.86096611239743       47.85087277822019
H           56.80512062954968        6.82626330191673       45.68679393120323
H           56.19947811521840        6.79422949371358       47.34893272664137
C           57.54639751774718        9.37645397240342       51.86580544745073
C           56.27028315938193        8.71246988669446       52.37984001703568
S           54.83507518214491        9.83085638326240       52.33772018151980
H           57.75788645589730       10.27672566385650       52.44890316214316
H           58.40415678395995        8.70018849363926       51.94545015222378
H           57.42513966927954        9.66904734619316       50.81611804480511
H           56.08462899771470        7.78960261569940       51.81313769288191
H           56.41885747888039        8.42531006699493       53.42939643442015
C           54.71795732451611       16.68759698023256       47.33566173265773
C           54.65143844588324       15.18748311447281       47.07441569052352
S           54.96236581236452       14.31671518862696       48.65072710324747
H           53.96549639885787       16.97767840440393       48.07355890655112
H           55.69976227816628       16.94905483379167       47.73692712077326
H           54.55074657402611       17.26346729290212       46.42077571274265
H           53.68434163655753       14.92538760504168       46.62812128588913
H           55.43879725184351       14.91081380301147       46.36316310753305
C           51.75221395665321       18.87382649842157       50.64008998777489
C           50.62418000296631       18.24718426060857       49.80764820323224
C           50.81142958912069       16.76946740302762       49.67406863804192
N           50.49647856729412       15.89532014040161       50.70370945107380
C           51.01429532463490       14.62299721997236       50.32506150433453
N           51.36810508093036       14.68910764486340       48.99785171744266
C           51.30834661990126       16.02158992477308       48.65383832092930
H           51.69617709942639       18.52788481642947       51.67363291261115
H           52.72633037066393       18.59029826783196       50.23360113285420
H           51.66980625017320       19.96127125605382       50.63567456088378
H           49.66319881427859       18.47408766555927       50.28405396805558
H           50.61808856755820       18.70368238680195       48.81120734883263
H           50.42460937780874       16.20520266639949       51.65989573769954
H           50.41500788608150       13.77601192703014       50.66994243536506
H           51.56405972565998       16.36181693141387       47.65711354331923
Fe          52.07541047835087       10.33988491961491       48.79397182614719
Fe          52.96439354325221       14.13559877082916       50.00507276261084
Fe          54.42519923914032        9.68482749142287       47.76005291187843
Fe          54.21057284128860       10.23923106748135       50.23429963726275
S           55.94466344918566       10.63659558220028       48.97520998343329
S           53.24278218083517        8.60389955686866       49.20820827246168
S           52.81678101981324       11.98024765928209       50.14496312842569
S           53.10941469689059       11.39942984233215       46.95802410058139
Fe          54.49169998608544       12.17132928928135       48.66357350834321
C           53.07523504134162       11.40232717252888       45.24522884390846
O           52.21299192585704       10.89193570785669       44.52871975931077
O           54.02463086648869       12.21283081926295       44.66427090753402
H           53.87705021796419       12.21733374021543       43.71164784364102
