67
 energy: -118.235762216182 gnorm: 0.111260285592 xtb: 6.6.1 (unknown)
C           54.33766357000000       14.90869509000000       52.37979573000000
C           53.81514131000000       15.77348483000000       51.23602686000000
S           53.64976103000000       14.90353349000000       49.63926748999999
H           54.30815937000000       15.44807664000000       53.33474881000000
H           53.72951704000000       13.99953341000000       52.46978055000000
H           55.37227510000000       14.60658018000000       52.18836254000000
H           52.82844832999999       16.17408483000000       51.52215922000000
H           54.48224646999999       16.63911362000000       51.10502787000000
C           47.57965183000000        9.54063711000000       49.58973823000000
C           48.89009933999999       10.00509235000000       50.22280670000000
S           49.88898028999999       10.79065694000000       48.91367372999999
H           46.91527359000000        9.06047313000000       50.31596366000000
H           47.06015752000000       10.39589792000000       49.15093258000000
H           47.79255702000000        8.83180989000000       48.78555381000000
H           48.66055625000000       10.71287886000000       51.03470017999999
H           49.39437257000000        9.13732852000000       50.67237085000000
C           57.03379174000000        7.65947586000000       47.60617868999999
C           55.72483411000000        7.48925418000000       46.83354642000000
S           55.00109809000000        9.08869528000000       46.34038989000000
H           57.49053900000000        6.69238064000000       47.84994133000000
H           57.74391920999999        8.23639594000000       47.00655285000000
H           56.85128863999999        8.20621481000000       48.53753886999999
H           55.93161323000000        6.92325419000000       45.91246573000000
H           55.02523525000000        6.88702300000000       47.43448596000000
C           57.86076936000000        9.98135046000000       51.85077612000000
C           56.88463094999999        8.84152103000000       52.14575958000000
S           55.24938586999999        9.44671506000000       52.67915324000000
H           57.94458688999999       10.63194069000000       52.72721980999999
H           58.86012252000000        9.60314912000000       51.60022644000000
H           57.49361591000000       10.58677938000000       51.00816640999999
H           56.82390272999999        8.18239885000000       51.26379547999999
H           57.29192588999999        8.23444959000000       52.96981156999999
C           57.48835665999999       16.11237445000000       47.63507887000000
C           56.11707948999999       15.67077970000000       47.12538175000000
S           56.27953965000000       14.04391000000000       46.30429912000000
H           57.85384902999999       15.41281020000000       48.39227762000000
H           58.20180423000000       16.11017188000000       46.80707937999999
H           57.46486624000000       17.11882293000000       48.07001722000000
H           55.39363530000000       15.68398490000000       47.96265856999999
H           55.77110612000000       16.40272921000000       46.37535182999999
C           49.70814882999999       17.30906801000000       51.59980510999999
C           49.31894860000000       17.45342626000000       50.11910826000000
C           49.53685159000000       16.19574477000000       49.34578986999999
N           48.66906776000000       15.09659640000000       49.46966248000000
C           49.17632918000000       14.11764254000000       48.61144903000000
N           50.33039222999999       14.51049659000000       48.09323922999999
C           50.56553920000000       15.76913119000000       48.53917318000000
H           49.11948087000000       16.51856530000000       52.06895174000000
H           50.76812134000000       17.06106346000000       51.69555450000000
H           49.52012754000000       18.24286480000000       52.13075740999999
H           48.26521103000000       17.75249369000000       50.06750730000000
H           49.91068727999999       18.26053073000000       49.67229766999999
H           47.69094315000000       15.21062651000000       49.65954605000000
H           48.77790224999999       13.11045780000000       48.56008045000000
H           51.46413311999999       16.30779971000000       48.26669983999999
Fe          52.13922680000000       10.75302832000000       49.44892041000000
Fe          53.84248818999999       12.64379540000000       49.81326761000000
Fe          54.33120977000000       10.15258560000000       48.27070501000000
Fe          54.21219176999999       10.33082713000000       50.78546521000000
S           55.72010856000000       11.41825267000000       49.50989214000000
S           53.21008668999999        8.84361918000000       49.55006724000000
S           52.64710071000000       11.74794368000000       51.34987807000000
S           53.10206523999999       11.95164561000000       47.79282777000000
Ni          55.24297146000000       12.54124073000000       47.67514991000000
C           53.52768694000000       13.89298454000000       46.89344424999999
O           52.75006937999999       14.55883997000000       47.61228254000000
O           53.82060724000000       13.95473334000000       45.66455337000000
67
 energy: -118.269154314972 gnorm: 0.053556892063 xtb: 6.6.1 (unknown)
C           54.34562969723785       14.90859819759008       52.39967782555832
C           53.83037503712519       15.77918913977174       51.26422317760750
S           53.64733665475622       14.89014879229604       49.68143840662318
H           54.31604700654012       15.44442520008919       53.35440072719266
H           53.73191147521251       14.00246530857528       52.47898486409037
H           55.37704628805761       14.60445828609354       52.19751260498256
H           52.83669074422377       16.17529673939380       51.53272020575766
H           54.49161790184323       16.64559671232027       51.11819475321502
C           47.57988468146363        9.54094382564472       49.58847433469698
C           48.88978568693597       10.00546963706764       50.22176090067606
S           49.89126868255494       10.79644025083328       48.91849703580835
H           46.91689439763032        9.06133156877039       50.31572716254298
H           47.05924283188572       10.39594597915228       49.15086544570562
H           47.79183080210444        8.83132442415215       48.78519629666518
H           48.66127818393813       10.71272786658816       51.03335851330979
H           49.39492355452064        9.13872080773205       50.67060750785475
C           57.03374437003816        7.66071430122740       47.60642630645965
C           55.72522987717628        7.49171986223936       46.83509454932605
S           55.00058869880466        9.09393217614742       46.35304753992109
H           57.48852111523828        6.69352906078465       47.84901380437049
H           57.74456847092605        8.23654872208474       47.00726950209003
H           56.85201618229362        8.20567405127208       48.53841400948549
H           55.92998603998742        6.92849892796965       45.91271215837595
H           55.02604210997499        6.88883172049172       47.43411317822444
C           57.86068277177385        9.98195674706037       51.85084986841093
C           56.88416430782834        8.84232437999925       52.14501670536330
S           55.24715156563108        9.44625669692990       52.67341566482245
H           57.94449837332203       10.63199251331374       52.72678271973674
H           58.85900615429754        9.60290551423644       51.60155088439985
H           57.49473005451257       10.58630138930274       51.00861315277578
H           56.82262232838897        8.18265997800497       51.26508253755726
H           57.28956985443838        8.23681627331460       52.96978085076315
C           57.49356756865530       16.12241456976794       47.64158107505638
C           56.13338168052539       15.66451438798119       47.12543760341335
S           56.46956715939825       14.02567907633508       46.36339288973352
H           57.85743613291091       15.42018103862327       48.39630852772451
H           58.20636959237885       16.11564031929598       46.81300379392039
H           57.46386981269799       17.12816195713779       48.07379663177401
H           55.40297880940800       15.67092501637792       47.95723647808478
H           55.77971632332471       16.38416394634756       46.36719486800579
C           49.70790775939214       17.30711270274823       51.59957515545430
C           49.31503454495173       17.45413207489907       50.12209083833462
C           49.52879752251278       16.19410294959860       49.35239693127466
N           48.66409334836124       15.10173726953535       49.46273115768155
C           49.16931360561609       14.11991058777584       48.62522898744530
N           50.30066435398170       14.51391212155618       48.09592310706664
C           50.54656509276126       15.77436196940689       48.54230645423493
H           49.11917891794758       16.51765099546415       52.06942349747137
H           50.76806190933270       17.05987345359144       51.69513245337946
H           49.51979738641902       18.24116503596264       52.12900472833147
H           48.26251881390694       17.75221246587188       50.06887727508762
H           49.90807765460055       18.25847287495164       49.67234508201323
H           47.69058171485729       15.20684345925694       49.67201536504587
H           48.76784497247824       13.11493427264587       48.56298348354598
H           51.44231435254379       16.31590319547127       48.26610077927438
Fe          52.12717371180091       10.76031156799814       49.45162718052692
Fe          53.85694230989105       12.63286102396359       49.81822258766167
Fe          54.34573031640647       10.16046076493546       48.27315515284399
Fe          54.22149466596475       10.32312837893957       50.78114623011444
S           55.72431983142445       11.41777956089377       49.50691625540296
S           53.20889984112654        8.85413169244171       49.55438691743682
S           52.65340068504102       11.73375801722694       51.34159735780566
S           53.10706980537945       11.92745953557670       47.76898254476306
Ni          55.22804961479213       12.61469866530591       47.69547295902988
C           53.42584542916348       13.83262443957294       46.80399884824524
O           52.79083449021506       14.63027435303210       47.51223803945815
O           53.68176782916987       13.88522329906126       45.59448277898743
67
 energy: -118.285194856685 gnorm: 0.039478994782 xtb: 6.6.1 (unknown)
C           54.35609198547213       14.90634283211189       52.42337757049626
C           53.84010806697916       15.76707073505622       51.28320559441643
S           53.63901039196030       14.87092993029507       49.70191647763307
H           54.33109179141185       15.43936056079295       53.37940059526356
H           53.73866053972349       14.00363317082640       52.50156233924607
H           55.38493176784350       14.59792901254956       52.21654778194392
H           52.85015228988037       16.17266041636248       51.55039466848053
H           54.50249623113231       16.63135587883493       51.13018199446128
C           47.58025173240633        9.54212320958877       49.58740242857848
C           48.88913379620854       10.00810226139326       50.22107206750975
S           49.89065965304434       10.81096243530727       48.92524862110579
H           46.91916381750285        9.06242315784638       50.31597896722053
H           47.05772862149229       10.39646814645366       49.15102639920314
H           47.79136727631175        8.83192063278692       48.78467740032195
H           48.65972606290820       10.71258825950634       51.03397060882748
H           49.39682487511556        9.14178629753330       50.66690950222957
C           57.03368523152602        7.66178831031251       47.60802698022818
C           55.72419894865282        7.49683478683142       46.83923647286835
S           54.99924877797091        9.10322907418559       46.37281826971483
H           57.48629135852602        6.69359926799915       47.84831154808268
H           57.74512049440941        8.23701084001478       47.00922706614359
H           56.85362894780001        8.20498221142865       48.54106909737794
H           55.92615084734094        6.93967720184457       45.91297411224313
H           55.02622690985817        6.89098609671813       47.43557027392092
C           57.86021129266352        9.98246934500028       51.85084611108253
C           56.88343473356620        8.84280744896995       52.14463145429939
S           55.24445004983303        9.44463698355660       52.66846230550726
H           57.94359037489679       10.63232240017717       52.72646047746262
H           58.85807703921591        9.60229486445451       51.60357320440439
H           57.49571189385181       10.58606023408768       51.00832279268793
H           56.82228105499809        8.18224631810282       51.26638773429208
H           57.28686367896924        8.23979300387462       52.97124754393479
C           57.50625967712524       16.14673545541461       47.65192345595430
C           56.16129951779130       15.65597655288958       47.12789434420695
S           56.51232956695193       14.00388742629024       46.40986258851092
H           57.86929425080653       15.44488147977724       48.40655597291470
H           58.22219600145778       16.13628729941285       46.82653891435491
H           57.46907224144191       17.15363086960516       48.08197843966023
H           55.42109587542498       15.66043484253898       47.94818343221640
H           55.79498847448092       16.35225501944779       46.35457544342311
C           49.70567199258266       17.30509771451604       51.59919463325170
C           49.30634662561574       17.45380671521942       50.12534120777932
C           49.51512776547411       16.19098174583603       49.35830539899332
N           48.65378856980979       15.10665207755791       49.45928340668998
C           49.15822105375509       14.12279170593217       48.64211393419865
N           50.27697054294529       14.50974291442740       48.10754145568576
C           50.52493776022351       15.77869073732218       48.54296771817400
H           49.11853996756496       16.51611952721822       52.07106124864821
H           50.76616972081874       17.05804118691782       51.69159770060315
H           49.51949692463252       18.23914085475326       52.12854345876003
H           48.25520030594963       17.75278367760956       50.07347482508820
H           49.90109676666487       18.25418219584505       49.67144228384284
H           47.68733782223574       15.19711232883402       49.70520193976697
H           48.74673374693668       13.12262462096183       48.56678448196092
H           51.41626341390487       16.32282998613978       48.26181369796386
Fe          52.12399777563898       10.78536560978638       49.43841469202951
Fe          53.87716365167628       12.62232414743760       49.82360291821731
Fe          54.35072990165507       10.19586953479705       48.27093557979052
Fe          54.22600321681148       10.31268116167409       50.77694132073134
S           55.73290503679362       11.41744811024945       49.52064498178034
S           53.20644637270197        8.87020747204595       49.54660584498081
S           52.65696321069591       11.72140773372307       51.33509565350061
S           53.10435908626717       11.97975871554665       47.72350589847164
Ni          55.22817425299203       12.64805399179471       47.71118872492946
C           53.39969353899222       13.80244852522790       46.73441108394003
O           52.82088208116895       14.69333910030976       47.37556167900149
O           53.60172621654039       13.71047572813737       45.51601038879028
67
 energy: -118.296942910520 gnorm: 0.082823255351 xtb: 6.6.1 (unknown)
C           54.36606111154637       14.89950487318346       52.44485615632938
C           53.84919802518465       15.75392711820178       51.29957101956805
S           53.67066826876477       14.85376943139729       49.71768771869901
H           54.34462329027794       15.43476383541571       53.39967384547658
H           53.74792935002279       13.99851153679172       52.53021419452411
H           55.39468538927911       14.58872780779493       52.24129161576658
H           52.86203662152487       16.16668066968933       51.56546775515726
H           54.51622078942837       16.61431495759036       51.14380823706530
C           47.58127745752675        9.54419002733734       49.58633910676760
C           48.88921347147133       10.01323914749647       50.21944053728079
S           49.88409313096784       10.83224336659648       48.92768147922840
H           46.92250942217851        9.06402227987275       50.31663685995347
H           47.05610346408634       10.39731843602823       49.15094619264052
H           47.79150946496993        8.83340573814352       48.78400637884599
H           48.65692729179876       10.71250397920566       51.03560388390861
H           49.40121919961547        9.14688340393781       50.66021886676101
C           57.03320689269243        7.66306943199567       47.61119234289825
C           55.72169357246668        7.50613340308804       46.84486378648617
S           55.00554665630065        9.11720793404162       46.38129742846370
H           57.48268388630041        6.69286602814249       47.84887827467605
H           57.74602852842815        8.23658271900599       47.01236785289480
H           56.85707519448691        8.20518152688722       48.54543686514520
H           55.92072309012138        6.95438082756994       45.91490835745282
H           55.02379168785773        6.89735465341763       47.43832062501997
C           57.85993711580095        9.98207921410144       51.85231470504674
C           56.88210228440112        8.84249121736262       52.14473517458398
S           55.23943097593752        9.44038274431275       52.66226696877195
H           57.94200015737268       10.63240307199249       52.72752660321949
H           58.85784796387319        9.60078530065068       51.60762447742496
H           57.49843470119063       10.58543036552737       51.00886618877997
H           56.82382308964893        8.18083477301575       51.26768787312384
H           57.28346930476702        8.24237959074417       52.97397365169630
C           57.52292949784156       16.17319262816709       47.66385545324744
C           56.19088063388604       15.65192757586468       47.13708418707195
S           56.55365707021993       13.99162191448034       46.46417723206298
H           57.88998820056214       15.47970930817013       48.42429524959236
H           58.24552291033297       16.16678822222087       46.84411550978441
H           57.46900268626053       17.18151339710039       48.08807355471163
H           55.43854480775020       15.65389653459862       47.94420489163504
H           55.81940629648593       16.31833245713952       46.34002687694101
C           49.70166111517706       17.30309138759389       51.59711173872885
C           49.29616496987394       17.45253422618506       50.12621050040358
C           49.50214155990207       16.18591890026614       49.36150965768384
N           48.64153513025643       15.11275636198459       49.45192706659886
C           49.14923560709684       14.12416803089021       48.66127957582967
N           50.26339779251335       14.49915644458030       48.12281246230778
C           50.51179365406797       15.77781761108664       48.54651916491456
H           49.11743355708440       16.51413308389739       52.07213206286296
H           50.76258723786960       17.05613776283760       51.68506375056690
H           49.51847598182054       18.23672898610118       52.12783498947459
H           48.24625305294605       17.75349539932913       50.07724670560033
H           49.89266463878532       18.24877993802964       49.66852404045758
H           47.68775716307400       15.17991200158547       49.75910386514867
H           48.72195112721909       13.13094123253895       48.57220346062488
H           51.40004531839350       16.32111021312505       48.26031729739086
Fe          52.11650558911642       10.80799619705574       49.43553460944874
Fe          53.88845389628559       12.63153645171294       49.83454096326091
Fe          54.35569153536180       10.22398424360505       48.25961030630805
Fe          54.22365685803632       10.30925882310450       50.77125332816583
S           55.72472060747378       11.42533477357188       49.52556453324843
S           53.20092876322276        8.88497349233357       49.53283573313611
S           52.65609302521146       11.71798771014253       51.33660269870442
S           53.11297745990181       12.04187499318942       47.69968787620667
Ni          55.23283722800024       12.68452292688344       47.71083038709251
C           53.28843378640648       13.70486159164039       46.63685006541808
O           52.86820778107830       14.76820255679637       47.22334088313095
O           53.53044607019591       13.53269530165399       45.43715150858199
67
 energy: -118.306652561111 gnorm: 0.043816079571 xtb: 6.6.1 (unknown)
C           54.37508339899264       14.89139555635089       52.45949295913529
C           53.85687156605479       15.74161208251900       51.30836106864292
S           53.68720402630683       14.83672661975992       49.72826383533605
H           54.35774293490814       15.43330575773806       53.41124735761876
H           53.75694187206775       13.99174586201631       52.55795483959528
H           55.40422359411142       14.57831288744409       52.26168372970877
H           52.87363252286041       16.15945530935695       51.57842937770039
H           54.52956790681880       16.59769460692847       51.14998006852307
C           47.58202542790382        9.54752681297391       49.58678262927797
C           48.88936688657444       10.01969964681769       50.21902732340834
S           49.87845472070774       10.85333222645403       48.93110821391372
H           46.92516764766411        9.06712591120282       50.31875062074973
H           47.05453204655156       10.39938192766984       49.15181374600799
H           47.79134351163390        8.83600718498041       48.78487798175472
H           48.65410875696532       10.71332997236656       51.03904685746015
H           49.40599765928344        9.15327278070447       50.65448964872974
C           57.03130182666616        7.66350935751480       47.61522241347513
C           55.71744125644994        7.51571228368329       46.85104062824122
S           55.01301592802384        9.13267943304321       46.38947572124133
H           57.47709005604689        6.69073567334104       47.84987371794241
H           57.74576058125314        8.23490013792701       47.01614690695615
H           56.86018534372419        8.20452487302393       48.55098616517009
H           55.91297396419201        6.96828246020933       45.91769210596642
H           55.01899507063050        6.90508877143636       47.44246894983524
C           57.85863485169626        9.98130475423846       51.85323227848667
C           56.88013575441327        8.84159296621820       52.14490932052867
S           55.23404142072353        9.43698081265205       52.65551684816169
H           57.93966431435829       10.63246288963219       52.72797421766621
H           58.85681425290698        9.59891453114564       51.61103631077945
H           57.49958845357136       10.58439319259486       51.00853718219929
H           56.82541383300723        8.17830590176391       51.26902578292826
H           57.27972979427789        8.24456035452171       52.97710288632258
C           57.53977813803807       16.19549390824582       47.67344991445935
C           56.21989767076636       15.64727205168674       47.14434245596281
S           56.61946710110065       13.98192204970528       46.51494410793491
H           57.91374038104237       15.51529725812268       48.44336368128295
H           58.27026449945330       16.19760279632444       46.86021342690489
H           57.46407447537423       17.20548152376298       48.08954451957510
H           55.45695511422947       15.65023253186038       47.94022473841210
H           55.84982579052271       16.28547915744382       46.32326817397824
C           49.69867735521595       17.30228538005485       51.59415932142057
C           49.28713192415445       17.45224269827334       50.12548027221116
C           49.48898168776326       16.18153287835862       49.36250730176769
N           48.62380439377388       15.12131590237292       49.44235864114901
C           49.13451410010476       14.12402621952696       48.67927975877596
N           50.24899649566528       14.48616913426785       48.13499051812654
C           50.50183493073180       15.77135381712412       48.55111144856644
H           49.11729962313179       16.51343841650228       52.07271844021318
H           50.75996384492927       17.05491505152198       51.67729150681635
H           49.51895252738402       18.23554685491981       52.12666731404386
H           48.23823251192428       17.75594108791209       50.08050883120115
H           49.88518764291443       18.24468443411372       49.66436009464999
H           47.68829181480902       15.16377362094311       49.82046049858872
H           48.69214550082499       13.13775371150126       48.58158888413224
H           51.38912453037665       16.31039450587488       48.25862985358827
Fe          52.11602497929615       10.84453689973482       49.41209577171350
Fe          53.90179688316158       12.64430571183648       49.83674820155404
Fe          54.35719184222397       10.25976356776528       48.24248615553952
Fe          54.21423555735019       10.31251895710301       50.76731476454921
S           55.72290388683200       11.42038663641203       49.54193487807940
S           53.19209629284450        8.90811384144502       49.51064878376527
S           52.65012015792682       11.72147504140104       51.33048236001422
S           53.15251166113904       12.14316928046547       47.65569465203086
Ni          55.28817525978579       12.70710473153970       47.72086458514133
C           53.22677980249646       13.65174215131203       46.58154617838198
O           52.83155929959552       14.69211796186901       47.10108239517130
O           53.42046460177104       13.40719878046844       45.38122308683506
67
 energy: -118.312688769748 gnorm: 0.045211487751 xtb: 6.6.1 (unknown)
C           54.38221280391098       14.88184836759215       52.46405814067490
C           53.86999040588456       15.73125400295041       51.30591834495825
S           53.69039747057612       14.84764244689724       49.71461120058153
H           54.36371874532171       15.43226808453300       53.41190644826128
H           53.76270405405520       13.98362150832306       52.57183855873074
H           55.41198413171593       14.56537808069536       52.27403287020825
H           52.88676444003675       16.14561618125936       51.57934575705572
H           54.54266534908745       16.58846391921333       51.15780074033748
C           47.58363368157698        9.55131140914130       49.58399429933188
C           48.89019773174034       10.02738267354272       50.21549285450196
S           49.87404923320818       10.87435154399217       48.93172934509464
H           46.92873514751156        9.06843354173603       50.31630075698536
H           47.05332878574952       10.40189788632879       49.14990340086423
H           47.79414644236004        8.84094496344722       48.78128303665616
H           48.65237985410631       10.71405644758522       51.04104115299032
H           49.41306446685633        9.16118797878915       50.64446574089803
C           57.03064472487844        7.66611418936300       47.61716953469390
C           55.71635705377408        7.52881817120778       46.85086489614425
S           55.02900016298677        9.15291246910200       46.38755336317164
H           57.46989966466136        6.68940595019705       47.84892136468383
H           57.74873046112078        8.23437958332572       47.01932572654858
H           56.86397801862726        8.20568309907442       48.55477768305998
H           55.90788643535041        6.97953744345415       45.91771724000733
H           55.01179062910087        6.92472643021262       47.44233927372576
C           57.85518673494009        9.97924043995469       51.85337833767367
C           56.87686963796033        8.83879121051093       52.14322138156382
S           55.22825435012680        9.43217020177587       52.64877127611399
H           57.93424241293169       10.63081901125253       52.72824304643047
H           58.85440364127599        9.59688737640765       51.61407449495333
H           57.49781660048465       10.58221272403192       51.00722336226674
H           56.82730391865752        8.17377827162008       51.26779355484472
H           57.27485786625022        8.24331905228838       52.97772530551627
C           57.55240645421264       16.21802061178061       47.68379563997134
C           56.24463777883734       15.64276539895008       47.14642495336604
S           56.63793866747210       13.97419755501279       46.52697406315996
H           57.93600586287867       15.55617023698994       48.46587530248970
H           58.29076176958458       16.22977626969736       46.87772287758514
H           57.45381592696963       17.23171149738888       48.08976168743714
H           55.47695388444922       15.65869580969363       47.93752281008150
H           55.88124857867470       16.26975521015716       46.31598239369390
C           49.69614383800882       17.30152528207640       51.59381733378854
C           49.28136030962935       17.45214042490731       50.12547543450633
C           49.48203596632833       16.17954115780005       49.36520676673758
N           48.60955225629892       15.12278390580774       49.44784046415221
C           49.11928449586592       14.11784160869853       48.68972080303357
N           50.24385791165366       14.47460878070718       48.14697732442825
C           50.50009958845365       15.75774811312423       48.56104139452011
H           49.11599064406963       16.51209614704710       52.07333295016682
H           50.75753168723426       17.05305584271937       51.67262880971091
H           49.51821230060791       18.23423179240632       52.12811062264320
H           48.23175624884530       17.75558607604892       50.08333296315818
H           49.87787807564904       18.24440531593841       49.66231382427608
H           47.69111815798024       15.15655489871398       49.85917358387632
H           48.67185305275569       13.13454632334105       48.59592424230881
H           51.39240252941283       16.28840216241792       48.26601928414161
Fe          52.10804437829403       10.85561698747312       49.41746924705613
Fe          53.90935118913605       12.66216997868048       49.85358392220652
Fe          54.35628111356812       10.26415694443148       48.23574557237929
Fe          54.19631911663129       10.32286095945037       50.76866211920023
S           55.72593451701144       11.40467146177391       49.56448585893514
S           53.18274576044909        8.92122755653863       49.49425464779131
S           52.64125935372191       11.73561354346104       51.33590887308956
S           53.18315774333939       12.18749095085560       47.69498300057371
Ni          55.33698148893153       12.69055439378565       47.74601394820968
C           53.15384994396817       13.60455991681320       46.51474897455448
O           52.82791137016865       14.71446496473999       46.99184858887885
O           53.34217644208499       13.27645935077008       45.30963443836407
67
 energy: -118.316774034451 gnorm: 0.033076310666 xtb: 6.6.1 (unknown)
C           54.39205242645684       14.87228257128981       52.46451140444432
C           53.88671971144472       15.72587779772715       51.30259509253245
S           53.69020570269581       14.86477509780115       49.70078706559727
H           54.37173525375322       15.43240960557130       53.40757992263334
H           53.76801587059983       13.97751832569859       52.57981968899384
H           55.42170546502958       14.54914495116128       52.28269692041437
H           52.90290562519802       16.13565947144349       51.57953901624857
H           54.56116918316111       16.58290033802116       51.16802163994517
C           47.58650068868839        9.55717824723121       49.58196337750468
C           48.89227178677666       10.03776486439439       50.21241872210836
S           49.86992733360323       10.89733187832521       48.93235279595867
H           46.93416921955153        9.07149547362959       50.31482572993350
H           47.05261441540885       10.40600896329120       49.14868547899608
H           47.79850938324662        8.84793755480289       48.77849033474026
H           48.65218721716942       10.71661103696974       51.04428540380408
H           49.42258148883105        9.17218700146539       50.63374551755587
C           57.02970509018536        7.66910977597494       47.62026721369558
C           55.71503754310077        7.54586412846502       46.85108320321680
S           55.04622066855340        9.17701312109169       46.38334751205356
H           57.45967322021620        6.68708779912448       47.84823115345736
H           57.75289643339617        8.23327099396491       47.02464070252377
H           56.86814469752330        8.20618053084009       48.56036884377023
H           55.90124168042029        6.99164869909378       45.91985043833179
H           55.00131181319797        6.95290592470344       47.44354445858500
C           57.85082993263607        9.97633840073223       51.85543128277003
C           56.87085213489305        8.83654383070579       52.14216423509190
S           55.21972892893702        9.42529646987096       52.64581459230048
H           57.92746505203547       10.62882635367053       52.73008237861711
H           58.85105078947746        9.59345813998218       51.61957232636524
H           57.49668796396092       10.57926971692862       51.00712952891300
H           56.82736712786186        8.16930565255356       51.26715112759796
H           57.26677600308668        8.24167466978346       52.97862880543086
C           57.56917512796087       16.24456832287894       47.69479388374679
C           56.27660757703101       15.63842625867405       47.14719324222546
S           56.66354806699285       13.96625107520592       46.53264246933168
H           57.96276713931528       15.60666287858025       48.49260241302468
H           58.31698274088559       16.26875820260780       46.89783013539838
H           57.44023888789477       17.26217633491590       48.08701760254260
H           55.50238195850618       15.66841766130828       47.93255786839665
H           55.92158495653824       16.25473988995320       46.30861833214042
C           49.69484695510654       17.30238483816815       51.59395470012612
C           49.27586915657290       17.45275634618823       50.12568992903111
C           49.47467303876409       16.17906190893174       49.36923094457063
N           48.58951242519053       15.12458464286581       49.45738412985959
C           49.09594552629405       14.10876364238240       48.69950495382717
N           50.23643640426459       14.46014139442481       48.16417629360600
C           50.49718286660373       15.73719992326311       48.57463817433191
H           49.11530349805200       16.51237944587578       52.07377834861894
H           50.75612305566753       17.05208836918056       51.66737671125964
H           49.51872910465438       18.23470457618933       52.12966774650891
H           48.22479022784336       17.75446032377534       50.08684218097753
H           49.86876947428243       18.24621930503812       49.65982878777800
H           47.69559307487503       15.15398197291233       49.89759278415713
H           48.64588886094833       13.12795028791331       48.61575434578082
H           51.39862956371094       16.25474649659778       48.27770499652183
Fe          52.09963533582088       10.85645683081038       49.42045310706994
Fe          53.89967157219812       12.67062358352554       49.84541936119599
Fe          54.36032812852302       10.25018506474368       48.24106982701442
Fe          54.18125585886940       10.33806248506678       50.77050435846905
S           55.73294997369364       11.38731497486838       49.59133998275591
S           53.16918843732567        8.93462765172329       49.48331124249081
S           52.63477597492556       11.75187829576641       51.33553851100066
S           53.22865613706535       12.19326182223450       47.73254353597146
Ni          55.40783072008445       12.64465478993523       47.77961281444373
C           53.05130077078341       13.55230100675900       46.42616530690773
O           52.78163870923018       14.67797325467352       46.87714297650616
O           53.27698230243156       13.25082084575847       45.24602929828232
67
 energy: -118.320340723013 gnorm: 0.047254544718 xtb: 6.6.1 (unknown)
C           54.39874934088234       14.86601420290022       52.45953421876730
C           53.89884609939646       15.73453849452611       51.30575598872264
S           53.71806267384044       14.88802821375788       49.69839324966838
H           54.37679066539581       15.42782382499375       53.40095359423499
H           53.76941057606741       13.97459635609638       52.57256793890249
H           55.42780781920410       14.53769402299949       52.28200042843527
H           52.91237938547766       16.14039207899049       51.57986661837890
H           54.57781930360454       16.58903038684126       51.18133158595806
C           47.59077749727476        9.56165312279598       49.57960202723622
C           48.89597415669667       10.04566627743461       50.20882421171729
S           49.86520128446092       10.91137466991168       48.92673276831269
H           46.94088560871258        9.07343590763205       50.31287548810931
H           47.05358780599676       10.40899888785634       49.14735636568531
H           47.80408565803409        8.85360273845111       48.77536931630884
H           48.65470850158579       10.71981963286825       51.04433410729499
H           49.43167177579586        9.18094742706208       50.62486967533950
C           57.03009788870634        7.67337522632203       47.62275671489817
C           55.71519276987391        7.56313847893823       46.85156403699784
S           55.05861040447321        9.19808382547425       46.37782583283141
H           57.45149824860898        6.68687616136382       47.84802544273542
H           57.75863518962714        8.23356636172735       47.02993069548508
H           56.87168910482855        8.20832298193364       48.56454488591885
H           55.89743480636602        7.00417784058041       45.92247567207500
H           54.99368924976167        6.97971728281879       47.44424804464391
C           57.84679755989706        9.97340690333156       51.86011116400524
C           56.86399404593205        8.83498171006535       52.14291353798524
S           55.21075653907760        9.41806504411960       52.64756210140450
H           57.92103128278095       10.62670037785949       52.73437660405772
H           58.84748959544222        9.58982519886910       51.62696257834062
H           57.49675232463196       10.57655223943711       51.01009305431895
H           56.82424183599827        8.16779548433050       51.26714794428653
H           57.25850445876245        8.23880388935279       52.97932374999616
C           57.57956855290196       16.25818836438964       47.69891546943256
C           56.29257584199695       15.64334127123292       47.14946022251467
S           56.67882800856133       13.96973843934415       46.53435707215916
H           57.97729879999960       15.63819639016204       48.50890746688350
H           58.33502305398195       16.29298962630784       46.90923776970207
H           57.42806447496075       17.27663320670590       48.08034446118839
H           55.51474720433394       15.67704290133923       47.93253848954892
H           55.94637285002489       16.25608312214999       46.30578292607223
C           49.69455628373569       17.30264926139807       51.59461179712758
C           49.27367972087708       17.44992785081317       50.12616473679456
C           49.47281123431140       16.17548886070549       49.37295116467321
N           48.58032405735249       15.12310075030766       49.46463475145760
C           49.08129799295943       14.09996201951422       48.70782614194229
N           50.22907158743584       14.44627710062396       48.17758435192503
C           50.49553708212319       15.71824038080564       48.58482477377202
H           49.11512874114861       16.51270802717870       52.07472960407921
H           50.75563921027745       17.05182189836766       51.66577750910141
H           49.51875047789043       18.23518633682078       52.12993844180157
H           48.22136960093378       17.74895423878257       50.08893397009884
H           49.86234476954527       18.24550926839349       49.65831141941246
H           47.70170780647580       15.14895203470278       49.93166059663574
H           48.62923988817049       13.12020374771325       48.63270512394259
H           51.40666598524341       16.22299023105370       48.29138314639804
Fe          52.09834067875587       10.86610005852590       49.40377193461484
Fe          53.88310795940959       12.67562186675456       49.81841238119735
Fe          54.35207947224411       10.25444444999423       48.24325005375906
Fe          54.16787222903775       10.34500728525219       50.77274512310493
S           55.73377420816468       11.37386643409748       49.61586590474024
S           53.15112809166762        8.94874300557685       49.46929634229704
S           52.62898594256573       11.76813562659052       51.32327753080106
S           53.24768368584986       12.20171275648242       47.71693822139185
Ni          55.47425840206269       12.60017304348726       47.81373430709655
C           53.02615908120939       13.54265003862827       46.40592117268753
O           52.75845015157657       14.66851989228165       46.81423591510943
O           53.17843687502613       13.13429705188221       45.21587727348589
67
 energy: -118.322249016813 gnorm: 0.032252464518 xtb: 6.6.1 (unknown)
C           54.40657868688722       14.86267347691648       52.45743439743794
C           53.91298993956684       15.74008878963564       51.30963710111406
S           53.76035709496209       14.90085317333650       49.69869339701764
H           54.38655391719373       15.41839114555797       53.40139770681832
H           53.77103109267613       13.97522840005615       52.56133901128737
H           55.43328714057920       14.52940454425867       52.27780056376891
H           52.92561770392922       16.14730096448724       51.57896616077822
H           54.59471715958140       16.59354262636175       51.19342245366171
C           47.59583067654420        9.56497179687570       49.57937584295055
C           48.90100854706819       10.05138417116308       50.20611466350247
S           49.86372999520731       10.91600006054293       48.91952545048069
H           46.94849172280637        9.07555656411336       50.31384100747082
H           47.05610953187995       10.41117942050312       49.14815354302386
H           47.80950637322445        8.85748425134052       48.77488879678965
H           48.66099055356241       10.72522350557296       51.04166590942901
H           49.44015879389538        9.18844735661203       50.62007759929315
C           57.03120160028364        7.67790128113582       47.62753463090476
C           55.71666537286010        7.57810622009386       46.85536307346324
S           55.07014041742259        9.21716008612839       46.38362703444373
H           57.44423405683303        6.68761912170934       47.85034491324596
H           57.76509548767758        8.23402132273347       47.03760277603980
H           56.87511325119475        8.21094421133945       48.57061231293582
H           55.89470281116272        7.01751168431038       45.92655912549753
H           54.98925064640647        7.00258572579457       47.44759795277362
C           57.84137704680429        9.97118206987468       51.86864109830531
C           56.85496607418455        8.83446525231040       52.14669331873838
S           55.19943545141702        9.41500385637528       52.64825735544574
H           57.91329432355037       10.62497121801401       52.74246080127931
H           58.84183353120951        9.58510307426892       51.63966942593318
H           57.49756102050774       10.57464248668444       51.01668308161248
H           56.81694976195246        8.16943393037623       51.26942819208576
H           57.24676657849715        8.23614936777434       52.98268951602633
C           57.58934121666824       16.27440296815242       47.70353822989065
C           56.30969605742578       15.64650125697560       47.15292448264064
S           56.70804117878931       13.96628708991778       46.55348381968312
H           57.98705569067955       15.66666230394125       48.52141665722905
H           58.35008279142010       16.31278436048983       46.91942036080994
H           57.42163695106333       17.29298068325300       48.07427018030926
H           55.52642935921129       15.67625333266805       47.93088701485632
H           55.96362246228173       16.25087851097516       46.30072216704866
C           49.69557831855147       17.30266191073593       51.59484534512123
C           49.27219812942191       17.44377729021932       50.12714408147837
C           49.47168127338992       16.16653592624790       49.37930244258353
N           48.57547635809745       15.12095592095359       49.46972061097941
C           49.06889974629856       14.09208182302297       48.72283061849798
N           50.21315787912555       14.42958787976119       48.19084428145791
C           50.48877863940201       15.70067120906388       48.59232405946417
H           49.11675933303120       16.51412410292474       52.07758716968850
H           50.75667701470143       17.05273549704811       51.66556171988641
H           49.51965390182934       18.23671693030417       52.12700039974165
H           48.21926099663001       17.73955469850396       50.09036353489291
H           49.85703116466313       18.23996684071614       49.65529881960894
H           47.70764687574292       15.13985528645727       49.97517236016942
H           48.60918048010960       13.11494663782234       48.64968891033591
H           51.40729043625764       16.19445519860973       48.30330481775270
Fe          52.10025310288314       10.88783365259908       49.37761275178893
Fe          53.88198298162832       12.67395646320074       49.78913104762037
Fe          54.33388919407265       10.28421976579834       48.23673941335404
Fe          54.15709428914042       10.34216269384036       50.76924034597095
S           55.73583252268570       11.36173328685108       49.62893914235931
S           53.13247716821934        8.96129380598846       49.45214043445627
S           52.62483650950192       11.78302907162516       51.30150806585322
S           53.23815612051769       12.22270643613476       47.65811353190563
Ni          55.52379837396018       12.56875877397935       47.83842492915426
C           52.97572596760737       13.50109290523141       46.37726657641275
O           52.74394069989923       14.66080602607292       46.75520526497051
O           53.10534391357047       13.06296039366636       45.20706540847416
67
 energy: -118.324385028399 gnorm: 0.023612562718 xtb: 6.6.1 (unknown)
C           54.41156952970015       14.85978127467668       52.44904459646003
C           53.92709729065319       15.74400402505094       51.30362393563198
S           53.79783330356475       14.92439862473940       49.67991241306060
H           54.39471307181526       15.40521262751247       53.39861403064121
H           53.76972161636008       13.97618618222789       52.54198662832258
H           55.43559802383573       14.52139344535310       52.26654788694576
H           52.93992258377875       16.15313867039216       51.57123924905667
H           54.60942337478808       16.59957985173941       51.20281788875973
C           47.60178618471815        9.56840763687950       49.57623589430695
C           48.90793661315102       10.05511757373730       50.19989167474835
S           49.86902188732343       10.91126576371361       48.90808624178962
H           46.95623140763082        9.07829258879849       50.31157496723061
H           47.06079478483372       10.41437126427654       49.14633597675343
H           47.81510026241611        8.86177999247690       48.77105910878716
H           48.67069555561204       10.73210010521118       51.03308704580093
H           49.44716777274692        9.19370990044257       50.61521038141054
C           57.03249507769053        7.68372481257451       47.63213691238963
C           55.71924240808050        7.59363144787518       46.85769987871605
S           55.08542509155835        9.23569048890523       46.38223690666871
H           57.43706597595641        6.68982159618634       47.85285669891328
H           57.77217500130811        8.23554648373265       47.04552679644078
H           56.87830131344369        8.21510051875028       48.57629552317871
H           55.89438972378096        7.03101619647234       45.92976870930573
H           54.98560786147125        7.02620307193106       47.44917147104908
C           57.83316415174454        9.96599290763096       51.88172558143049
C           56.84143603243663        8.83162702909575       52.15176373242451
S           55.18373046072521        9.41175960704296       52.64842535792916
H           57.90201429836219       10.61929756574731       52.75593953114450
H           58.83328891413704        9.57605525781172       51.65872189662646
H           57.49837262897044       10.57098770590236       51.02762415739343
H           56.80478595180587        8.17103406090476       51.27134693210804
H           57.22876007534908        8.22879324766773       52.98652234467433
C           57.59553374741969       16.28563633288910       47.70818494176821
C           56.32096704040941       15.65098676059197       47.15590465227280
S           56.71208430586576       13.97378027264919       46.54753310871316
H           57.99053358546500       15.68525785688838       48.53037735589039
H           58.35956203792844       16.32478449135612       46.92814291496406
H           57.41958479435415       17.30340082711265       48.07098801944053
H           55.53609883279065       15.67155771299283       47.93195555591060
H           55.97252198110188       16.25621644326165       46.30503624743130
C           49.69772046925628       17.30312759372077       51.59802098284262
C           49.27354018028889       17.43597204329715       50.13031041037451
C           49.47502177557799       16.15456833458387       49.39072958456401
N           48.57018208388399       15.11802361883690       49.47809004305992
C           49.05975915024770       14.08293453654708       48.74135519289698
N           50.20199580793045       14.41021114096219       48.20846377112614
C           50.48656027385005       15.68083007880402       48.60401955345351
H           49.11923570103018       16.51668021437863       52.08429972893073
H           50.75884425439685       17.05432424511298       51.67002460372530
H           49.52121960062660       18.23965609349880       52.12525656460679
H           48.21981896243472       17.72795284614463       50.09196973054716
H           49.85519266024816       18.23217345676347       49.65416266598187
H           47.71043274440528       15.14166556858129       49.99057653047231
H           48.58941774496980       13.10980143491280       48.66625725027794
H           51.40994774888163       16.16646672484316       48.31722512406105
Fe          52.10405690771796       10.90080156056698       49.37608938005272
Fe          53.90320497285921       12.69348598568200       49.80294703575108
Fe          54.31220503298131       10.30321911967012       48.22389705421923
Fe          54.14996620367194       10.33738091128887       50.76299035302348
S           55.72948997228426       11.35235535073153       49.62187952554137
S           53.11908709504291        8.96371707377043       49.44305097726107
S           52.62660267167636       11.79685735102474       51.29538384273410
S           53.24684906046946       12.24576390362336       47.67866659569660
Ni          55.57484708858392       12.55118448417653       47.85695178862346
C           52.95177075873856       13.47943354905873       46.32740410683638
O           52.72289685244794       14.62894766591814       46.69845112123372
O           53.01243313042222       13.01628498031322       45.16551054561914
67
 energy: -118.325732990876 gnorm: 0.017640936055 xtb: 6.6.1 (unknown)
C           54.41923412704521       14.85660487709148       52.43917371758699
C           53.94408455120781       15.75210792073401       51.29883296592304
S           53.80895504277411       14.92833488732333       49.67862176367343
H           54.40804978217368       15.39284358590581       53.39434574686113
H           53.76920168937248       13.97763917434056       52.52400319426459
H           55.43983827997801       14.50950019780058       52.25281227072784
H           52.95694077411638       16.16200573248601       51.56534793519710
H           54.62810998829556       16.60825300198765       51.20628755582290
C           47.60914420756864        9.57166306396586       49.57413892436191
C           48.91691827652301       10.05993698171870       50.19291062522628
S           49.86965850827004       10.91865873518069       48.89636684447791
H           46.96676296093399        9.07925921445715       50.31076177529619
H           47.06549048679202       10.41752429016231       49.14735964370090
H           47.82121861971096        8.86706484935723       48.76686104470789
H           48.68181628727955       10.73852072925459       51.02548997333910
H           49.45806890785684        9.19937772642594       50.60803105619446
C           57.03182045399327        7.69360177588277       47.63832674859270
C           55.71824662478750        7.61914337718710       46.86192238590954
S           55.10276587174042        9.26538241868741       46.37421853476862
H           57.42638571304563        6.69482256425874       47.85617349984626
H           57.77804927183443        8.23937309876066       47.05433039464954
H           56.88299942685462        8.22338100464827       48.58419487925696
H           55.89049486685079        7.05315929406171       45.93552069484875
H           54.97871994743207        7.05844982583505       47.45233719695889
C           57.81957697948792        9.95921048278255       51.89711088514913
C           56.82337156824241        8.82595026349240       52.15638676962024
S           55.16297352312966        9.40939935020435       52.64130831097552
H           57.88302860790017       10.61093555554318       52.77299023432357
H           58.82050370463718        9.56587538344722       51.68333585301576
H           57.49423318909243       10.56587023263167       51.04039200524657
H           56.79053084489272        8.16985862759790       51.27260153019469
H           57.20361674695036        8.21891543499290       52.99146460236333
C           57.60118992310738       16.29792233026537       47.71304021285760
C           56.33370313736755       15.65264613453714       47.15566456728801
S           56.73024373556463       13.97558713710927       46.54664712038061
H           57.99363387273586       15.70711842189172       48.54365359396754
H           58.36997704666890       16.33351875092911       46.93767203496590
H           57.41661931847860       17.31819678827531       48.06434104535359
H           55.54890712188932       15.67091816239579       47.93075548236717
H           55.98212010775765       16.25691584780598       46.30519500598915
C           49.70143413945286       17.30432001926473       51.60267236672776
C           49.27771321792922       17.42605834776330       50.13388215458234
C           49.47970757821564       16.13810506200900       49.40495376751958
N           48.56120114485444       15.11362436043685       49.49097996648205
C           49.04819515199540       14.06949255559037       48.76582391934435
N           50.19468563369595       14.38142888524795       48.23379817866144
C           50.48939973005798       15.65372114811731       48.62158090050953
H           49.12360940924420       16.52110999580905       52.09511434579468
H           50.76267110536629       17.05650725579112       51.67684008980313
H           49.52462973336544       18.24457754862229       52.12329400466170
H           48.22326430170099       17.71501110678804       50.09317034599201
H           49.85793370515136       18.21988803780315       49.65207682172605
H           47.70940071990530       15.14719980313359       50.00117752012763
H           48.56564772049047       13.10218007276785       48.68927924859792
H           51.41702317906663       16.13089976174636       48.33393283915544
Fe          52.10608300076844       10.91309313077386       49.35776376537887
Fe          53.91697924396004       12.70081964680194       49.78213281516160
Fe          54.30992743887417       10.32291136485329       48.21910430882082
Fe          54.14488434733845       10.35186684586812       50.75822918404543
S           55.73947711851261       11.35183775380789       49.61902415536309
S           53.11971814562715        8.97771142455094       49.44338502916948
S           52.62395863675795       11.81950678642941       51.27506552461696
S           53.26371198765682       12.24257230561046       47.67187745625613
Ni          55.62373497113796       12.54078295597960       47.86638278253844
C           52.90969096989755       13.44892517701372       46.28723935093004
O           52.68784664003270       14.61004254745952       46.63249205503909
O           52.92432039461529       12.95082095856262       45.14293568674675
67
 energy: -118.326972482810 gnorm: 0.010779801019 xtb: 6.6.1 (unknown)
C           54.42858311911361       14.85312650399054       52.42713092753455
C           53.96327780116369       15.75835408258368       51.29084700341774
S           53.82570541506252       14.93438592651514       49.67033600588999
H           54.42356007623938       15.38020930173666       53.38810015339651
H           53.76916567294969       13.97987896888953       52.50390932580239
H           55.44530475542351       14.49582847086370       52.23671607299998
H           52.97672673412099       16.17285425063438       51.55322968193504
H           54.65124799513380       16.61242295364626       51.20422754620524
C           47.61909148761289        9.57327604761415       49.57174911810644
C           48.92979618367689       10.06217934271280       50.18381427692889
S           49.87524544463842       10.91730269894773       48.87937251166782
H           46.98076150400249        9.07888783592542       50.31063379353996
H           47.07264810086526       10.41956582779313       49.14925061537382
H           47.82766335850462        8.87064118798085       48.76176750398627
H           48.69886575186298       10.74480001799099       51.01459619218444
H           49.47171788981688        9.20245398682439       50.60045616302889
C           57.03084504240961        7.70883564824855       47.64677088030988
C           55.71819464624055        7.64746451443887       46.86722345439507
S           55.12051901148143        9.29710896667425       46.36891650470931
H           57.41459932991328        6.70548548294752       47.86311086685867
H           57.78389047981368        8.24735308088065       47.06478016821271
H           56.88726039115271        8.23795930694555       48.59380085677304
H           55.88699916088810        7.07679617757602       45.94281454955441
H           54.97233831805345        7.09563291509758       47.45808238184684
C           57.79977619418404        9.95024623630559       51.91899356632344
C           56.79590357986288        8.82018503418129       52.16331628027412
S           55.13481704807539        9.41187796105490       52.63644833681040
H           57.85511552335025       10.59914656703872       52.79766996737276
H           58.80199822732313        9.55316942865211       51.71745115255322
H           57.48646625838448       10.55976064152433       51.05972723767449
H           56.76752293742493        8.16898870651368       51.27589268262700
H           57.16534360036833        8.20716470988973       52.99887154437644
C           57.60505912112477       16.30753422304011       47.71790900504825
C           56.34372252886664       15.65172932703518       47.15756790135055
S           56.75854456846290       13.97696898352535       46.54909651062448
H           57.99232069513207       15.72538528137271       48.55778294174458
H           58.37923945162756       16.33475859640810       46.94721165968910
H           57.41635458409876       17.33161075408267       48.05648235872131
H           55.55785705863921       15.66512155830538       47.93156884786107
H           55.98760031075851       16.25464487977003       46.30736073262688
C           49.70891826373154       17.30625420655797       51.60832429075050
C           49.28671101577928       17.41408696135974       50.13787539140687
C           49.48521950531734       16.11914292246686       49.41874078875811
N           48.55649350620676       15.10556933227080       49.50941592054500
C           49.03238825317389       14.05540646597191       48.78791827407051
N           50.18373491397673       14.34994934047636       48.25582106541876
C           50.49284675481668       15.62359232378584       48.63944118968839
H           49.13112489203019       16.52797696412820       52.10889098283874
H           50.77024774245623       17.05945366571361       51.68662263839450
H           49.53136009685304       18.25172000683830       52.11973716650081
H           48.23194731055547       17.70136291425551       50.09449898781283
H           49.86700293741699       18.20337215270078       49.64919029770849
H           47.70741909552852       15.14728050227104       50.03401675176083
H           48.54071775116908       13.09363455001693       48.71393135103229
H           51.42610307826815       16.09040963934746       48.35379251193554
Fe          52.11275306656140       10.93008990806475       49.33742868790378
Fe          53.93597298220716       12.70700097453626       49.75441518474410
Fe          54.31530305486972       10.36352134443858       48.20885481976296
Fe          54.14821501139311       10.36402940616868       50.74697251746172
S           55.75847089876276       11.36345108165588       49.61718935055681
S           53.13174934419547        8.99628114253473       49.42855091745485
S           52.63379999349616       11.84233284625147       51.25335032903627
S           53.25624788481918       12.24407120627547       47.65313162880818
Ni          55.65168647714689       12.54424014348979       47.86103741130131
C           52.86544742620278       13.41725944507696       46.24822611749714
O           52.64174932138400       14.58713731343640       46.56637240685706
O           52.82877352387073       12.88073894377450       45.12640294966200
67
 energy: -118.328134820544 gnorm: 0.014701916044 xtb: 6.6.1 (unknown)
C           54.43983950470327       14.84833835207218       52.41414640813790
C           53.98436918271435       15.76269241679070       51.28145247518167
S           53.84611815854962       14.94690451217651       49.65516686896389
H           54.44060634309818       15.37108416300919       53.37775529523124
H           53.77083606819668       13.98196745900735       52.48756956524792
H           55.45269461017696       14.48030414991456       52.22190987433166
H           52.99984659422385       16.18460432443323       51.53999963347594
H           54.68012093233542       16.61051428888596       51.19826107230831
C           47.63034398287741        9.57284501236325       49.56998635947161
C           48.94432556990948       10.06165489009962       50.17508508600605
S           49.88310869914360       10.91257031485761       48.86308866271011
H           46.99710222194334        9.07589972700052       50.31155283771782
H           47.08059822415272       10.41988053376166       49.15304056885519
H           47.83433505959442        8.87255294114865       48.75665842684797
H           48.71838358265665       10.74740331634264       51.00506244882522
H           49.48780087226741        9.20243715324374       50.59169596141044
C           57.02911735454365        7.72993629208326       47.65589479161131
C           55.71798009154111        7.67967668884769       46.87272638913394
S           55.14025866106553        9.33136522566194       46.35855382974486
H           57.40150445700706        6.72274619421978       47.87403274678309
H           57.78930231471283        8.25965901911078       47.07500759657874
H           56.88941540157293        8.26089960695813       48.60233367615989
H           55.88325851840673        7.10049114832431       45.95274047546655
H           54.96361356444881        7.14075503157607       47.46568992392761
C           57.77699321319129        9.93819580202429       51.94681914439179
C           56.76331314892986        8.81318208408459       52.17304619271204
S           55.10371623008614        9.41879931906768       52.63218470152769
H           57.82147922795007       10.58375641936831       52.82871587917939
H           58.78051507845739        9.53759417465601       51.75902555675781
H           57.47858757178693       10.55204976660704       51.08538388409806
H           56.73907757248072        8.16731627380252       51.28169759211691
H           57.11794083759230        8.19237871842832       53.00931987623183
C           57.61067112950147       16.31707250833823       47.72235894714324
C           56.35484189103317       15.65401932898828       47.15961074151986
S           56.79307432230011       13.98440023758513       46.55435512311688
H           57.99028729926439       15.74306642086298       48.57205345319961
H           58.39150791611312       16.33392997409787       46.95731136501493
H           57.42053814718119       17.34532330840115       48.04866359070567
H           55.56719645736031       15.65975000795579       47.93252288867413
H           55.99439806264491       16.25355097986231       46.30861946174645
C           49.71921227230418       17.30909116046824       51.61668545071317
C           49.29919491007126       17.40163531300250       50.14454741128893
C           49.49153825837070       16.09763800528595       49.43873491705129
N           48.54761217313780       15.09708670690320       49.52770197435349
C           49.01895516508038       14.03639563500346       48.81663307613447
N           50.17773974693994       14.31422254398888       48.28885139885713
C           50.49960285840558       15.58810180575019       48.66892082373030
H           49.14004734099498       16.53727442227976       52.12576657962216
H           50.78037832481668       17.06230902510982       51.69973526994303
H           49.54144615257602       18.26087575470138       52.11666224246619
H           48.24530967997664       17.69135833646669       50.09616412104161
H           49.88341206663653       18.18271177150846       49.64787030296072
H           47.69888570767086       15.15416619701002       50.04040584767863
H           48.51572606215198       13.08157848288448       48.73969718244418
H           51.43831417217748       16.04402585329543       48.38434343276528
Fe          52.12173658647637       10.94640986420072       49.31131310225899
Fe          53.94948776787381       12.71382502753772       49.72101256943492
Fe          54.33593083123414       10.40629348799049       48.19764328360433
Fe          54.15659469575323       10.37926074190975       50.73449523470189
S           55.77490557408496       11.38949212522296       49.61556042360928
S           53.15335245439329        9.01887226621206       49.40484680642864
S           52.64443713071385       11.86140161668649       51.22833791746724
S           53.23572527875592       12.25194275086108       47.62924881726311
Ni          55.66195276411844       12.55478646045508       47.83603549057882
C           52.80564550272940       13.37516387911738       46.20363469787554
O           52.58699703406050       14.56052882843161       46.49120187265784
O           52.72089487279565       12.79244594172490       45.10798759080957
67
 energy: -118.329088558335 gnorm: 0.013655891419 xtb: 6.6.1 (unknown)
C           54.45069671323537       14.84381991305727       52.40054425317401
C           54.00339342374497       15.76746285791372       51.27219808098807
S           53.85117362840299       14.96282049200124       49.64019025036162
H           54.45852805609687       15.36674136744110       53.36389349665403
H           53.77258840469034       13.98489709450119       52.47575977320797
H           55.45940395383352       14.46513904513442       52.20687841776207
H           53.02402147705025       16.19880215378161       51.53304890923131
H           54.70986765897450       16.60579686824110       51.18899941491415
C           47.64147705740760        9.57027150189348       49.56913756414802
C           48.95932943134526       10.05719540861241       50.16715998386573
S           49.89194935895516       10.90260435078114       48.84734820523226
H           47.01320222160488        9.07098576472261       50.31328148866237
H           47.08897352142633       10.41852263118115       49.15819677363197
H           47.84017186123880        8.87243380496933       48.75227038039490
H           48.73886239362091       10.74490562007126       50.99718470275154
H           49.50367986370327        9.19766270991486       50.58236432835428
C           57.02701894555992        7.75394764566577       47.66517644572311
C           55.71867102587908        7.71042641730088       46.87719009426826
S           55.16168850926399        9.36243486208890       46.34233339308206
H           57.38951164699348        6.74477622794796       47.88982149049402
H           57.79378340687197        8.27420485687150       47.08434906076377
H           56.88812109368683        8.29057002556861       48.60838280320836
H           55.88079314973307        7.11880833956451       45.96443393143447
H           54.95474728599469        7.18789322109881       47.47387718063935
C           57.75276350465059        9.92432558859018       51.97788266996849
C           56.72875468604330        8.80569431953610       52.18570546002036
S           55.07208422549057        9.42999813698174       52.62755649151988
H           57.78580874037849       10.56645909310130       52.86282483780082
H           58.75710348751173        9.51990132139108       51.80406760490236
H           57.47047129301937       10.54327110936704       51.11473964712641
H           56.70808322840006        8.16492272940407       51.29065558160709
H           57.06673454517703        8.17673463395882       53.02288658437089
C           57.62028644285405       16.32874894812016       47.72609034080926
C           56.37057940794035       15.66053391052566       47.15776822346290
S           56.83149463222254       13.99685671063270       46.55775726919731
H           57.99051906981573       15.76106453521304       48.58439465657232
H           58.40841149897614       16.33514416413745       46.96786722672262
H           57.43063396741693       17.36084730246677       48.04227689911308
H           55.58147464805806       15.65898810542136       47.92976199542773
H           56.00665774591904       16.25642153230179       46.30631824113560
C           49.73336259712894       17.31224886880619       51.62548922670103
C           49.31485060697477       17.39082940050942       50.15216480932314
C           49.49642192136912       16.08007485917552       49.45623801702011
N           48.54443613831815       15.08670057563917       49.54748984599578
C           49.00534851428893       14.02000156748868       48.83702591619741
N           50.17088300894041       14.28604271913931       48.31553765061476
C           50.50382583368285       15.55703858111529       48.69526366622920
H           49.15160815490496       16.54769138783491       52.14243643049823
H           50.79392129042804       17.06422366038991       51.71251026518900
H           49.55671560114393       18.27012553151171       52.11426482215359
H           48.26297440787569       17.68749984119824       50.10048520204733
H           49.90476757537855       18.16240319704970       49.64745536544741
H           47.69054139878914       15.15426093705388       50.06205477146752
H           48.49630352530496       13.06974952642236       48.76027835940381
H           51.45117565871679       15.99982927575534       48.41683653205470
Fe          52.13185494143291       10.95393513514271       49.28250283957105
Fe          53.95297235424370       12.72185613099045       49.68398702603708
Fe          54.36684697908614       10.43205391334999       48.18704296152046
Fe          54.16550669626151       10.40050135870304       50.72093724899153
S           55.78508620774139       11.42384029729976       49.60537967477466
S           53.18116864740468        9.03664474656806       49.38093838851957
S           52.64913867711529       11.87787465582410       51.20117793362417
S           53.21576515867214       12.24857367702235       47.60453480421295
Ni          55.65351356171943       12.57032634898579       47.79516035441000
C           52.73470409974000       13.32913530903751       46.16374143388017
O           52.51373206495929       14.51746226335563       46.42435595257082
O           52.62311262520878       12.71650300319118       45.09727355884760
67
 energy: -118.329561474963 gnorm: 0.024386989022 xtb: 6.6.1 (unknown)
C           54.46206114036507       14.83919267235209       52.38743737270126
C           54.02346555574627       15.77444872888168       51.26476176928351
S           53.86094129675179       14.98697057837483       49.62510226672764
H           54.47778168820491       15.36247899038595       53.35022137817327
H           53.77387535612387       13.98862339520570       52.46426107582866
H           55.46610062161861       14.44909727851034       52.19251641072913
H           53.05063126820632       16.21566945719227       51.53143403317528
H           54.74215182154026       16.60243834080852       51.18502331598078
C           47.65291841436056        9.56654231546859       49.56755987077230
C           48.97550348958159       10.05085525244209       50.15706719118526
S           49.89922458157103       10.89054695966712       48.82743304502335
H           47.02981762786584        9.06540629223817       50.31470145601600
H           47.09780556500493       10.41611670495547       49.16288435981409
H           47.84559949198465        8.87104915859347       48.74722122214306
H           48.76157306108686       10.73902412735557       50.98827988794303
H           49.52105146969084        9.19064712538612       50.56882617692899
C           57.02642869209768        7.77878340351323       47.67424701167877
C           55.72235360048768        7.73907980379715       46.87997474040930
S           55.18580120489159        9.39165459826054       46.32873127883528
H           57.37972455288254        6.76867732424310       47.90824354126850
H           57.79980603749483        8.28944248403330       47.09365620406370
H           56.88567577165049        8.32348531968196       48.61257321406083
H           55.88056934579278        7.13420892010336       45.97521886505073
H           54.94838163536937        7.23544007660390       47.48062948328064
C           57.72687938719284        9.91021777633767       52.00916762971307
C           56.69203852845595        8.79912450906589       52.19956423855113
S           55.03839352953201        9.44117368528167       52.62482350380763
H           57.74980388265472       10.54919918144857       52.89656874410732
H           58.73133078832931        9.50066345223878       51.84919288181715
H           57.46104899698773       10.53406844499896       51.14436519267669
H           56.67523155389965        8.16243040790949       51.30153084106396
H           57.01398746386528        8.16302589261830       53.03763519982668
C           57.63518936679050       16.34715059625762       47.73035548822381
C           56.39294643779449       15.67218203954077       47.15470290662593
S           56.86704867552454       14.01370810518513       46.56039581602029
H           57.99686495488609       15.78733053015366       48.59726907069879
H           58.43205294454285       16.34814886600327       46.98124381914852
H           57.44153801760138       17.38177839817326       48.03693592247880
H           55.60083267529748       15.66571438858775       47.92405057910222
H           56.02950981275639       16.26422772389725       46.30162709991424
C           49.74835268421883       17.31462333110910       51.63512855260672
C           49.33029626339528       17.38070669473002       50.16123777745563
C           49.50155032430451       16.06382020310288       49.47557553481717
N           48.54109478570684       15.07799163477589       49.56366091724815
C           48.99532083744068       14.00426095130779       48.85894274087588
N           50.16827797189261       14.25908194934072       48.34831557171568
C           50.50934730672611       15.52608496518605       48.72570334859345
H           49.16362692549122       16.55737977645086       52.15917012364871
H           50.80794477039980       17.06426296484472       51.72473645556228
H           49.57450496049123       18.27789882945499       52.11387535313182
H           48.28107755946901       17.68652798674178       50.10663613323429
H           49.92659501866799       18.14250591837189       49.64878374835489
H           47.68353882558711       15.15226171692408       50.08263190906186
H           48.47815182040237       13.05892107575612       48.77972590882370
H           51.46729730918280       15.95392248737812       48.45626155563431
Fe          52.13939700149950       10.96094547037072       49.25760358952081
Fe          53.95678878065510       12.73933178363958       49.66226511123240
Fe          54.38318482861354       10.45272675268106       48.16956455474699
Fe          54.16931151616664       10.41980358192362       50.70473454828650
S           55.78893184486478       11.44898141013040       49.59238817877885
S           53.20141767259341        9.05058317106949       49.35206482454540
S           52.65017728782821       11.89249334957374       51.17730259160464
S           53.20530477438366       12.26696777476843       47.59531909658806
Ni          55.65315737937723       12.58175410859865       47.76210263631648
C           52.64754533683554       13.26953513462310       46.11183103410379
O           52.44335108035964       14.47355135063682       46.33283467957451
O           52.48456828698563       12.59351441079767       45.06930662909711
67
 energy: -118.330351299899 gnorm: 0.010173592770 xtb: 6.6.1 (unknown)
C           54.46654178714216       14.83964117034446       52.37846695206226
C           54.02973929908794       15.77910368227598       51.25870105342581
S           53.85234178847682       14.99976365765269       49.61689653052523
H           54.48857125445040       15.36247134020338       53.34145420109807
H           53.77380828380637       13.99320328674856       52.45660078578781
H           55.46752015627965       14.44421687194947       52.18010829718574
H           53.06310245322098       16.22849522940132       51.53391822812735
H           54.75512142057161       16.60105892517741       51.17850678976695
C           47.65788416717148        9.56063613537802       49.57022814997214
C           48.98471617479662       10.04220291008268       50.15254804191617
S           49.90053863204751       10.87783941824675       48.81448263963675
H           47.03763307756079        9.05952871523215       50.31975037946557
H           47.10214335929059       10.41152444463506       49.16930279344982
H           47.84569203026891        8.86611107932905       48.74798141293850
H           48.77679204790500       10.73085457456355       50.98467277216305
H           49.53022149035825        9.18095242988540       50.56174707130808
C           57.02759579417956        7.79140523902150       47.67829948095964
C           55.72702982398528        7.74536391462144       46.88008440415020
S           55.19468612878708        9.39526139839172       46.32190498723899
H           57.38041852904428        6.78386989303815       47.92231997095312
H           57.80245700359994        8.29791748312551       47.09652844893877
H           56.88187302519790        8.34469690785822       48.61112050247763
H           55.88491797071404        7.13344100380839       45.98044347272232
H           54.95067125108275        7.25014551090475       47.48293471921601
C           57.71322970855585        9.90493851499397       52.02329783578157
C           56.67305359625315        8.79886930605216       52.20766920591529
S           55.02220577507461        9.45251234862389       52.62398537803684
H           57.73335314029427       10.54277008283285       52.91123116779457
H           58.71681216653300        9.49150639112178       51.86925320887924
H           57.45428225798981       10.53041962201038       51.15807842895302
H           56.65742970421186        8.16235536551652       51.30961648688204
H           56.98753491567663        8.16106395656126       53.04676259712917
C           57.64461654540797       16.35754750673097       47.72932071108647
C           56.40452880268813       15.68084252033995       47.15031501367612
S           56.88420076913147       14.02114010088761       46.56249563113967
H           58.00174035413133       15.79871754690495       48.59797762602999
H           58.44439389308823       16.35684329242165       46.98420670103809
H           57.45132710599427       17.39270615252912       48.03331884507318
H           55.61012886371407       15.67526724043542       47.91752567129296
H           56.04343496942588       16.27235551510456       46.29571501852357
C           49.75781538967013       17.31604475082744       51.64193534558046
C           49.33960866094515       17.37742095975914       50.16806002831567
C           49.50624401223481       16.05707376480479       49.48952789199392
N           48.53971099329291       15.07497426717419       49.57024455589546
C           48.99987348578244       13.99713385247692       48.87316317474473
N           50.17622270464275       14.24921174189924       48.37107918938040
C           50.51627532041866       15.51401518596187       48.74659235006632
H           49.17084627671999       16.56300555445603       52.16920900587837
H           50.81656259814811       17.06286323069865       51.73209747152599
H           49.58768982099524       18.28179744750354       52.11637288658212
H           48.29280539995829       17.69135815168544       50.11092984549641
H           49.94188621507971       18.13265349994010       49.65227434084530
H           47.67367928454558       15.16008274090848       50.05273369258175
H           48.47717184550331       13.05412048376569       48.78730765227463
H           51.47661394001209       15.93852453633460       48.48119730591658
Fe          52.14128455413721       10.95410552853695       49.24736662132553
Fe          53.94676446567572       12.74847590625618       49.65039479317077
Fe          54.37907699712365       10.45172586251717       48.15579098747734
Fe          54.17047216777745       10.42705779096467       50.69165844501449
S           55.78319545817170       11.46117853093996       49.57355537754304
S           53.21093301584799        9.04701022199255       49.33871283496338
S           52.64785429433626       11.89476957181605       51.16451791726327
S           53.18608618172304       12.26124445246621       47.58126516286987
Ni          55.62103115491890       12.59137087114535       47.73626540227927
C           52.61422405748336       13.24495510637531       46.10769999759376
O           52.40126235205064       14.44320470320247       46.31710818849022
O           52.45457329563000       12.56552269069161       45.07830513222363
67
 energy: -118.330868997696 gnorm: 0.009169117276 xtb: 6.6.1 (unknown)
C           54.47315962982645       14.83988795769758       52.36432182256187
C           54.04041173110774       15.78649974521420       51.24837136260015
S           53.84376620575538       15.01497655057650       49.60524383461260
H           54.50459043358121       15.35989098204393       53.32879306798546
H           53.77262148599244       14.00002129962575       52.44346242382650
H           55.46949190919822       14.43511462448543       52.16102548977804
H           53.08143158848416       16.24741780204392       51.53275538390678
H           54.77473269349357       16.60063805277777       51.16814668546146
C           47.66280177920133        9.55147167454594       49.57259156407191
C           48.99534966740307       10.02959055422424       50.14460914953468
S           49.90076428117428       10.86517103766867       48.79949349743067
H           47.04734401277642        9.05013528832598       50.32599006587912
H           47.10601231123386       10.40447785878323       49.17760400109282
H           47.84331220827966        8.85843000451093       48.74743033195071
H           48.79706087419414       10.71806077621353       50.97917847587985
H           49.54302792203217        9.16681879357193       50.54793111721899
C           57.03020751119797        7.80852554384871       47.68427989249309
C           55.73282652678073        7.75667650228080       46.88125000011561
S           55.20602111262500        9.40187580473903       46.30491628834079
H           57.38145798911623        6.80373265968806       47.94236222763108
H           57.80852575719711        8.30825037311928       47.10115160799363
H           56.87933419196345        8.37367529397688       48.60952832962036
H           55.89357782605787        7.13653314534083       45.98840065418619
H           54.95358069580308        7.26887302907359       47.48451955626868
C           57.69380601289748        9.89844611443119       52.04058006236716
C           56.64679454129595        8.79832393945034       52.21773026528438
S           54.99853220252026        9.46692025073696       52.61843054020399
H           57.71033978924401       10.53572266721470       52.92887191788908
H           58.69625452475897        9.47952314482943       51.89467700978069
H           57.44410345255011       10.52504264232735       51.17386245769358
H           56.63352364549849        8.16108961961259       51.32030510311967
H           56.95000539867186        8.15967811382940       53.06020913024199
C           57.66028461379588       16.37489526684260       47.73010187455116
C           56.42328167913575       15.69533448519789       47.14729780565396
S           56.90438799048798       14.03155873725560       46.57171545491753
H           58.01238773292791       15.81997937571858       48.60347542291681
H           58.46449944804616       16.37291662313505       46.99031342945421
H           57.46355610182035       17.41112659296648       48.02847145420601
H           55.62407890903525       15.69374448422987       47.90955673519831
H           56.06742328706574       16.28370577208780       46.28740267691882
C           49.77152015917912       17.31705294269235       51.65091928027069
C           49.35291870945831       17.37325652637917       50.17691475824142
C           49.51276166077780       16.04918814376709       49.50504412667529
N           48.54119882816902       15.07215522045239       49.58049073252459
C           49.00101349796063       13.99070079838195       48.88940319399150
N           50.18292885830076       14.23500270920110       48.39785023225169
C           50.52597835741612       15.49821146442555       48.77154958358249
H           49.18163108260151       16.56947703447817       52.18258234709342
H           50.82910708511010       17.05928978519998       51.74151898566510
H           49.60682486020665       18.28584362129749       52.12083206266031
H           48.30877215978996       17.69546213801299       50.11816469337018
H           49.96109218287544       18.12133646383223       49.65745752537952
H           47.66486719644259       15.16558877734980       50.04496902330818
H           48.47364070109946       13.05041031450980       48.80113181936150
H           51.49130843100380       15.91681603465655       48.51457419585120
Fe          52.14035934139488       10.94818670483300       49.23013472061309
Fe          53.93246658738041       12.76514607112564       49.64515754160185
Fe          54.37875648163276       10.44457356567806       48.14049877808669
Fe          54.16499046290084       10.43595141704541       50.67724001805151
S           55.76890531947447       11.47513111452263       49.55698135937723
S           53.21442049029470        9.04585554589788       49.32677816071528
S           52.63405056065935       11.89567125688339       51.14682144128603
S           53.18552244781489       12.25718294979897       47.57075740441127
Ni          55.59560016690367       12.61111845347641       47.71406228801304
C           52.55749590302074       13.19959538221762       46.08842210927025
O           52.34461081855632       14.40358943094572       46.27069886910963
O           52.39664143537013       12.50391503874341       45.07782378841119
67
 energy: -118.331474449544 gnorm: 0.006343343647 xtb: 6.6.1 (unknown)
C           54.48192834009725       14.84259790202843       52.34444510584029
C           54.05694407427818       15.80048413736456       51.23473610036424
S           53.83870566332330       15.02818621210616       49.59698377955832
H           54.52609677567284       15.35648882064864       53.31172895534348
H           53.77024196298933       14.01189432071451       52.42222606675988
H           55.47123986237263       14.42480942851538       52.13274478184169
H           53.10670913356189       16.27510536703470       51.52756931967794
H           54.80206553946142       16.60461653825643       51.15212342790750
C           47.66789024392819        9.53606705159174       49.57599562068769
C           49.00925921514773       10.00944214794814       50.13123596191431
S           49.89607063196166       10.84983388117953       48.77625684239598
H           47.06055966760135        9.03421123335569       50.33583256390243
H           47.10876055689553       10.39197809288749       49.19036258742969
H           47.83651674193808        8.84501784878939       48.74653680358917
H           48.82510851088130       10.69574425895727       50.97096102084368
H           49.56127901839802        9.14395356979529       50.52364848891580
C           57.03647071467507        7.83180175205937       47.69278385918956
C           55.74402483868572        7.76571316557447       46.88256099584178
S           55.21608121176006        9.40296955230175       46.28681080556063
H           57.38809700564928        6.83233413049650       47.97182408221818
H           57.81818878543759        8.32278910918692       47.10682856311138
H           56.87776321083015        8.41418415392115       48.60671502514562
H           55.91172180745993        7.13663332733245       45.99783760760654
H           54.96361768194606        7.28330953110954       47.48600214050876
C           57.66592277021856        9.89235658844214       52.06017794704236
C           56.61064334780971        8.79982823790562       52.23098106156188
S           54.96497512991908        9.48663486477387       52.60894178000959
H           57.67923093100865       10.53044259910221       52.94789733179394
H           58.66654179968648        9.46607863813500       51.92407103410161
H           57.42704855735656       10.51885297512571       51.19085952223671
H           56.60131508518268        8.15931370886972       51.33604085277283
H           56.89939295066105        8.16280441853632       53.07961893484644
C           57.68188981829583       16.39819656096346       47.73085617871738
C           56.44683095393439       15.71871497656533       47.14459164282062
S           56.91606757582094       14.04545606700484       46.58704276132645
H           58.02797961972708       15.84779542156268       48.60931122148227
H           58.48998072693789       16.39380417191513       46.99632583579364
H           57.48279930792538       17.43537978983900       48.02194103702647
H           55.64245782291017       15.72813400922192       47.90057847639191
H           56.10091050880040       16.30405731413131       46.27761469257707
C           49.79090819030750       17.31779243788617       51.66383063600629
C           49.37192234015862       17.36902287954877       50.18955361250914
C           49.52385910521377       16.04084020258712       49.52511312046803
N           48.54663303539676       15.07016000568597       49.59331165094594
C           49.00693514192655       13.98424984372701       48.91050759555695
N           50.19738284382791       14.21756523030403       48.43533094095634
C           50.54308639555574       15.48019433520990       48.80630325768465
H           49.19650881224620       16.57745767525223       52.20051787634234
H           50.84672914588852       17.05257148503093       51.75478595545772
H           49.63441383194831       18.29023408463619       52.12896761909980
H           48.33093826157984       17.70032253825670       50.12894722567058
H           49.98682736400068       18.10898292071286       49.66654351914480
H           47.65300197359557       15.17611713522468       50.02841664471472
H           48.47519476419239       13.04684174634614       48.82035512723033
H           51.51458966916531       15.89303863218858       48.56329446888015
Fe          52.13392607764311       10.93937335185008       49.20718492668951
Fe          53.90750103830813       12.77978157692770       49.63737755876297
Fe          54.37271477790312       10.43776173119807       48.12222976430923
Fe          54.15382064979547       10.44766554331617       50.65699654783914
S           55.75085188451511       11.49242355682804       49.53556891595468
S           53.21263869534215        9.04463775031745       49.31155178260202
S           52.60766680290851       11.89704158068210       51.12307512516303
S           53.17937603606056       12.24982061384046       47.54917139493841
Ni          55.55042313748267       12.63520266859195       47.68662019532636
C           52.49663838221741       13.14060891038813       46.06886476165398
O           52.28065564233244       14.34555108179296       46.22125361593369
O           52.30958135936362       12.41718669647245       45.07786255351819
67
 energy: -118.331930843253 gnorm: 0.008132347201 xtb: 6.6.1 (unknown)
C           54.49109509375343       14.84716269683003       52.32402110713143
C           54.07434024503737       15.81240401216417       51.21793283145291
S           53.84177896041953       15.03796891015970       49.58440950793824
H           54.54571255332070       15.35485723200828       53.29369347212204
H           53.76901035496563       14.02541915092576       52.39993246991825
H           55.47359122894378       14.41735580718820       52.10513748239038
H           53.13091251371013       16.29869578518236       51.51353932362954
H           54.82832349266558       16.60787607944819       51.13232825104200
C           47.66873234188531        9.51813389521831       49.57966440110917
C           49.01909178822675        9.98667777716347       50.11662966632726
S           49.88660110372397       10.83488525165088       48.75386028513680
H           47.07118938931033        9.01591480142634       50.34711969043150
H           47.10622905066003       10.37651792738541       49.20420567845778
H           47.82333740453718        8.82839427861797       48.74628372226376
H           48.84905603108120       10.66756055946357       50.96396270856499
H           49.57654279540546        9.11773928389992       50.49435980323727
C           57.04650883657881        7.85201388391456       47.70018622836724
C           55.75958421611701        7.76289578363676       46.88263472618188
S           55.21601111555537        9.38994060804545       46.27567832284232
H           57.40206908943342        6.85984074103466       48.00025786876329
H           57.82908050185731        8.33626704623121       47.11011420744541
H           56.87932414298005        8.45060031927860       48.60237421355799
H           55.93894474417120        7.12886908937960       46.00368255434591
H           54.98136458415452        7.27777907771918       47.48603555034521
C           57.63886831719120        9.89124443244597       52.06982006856739
C           56.57667765328419        8.80552093032638       52.24094214577915
S           54.93251622223357        9.50281813420881       52.60158338716135
H           57.65218660055916       10.53301669980542       52.95496293676182
H           58.63755405362229        9.45882250732948       51.93995539273993
H           57.40678687741315       10.51507232199207       51.19712440967038
H           56.57197517189450        8.15719475725810       51.35161548458821
H           56.85514994735654        8.17488113317985       53.09727768975022
C           57.70156482300172       16.41898622671158       47.73309076802993
C           56.46472245043019       15.74230476173379       47.14738146016543
S           56.91740732346783       14.05658930926917       46.60831511330858
H           58.04517766831928       15.87330233305030       48.61547044169691
H           58.51158491559165       16.41162624627725       47.00077993775907
H           57.50150761259860       17.45726767655322       48.01739431105086
H           55.65454347088819       15.76803851760177       47.89671800808632
H           56.13196593556525       16.32349875320503       46.27198842124597
C           49.80917053841677       17.31782693418243       51.67733908254196
C           49.38861482401769       17.36883776432208       50.20323359327859
C           49.53493633201568       16.03821247681243       49.54255881979930
N           48.55265249463567       15.07339600749238       49.60336332639998
C           49.01538722832775       13.98265693037358       48.93024566791774
N           50.21446737647741       14.20543599502611       48.47137284804258
C           50.56181277320012       15.46941102910354       48.84036600904763
H           49.20998990564723       16.58337756864989       52.21671726559145
H           50.86310760885686       17.04394585229551       51.76718526091134
H           49.66161251155017       18.29248459502789       52.14090695341359
H           48.34945781717168       17.70448214217802       50.14233383699132
H           50.00720075695251       18.10425795327528       49.67888400070155
H           47.64268015958699       15.19123638801116       50.00701314026383
H           48.48010760615023       13.04748070002569       48.83776111013652
H           51.53812146112154       15.87931367194094       48.61171473548508
Fe          52.12306697342069       10.93485589981326       49.19045088497349
Fe          53.88057191049601       12.79273612035098       49.64170110403501
Fe          54.36516021865887       10.42833800170378       48.10581571741623
Fe          54.13586187840463       10.45111996068461       50.64020560180008
S           55.72593645986942       11.50337142465512       49.52400474147999
S           53.19912791633332        9.04318429026541       49.29575377050818
S           52.57920612434153       11.89515909618910       51.10894771086310
S           53.18298149099265       12.24731349928408       47.53309410646273
Ni          55.50486580512347       12.66833867292552       47.67698595661765
C           52.44702314963867       13.08421230822013       46.04857680402932
O           52.23034597476076       14.29651631254318       46.16969730346028
O           52.24196554194396       12.33700575578461       45.07644380848431
67
 energy: -118.332226734108 gnorm: 0.009730258752 xtb: 6.6.1 (unknown)
C           54.50022291874646       14.85363751323274       52.30888799255843
C           54.09124012122464       15.82215214557023       51.20381558184258
S           53.85098768471277       15.04067439783858       49.57517508708415
H           54.56162190274930       15.35794898128778       53.27940125891654
H           53.76963031834594       14.03932095283086       52.38337458984248
H           55.47729240236016       14.41397644427520       52.08594934055442
H           53.15169087840236       16.31659151257414       51.49664242650798
H           54.85151165583386       16.61093024205740       51.11384557742102
C           47.66517233766874        9.50091429528834       49.58273322453908
C           49.02296944726849        9.96582313451179       50.10329175738642
S           49.87284832400081       10.82667976516921       48.73724871162141
H           47.07749437408633        8.99774131851036       50.35723488871399
H           47.09863324290722       10.36094263488173       49.21701767149484
H           47.80684466159641        8.81242262151012       48.74603111634298
H           48.86447596308328       10.63840585164193       50.95959523329596
H           49.58611875758879        9.09343242554545       50.46498761282255
C           57.05911428512349        7.86479701165098       47.70598934443219
C           55.77610926987690        7.75172570578666       46.88401595607716
S           55.20960138907353        9.36905859588104       46.26940988601606
H           57.42167363109765        6.88053169814929       48.02324162511730
H           57.84009769900223        8.34622404098167       47.11176506186688
H           56.88307242019877        8.47579372738495       48.59767506773125
H           55.97122306951404        7.11752786666770       46.00818960719587
H           55.00331169092465        7.25408548734941       47.48538927129187
C           57.61628624289528        9.89545467206993       52.06832239111186
C           56.55233708120967        8.81264846071661       52.24774943193461
S           54.90751805268133        9.51281180700030       52.59564388167269
H           57.63235444579382       10.54342259123110       52.94912580690315
H           58.61359572595399        9.45972029300761       51.94025054013743
H           57.38524506987211       10.51405844175437       51.19165259167493
H           56.55094484215424        8.15454575465913       51.36538851885793
H           56.82711661218903        8.19150130325737       53.11191564304635
C           57.71578442908770       16.43213090241649       47.73601932330940
C           56.47336125126807       15.76271652454778       47.15377857518402
S           56.90360514197064       14.06708164035295       46.62539938955373
H           58.05890479934247       15.88838458316797       48.61948293453433
H           58.52430879524891       16.41954276191408       47.00175259096354
H           57.51986900109693       17.47161569914818       48.01658088258907
H           55.66089070794305       15.80334910430101       47.89963934414760
H           56.15034975266330       16.34035819590624       46.27298949248786
C           49.82257999802944       17.31746654494103       51.68911937951297
C           49.39856339590042       17.37237633943758       50.21590710047958
C           49.54305143226257       16.04197360406841       49.55404113843761
N           48.55928690884920       15.07912826091551       49.60943038689842
C           49.02581127453693       13.98593781247370       48.94262055548893
N           50.23022084825657       14.20397394644784       48.49615319931944
C           50.57638144454254       15.46962083415755       48.86553221724287
H           49.21970225797285       16.58649569446994       52.22911810717544
H           50.87489071980691       17.03593546733472       51.77593025221238
H           49.68313331262223       18.29271146371361       52.15415298502371
H           48.35943308837950       17.70750970051339       50.15730575254802
H           50.01672465334568       18.10798818243029       49.69190117976343
H           47.63777725623266       15.20503002739853       49.98668597293152
H           48.49055816455291       13.05103664684035       48.84758271941272
H           51.55514954311596       15.87985161548400       48.64860152850316
Fe          52.10974830407665       10.93437864290537       49.17856478267878
Fe          53.85589509330971       12.79786452637111       49.64687509957837
Fe          54.35747143583625       10.41093089277968       48.09663368422947
Fe          54.11410413361245       10.45168495604865       50.63115428100836
S           55.69987402554145       11.50569164695679       49.51782576425853
S           53.17832826031014        9.04177777068530       49.28850923928237
S           52.55128261251475       11.89412063191098       51.10093869735023
S           53.18892526315452       12.24065242648843       47.51725045492326
Ni          55.46507866040014       12.69952725012536       47.67737467861845
C           52.42500466352999       13.04439463994096       46.03436432974038
O           52.20519046319767       14.25694214060142       46.14027130248002
O           52.20445584937573       12.28477931859142       45.07469319213953
67
 energy: -118.332501110253 gnorm: 0.010423786381 xtb: 6.6.1 (unknown)
C           54.51283004804809       14.85910976181577       52.29474734090446
C           54.11240874954836       15.82967497904922       51.18916493516384
S           53.85796825337472       15.04480481675386       49.56209835695077
H           54.58116924454244       15.36422028629704       53.26429194321195
H           53.77293741107952       14.05308611966839       52.37097025081205
H           55.48461720729545       14.40804029647443       52.07066378316389
H           53.17770417270269       16.33413453511962       51.47999762625339
H           54.88106496079433       16.61005216406967       51.09468593502235
C           47.66207593827203        9.48559321374514       49.58433598462563
C           49.02682086453334        9.94751199710734       50.08913135481219
S           49.85922549980745       10.82167741330390       48.72047835376160
H           47.08502952452390        8.98013901575488       50.36539806089544
H           47.09046510291589       10.34689455710956       49.22943308722132
H           47.79116580683116        8.79938928140266       48.74366797641097
H           48.87875937549388       10.61047120146667       50.95489765640946
H           49.59544833359166        9.07192856606890       50.43426295155547
C           57.07350316450420        7.87720828956011       47.71253608669414
C           55.79542326151179        7.74175073804190       46.88605361613966
S           55.20393461265240        9.35028950168045       46.27029489533750
H           57.44285037452199        6.90024088195650       48.04292268845720
H           57.85230201953246        8.35794328286149       47.11503879604096
H           56.88813761503685        8.49717607977360       48.59545629041899
H           56.00493819068546        7.10976152859521       46.01137483444245
H           55.02855139565165        7.22979888332339       47.48558910405989
C           57.59087428176490        9.89996204467458       52.06567975261490
C           56.52656547870630        8.81855335544371       52.25491424617159
S           54.87995547241819        9.51845430050908       52.59333778503647
H           57.60846608543016       10.55500907672867       52.94149938678524
H           58.58801649437564        9.46277663555420       51.93973987465284
H           57.35962613626473       10.51233135096492       51.18416511630644
H           56.52771017759347        8.15088769774731       51.37947594695601
H           56.80063648057881        8.20662650461788       53.12599975554340
C           57.72793949561994       16.44291197376208       47.74072167806466
C           56.47985759569693       15.78047368054706       47.16191501116042
S           56.89935010448995       14.07891768036106       46.64055646398251
H           58.06896115044341       15.90127725540544       48.62631757391633
H           58.53525956492405       16.42070366770081       47.00428618552977
H           57.53938379457919       17.48507223027993       48.01672415812998
H           55.66807687971128       15.83061459162304       47.90746188014842
H           56.16137234666138       16.35420833516045       46.27823243647977
C           49.83427949229396       17.31806790765163       51.70199364809782
C           49.40500214689121       17.37565906483783       50.23019982466988
C           49.54905773972317       16.04565023762601       49.56657288207644
N           48.56170677262683       15.08482031263092       49.61660240871978
C           49.03181416663451       13.98858517895949       48.95520638747916
N           50.24137770922464       14.20288547177210       48.51991142557571
C           50.58731222819472       15.46869906496095       48.89066911179433
H           49.22891740624890       16.59017836118245       52.24369785349602
H           50.88521373821523       17.03040092791397       51.78460205377716
H           49.70210162391609       18.29413958149227       52.16776595784587
H           48.36485054696750       17.70866327820810       50.17551008657494
H           50.02053695290054       18.11301147224439       49.70512245449394
H           47.63574760519469       15.21770203297529       49.97511580582520
H           48.49518096084355       13.05442326207062       48.85569504411465
H           51.56964628444663       15.87641278561755       48.68278207455361
Fe          52.09844120825537       10.93987209477172       49.16636860985059
Fe          53.83886010434881       12.80243428323610       49.64441879178194
Fe          54.35273501354200       10.39914585512889       48.09024885703207
Fe          54.09363088222734       10.45471125817505       50.62376702103811
S           55.67952522112398       11.50879257839239       49.51324822943771
S           53.15981345052984        9.04417578759175       49.27922994750276
S           52.53100860847870       11.89945242218111       51.09245691846841
S           53.18669913354140       12.23669123101539       47.50354959163382
Ni          55.43625506002084       12.72623645247722       47.67781120384607
C           52.40039026069531       13.00526185624635       46.01030718104757
O           52.17604974999673       14.22129479775184       46.09469642141816
O           52.16651672623069       12.22341676087274       45.06906825762587
67
 energy: -118.332290909507 gnorm: 0.014519689243 xtb: 6.6.1 (unknown)
C           54.51608893872546       14.86005473473825       52.29714048930479
C           54.11716619772248       15.82970225285020       51.19024491044741
S           53.85970648759951       15.04439645230990       49.56382115639920
H           54.58515158033050       15.36755083539689       53.26556047078415
H           53.77551800775025       14.05533384729195       52.37534594689784
H           55.48715208333866       14.40738897544092       52.07473377594227
H           53.18439250196399       16.33671748245688       51.48173984831109
H           54.88761080310162       16.60748354887247       51.09395429330519
C           47.66078630946925        9.48469203105774       49.58282018183630
C           49.02581370297314        9.94619849337381       50.08679056558225
S           49.85646511206637       10.82497801142016       48.72064439171410
H           47.08529493641960        8.97749171709260       50.36350192963666
H           47.08853495568532       10.34630245613506       49.23072155813560
H           47.78885399736389        8.80028846288215       48.74088772217105
H           48.87918210718733       10.60634287753900       50.95436641997908
H           49.59501924979699        9.07019787453262       50.42812348722224
C           57.07752988500641        7.87679054100370       47.71315598392166
C           55.80033720723456        7.73901618271637       46.88654701297506
S           55.20236865023470        9.34682520474252       46.27449467437927
H           57.44975048836214        6.90065993535014       48.04282074968545
H           57.85528212348202        8.36081623412614       47.11643880000921
H           56.88928085021558        8.49571205751611       48.59623607091767
H           56.01171641968544        7.11044856180235       46.01004916298992
H           55.03571229367628        7.22187042356308       47.48469591595369
C           57.58716648098878        9.90252952477987       52.06128738148045
C           56.52534604683456        8.81908154637069       52.25496394063638
S           54.87750197686583        9.51646786716208       52.59477181546258
H           57.60531236035153       10.55922595273680       52.93569682806284
H           58.58511618539733        9.46728044568135       51.93400341401908
H           57.35225863943552       10.51264267319026       51.17896961407736
H           56.52544659166934        8.14982767985781       51.38091925511429
H           56.80314520173334        8.20934679086524       53.12676831608190
C           57.72831328240507       16.44113645059776       47.74123207985653
C           56.47759636619541       15.78170471311339       47.16349919771523
S           56.89630407091774       14.08171377815621       46.63831169720352
H           58.06861191260791       15.89631815841352       48.62523384387366
H           58.53463765209931       16.41643071147168       47.00401095818746
H           57.54541679187720       17.48426649479446       48.02039763746770
H           55.66814903568936       15.82948522978989       47.91211833066581
H           56.15618287342174       16.35727895355889       46.28185710369920
C           49.83399108454255       17.31822565611507       51.70411754457330
C           49.40165513574993       17.37740077438447       50.23347835136788
C           49.54675240748309       16.04902592042404       49.56661899656091
N           48.56041177823072       15.08675490354763       49.61636485919161
C           49.03131725086291       13.99199721707161       48.95296669811326
N           50.23937169339840       14.20923105327707       48.51551054923181
C           50.58405094289091       15.47419245848535       48.88785760726000
H           49.22996155136163       16.58964822185072       52.24624840176804
H           50.88504988514792       17.03091748072115       51.78437516152154
H           49.70231094910749       18.29367410629347       52.17105932031951
H           48.36092472286009       17.70952357381731       50.18176684001885
H           50.01488662058900       18.11707895695730       49.70843447472130
H           47.63959473505720       15.21605521741484       49.98351395227709
H           48.49614917882487       13.05680658842605       48.85355571417530
H           51.56567776157238       15.88204534150446       48.67799416292784
Fe          52.09658616984016       10.94284308177792       49.16489926565876
Fe          53.83863447814532       12.80322226082344       49.64505540110746
Fe          54.34953473099086       10.39662702295328       48.09166594141833
Fe          54.09057089529107       10.45548321763371       50.62533685722747
S           55.67686435285017       11.50802913309667       49.51173445203586
S           53.15581660641907        9.04501049822810       49.28131151517085
S           52.52941845831121       11.89977217602313       51.09224391609526
S           53.18154346472868       12.23998853824566       47.50639723327686
Ni          55.43651426811013       12.72708817692381       47.67720537240663
C           52.43291269340091       13.00505736597322       45.99219897202083
O           52.17725023968620       14.21365980540251       46.07524261426489
O           52.14508104668837       12.19910717794471       45.08910610320374
67
 energy: -118.332931826291 gnorm: 0.005935307086 xtb: 6.6.1 (unknown)
C           54.52134301176342       14.86153558987228       52.30093296071740
C           54.12467686876177       15.82968131224699       51.19192707205642
S           53.86113206480074       15.04361303006695       49.56671677521763
H           54.59173503051406       15.37291636608493       53.26750877482284
H           53.77958829170300       14.05899124668781       52.38249361195381
H           55.49120757096039       14.40622864346407       52.08110760774069
H           53.19521976490333       16.34106370884212       51.48474275350829
H           54.89817904873159       16.60311106435590       51.09240951865078
C           47.65860385963585        9.48320323394683       49.58033518711807
C           49.02407974268734        9.94374229266001       50.08333193038185
S           49.85246311572040       10.82982007270426       48.72154665717762
H           47.08546493205985        8.97313610146677       50.36028296604170
H           47.08542910673987       10.34541971186432       49.23276078856653
H           47.78511116733182        8.80178620896304       48.73628087560848
H           48.87961392821636       10.59931932713863       50.95385595285452
H           49.59411416017744        9.06695155313966       50.41851212724775
C           57.08400944923358        7.87642397712247       47.71415342496487
C           55.80827255488771        7.73496841841338       46.88722799803039
S           55.19984605533234        9.34158755282144       46.28089221764472
H           57.46082746234530        6.90161473438321       48.04259646913948
H           57.86016698212705        8.36567653982574       47.11878795489817
H           56.89124707708181        8.49355501187253       48.59758786413174
H           56.02279181289900        7.11196106284092       46.00778090700314
H           55.04727167084079        7.20928795359670       47.48301647981076
C           57.58118671093688        9.90669523688478       52.05418418103750
C           56.52334797691891        8.82002230155914       52.25507767882664
S           54.87353529624642        9.51332270541187       52.59728144233971
H           57.60021416603914       10.56612358175117       52.92627218003442
H           58.58040782804810        9.47453197966691       51.92473338985782
H           57.34048168271575       10.51312003010124       51.17054244685205
H           56.52174772825970        8.14812550846316       51.38333718925654
H           56.80707970651400        8.21387074951552       53.12807176544875
C           57.72904193388411       16.43795959857468       47.74200516201111
C           56.47391558966420       15.78365885969859       47.16612441351334
S           56.89031858007036       14.08603212551924       46.63436903902941
H           58.06808007177827       15.88808386972617       48.62352444804895
H           58.53370846608393       16.40914736669805       47.00344993801443
H           57.55530597346492       17.48265073068266       48.02611015898293
H           55.66827690092681       15.82798000122702       47.91967513993707
H           56.14790095533837       16.36245791423445       46.28793237549664
C           49.83353228582614       17.31849412503545       51.70764181424202
C           49.39625751456988       17.38031397897851       50.23886395966511
C           49.54323703038392       16.05464248549793       49.56673946565576
N           48.55845053128579       15.09010299177230       49.61566910076363
C           49.03077294858682       13.99774982344890       48.94913343376393
N           50.23645497527437       14.21978406996485       48.50830030965198
C           50.57911510193000       15.48330723687629       48.88343277945138
H           49.23166123095092       16.58877804978953       52.25044599114566
H           50.88480202499248       17.03176014922782       51.78407224612949
H           49.70266411844815       18.29292643585714       52.17651551874597
H           48.35453835827149       17.71081186063583       50.19191830470947
H           50.00566358252436       18.12385428360433       49.71392354957838
H           47.64599191557124       15.21349453540197       49.99741418710887
H           48.49791678034805       13.06093319596412       48.84975627667016
H           51.55969951345560       15.89131937765318       48.67060439973582
Fe          52.09382281823832       10.94580990830641       49.16452383917915
Fe          53.83875555439469       12.80424480915933       49.64559906955561
Fe          54.34516199998610       10.39335937588052       48.09379984090629
Fe          54.08747457744068       10.45721218453708       50.62761032319670
S           55.67339157587844       11.50840583124148       49.50732361978761
S           53.15150201198524        9.04596327384186       49.28531862080757
S           52.52847095241387       11.89989574242269       51.09295961383528
S           53.16916040008294       12.24323691842969       47.51252425850078
Ni          55.43339434069204       12.72897066134202       47.67353835761650
C           52.40902661810522       12.98814155084965       45.99506967144394
O           52.21845778628534       14.20951705312285       46.02810568465828
O           52.14773261575483       12.16805490713610       45.10485314953742
67
 energy: -118.333121225632 gnorm: 0.004032464223 xtb: 6.6.1 (unknown)
C           54.52598468894197       14.86300819150090       52.30355048871681
C           54.13020263150337       15.83130061629650       51.19405080836707
S           53.85305646489057       15.04592360146389       49.57050026232913
H           54.59880934882034       15.37566024641392       53.26930046342088
H           53.78183461366739       14.06275197812786       52.38739326632848
H           55.49458451961221       14.40472665033696       52.08339128278998
H           53.20415640899414       16.34761406251354       51.48927321761518
H           54.90750180223417       16.60077473786007       51.09082053114540
C           47.65698938554052        9.48254261255640       49.57750619770218
C           49.02329291128935        9.94159437061025       50.08025383682871
S           49.84870075149714       10.83508262267415       48.72123283313599
H           47.08551801258412        8.96912509469563       50.35673813760466
H           47.08241608707259       10.34570740989220       49.23402867929352
H           47.78256174283429        8.80419593177582       48.73062881062229
H           48.87885278771932       10.59268224455668       50.95444250475099
H           49.59471874462918        9.06330789665947       50.41019822636817
C           57.08969378891396        7.87819154753337       47.71509038072201
C           55.81517610830814        7.73224237722208       46.88674163379581
S           55.19857219730051        9.33722768254058       46.28337043165813
H           57.47035605459169        6.90442412136418       48.04210798289597
H           57.86463796167529        8.37110021461517       47.12132580359846
H           56.89461011393048        8.49277902657716       48.59978488100666
H           56.03366844004060        7.11301435855725       46.00543490836002
H           55.05650590477040        7.20053228794172       47.48031446081459
C           57.57598290027146        9.91059287921810       52.04733672693041
C           56.52147765353683        8.82195406750407       52.25444790033352
S           54.87058296346349        9.51203738720844       52.59813457336189
H           57.59553486166568       10.57279913198457       52.91738744493203
H           58.57587801242341        9.48061479066891       51.91626957724726
H           57.33136950910720       10.51369596502759       51.16248863626737
H           56.51946578720976        8.14688997733143       51.38512257555518
H           56.80825549083282        8.21944220719143       53.12887544598235
C           57.73048507622985       16.43331427215377       47.74303264466847
C           56.47164444986895       15.78433862475966       47.16978860660609
S           56.88180340941479       14.08760889378695       46.62967390227834
H           58.06948080776718       15.88116280384095       48.62319366484219
H           58.53301703406992       16.40312854664389       47.00209052871175
H           57.56055097378805       17.47789195883193       48.02862092040339
H           55.66867004161545       15.82892603640380       47.92595075747958
H           56.14387599960700       16.36776164456169       46.29544344451782
C           49.83355978311654       17.31839082957381       51.71129620319617
C           49.39221093816187       17.38272989861733       50.24379094570457
C           49.54197791335344       16.05937690341001       49.56774103080666
N           48.55938427656918       15.09248468367013       49.61534884380581
C           49.03278611372991       14.00312525995586       48.94494302498520
N           50.23677292055263       14.22981545578659       48.50071122398540
C           50.57776143254127       15.49277449092802       48.87989655198104
H           49.23395832570325       16.58698706095812       52.25444210627566
H           50.88543073337112       17.03269630364806       51.78426525700596
H           49.70282485011207       18.29187872069856       52.18233130853058
H           48.34917888691280       17.70951531246988       50.20028868417176
H           49.99746840905773       18.12982194351153       49.71915598059734
H           47.64973677758192       15.21082892731608       50.00888752646354
H           48.50177198822114       13.06528897299036       48.84454806973340
H           51.55745007874950       15.90295882751865       48.66635732440601
Fe          52.09210754516652       10.95075542644077       49.16534889520440
Fe          53.83492068836914       12.80636221532675       49.64689519448551
Fe          54.34526702505690       10.38791317556456       48.09736342824799
Fe          54.08096112266654       10.45786256433944       50.63024158130380
S           55.66926376733421       11.50830294240913       49.50965443900889
S           53.14389780170333        9.04711066991596       49.28821957578944
S           52.52564168770480       11.90342799924919       51.09680282125677
S           53.17025684789909       12.23735190424589       47.51143073546022
Ni          55.43231852126785       12.72912080425195       47.67774233993271
C           52.40629191172342       12.97015255823803       45.98806099892315
O           52.24551963449328       14.19783547436285       46.00130675122806
O           52.12485703666707       12.13792369327804       45.11272898753648
67
 energy: -118.333423029604 gnorm: 0.016070908200 xtb: 6.6.1 (unknown)
C           54.54129341648935       14.86832209283404       52.31106706885831
C           54.15056321966768       15.83742734963873       51.19972439804415
S           53.84409071481817       15.05156647424044       49.58069842895062
H           54.62171468682926       15.38442081700214       53.27438739823943
H           53.78949838892215       14.07541117643919       52.40117243351887
H           55.50558350482195       14.40019049170141       52.09023119185878
H           53.23516826215696       16.37007345773629       51.50070469716001
H           54.94021552157226       16.59384942492295       51.08653675153668
C           47.65193361776947        9.48046761019291       49.56718355676747
C           49.02064765135796        9.93522853198838       50.06892190800457
S           49.83706482882470       10.85206355611076       48.71898541153842
H           47.08599435648066        8.95561477138221       50.34357413147662
H           47.07301545935623       10.34708229427934       49.23828317589699
H           47.77386402000277        8.81310462226335       48.71041604381801
H           48.87799466673325       10.57117021319423       50.95547825107334
H           49.59641477603623        9.05218621126797       50.38135371200156
C           57.10994018743750        7.88433177678369       47.71858153515292
C           55.84003594364809        7.72337396254238       46.88512232429130
S           55.19522845238904        9.32273404357004       46.29346890823429
H           57.50383383062141        6.91411386033352       48.04082815805043
H           57.88004939241129        8.39088543873241       47.13025152894576
H           56.90498492482975        8.49026693832693       48.60711171913063
H           56.07269869407001        7.11681669110174       45.99806965305607
H           55.08918428379785        7.17143527708210       47.47074182559066
C           57.55872787811698        9.92401062977119       52.02487337406913
C           56.51412321289919        8.83006598749706       52.25232695758806
S           54.85953600570909        9.50902647638359       52.60129967864590
H           57.58056813660655       10.59575801476130       52.88783039070560
H           58.56055960562792        9.50045127235601       51.88877672373356
H           57.30208212419018       10.51620994614214       51.13591463880856
H           56.51086093863818        8.14426488798444       51.39112372264154
H           56.81107091840808        8.23971081017634       53.13150571411116
C           57.73492175210852       16.41695537130758       47.74755072971990
C           56.46315450314275       15.78623331665710       47.18319902555754
S           56.85045399610561       14.09211512406221       46.61570215787264
H           58.07537529382001       15.85740607042465       48.62251689440760
H           58.52982788552442       16.38154887788622       46.99825552344853
H           57.57846227437599       17.46144565853245       48.03815318695381
H           55.66895807866989       15.83061227886996       47.94836100752172
H           56.13010658203829       16.38412630075069       46.32068104672766
C           49.83398876796192       17.31845515002131       51.72457741380731
C           49.37812547989584       17.39114664725537       50.26169007678453
C           49.53753371031284       16.07585950335217       49.57213700452881
N           48.56338626684174       15.10038371223608       49.61444051466485
C           49.04090457413125       14.02203418852039       48.93014427066722
N           50.23901232825283       14.26537728630350       48.47518284847489
C           50.57246073430660       15.52723157963179       48.86731281977480
H           49.24264170410965       16.58079105379723       52.26862858413524
H           50.88795760508926       17.03666860385248       51.78519109344203
H           49.70358374282375       18.28840103163883       52.20342092574640
H           48.33044709900639       17.70460793815747       50.23043691959334
H           49.96884095029308       18.15060334493153       49.73815848325434
H           47.66365975208576       15.20102854104310       50.04431859458631
H           48.51668753840708       13.08053135968815       48.82547552443234
H           51.54751035135948       15.94733333759145       48.65102910760844
Fe          52.08511434853143       10.96121345822115       49.16866572581940
Fe          53.81939300257333       12.81340286385771       49.65436343166762
Fe          54.34040328145106       10.36739989497970       48.10798272354727
Fe          54.06164233421664       10.45977108949288       50.63834110644311
S           55.65303010872086       11.50941580963538       49.51485622758344
S           53.11917906269142        9.04875872125977       49.30111721524399
S           52.51457147995683       11.91202008628506       51.10760343509201
S           53.17077373591479       12.21673805856892       47.50965836999833
Ni          55.42315509997402       12.72907866905429       47.68816794767079
C           52.40166440250471       12.90852001994125       45.96350305509255
O           52.31615004433800       14.14841553265690       45.92143522434283
O           52.05243396724160       12.04319650089228       45.13633358229553
67
 energy: -118.333684942012 gnorm: 0.008223845923 xtb: 6.6.1 (unknown)
C           54.54759894782679       14.87081302584559       52.31288382288511
C           54.15851725873918       15.84057608990026       51.20134156952135
S           53.83539946967291       15.05426973260737       49.58526380507386
H           54.63234520617611       15.38725299627252       53.27558457907605
H           53.79227017225789       14.08124675475909       52.40531505595346
H           55.50951690000935       14.39815151116167       52.09021363944836
H           53.24815100295775       16.38034442069894       51.50542287606121
H           54.95316959108614       16.59153100648795       51.08320329022639
C           47.64995941867539        9.48012941622634       49.56270916910262
C           49.01959884889341        9.93281350529678       50.06423571199119
S           49.83335468120343       10.85762574425990       48.71773490085528
H           47.08596272063533        8.95047162051926       50.33754161466728
H           47.06951675436212       10.34826358671311       49.23985753479405
H           47.77048027813162        8.81758637182573       48.70174497644030
H           48.87788339830547       10.56324059684910       50.95524251102239
H           49.59692725067635        9.04811758753023       50.37036751002638
C           57.11860772309483        7.88770168976876       47.72038079379586
C           55.85092877315225        7.72002969644749       46.88431946620656
S           55.19420459807458        9.31612165605086       46.29657849658371
H           57.51828899856508        6.91914610341672       48.04058049004531
H           57.88630559489309        8.40035717748245       47.13447846146482
H           56.90908507079403        8.48968519983484       48.61052613160434
H           56.08986689489783        7.11829963731554       45.99550170042736
H           55.10333941465029        7.16025211036659       47.46654457166792
C           57.55216299953438        9.92981380988549       52.01604471817866
C           56.51091567790483        8.83470084452165       52.25157334616896
S           54.85551426288706        9.51052875066644       52.60184504558699
H           57.57519044667384       10.60561320350552       52.87594372224789
H           58.55433630166212        9.50788737189484       51.87833827363878
H           57.29166514183282       10.51764940910901       51.12535598207175
H           56.50724090655027        8.14450116652790       51.39370806864487
H           56.81108606937551        8.24930566391881       53.13275830965397
C           57.73699756053958       16.40874702021722       47.74919090368954
C           56.46001599621876       15.78591529535660       47.18861107682864
S           56.83573928926942       14.09202870247379       46.61112458117394
H           58.07855302750527       15.84661718668759       48.62200958363795
H           58.52853586340964       16.37152784239086       46.99624509473252
H           57.58542950986199       17.45294156484890       48.04139837151054
H           55.66936985004002       15.83135314660277       47.95707037964594
H           56.12602177423038       16.38951874605590       46.33057344706909
C           49.83472572675595       17.31895745971305       51.73074583731680
C           49.37295594387262       17.39491580174031       50.26977085561900
C           49.53697556322938       16.08294926266626       49.57507406299914
N           48.56668671794302       15.10388896316831       49.61442302466383
C           49.04620033696523       14.03054110725352       48.92417451021198
N           50.24223364691579       14.28073296813394       48.46628464801248
C           50.57221946816579       15.54227017065134       48.86420857267300
H           49.24723546179134       16.57823751607311       52.27495259843214
H           50.88966715940322       17.03933804263981       51.78614143673163
H           49.70407734599618       18.28723160089055       52.21306346479706
H           48.32328823302880       17.70202430785665       50.24339453434504
H           49.95734141174586       18.15952269241680       49.74693470044360
H           47.66949781350181       15.19799722194434       50.05353656182962
H           48.52476123289007       13.08774221191142       48.81661018005100
H           51.54510389441349       15.96763864485917       48.64810666288331
Fe          52.08215780400350       10.96259287067496       49.17034075998782
Fe          53.81094994566679       12.81656492201544       49.65797065532210
Fe          54.33747528808316       10.35549854816344       48.11234516959930
Fe          54.05288774930262       10.46023227506450       50.64092956510770
S           55.64435042145645       11.50991901137923       49.51719059245610
S           53.10811153196660        9.04717599142269       49.30725032371014
S           52.50803465701396       11.91567280326276       51.11133453179058
S           53.17216461483657       12.20299180899639       47.50620991016608
Ni          55.41621351152001       12.72755486210781       47.69118510262518
C           52.39939881437407       12.88125305888815       45.95434876829655
O           52.30545567573714       14.11453949946749       45.91165536845286
O           52.05382984421034       12.01980150444144       45.12759122805797
67
 energy: -118.334063966548 gnorm: 0.005958289591 xtb: 6.6.1 (unknown)
C           54.56172707623504       14.87654564301046       52.31652039423023
C           54.17786443368431       15.84728788092034       51.20398060994174
S           53.83007989343346       15.05832540167254       49.59384887251734
H           54.65582960399468       15.39448705802213       53.27757723381223
H           53.79943496894484       14.09443968712857       52.41408860046010
H           55.51797070002677       14.39383710789878       52.09120538415976
H           53.27862058824154       16.40242299788997       51.51344064595802
H           54.98281459508012       16.58563997895515       51.07601369396451
C           47.64525434944819        9.47874184551275       49.55134621561422
C           49.01640720543687        9.92756745106141       50.05163513582945
S           49.82444072573512       10.86841001079571       48.71288235690649
H           47.08605042828538        8.93843173612173       50.32220862154731
H           47.06197637200055       10.35003150537789       49.24273242346949
H           47.76217362176830        8.82747402961285       48.68133589954346
H           48.87908083794032       10.54640402741082       50.95126499899265
H           49.59652199271525        9.04019895626578       50.34387335261542
C           57.13997779584022        7.89530637085837       47.72432332226399
C           55.87798745128663        7.71207946611993       46.88292971391006
S           55.19076446589190        9.30027227130626       46.30738722203024
H           57.55438928660111        6.93110695586418       48.03974637827419
H           57.90104590084096        8.42459909852019       47.14405956595925
H           56.91678674236221        8.48829728127401       48.61739219970382
H           56.13128332843031        7.12280196994482       45.98963244459324
H           55.13938763929198        7.13233384112235       47.45727407735821
C           57.53775515125659        9.94350215652049       51.99650843887270
C           56.50334616012948        8.84605420913602       52.25034910749449
S           54.84601330971045        9.51513772468873       52.60457707153254
H           57.56414857533440       10.62826290261878       52.84928477925229
H           58.54078648453964        9.52487808653068       51.85518189543112
H           57.26816680921482       10.52162750167609       51.10192315737967
H           56.49762955793937        8.14667197141558       51.39970590946531
H           56.81259574929813        8.27136323620764       53.13559819976187
C           57.74052756671431       16.39017379871122       47.75370295812218
C           56.45113719208948       15.78524666914932       47.20111271410677
S           56.80367872915520       14.09303325920624       46.60360731647057
H           58.08447180704866       15.81984619144496       48.62024815599634
H           58.52458694754328       16.34698570564182       46.99317943007696
H           57.60441782821713       17.43497411710033       48.05267835119557
H           55.66896213486708       15.83000014849925       47.97849852117908
H           56.11393394856225       16.39991994225792       46.35206851827021
C           49.83615316169816       17.32022365850070       51.74617602080036
C           49.36034939721889       17.40350741475243       50.29005535033135
C           49.53468519863004       16.09970353560392       49.58226297549760
N           48.57338365285288       15.11210654176295       49.61457026713725
C           49.05857021755829       14.05039177007022       48.91088601804271
N           50.24961906311774       14.31668218308041       48.44829084800598
C           50.57011766166423       15.57713148752667       48.85823710266401
H           49.25794149042299       16.57228941105333       52.29055280074374
H           50.89312348055757       17.04605285685271       51.78943806291473
H           49.70474305846845       18.28426624519384       52.23662312294660
H           48.30639346113117       17.69714830130822       50.27589389085448
H           49.93020462380186       18.18039544781264       49.76909193613875
H           47.68414467382241       15.19156947175983       50.06868455393995
H           48.54437895406461       13.10400719419767       48.79659288131061
H           51.53712942931026       16.01468519977331       48.64174642367448
Fe          52.07251464433941       10.96139741324489       49.17417849172599
Fe          53.79522701605855       12.82398160466792       49.67248492205929
Fe          54.32081093130892       10.33089402579900       48.11884041762197
Fe          54.03678041271183       10.46092016298403       50.64505348928946
S           55.62334176283922       11.51061987287725       49.51498372568167
S           53.08475342092983        9.04182119740820       49.32180537167862
S           52.49280230874324       11.91832070390679       51.11732060745198
S           53.16208751055095       12.18681524048437       47.51116257847239
Ni          55.39463590086324       12.72481093104124       47.68875490848928
C           52.39323917522599       12.82130688214540       45.93523438595943
O           52.31211602779555       14.05158628407990       45.85464045683769
O           52.03477886919261       11.94310685875874       45.13665171146196
67
 energy: -118.334506173166 gnorm: 0.006151228614 xtb: 6.6.1 (unknown)
C           54.57997009353019       14.88463900257637       52.31945898058267
C           54.20157421225431       15.85717685993882       51.20699096485111
S           53.81984164162202       15.06150531021424       49.60758938155433
H           54.68854777737801       15.40338704093860       53.27864652512904
H           53.80820896147638       14.11311666076843       52.42396792865673
H           55.52752183187867       14.38803875139735       52.08829822348147
H           53.31762523089728       16.43200984289031       51.52397584341569
H           55.01935996715639       16.57840180954645       51.06428946476788
C           47.63844598906996        9.47780886417406       49.53387789307321
C           49.01106474312461        9.92153307936962       50.03313737595484
S           49.81306801772248       10.88180493967361       48.70508810780167
H           47.08537116796835        8.92281272204997       50.29842939047721
H           47.05163663506138       10.35291331416277       49.24431639194692
H           47.75144965082250        8.84223165027723       48.65200880257862
H           48.87932846032152       10.52659319689396       50.94230335107262
H           49.59420488714087        9.03143573716857       50.30855827349629
C           57.16882846146525        7.90920123201650       47.72964430408985
C           55.91507333293487        7.70402043974074       46.88095196224709
S           55.18427736632765        9.27875372428620       46.31978911380159
H           57.60434677128104        6.95168723547360       48.03805282902506
H           57.92002943425891        8.46212335884407       47.15763199566478
H           56.92661876184908        8.48875171280123       48.62685837795869
H           56.18775079244141        7.13187510461786       45.98215393247028
H           55.19035902509260        7.09675629265913       47.44492496274331
C           57.52102124570320        9.96211192574967       51.97261980106193
C           56.49372980471221        8.86357838613682       52.24945284093138
S           54.83529332088821        9.52774261344043       52.60699018137381
H           57.55220354196500       10.65830219939937       52.81592944345913
H           58.52446577575819        9.54577511004958       51.82761384636429
H           57.24127125297549       10.52787508810589       51.07297778305389
H           56.48469125535898        8.15277278356716       51.40818248273223
H           56.81327638668115        8.30231778366109       53.13988611390359
C           57.74459178543833       16.36290789671975       47.76036120596326
C           56.44003624526774       15.78071985809813       47.21787444053888
S           56.76439643173548       14.09128340586862       46.59719095431068
H           58.09107547706186       15.78112206702976       48.61828975543546
H           58.51900396556104       16.31287959412257       46.99045582587864
H           57.62877879300332       17.40807936572650       48.06916401794057
H           55.66809475585610       15.82520102854612       48.00574887053641
H           56.10000423158122       16.40859664382646       46.37966548393148
C           49.83898025140542       17.32170310885935       51.76895469701864
C           49.34428481332327       17.41444825660180       50.31967270441286
C           49.53302694932856       16.12256274084859       49.59313345393107
N           48.58508399174382       15.12237482796719       49.61592170817578
C           49.07949503560612       14.07755300828926       48.89335492553417
N           50.26387089719949       14.36654046575200       48.42707900678329
C           50.57009803928811       15.62498110776688       48.85421248166072
H           49.27443812346305       16.56309429975101       52.31309732237438
H           50.89886826313691       17.05688946962004       51.79617581474014
H           49.70494533249921       18.27957598681541       52.27045713247554
H           48.28494719524842       17.68952477362560       50.32196497366887
H           49.89402491207666       18.20813775236703       49.80191863790196
H           47.70328965293679       15.18234994835794       50.08016306921320
H           48.57690773875277       13.12531850629481       48.77047836243055
H           51.52889361108305       16.08006574426693       48.63974986721331
Fe          52.05911651659202       10.95884825363818       49.17576003460317
Fe          53.77434365817496       12.83250158321998       49.69198212399322
Fe          54.29836413852443       10.29672699322793       48.12775662784441
Fe          54.01402088881898       10.46285642350867       50.64901576545796
S           55.59409287460377       11.51105054484693       49.51161462898565
S           53.05366410559130        9.03365603776398       49.33952237173300
S           52.46833295036429       11.92003150757372       51.12263915464930
S           53.14958622330526       12.16693503481449       47.51433194422454
Ni          55.36190946560603       12.72180048481395       47.68118773857971
C           52.37932786736027       12.73687838525679       45.91159187028286
O           52.32245906906869       13.96578924714417       45.76936808601755
O           51.99124341228991       11.82842396461684       45.16068528182362
67
 energy: -118.334883063683 gnorm: 0.008258464248 xtb: 6.6.1 (unknown)
C           54.59453337004862       14.89195568871851       52.31819869069041
C           54.21828712976004       15.86518491456166       51.20636184838169
S           53.81167914506820       15.06222162714966       49.61793422790903
H           54.71823358790279       15.41023546710074       53.27586462609275
H           53.81486367713887       14.13011174721930       52.42977930507684
H           55.53326440345947       14.38329088657841       52.07896863799625
H           53.34743855954524       16.45491378773314       51.52926066354733
H           55.04432118030481       16.57260347903101       51.04988315719681
C           47.63177478405013        9.47906428102835       49.51507611647244
C           49.00500235700004        9.91890755332010       50.01413870561068
S           49.80337155184898       10.89108083899239       48.69368221340563
H           47.08368834093817        8.91116099419785       50.27307807698406
H           47.04197441162182       10.35659957021841       49.24177742628958
H           47.74234571324755        8.85749268042036       48.62357763955528
H           48.87722153849714       10.51510651478837       50.92847299902940
H           49.58938470976293        9.02754686316429       50.27860567960803
C           57.19373690571660        7.92689500304544       47.73468567572692
C           55.94864064246190        7.69973681543499       46.87911121042475
S           55.17758879501684        9.25903671483803       46.32982618746412
H           57.64946504533542        6.97685343179697       48.03665556160926
H           57.93457552975919        8.50196335567777       47.17075618726546
H           56.93391931273382        8.49295725441312       48.63547477325871
H           56.23814623821463        7.14323837192218       45.97631295210387
H           55.23832104670387        7.06910512004546       47.43459566892144
C           57.51101564191888        9.97871029261476       51.95662226047114
C           56.48542005391657        8.88348418180816       52.25018057937392
S           54.82822119911181        9.54891658167032       52.60998433071119
H           57.54703248204311       10.68355011453617       52.79212098571274
H           58.51347222298818        9.56045856373204       51.81030209512426
H           57.22648262130934       10.53529472191877       51.05306863187806
H           56.47265117281136        8.16428309821538       51.41643136090253
H           56.81062068146874        8.33180337224024       53.14427397359099
C           57.74688259876539       16.33538463277742       47.76732698228724
C           56.43237118537508       15.77013679522856       47.23194969195416
S           56.73825100436759       14.08400836649913       46.59761535122065
H           58.09486815814570       15.74343704786747       48.61758667644288
H           58.51371747454769       16.28229764396634       46.99062963258909
H           57.64621887544286       17.37971736308621       48.08517744299362
H           55.66684738871566       15.81481198986630       48.02598097510727
H           56.09225926443924       16.40644332688764       46.40079150117629
C           49.84337886430460       17.32258194907432       51.79183136440291
C           49.33211181067990       17.42289012540549       50.34906346549716
C           49.53384999405164       16.14295039966347       49.60470402938093
N           48.59985971630160       15.12991231599231       49.61930893622452
C           49.10488208899983       14.10169479084694       48.87974938957496
N           50.28348128919765       14.41209589949235       48.41428950563254
C           50.57428307958113       15.66856514401095       48.85648488960706
H           49.29297802264128       16.55292148183181       52.33495669449064
H           50.90618662216881       17.06953701866001       51.80546259499945
H           49.70423027190950       18.27425190258882       52.30327928529822
H           48.26888773090743       17.68102713189108       50.36555504560094
H           49.86346852226461       18.23126654747812       49.83517895431255
H           47.71790340830952       15.17289107912613       50.07726701554715
H           48.61528078635506       13.14290602879401       48.75023170544154
H           51.52489753304274       16.14119026963622       48.64637880774914
Fe          52.04572851329866       10.95136345281864       49.17542136582514
Fe          53.75589636974914       12.83776816885806       49.70690240496844
Fe          54.27788217370166       10.26626907376183       48.13398734094030
Fe          53.99545605649750       10.46418004471768       50.64956324444601
S           55.56639315597710       11.51194164968822       49.50518884665290
S           53.02946895404052        9.02336855474504       49.35309644958896
S           52.44453230140180       11.91793022033221       51.12315756426552
S           53.13540781066927       12.14691716086115       47.51084338859886
Ni          55.32425474611494       12.72108701901834       47.66445201568659
C           52.35642057680562       12.65983751139292       45.89708187203979
O           52.30679081701430       13.88396812264558       45.70498333510849
O           51.95203224252845       11.72914797250557       45.18459699594247
67
 energy: -118.335294713632 gnorm: 0.009561115456 xtb: 6.6.1 (unknown)
C           54.60891154958399       14.89857995939709       52.31567228788403
C           54.23244357785585       15.87135665847989       51.20363195291176
S           53.79161486988995       15.06430946798869       49.62583023501380
H           54.75014767895715       15.41824478089958       53.27043446162217
H           53.82043046490935       14.14739913423561       52.43849630343424
H           55.53821679615359       14.37686301817689       52.06711030419752
H           53.37504461443434       16.47619757111598       51.53454464452378
H           55.06700707133486       16.56520600611414       51.03171312974315
C           47.62295160024191        9.48192319547383       49.49317505955472
C           48.99695554122800        9.91768001077829       49.99341285353918
S           49.79341666969565       10.90166977012911       48.68070169698570
H           47.08025340954491        8.89973877655938       50.24442252595742
H           47.02910847231971       10.36200625594146       49.23704436797394
H           47.73179380742671        8.87521915683409       48.59105570646184
H           48.87100435209148       10.50485209361900       50.91385079084504
H           49.58253456457182        9.02394857620353       50.24723476747570
C           57.21820382064904        7.94891655622484       47.74038990456616
C           55.98262468627720        7.69605301994529       46.87743247958204
S           55.16888722600265        9.23730094629957       46.33825840193369
H           57.69640423603197        7.00783368837761       48.03620769289520
H           57.94742832760262        8.54693853778010       47.18499328729590
H           56.94048356546676        8.50036551355849       48.64497766490778
H           56.29129750701394        7.15621369952200       45.97057832821660
H           55.28791424058304        7.04040421831111       47.42399828571988
C           57.50185611815194        9.99658170911974       51.94227145086482
C           56.47723274991701        8.90485266330387       52.25240388867902
S           54.82185667468453        9.57340921717378       52.61454984681701
H           57.54322087268826       10.70987263845894       52.77030563764930
H           58.50307475589181        9.57555307204165       51.79514012353237
H           57.21335673846913       10.54419275443925       51.03450299688518
H           56.45988533212390        8.17723809159446       51.42610583886568
H           56.80671861026327        8.36224799111226       53.15037134698124
C           57.75048409975665       16.30607990663556       47.77586592795036
C           56.42839507989636       15.75655624560156       47.24437070597903
S           56.72013164728570       14.07502881799176       46.59307394161063
H           58.09917582462698       15.70311394716055       48.61820011600693
H           58.51058102482649       16.25343568375937       46.99281794770709
H           57.66091513506102       17.34796252623934       48.10357810831430
H           55.66808799802054       15.80051077768805       48.04332322471201
H           56.08717459678964       16.40297509363671       46.42137050893076
C           49.84886706286337       17.32215355374697       51.81650757276027
C           49.31991351725605       17.43079572318005       50.38065011904275
C           49.53590082086121       16.16389414490067       49.61756400816756
N           48.61802471827829       15.13607798505702       49.62386314299101
C           49.13505302565406       14.12602941935900       48.86658070625409
N           50.30716005329451       14.46042994005276       48.40034993504656
C           50.58091065048913       15.71481583328761       48.85929206921035
H           49.31480829014036       16.53978064089580       52.35836301509977
H           50.91531284030591       17.08358481827948       51.81576008823800
H           49.70249432021580       18.26700233926688       52.33874578611759
H           48.25248231755311       17.67026514710981       50.41195549923931
H           49.83148562846940       18.25465807431646       49.87083405851857
H           47.73139490932694       15.15909320278477       50.07910784545103
H           48.66000507438157       13.15992933673106       48.73096150236388
H           51.52313477305454       16.20563571965312       48.65337352148581
Fe          52.03368895047424       10.94700331494298       49.17363452306142
Fe          53.73853221697507       12.84243891737398       49.71701552599065
Fe          54.26244993630208       10.23476584577589       48.13987713632682
Fe          53.97477395373511       10.46627008289234       50.65136641042934
S           55.53871948269254       11.51223493233956       49.49805185415953
S           53.00537265373264        9.01413187324555       49.36790519081210
S           52.42097506090337       11.91904597234154       51.12269704681596
S           53.12504766844003       12.12081114739493       47.49984353498633
Ni          55.29159844529985       12.72238133803498       47.64415839999070
C           52.32543339708876       12.57730461364616       45.88464500682991
O           52.28785796943268       13.79567999864622       45.64655691604997
O           51.89542981448400       11.62541642698022       45.21205804980860
67
 energy: -118.335778847749 gnorm: 0.010143411377 xtb: 6.6.1 (unknown)
C           54.62193272150518       14.90518973492003       52.30534218913126
C           54.23886856666364       15.87560138609623       51.19364460639654
S           53.75819996524180       15.06507392039706       49.62996889888901
H           54.78909986167429       15.42646469715094       53.25547170743152
H           53.82361069585947       14.16751952887405       52.44665216681615
H           55.53802962606268       14.36808736024656       52.04063947760701
H           53.39613956724749       16.49326518674054       51.53469581116507
H           55.07842441211624       16.55651581235521       51.00191078192386
C           47.60944489837270        9.48973358147728       49.46034359982897
C           48.98322230530860        9.92167655604413       49.96461348036109
S           49.78400054096296       10.90884000602798       48.65820793921616
H           47.07238153982120        8.89036300453965       50.20200627483944
H           47.01061621870076       10.37136508634722       49.22350007667183
H           47.71880240132538        8.90100123274783       48.54670741448610
H           48.85632653600241       10.50449440475579       50.88716900405431
H           49.56752691417947        9.02624691520343       50.21365973373634
C           57.24399391677242        7.98583334554204       47.74785626895937
C           56.02226829561266        7.69685489378773       46.87570102263267
S           55.15476317133007        9.20848109721521       46.34363420696609
H           57.75241640356010        7.05909768597335       48.03702848800743
H           57.95577275407895        8.61276590006966       47.20349309432864
H           56.94390978503983        8.51741319889770       48.65633545032497
H           56.35449110930092        7.17739168807005       45.96603892457960
H           55.35003618028357        7.01259211723653       47.41277099701430
C           57.49970499749295       10.01805510311875       51.93608815650158
C           56.46880279681188        8.93634677809921       52.25900509371173
S           54.81947684111228        9.61955511058706       52.62168902299585
H           57.54860464887340       10.73826249534527       52.75703569957153
H           58.49732870017387        9.58707330787343       51.79174516534680
H           57.21391558183070       10.55861513173206       51.02407633245283
H           56.44403685209945        8.20232129079531       51.43950484774960
H           56.79677585830754        8.39975010629053       53.16013863491962
C           57.75440296193077       16.26813697443987       47.78883726447214
C           56.43190211901742       15.73027073519225       47.25404080728753
S           56.72445837796245       14.05777233911014       46.58888297500554
H           58.10185856668492       15.65071823947810       48.62118369942702
H           58.50967084091944       16.22429281770403       47.00182624420447
H           57.66929065477026       17.30386690414212       48.13057959825002
H           55.67212767085906       15.77098131657198       48.05285240837215
H           56.09145521551518       16.38509943839049       46.43771872724410
C           49.85924393624364       17.31977143092774       51.84999472871608
C           49.30958930151009       17.43692941398240       50.42309725572922
C           49.54305787959814       16.18774903523816       49.63678326672341
N           48.64881935688464       15.13909157568365       49.63408192498201
C           49.18401224922064       14.15352135536820       48.85590665576647
N           50.34824429328283       14.51900319659499       48.39393699727417
C           50.59705459044037       15.77037885775746       48.87284798246569
H           49.34908560583792       16.51900484204809       52.38875585723594
H           50.93085808017449       17.10575400770301       51.83329759611490
H           49.69828520785700       18.25502727687447       52.38551516805513
H           48.23854995272365       17.65299204190377       50.47122925985325
H           49.79667640495218       18.27847899715115       49.91962192463960
H           47.74165208983749       15.13819223138170       50.06220464050909
H           48.73045432975726       13.17679841383015       48.71483565047869
H           51.52789263760527       16.28521417644766       48.67483774391832
Fe          52.01943058257662       10.93636073699844       49.16668477391575
Fe          53.72022762791344       12.84490604453242       49.72539420818450
Fe          54.24505338373765       10.19322689108698       48.14242455136046
Fe          53.95200381910190       10.46932823991035       50.64996666704702
S           55.50248818029439       11.51245826199905       49.47957511345929
S           52.98183656423556        8.99852492417710       49.38587887959421
S           52.38913688882807       11.91614414755057       51.11459333269183
S           53.11236368337604       12.08556289095388       47.47429787533191
Ni          55.25053148344803       12.73040502069753       47.59483200730420
C           52.26866747206868       12.47610524628585       45.88452850672073
O           52.22916905124256       13.68242563056724       45.59941499972678
O           51.81157773590559       11.50412077292023       45.25800334929409
67
 energy: -118.335977192531 gnorm: 0.008529935437 xtb: 6.6.1 (unknown)
C           54.62640951671624       14.90574654373635       52.30521111933974
C           54.24478923256773       15.87585498723377       51.19233546786582
S           53.76545054865367       15.06263159859063       49.63036493633365
H           54.79607910792271       15.43072885784577       53.25244150587780
H           53.82691461294226       14.17028857337268       52.45126602237676
H           55.54103492422556       14.36544015599964       52.04211779192175
H           53.40307956023461       16.49645548173763       51.53244183338844
H           55.08669720068302       16.55448320207062       50.99881179335157
C           47.60458461596269        9.49079855662055       49.45322934301184
C           48.97881885385468        9.92091825764600       49.95868829386379
S           49.78069594850593       10.91252718364327       48.65523980281535
H           47.06842887092787        8.88824327325855       50.19326802799633
H           47.00474983029456       10.37331366762050       49.22031825192305
H           47.71328562764268        8.90559256489706       48.53675034021731
H           48.85156975874987       10.50060402343567       50.88400877720677
H           49.56307280552566        9.02408682128674       50.20553677386370
C           57.25113055571568        7.99256510804152       47.74963613060133
C           56.03256782588519        7.69393395547169       46.87588422308610
S           55.14690552890185        9.20067497119589       46.35089229534653
H           57.76826811961875        7.06931722702577       48.03741605773243
H           57.95780136603204        8.62802922117608       47.20645743332449
H           56.94444732784140        8.52025371764870       48.65916784691607
H           56.37139714249787        7.18018878479983       45.96417057462121
H           55.36616181526593        6.99921759540496       47.41043976040677
C           57.49421813949728       10.02465339548600       51.92988936952541
C           56.46631037650164        8.94117886869939       52.26000153459931
S           54.81585127368436        9.62170662322918       52.62388139041737
H           57.54436552444968       10.74790594235289       52.74875824745959
H           58.49251952222716        9.59598021736116       51.78359086379881
H           57.20366517164388       10.56175061007405       51.01636246119040
H           56.44040108665286        8.20369203269269       51.44297912719323
H           56.79844483456309        8.40852815679328       53.16295481915456
C           57.75757175592172       16.26118415958176       47.79177120107393
C           56.43017638290695       15.72960124481687       47.25732425784689
S           56.70957598297560       14.05452257402079       46.58533195544317
H           58.10477525018142       15.63975310837461       48.62142347239663
H           58.51269929317576       16.21677875348681       47.00375394047095
H           57.67707172958238       17.29707234898472       48.13843982084482
H           55.67157295520051       15.76977371793167       48.05784040899230
H           56.08983623245997       16.38946497769079       46.44426313403702
C           49.86047641210251       17.31915858591158       51.85732056399947
C           49.30569117723511       17.43897020282389       50.43208331118071
C           49.54383955422849       16.19263314396145       49.64226129945596
N           48.65233478751045       15.14214385255035       49.63502307834011
C           49.18949908176210       14.15928056061850       48.85582749756811
N           50.35259286296468       14.52929842502129       48.39325430535023
C           50.59741732022803       15.78111533251939       48.87372685295437
H           49.35529037341642       16.51447654342426       52.39494557021183
H           50.93284141356988       17.10865139902335       51.83609668248062
H           49.69800966858212       18.25172039876798       52.39737936744614
H           48.23281178097497       17.64917518593510       50.48439758881565
H           49.78701844773970       18.28538397352118       49.92968274609256
H           47.74899737578497       15.14059904264474       50.06511959175332
H           48.73651578687713       13.18317183373867       48.70904882053262
H           51.52551383408895       16.29926485965716       48.67188571851526
Fe          52.01621547796311       10.93509960867030       49.17065427698563
Fe          53.72056743904676       12.84303199060666       49.72080410350363
Fe          54.24207819396060       10.19372889036986       48.14752769241824
Fe          53.95101829785015       10.47121589082689       50.65180102788591
S           55.50585049933977       11.51256316855923       49.47959058805716
S           52.97978779585271        8.99934527372566       49.39090406447298
S           52.39210903121631       11.92233250620544       51.11467531769735
S           53.09684121907730       12.07701084124095       47.47766631565141
Ni          55.24147831638766       12.72250042528186       47.59349703785411
C           52.25593788084002       12.45165403221826       45.87535272490409
O           52.22336873601403       13.65805293978836       45.57202681542440
O           51.80655448663321       11.47344212121403       45.25792384258625
67
 energy: -118.335078332816 gnorm: 0.030884431249 xtb: 6.6.1 (unknown)
C           54.61355444212547       14.89616372769250       52.29304500619102
C           54.22417496679066       15.86101658945718       51.17711664217203
S           53.78922435755812       15.05312935099645       49.60643261819769
H           54.77832003850617       15.42843706904046       53.23450147877264
H           53.82274792612532       14.15537855517531       52.44660125681796
H           55.53179803971877       14.36347158353291       52.03541076133901
H           53.36608144899953       16.46035021055209       51.50731730506726
H           55.05100884502929       16.55769531492472       50.99780252657120
C           47.59577761365229        9.49812402725718       49.44750802250869
C           48.96732298329058        9.92968036761140       49.96168429690125
S           49.79127027843353       10.89524836872072       48.65250296263103
H           47.05215274753120        8.90508184041116       50.18759456720645
H           46.99952295982969       10.37737171820408       49.20057245010329
H           47.71045063269201        8.90435947192078       48.53920369580558
H           48.83092046444710       10.52535347787911       50.87581082697552
H           49.54368657702355        9.03429538563417       50.23210273978039
C           57.23420579849682        8.00449129327560       47.74923262930495
C           56.01702101272622        7.70447206632407       46.88021197336643
S           55.13801246404425        9.20473412670317       46.34739351407699
H           57.75054354338823        7.08667613383306       48.04359543077716
H           57.93540081871040        8.63354164238512       47.19954281797018
H           56.93288037318451        8.53659396907944       48.65458043476896
H           56.34758030209294        7.18468566962545       45.97319156820084
H           55.35311916954015        7.02000267095224       47.42170668600051
C           57.50706046155469       10.02121903176789       51.95206199458378
C           56.47231065689462        8.94007619372214       52.26719250997603
S           54.82375100999567        9.62916420612525       52.62727424171354
H           57.55547005217159       10.73613336921779       52.77776825305579
H           58.50464595615346        9.58983116678336       51.80822224404145
H           57.22289268568193       10.56723525432470       51.04179588197429
H           56.44621516227363        8.21066967522591       51.44386196532695
H           56.79748441609532        8.39763995363355       53.16695606496970
C           57.75889645943348       16.27002921027650       47.79433243405469
C           56.44389373003932       15.72314850027922       47.24241113789191
S           56.73718654086480       14.04095498186535       46.59036755532375
H           58.10110741650763       15.65087956645150       48.62633188330785
H           58.52757904553591       16.23913021863812       47.01805811016793
H           57.65997376198408       17.30312877915205       48.14389681629908
H           55.67178012782692       15.76150781004251       48.03020830159326
H           56.11174112011985       16.37499207648921       46.42039637601444
C           49.86427176831954       17.31471322573070       51.85455191288027
C           49.31895530855940       17.42847668052235       50.42659948902494
C           49.55261269249142       16.17828874891615       49.64804809029062
N           48.65726249732566       15.13479658299345       49.64228095762865
C           49.19110498207679       14.14300352970525       48.88038294567406
N           50.35876457910168       14.49998516401960       48.42683068201770
C           50.60648426814451       15.75362374574399       48.89304012478303
H           49.36039507307408       16.50908403804960       52.38701405265171
H           50.93552821002188       17.10972223201365       51.84152532652898
H           49.69543226899292       18.24545192910486       52.39420813947731
H           48.24973655330824       17.64420048322703       50.46943070985946
H           49.80784096705187       18.26679627076621       49.92557730360647
H           47.74189399031032       15.15558611549086       50.03863113623822
H           48.72996032147437       13.17361869297197       48.73051971860040
H           51.53596365445673       16.26153322814393       48.68410390129944
Fe          52.02551377257892       10.93043888081831       49.16877992670095
Fe          53.75312962193356       12.82829621265465       49.68456738728192
Fe          54.26109660245090       10.23039125770806       48.14298202986554
Fe          53.97541123831468       10.47399511003968       50.64850492193244
S           55.54393914420385       11.50828119722763       49.47535789032195
S           53.01498984431095        9.00729870680572       49.38277503701762
S           52.42283177080345       11.93282164061112       51.09618938605076
S           53.07715325724789       12.08030355654844       47.47031347897513
Ni          55.25301598890189       12.70468122569183       47.57819357312152
C           52.22653006194115       12.48344080574871       45.88993744507115
O           52.15567858945008       13.68299905703654       45.62161238259246
O           51.81979002613428       11.52253914666959       45.24738127868634
67
 energy: -118.336084621590 gnorm: 0.008128701058 xtb: 6.6.1 (unknown)
C           54.62109643076359       14.89954746511577       52.29658912398942
C           54.23583407119870       15.86572141048689       51.18033185992488
S           53.78164547616934       15.06299171246416       49.60844726757656
H           54.78997291181288       15.43164856981480       53.23860113239174
H           53.82564639185778       14.16264411239722       52.45016141633292
H           55.53703231233194       14.36126237676559       52.03748987068426
H           53.38352254334394       16.47358282088225       51.51555888232730
H           55.06955494928727       16.55607387509726       50.99878002505657
C           47.59352929092260        9.49679057933219       49.44302095814586
C           48.96534069239672        9.92569808495247       49.95803828112304
S           49.78730796112992       10.90193424323596       48.65513429245208
H           47.05086210671669        8.89907591473541       50.18114447936359
H           46.99701945805571       10.37857102392158       49.20206116799147
H           47.70686509486639        8.90788202096983       48.53025066059836
H           48.83084686695438       10.51424018098482       50.87717249318308
H           49.54291565790017        9.02851084813362       50.22029042778572
C           57.24436869451350        8.00725682449713       47.75054485373599
C           56.02909363896534        7.70051649992696       46.87854566609062
S           55.13951767957506        9.19833880514479       46.34580759398332
H           57.76682408930386        7.09032727390311       48.04271376288207
H           57.94432900773934        8.64367075531667       47.20375565568531
H           56.93641935868111        8.53605968494878       48.65756398951139
H           56.36717227900878        7.18531578143288       45.96956741097348
H           55.36716733029033        7.00684727611943       47.41550331051312
C           57.49839073416720       10.02657809213185       51.94124889208582
C           56.46879719571645        8.94317622031638       52.26545968177776
S           54.81807261084946        9.62544913644696       52.62720858996631
H           57.54703415010989       10.74651029347059       52.76312802232304
H           58.49684438523172        9.59878311431925       51.79438100734038
H           57.20893700445514       10.56746094474311       51.02950565687897
H           56.44330039520574        8.20846310191449       51.44611930567041
H           56.79882446575834        8.40686819540310       53.16731097747786
C           57.76079516881165       16.26260343741202       47.79664301005406
C           56.43917825767345       15.72651958614218       47.24857137719629
S           56.72427492306307       14.04786681680565       46.58125918636870
H           58.10432463471484       15.63992264715539       48.62616076785598
H           58.52542210754978       16.22821328291495       47.01634819700774
H           57.66960154911241       17.29617886267906       48.14817749450796
H           55.67253284430158       15.76337314024791       48.04204694167186
H           56.10582063359486       16.38514939053271       46.43204510663647
C           49.86357329931095       17.31490345990971       51.86098456270577
C           49.31130884904546       17.43314883516797       50.43497878173852
C           49.55037229597006       16.18612352375036       49.64964710323596
N           48.65776439009058       15.13889672219583       49.64102416661117
C           49.19311571265001       14.15223082270350       48.87052860223558
N           50.35870928094063       14.51671215818119       48.41218855670545
C           50.60442068052310       15.76944912637807       48.88711340110572
H           49.36328562602558       16.50589957240204       52.39405716096789
H           50.93619409305327       17.11117428821744       51.84112076702426
H           49.69543688090684       18.24402955815497       52.40435038362523
H           48.23925014859226       17.64238573001642       50.48416990653729
H           49.79314738708810       18.27830010129655       49.93422920772809
H           47.75231581920074       15.15146563054761       50.05889684790136
H           48.73475941453548       13.18083286303572       48.71818056523442
H           51.53340689931990       16.28125112885890       48.68040452238749
Fe          52.02357813943964       10.93715073034999       49.17072309258549
Fe          53.74258637684073       12.84165628962355       49.69931471305399
Fe          54.25131022251897       10.20921433735979       48.14347675919903
Fe          53.96483645793877       10.47435720140500       50.65114813267756
S           55.52703018956858       11.50907161908453       49.47082876330634
S           52.99574581487177        9.00600661120824       49.39258852388876
S           52.41584337747693       11.93515998610393       51.10512664456492
S           53.08810862656523       12.07878026102596       47.47843435012923
Ni          55.25565474450233       12.70466896582660       47.58154751351567
C           52.23332742864638       12.45092469225438       45.87593558523135
O           52.18372185964151       13.65214262253540       45.57821698500776
O           51.78921409068323       11.46690084934482       45.26323281394907
67
 energy: -118.336115181676 gnorm: 0.014278166846 xtb: 6.6.1 (unknown)
C           54.63062941385762       14.90539756938628       52.29349051912777
C           54.24584102455401       15.87392160011620       51.17961164226475
S           53.76430544660033       15.06495078736818       49.61597613501556
H           54.81438483397480       15.43610052672361       53.23516875416989
H           53.82646124067119       14.17750652644631       52.45272870525357
H           55.53882216532836       14.35592113746915       52.02434658772117
H           53.40299104819625       16.49288214779634       51.52263052974529
H           55.08772527089855       16.55413482252009       50.98743265136344
C           47.58667448723508        9.50088957384486       49.42583395729065
C           48.95761054575304        9.92697627532889       49.94473045399949
S           49.77689569968021       10.91632364801296       48.64932702681372
H           47.04638038871109        8.89171202253463       50.15789853610405
H           46.98775050616047       10.38543955003884       49.19703083197972
H           47.70095157785263        8.92323819504144       48.50469553192234
H           48.82213462125196       10.50800589803892       50.86857447362496
H           49.53553106072732        9.02741244468650       50.19892485292697
C           57.26101237390205        8.02758848532742       47.75452051157799
C           56.05316434726071        7.69802332976296       46.87585046435969
S           55.12940773251248        9.18136921974696       46.34784554606543
H           57.80269017720705        7.11732150394673       48.04109806034120
H           57.95264951934715        8.68455186200410       47.21592062716852
H           56.93602902110921        8.54414901866412       48.66520505917848
H           56.41050887237818        7.19544033927096       45.96393978326478
H           55.40275096507538        6.98272567810926       47.40520212011768
C           57.49261577901245       10.03943932536186       51.93253699601922
C           56.46421728340692        8.95808694554366       52.26775021916468
S           54.81495433623778        9.64321206187748       52.62867693064171
H           57.54449162245907       10.76554413359731       52.74901510846205
H           58.49017678680556        9.60956045122429       51.78569391579019
H           57.20124070941435       10.57387387964431       51.01769523317466
H           56.43644972866074        8.21707544122099       51.45387185903473
H           56.79568909949015        8.42863235303799       53.17289011609022
C           57.76300741457109       16.24060857689231       47.80337904432859
C           56.43848176158251       15.71531270943073       47.25503199174804
S           56.71828698745744       14.04261049646923       46.57340766912938
H           58.10663407527476       15.60962360454687       48.62738768518548
H           58.52306458335556       16.20779405625547       47.01913195114469
H           57.67835266777974       17.27200785485529       48.16187072346420
H           55.67496372264814       15.75222886415059       48.05116961889781
H           56.10560484972476       16.38129865938077       46.44400784151498
C           49.86819705063753       17.31299085528515       51.87945599117053
C           49.30126793986516       17.43795216147427       50.45879226314544
C           49.55129284565557       16.20064432384897       49.65778246470959
N           48.67146601212715       15.14025860703252       49.64583485709821
C           49.21615805757809       14.16853039888356       48.85753598798372
N           50.37639847258809       14.55303549095854       48.39591150187410
C           50.60984938110600       15.80386515267086       48.88657663026293
H           49.38158713322644       16.49301756256313       52.41216848048399
H           50.94467798894542       17.12223138742692       51.84755340034937
H           49.69283945948004       18.23696467352351       52.43058867234354
H           48.22529793433461       17.63249721263011       50.52072518051526
H           49.76705352728575       18.29592300334426       49.95992139013366
H           47.76292999482826       15.13463850306245       50.07091543421939
H           48.77113042395269       13.18914123449083       48.70421656045199
H           51.53435939225768       16.32936822159744       48.68686931739845
Fe          52.01257306249516       10.93183457714898       49.17555520496249
Fe          53.72316090850894       12.84657847558159       49.70934451784675
Fe          54.23607892411999       10.17395719717008       48.14872335923439
Fe          53.94970901081926       10.47782425444278       50.65110839719085
S           55.50129027648385       11.51178812961345       49.45941524829970
S           52.97354255034444        8.99544147687306       49.40761169148089
S           52.39713767446156       11.93612432235115       51.11096403342592
S           53.08460188124111       12.05238664955704       47.46958941650703
Ni          55.23366637481020       12.70673900313062       47.55803584535963
C           52.21303495914928       12.38752528187572       45.86897714231165
O           52.18510149815870       13.58797072601296       45.53498210552172
O           51.74811697746622       11.39234163193580       45.28448185050239
67
 energy: -118.336389702006 gnorm: 0.005274837508 xtb: 6.6.1 (unknown)
C           54.63322088321324       14.90432936671461       52.28801734526728
C           54.24745069753951       15.87076858788445       51.17220319896160
S           53.77448217752318       15.06402829806504       49.60666097112098
H           54.82088229225968       15.43913302385726       53.22583986723053
H           53.82921014518421       14.17862799387353       52.45409322448394
H           55.53935783264635       14.35232584156813       52.01949758953985
H           53.40231006490717       16.48715510021568       51.51324791906718
H           55.08691409995047       16.55375735427997       50.98249344433528
C           47.57707483912799        9.50473413891192       49.41345826234887
C           48.94674739129470        9.92818943893923       49.93865083091924
S           49.77770776472943       10.91183478835113       48.64644352275085
H           47.03387940534677        8.89456668658956       50.14187342774721
H           46.97948967713357       10.38965211730041       49.18460090736352
H           47.69368253552756        8.92939175384917       48.49157432742275
H           48.80823733172372       10.51121111271008       50.86088972581301
H           49.52132657537565        9.02796324159158       50.19817266909413
C           57.26635768733209        8.04187425350868       47.75702533505356
C           56.06399176014497        7.70053307043309       46.87698469618150
S           55.12405187583655        9.17376363437385       46.35051278959181
H           57.81705188834563        7.13837672660879       48.04524182151910
H           57.95028132078418        8.70515039437497       47.21810522191509
H           56.93584283163055        8.55569158633746       48.66649467539686
H           56.42491803246804        7.20170521529086       45.96573871290445
H           55.42118905155171        6.97966033597348       47.40575034346289
C           57.49041756974049       10.04754877402508       51.93177946258389
C           56.46303492149588        8.96616375567189       52.27109406230532
S           54.81356455210393        9.65138691315710       52.63208756906518
H           57.54306024266805       10.77515393562024       52.74708098001577
H           58.48822420448531        9.61876891302029       51.78363246486736
H           57.19617450045651       10.58021917294190       51.01633091347565
H           56.43437994917405        8.22315678386442       51.45892263312858
H           56.79666094433425        8.43892336639450       53.17727884099611
C           57.76573548145362       16.23064861725606       47.80822022266742
C           56.43983947474728       15.70945393051372       47.25503801386497
S           56.71158884236640       14.03395969893537       46.57181957894468
H           58.10756670051792       15.59549106705721       48.62952656330073
H           58.52898338685996       16.20185407618457       47.02615955431838
H           57.68094640689010       17.26074205137363       48.17293140389875
H           55.67384613628326       15.74565437702022       48.04927949802387
H           56.11134685303271       16.37827271695949       46.44457442635522
C           49.87133091211712       17.31076394404542       51.88971411965178
C           49.30059646825141       17.43745127969092       50.47082602406453
C           49.55525268591605       16.20393082957953       49.66659910567387
N           48.67860796103533       15.14233640264975       49.65017680354570
C           49.22497050306271       14.17326753531112       48.86262661183287
N           50.38481622967188       14.56051880986331       48.40420695219129
C           50.61403356069354       15.81155090138256       48.89491250668661
H           49.39201849259974       16.48491864244811       52.41882330972438
H           50.94838590873096       17.12726462673974       51.85452508644731
H           49.69143089645102       18.23029066825481       52.44665876418687
H           48.22407224277217       17.62594817590279       50.53528289029003
H           49.76075100336014       18.29921815708112       49.97462122729655
H           47.77044061287840       15.14055262403774       50.06685445114454
H           48.78009891624590       13.19536854147374       48.70281424334242
H           51.53589388767509       16.33898599236583       48.69191791852898
Fe          52.01184214192740       10.93042895575469       49.17441872652436
Fe          53.73159489040214       12.84450346094537       49.69618822915435
Fe          54.23627862765231       10.17629861834352       48.15014358379840
Fe          53.95159339837365       10.47973664548818       50.65209151922637
S           55.50797043622426       11.50771149406034       49.45657450987157
S           52.97571737588171        8.99717624213502       49.41281542444873
S           52.40433179219035       11.94481186566241       51.10280697879673
S           53.07274525673429       12.04263358350237       47.46638878758038
Ni          55.22820064043552       12.69207425275300       47.55282455917089
C           52.19363652534680       12.36230171085339       45.86169376082236
O           52.14843548427605       13.55593046708753       45.52520450145717
O           51.73797828096592       11.36266545115007       45.28409959720873
67
 energy: -118.336505087728 gnorm: 0.002928649139 xtb: 6.6.1 (unknown)
C           54.63272132926976       14.90243843350613       52.28039090244897
C           54.24449246574398       15.86804003235276       51.16475443223878
S           53.77878918466300       15.06333206323579       49.59638259219631
H           54.82409640624692       15.43784240504971       53.21667666487096
H           53.82884880108912       14.17832604906200       52.45000691948837
H           55.53698435836790       14.34931155848901       52.00984097712544
H           53.39555099713481       16.47882710650742       51.50477216911860
H           55.08000739680473       16.55608543984314       50.97872542253898
C           47.56840253670866        9.51066424736487       49.40197495085618
C           48.93510664633752        9.93253137184287       49.93613685786216
S           49.77707729099343       10.91087391098533       48.64715597748584
H           47.01976780946172        8.90101661805456       50.12613731038579
H           46.97320885808015       10.39560639597289       49.16957474997964
H           47.69041191272774        8.93569509332358       48.48124202403146
H           48.79077262032927       10.51863795907496       50.85519189610356
H           49.50547776920256        9.03192813316501       50.20278563012165
C           57.26740924659314        8.05789052863541       47.75869985909953
C           56.06963571402983        7.70747798455935       46.87839059652938
S           55.12199796960411        9.17169911918606       46.34970496403236
H           57.82368907478040        7.16041105171736       48.04955366944810
H           57.94559759226107        8.72396553360807       47.21922969315892
H           56.93336147739399        8.57037287835353       48.66623625549384
H           56.43291308999720        7.21064620404784       45.96850737695097
H           55.43249173359398        6.98520090105677       47.40784933152153
C           57.49251593855722       10.05319535453936       51.93648914649267
C           56.46473617920878        8.97260709762690       52.27501604899763
S           54.81560470892082        9.65961064238599       52.63400968158627
H           57.54467669506066       10.78038014904404       52.75175506276159
H           58.49025901964279        9.62420451025321       51.78860294199378
H           57.19868041306573       10.58606171528005       51.02140473201284
H           56.43662061960988        8.22953895140689       51.46335072946194
H           56.79719361880174        8.44550487513182       53.18132803040205
C           57.76539752790949       16.22184995850124       47.81187319388432
C           56.44391207916910       15.70000284340669       47.25033449897025
S           56.71926995686419       14.02477144931629       46.57081225388750
H           58.10395711880543       15.58458015854133       48.63243648893970
H           58.53303511884516       16.19858476727958       47.03413463428766
H           57.67613889399727       17.24992356397531       48.17982407590183
H           55.67328002132891       15.73681118770939       48.03994155064370
H           56.12125405709966       16.36804946367452       46.43756131715084
C           49.87485228969871       17.30695368051932       51.89759146159201
C           49.30283254107646       17.43402912447180       50.47993205844970
C           49.55921054137461       16.20352691294737       49.67302933558755
N           48.68453604509252       15.14076263616306       49.65577144152560
C           49.23209531769665       14.17373231550197       48.86790553160858
N           50.39121428035110       14.56281816168266       48.41118622576823
C           50.61867031240718       15.81304770383096       48.90301581506957
H           49.40127131532095       16.47676233266773       52.42333308993707
H           50.95225857890768       17.13091789164006       51.86181860089315
H           49.68966846037494       18.22294987804683       52.45764380151329
H           48.22711572480460       17.61949961881644       50.54485939489433
H           49.75991700297149       18.29706273483222       49.98594487866697
H           47.77516773081349       15.14021498983222       50.06981209147036
H           48.78904453238989       13.19537432087976       48.70758883537320
H           51.54021811922637       16.34033846257585       48.70082897999358
Fe          52.01019886018353       10.92636698809138       49.17698567552233
Fe          53.73842868432124       12.84166972967400       49.68440973856554
Fe          54.23344650033545       10.17693407089386       48.14843026818880
Fe          53.95506727737182       10.48103116111631       50.65046122186775
S           55.51163064625878       11.50348946257781       49.44912534525665
S           52.97923316707731        8.99594809382493       49.41525690501500
S           52.41107947434175       11.95073991366191       51.09723800841155
S           53.06465066667547       12.03577376313903       47.46176968163110
Ni          55.22648572484142       12.68236406110450       47.54358331380241
C           52.18050916060601       12.34863960458492       45.86023252389985
O           52.13124678141226       13.53986959901618       45.51747141922226
O           51.72865947583096       11.34514717099909       45.29111595578372
67
 energy: -118.336691879440 gnorm: 0.003447877994 xtb: 6.6.1 (unknown)
C           54.63699597683659       14.90152934263471       52.26538344090725
C           54.24541467741773       15.86702572246610       51.15100395011793
S           53.78329350844562       15.06272507381244       49.58122977081912
H           54.84118368660068       15.43807367695732       53.19832873682271
H           53.82938664059127       14.18419952950405       52.44442890503671
H           55.53459436563497       14.34107338893696       51.98778890448110
H           53.39422340491411       16.47431866081211       51.49163876709450
H           55.07843407119164       16.55866051724235       50.96609927643922
C           47.54881798561199        9.52295657701426       49.37329183362772
C           48.90987293383474        9.93982172305346       49.92606159655681
S           49.77240526040994       10.91379629811887       48.64726761508342
H           46.99101334463835        8.90895456459400       50.08677387160849
H           46.95727238492111       10.40987960928202       49.14012936499250
H           47.68101213108553        8.95422353603299       48.45017311806046
H           48.75525904565836       10.52737559290967       50.84233034902105
H           49.47312000806007        9.03736104440971       50.20117618099355
C           57.27871997823217        8.09748427900098       47.76392429625918
C           56.09275709720465        7.71742206340391       46.87950773678116
S           55.10648933313938        9.15704031564532       46.35026913704904
H           57.85767707454770        7.21404858172499       48.05533048155101
H           57.94139384925889        8.78255994209819       47.22785907470028
H           56.92738203699758        8.59994974257255       48.67104603810279
H           56.47233642787447        7.23169602126359       45.96980611877427
H           55.47279949598552        6.97694084885562       47.40550481451123
C           57.49179796873669       10.07033495218254       51.93821133673467
C           56.46526446450177        8.99098778006878       52.28322468681562
S           54.81660447902961        9.68064624487146       52.63822622547031
H           57.54481488401684       10.80108461412187       52.75013507884422
H           58.48949868155606        9.64131566167814       51.79037509573073
H           57.19587059486941       10.59890137008363       51.02140567764152
H           56.43710050945310        8.24323252747913       51.47595991960898
H           56.79804515323855        8.46927780196089       53.19239394782384
C           57.76718698261390       16.19398968166746       47.82147700366779
C           56.44911739386049       15.67897656026845       47.24597842317957
S           56.72120103894740       14.00518066221901       46.56309945238443
H           58.09999044825307       15.54806388967012       48.63762154595715
H           58.54025257174151       16.17946540515836       47.04891492041108
H           57.67559596046417       17.21812932508906       48.19966586358322
H           55.67205885268625       15.71718935902447       48.02927868199238
H           56.13687862504892       16.35143443313750       46.43290693171662
C           49.88357949183374       17.29915409434734       51.92080125931651
C           49.30131416163329       17.43107232304964       50.50788393690824
C           49.56662026238192       16.21002929627686       49.68973056666513
N           48.70034956972064       15.14031990171563       49.66728435913716
C           49.25376238010799       14.18318562087292       48.87167812993358
N           50.40923421804111       14.58418828866462       48.41628414146118
C           50.62804423726134       15.83273557688693       48.91614505220661
H           49.42765532884091       16.45502084258765       52.44043063208036
H           50.96382202100158       17.14277394867055       51.87690871290357
H           49.68539824541870       18.20597102962130       52.49137277868473
H           48.22393590064131       17.60242925979942       50.58109582235314
H           49.74414534221751       18.30384189364041       50.01832669744378
H           47.79026261395250       15.13464058156293       50.08020899599767
H           48.81817097537439       13.20183521116682       48.70686685999265
H           51.54595278277797       16.36704266733879       48.71582585031521
Fe          52.00329108272089       10.92054909682023       49.17959555492477
Fe          53.74253832813121       12.83928122811582       49.66886150117976
Fe          54.22312085580723       10.16295991856450       48.15034847014624
Fe          53.95344453470256       10.48422990038005       50.64909829237335
S           55.50868038037877       11.49659384356345       49.43644683121061
S           52.97201939690972        8.99122082819255       49.42743039035386
S           52.41400546402912       11.96142501385756       51.08853215885392
S           53.05408304379503       12.01331121640140       47.44954233971092
Ni          55.21685775090646       12.66126355407744       47.52211769751379
C           52.15126478291189       12.29325484812798       45.85096909774618
O           52.09580798065802       13.47674530378233       45.48726161070917
O           51.69355899981024       11.27805988105045       45.30886129889463
67
 energy: -118.336932631585 gnorm: 0.003739104939 xtb: 6.6.1 (unknown)
C           54.63835260121599       14.89807267224518       52.24210085102234
C           54.24087766594900       15.86591655936321       51.13249671326712
S           53.78540216938435       15.06225900791701       49.55853153377196
H           54.85789626629884       15.43173325276730       53.17357419849883
H           53.82654838225371       14.18761955541351       52.42925235792704
H           55.52809436130358       14.33049996971513       51.95264019783953
H           53.38420776915801       16.46553837076653       51.47495488895779
H           55.06931209483314       16.56531777787765       50.95086960722030
C           47.52303451304846        9.54271136734182       49.33592297636057
C           48.87392149460033        9.95345521631268       49.91854472861958
S           49.76627863687601       10.92000281444455       48.65425263983256
H           46.94822490483111        8.92644994824189       50.03455138953944
H           46.93871885086757       10.43270475791086       49.09505316390253
H           47.67369271861590        8.97855970241470       48.41248497906952
H           48.70181863591105       10.54443682498721       50.82950089394805
H           49.42638015300634        9.04875764722400       50.20805737590903
C           57.28907802667823        8.15469821503580       47.77052847197236
C           56.11933716044546        7.73790654309804       46.88018267374261
S           55.09130299647583        9.14504770810101       46.34426132389192
H           57.89261891088492        7.28924609747288       48.06523472965061
H           57.93381216917971        8.85871017190713       47.23776572590430
H           56.91819539919558        8.64688569593807       48.67555247602107
H           56.51741771983520        7.26280845678964       45.97279238404964
H           55.51938015331636        6.98020030827190       47.40389744602693
C           57.49534035458596       10.09138737434746       51.94515871582989
C           56.47016542440784        9.01297646460346       52.29540578951246
S           54.82088129566547        9.70458673443872       52.64143980407881
H           57.54745646833882       10.82631297028548       52.75331959426617
H           58.49349974058713        9.66266471014577       51.79964360265065
H           57.19895150131823       10.61463699326820       51.02575755449367
H           56.44481756355380        8.25937317355536       51.49349462097334
H           56.80098176042512        8.49830600958928       53.20897178689225
C           57.76703121389228       16.15485101948090       47.83156879067629
C           56.45680069446905       15.64700592741655       47.23313171438766
S           56.72901508997206       13.97538740017073       46.54902881638626
H           58.08972792872486       15.49923537109258       48.64424620141599
H           58.54949381269609       16.15105178343393       47.06862521569792
H           57.66951500137546       17.17393530254606       48.22078032299550
H           55.66809929710324       15.69017332835851       48.00477666406169
H           56.16100473360846       16.32366121603441       46.41692562718067
C           49.89685786208684       17.28623093852238       51.94906369944960
C           49.30298916978877       17.42338667792487       50.54154819981748
C           49.57645902282489       16.21254441122423       49.71094724620986
N           48.71741774416358       15.13621308135402       49.68412632742179
C           49.27572757240212       14.18974241870123       48.87798063568924
N           50.42644885522724       14.60311218104896       48.42140086373172
C           50.63867254333476       15.84900860453299       48.93140463065201
H           49.46290008631035       16.42543514604210       52.46079828174918
H           50.98038313633012       17.15545255935247       51.89712289106398
H           49.68096900836925       18.18137440767743       52.53160649727836
H           48.22385092141104       17.57895882549862       50.62453303457649
H           49.72973194939583       18.30664292826817       50.05639880324554
H           47.80860598109574       15.12221381448610       50.10507443220541
H           48.84830326320071       13.20456082320877       48.71071959582323
H           51.55386840724677       16.39031482417164       48.73468595844944
Fe          51.99475644595132       10.91480996048840       49.18606494456980
Fe          53.74673526438087       12.83694382359542       49.65210173308738
Fe          54.20829353095715       10.14258430994059       48.14836461473366
Fe          53.95226295277423       10.48620492893327       50.64591341909674
S           55.50327144576061       11.48486504393075       49.42098132644539
S           52.96046420428784        8.98488132602398       49.43987660170099
S           52.41831222855942       11.97215456524204       51.08124145905615
S           53.05034124957403       11.98941769431510       47.43573324591064
Ni          55.21284430455473       12.63195447827690       47.49650877681103
C           52.12767263577313       12.23525171757436       45.84442730863939
O           52.07048508000710       13.41146720273098       45.45780823832366
O           51.65874295943528       11.20965097677762       45.33342589578458
67
 energy: -118.337108592582 gnorm: 0.005055673349 xtb: 6.6.1 (unknown)
C           54.63967085824618       14.89384017308755       52.22020225158153
C           54.23575953714057       15.86312320479735       51.11469985992215
S           53.78701316643625       15.05855092751781       49.53817784484384
H           54.87178382492744       15.42536248846280       53.14999003425804
H           53.82592678125353       14.18764362831355       52.41515440289825
H           55.52297292411993       14.32167855979256       51.92042856209932
H           53.37403871075332       16.45521747230095       51.45857715600313
H           55.05874696711447       16.56998590930300       50.93496724956312
C           47.49821192616504        9.56295226469007       49.29916984790735
C           48.83901216773726        9.96838191954700       49.90914257588098
S           49.75974363394765       10.92638964631457       48.65828255349734
H           46.90683772863166        8.94754414367583       49.98474958176886
H           46.92155178348841       10.45541128596256       49.04789789574774
H           47.66624345565203        9.00032224819650       48.37779547739066
H           48.65059628613440       10.56327594047532       50.81446406834825
H           49.38076575983562        9.06193408177033       50.21347905471902
C           57.30072738906645        8.21270794750897       47.77670705488815
C           56.14713181074207        7.75983739292291       46.88149112206403
S           55.07514353744292        9.13529868635185       46.34304662081139
H           57.92926806840572        7.36500226630431       48.07433891340661
H           57.92706948726705        8.93708876816912       47.24689293652738
H           56.90974895219182        8.69418571646306       48.68002149154618
H           56.56475472145210        7.29755404385849       45.97493801014019
H           55.56820777807257        6.98135462416682       47.40229249473268
C           57.49848298849224       10.11314119659661       51.95009576889008
C           56.47554125684807        9.03462675952381       52.30738431317003
S           54.82375106600345        9.72425485681375       52.64502998545456
H           57.54907583311246       10.85341588329195       52.75370508947053
H           58.49768455444615        9.68577578214398       51.80745919959625
H           57.20083580104539       10.62962131632785       51.02710934790893
H           56.45389650169674        8.27448255608658       51.51137266866369
H           56.80613482104461        8.52827444511426       53.22587170740579
C           57.76683414703235       16.11238389748077       47.83966832323841
C           56.46221447041864       15.61485970429762       47.21895118611312
S           56.73044163425784       13.94370857573582       46.53268810232063
H           58.07766177964421       15.44696932902089       48.64943456756736
H           58.55917868708624       16.11572138334740       47.08694867618290
H           57.66609122146956       17.12735960011130       48.23914660717703
H           55.66197205676806       15.66294500644651       47.97900779359207
H           56.18368759880981       16.29651791341772       46.40004443942444
C           49.91110364046321       17.27350603693524       51.97738458043990
C           49.30573687751709       17.41566518284644       50.57505786522930
C           49.58571171371160       16.21411160476528       49.73286221295107
N           48.73189175064181       15.13352767175922       49.70074974590151
C           49.29205877485840       14.19633025821272       48.88472424478338
N           50.43811608549701       14.61984162334139       48.42551587499006
C           50.64610288369630       15.86293627182974       48.94476951737853
H           49.49744716402152       16.39799613897760       52.48138015540771
H           50.99677775609663       17.16513170878684       51.91769423943243
H           49.68039198001242       18.15713480538414       52.57205465659967
H           48.22526039353345       17.55758500162036       50.66754855115759
H           49.71811822429932       18.30816042471849       50.09415570988259
H           47.82745103367939       15.11113571275345       50.13171595480598
H           48.86923678045775       13.20967330796351       48.71240614758390
H           51.55758731625075       16.41065556842613       48.74785737024666
Fe          51.98587702744870       10.90945747017836       49.19338620837026
Fe          53.74987852473456       12.83195568995757       49.63820273096059
Fe          54.19360622343355       10.12814986385960       48.14982803541221
Fe          53.95077412482587       10.48712000485216       50.64510606935477
S           55.50083278157213       11.47397933864741       49.41183142155617
S           52.95009484850561        8.98011772950640       49.45116950254660
S           52.42159329070854       11.98074960925248       51.07611564782355
S           53.04247761260044       11.97001438669242       47.42832595354405
Ni          55.20904690548448       12.60141662420669       47.47449545623094
C           52.10961940507101       12.18086358125979       45.83772563793281
O           52.05429178742438       13.35039591593453       45.42460880546567
O           51.62855687916033       11.14414901180024       45.35764007725292
67
 energy: -118.337294965940 gnorm: 0.006985223429 xtb: 6.6.1 (unknown)
C           54.63421962952332       14.88584802643319       52.19742488983830
C           54.22193467643889       15.85873607297758       51.09899728747965
S           53.78747440111441       15.05171015425528       49.51777419912928
H           54.87117345681193       15.41091731703090       53.12942621877711
H           53.82237550515008       14.17732261896187       52.39209799423976
H           55.51550449129675       14.31626359532605       51.88762828008900
H           53.35152579742552       16.43915437288571       51.44402869690717
H           55.03741652798551       16.57683412456519       50.92372176832333
C           47.47742332865219        9.58613166428075       49.26890881435311
C           48.80527736637720        9.98893526807976       49.90767591350397
S           49.75412424500382       10.93443019113944       48.66867253341556
H           46.86464952405937        8.98059945846277       49.94448569408479
H           46.91224051398065       10.48079289027122       48.99498329598816
H           47.66644470530557        9.01514050077306       48.35654908442376
H           48.59870095254684       10.59145661392713       50.80423300217558
H           49.33538710417791        9.08193724421529       50.23108967508583
C           57.30541453530413        8.27057430993039       47.78083521945910
C           56.16558856861133        7.79242212602364       46.88322609361997
S           55.06854002289104        9.14195796643916       46.33719439145327
H           57.94748768997669        7.43688493165745       48.08476659425807
H           57.91941047284348        9.00431238004979       47.25077811697326
H           56.90146324163389        8.74746999504642       48.68061573040960
H           56.59601049296862        7.33672325770306       45.97914286081095
H           55.60129120618231        7.00338333551663       47.40455202070243
C           57.50722646821411       10.13039157270482       51.96064203373651
C           56.48734330426552        9.04918722984019       52.31958241405041
S           54.83022321845426        9.73131151451597       52.64573731758268
H           57.55233043986069       10.87504796523219       52.76082408473107
H           58.50862685698883        9.70600381156953       51.82414036773167
H           57.21129093348564       10.64077704852405       51.03367456456742
H           56.47399912410390        8.28398508678857       51.52801995788802
H           56.81571853025573        8.55041179526731       53.24304648454590
C           57.76201242186540       16.06948153231215       47.84059169930502
C           56.46636085796033       15.57992961076591       47.19448939109528
S           56.73443079723424       13.90754652092224       46.51177783359033
H           58.05709652409986       15.39921789228548       48.65238317820670
H           58.56715911143961       16.07418473813496       47.10193723675160
H           57.65621672283395       17.08223099182212       48.24317221639041
H           55.65162409753984       15.63716420093368       47.93922750829147
H           56.20868262061116       16.26292937254908       46.36897241694552
C           49.92700437024347       17.25856239098342       51.99816139175470
C           49.31513659467042       17.40334355633668       50.59872062674798
C           49.59306082441616       16.20524416091702       49.75112280396392
N           48.73618214008199       15.12683043499017       49.71843343975619
C           49.28996659661090       14.19266657244433       48.89362851887751
N           50.43250621658822       14.61742408349518       48.42642475493341
C           50.64671229145127       15.85744876756906       48.95172175246081
H           49.52736507155625       16.37447626695502       52.49607455730442
H           51.01315864008159       17.16620711174734       51.93529220656310
H           49.68570007624221       18.13330686683923       52.60010590947491
H           48.23460815782011       17.54022135955812       50.69715953418272
H           49.72131862222992       18.29886503419019       50.11894405188658
H           47.84154597812977       15.09638950541567       50.17254729021555
H           48.86474856996765       13.20733334511623       48.71947397990911
H           51.55753722796955       16.40611893753675       48.75250711260815
Fe          51.97893321092019       10.90550321404465       49.20305406828487
Fe          53.74995618983271       12.82419593806324       49.62878752748237
Fe          54.18240178187079       10.11959459539733       48.15059913967884
Fe          53.95173557354103       10.48397989769468       50.64544589073902
S           55.50188085136619       11.46236746762144       49.41348651734901
S           52.94225572395749        8.97615889225164       49.45587990195599
S           52.42515495964855       11.98223852071901       51.07699635805047
S           53.04705521739018       11.96096969539367       47.42786979672552
Ni          55.21940865234082       12.56820372047335       47.46465160882700
C           52.11907233050437       12.16279630338954       45.83982682812988
O           52.07173864089918       13.32973551625906       45.42142461922301
O           51.62648846431150       11.13054063467127       45.36976994195949
67
 energy: -118.337522853217 gnorm: 0.007423364638 xtb: 6.6.1 (unknown)
C           54.63385557576812       14.88047735898487       52.18179079958283
C           54.21312058230635       15.85270793556556       51.08601542036470
S           53.78311649271221       15.04565679674592       49.50439937203677
H           54.87487879686669       15.40523584437022       53.11282255078999
H           53.82489877880917       14.16914691976492       52.38088073720558
H           55.51408598352194       14.31317093364073       51.86595866404607
H           53.33998887899838       16.42751227685989       51.43305481219778
H           55.02326315868641       16.57576286506292       50.90964399156726
C           47.45972997257667        9.60514390596314       49.23990376967645
C           48.77855062677743       10.00615451082867       49.89657788053009
S           49.75007641914383       10.93928460384064       48.66654909725202
H           46.83286658619662        9.00852248351376       49.90946212285905
H           46.90391686761497       10.50077601430842       48.94903239448626
H           47.66074048626320        9.02613666240736       48.33554232393922
H           48.56156944255407       10.61515344662858       50.78604674237375
H           49.29936718505802        9.09903877314015       50.23412986795768
C           57.31792753853664        8.32200706395720       47.78505175554075
C           56.19153139536344        7.82057140310676       46.88442685156078
S           55.06555705287704        9.14642709417323       46.33921305706857
H           57.97405030964111        7.50183231088691       48.09476426370630
H           57.91965189106494        9.06432310116397       47.25454151583635
H           56.90291653150567        8.79478731201152       48.68119662787166
H           56.62990470655036        7.37296925297368       45.98181379585063
H           55.64205986549224        7.02235631954107       47.40506784654335
C           57.51035500670778       10.14918894240897       51.96377115190182
C           56.49461501046893        9.06534907854618       52.32927340135602
S           54.83248681833389        9.73846957062350       52.65084151791454
H           57.55147011120984       10.89988879073118       52.75876557277621
H           58.51377313101235        9.72798470362775       51.83190764543890
H           57.21369605949761       10.65165779052878       51.03230222423321
H           56.48645747551155        8.29451421737206       51.54300081035231
H           56.82522634130871        8.57484537103739       53.25670747935803
C           57.75936074141029       16.02528481469805       47.84136618918787
C           56.46715234888826       15.54897551375240       47.17722279164257
S           56.72720541064881       13.87457219550372       46.49224822085705
H           58.03943279900349       15.34842643577368       48.65334001518519
H           58.57385882139739       16.02659263192114       47.11302231601575
H           57.65643675908270       17.03716133002784       48.24797292679667
H           55.64329348378304       15.61105488526206       47.91148479405400
H           56.22628639268797       16.23601809686648       46.34985033078024
C           49.94259298350444       17.24635179756914       52.02117031586175
C           49.32140240566653       17.39586596096805       50.62574494556667
C           49.59846475089909       16.20290659299969       49.76994703594620
N           48.74113000790555       15.12543650792340       49.73402611548035
C           49.28795737537137       14.19673094967367       48.89908688124546
N           50.42669927891090       14.62506230031894       48.42502514402651
C           50.64455114371622       15.86179117353496       48.95719887005954
H           49.55768631949677       16.35187704345197       52.51354510306279
H           51.02989381771601       17.16837931877269       51.95058223531466
H           49.69328920368425       18.11241493162008       52.63285844850454
H           48.24046147206420       17.52704968267810       50.73203870072690
H           49.72018487360147       18.29635174525625       50.14815844609281
H           47.85569052666239       15.08648287361530       50.20150840157988
H           48.85894672514208       13.21447065133044       48.71734724002300
H           51.55156156406532       16.41367659268318       48.75143515693920
Fe          51.97180466910849       10.90069790192907       49.21107512018659
Fe          53.74801569310604       12.81845587659826       49.62548096099331
Fe          54.17200506909945       10.11228048707038       48.15600992666800
Fe          53.94666549644079       10.48104164998062       50.65106225678512
S           55.49949265535997       11.45354965310855       49.41834013749920
S           52.93398035289818        8.97172573726225       49.46525267383586
S           52.42326982768543       11.98408162007799       51.07851176341693
S           53.03774853139202       11.95221054222079       47.43481987203602
Ni          55.21893861776397       12.53638415725459       47.45204412686891
C           52.11737450677170       12.13098316372346       45.83861561686136
O           52.08172180593179       13.29408817926347       45.39815941463850
O           51.61379195032158       11.09497544120555       45.38512865103241
67
 energy: -118.337833013908 gnorm: 0.009186831355 xtb: 6.6.1 (unknown)
C           54.63338800070248       14.87456813751412       52.17027545945876
C           54.20150809713790       15.84295224054695       51.07497747748353
S           53.77143810927705       15.03501420296520       49.49648139017948
H           54.87147149352432       15.40215128834239       53.10015728530961
H           53.83211083221880       14.15431810081728       52.37185861590724
H           55.51768877889072       14.31553780420917       51.85243179784880
H           53.32826974548971       16.41362872427194       51.42593126267175
H           55.00641422248438       16.56863367647647       50.89421504200114
C           47.44514546523772        9.62650221639768       49.21251119483035
C           48.75571595747733       10.02835026944818       49.88088059579151
S           49.74576931682491       10.94787328739211       48.65759433295136
H           46.80502448479864        9.04552638543886       49.88154491432662
H           46.90092700006153       10.52142317968781       48.89863057682884
H           47.65385460008370        9.03071044505481       48.32135180060374
H           48.53198831036284       10.64591491867983       50.76198403828969
H           49.26779790270518        9.12231991487005       50.23238296710214
C           57.33599393479690        8.37984508588099       47.78803805476447
C           56.22159905238399        7.85625527674542       46.88632740899646
S           55.06256604344185        9.15992752603872       46.34961246988179
H           58.00782818741376        7.57202818897046       48.10122199078814
H           57.92587402907406        9.13401911328033       47.25755667472478
H           56.90786713414912        8.84674161912333       48.68240788055552
H           56.66986108888873        7.42212246243342       45.98107068746804
H           55.68805530256653        7.04325559646385       47.40377736196535
C           57.51222990921309       10.16835568850800       51.96650988648354
C           56.50321745428665        9.07975290115313       52.33885604758341
S           54.83442199407953        9.73779459281828       52.66110076606255
H           57.54657160110749       10.92594968185396       52.75506914080540
H           58.51869449644612        9.75254438043759       51.84068041194693
H           57.21494963681464       10.66122032129897       51.02992390272330
H           56.50092490247667        8.30453394739031       51.55737520566932
H           56.83918092891844        8.59730949714125       53.26851638044872
C           57.75376805082291       15.97085640490462       47.83526618985748
C           56.46359867093995       15.51217393449276       47.15591529384777
S           56.71342005035010       13.83518012181024       46.46730176540306
H           58.01420909258359       15.29040005623481       48.65041423519050
H           58.57765335991636       15.95893119877478       47.11775038052486
H           57.66052074520111       16.98476634849290       48.24021188646607
H           55.63294351919285       15.57879275190380       47.88062964156285
H           56.24033929208483       16.20270861632465       46.32792406312736
C           49.96277910289822       17.23289463621715       52.04297983910252
C           49.33245793768153       17.38770189333944       50.65192131217547
C           49.60049098067908       16.19812757822909       49.78792825150617
N           48.73938604643584       15.12447366683972       49.75192729600430
C           49.27084842146090       14.20061854577117       48.90304133208421
N           50.40503673407184       14.62936347590778       48.41678571162844
C           50.63332666331530       15.86102864930676       48.95649718538670
H           49.58749242175870       16.33262715155777       52.53052509356104
H           51.04938003573417       17.16224133056428       51.96508146476422
H           49.71239217745412       18.09208386544929       52.66302200755707
H           48.25294565530378       17.52126022995061       50.76522032697154
H           49.73017313593027       18.28901876961163       50.17585030476636
H           47.86750937324527       15.07436164377987       50.23698836229589
H           48.83247849274762       13.22439725471887       48.71289004323086
H           51.53628521318106       16.41367730445279       48.73942569098330
Fe          51.96287417571772       10.89327996682075       49.22114637159023
Fe          53.74009879828930       12.80833088757621       49.62684207990070
Fe          54.16224175435241       10.10866599536831       48.17051670833259
Fe          53.93715027585935       10.47469045992429       50.66429331518519
S           55.49564451920463       11.44569704065826       49.43401555082683
S           52.92548263967130        8.96477367457294       49.47823950769660
S           52.41621337137305       11.98086949245823       51.08561347021110
S           53.02236247943075       11.94455183031024       47.44994191408171
Ni          55.21878260625208       12.49649665725042       47.44281789460783
C           52.12526378066488       12.11377989766060       45.84018710110196
O           52.10781895690091       13.27260517864620       45.38477782728687
O           51.61233691608427       11.08195490871383       45.38999476865846
67
 energy: -118.337057528102 gnorm: 0.020132497396 xtb: 6.6.1 (unknown)
C           54.63437350095909       14.87568837419472       52.17173765766488
C           54.20184903729199       15.84270266486280       51.07523844277342
S           53.76954153482187       15.03421303687857       49.49823876842534
H           54.86918560825868       15.40556680889310       53.10150124781947
H           53.83434152595122       14.15444099234404       52.37253044544461
H           55.52189398500052       14.31849477288602       51.85702303641944
H           53.32893224618831       16.41323041591006       51.42705959183642
H           55.00704728470004       16.56834904821233       50.89412100769025
C           47.44390929163719        9.62732243962813       49.21184817538300
C           48.75632563693281       10.02921193490238       49.87963317949437
S           49.74666547035729       10.94837921398689       48.65552837217821
H           46.80297503376135        9.04864343863018       49.88361083644099
H           46.90084201327193       10.52155369064990       48.89653632940336
H           47.65079893623174        9.02852646969945       48.32155860030598
H           48.53234793124561       10.64795843291497       50.76028706526439
H           49.26893277902566        9.12356438487237       50.23190809315036
C           57.34002950735851        8.38478136901501       47.78828292609425
C           56.22473148329401        7.86242371992555       46.88657590702530
S           55.06376100509441        9.16339736513137       46.35065599875837
H           58.01154773565246        7.57711907333969       48.10006465765316
H           57.92971067805944        9.13839317239269       47.25838248549584
H           56.91366922615099        8.85081868729631       48.68336870694207
H           56.67204388034791        7.43136194514116       45.97996922766192
H           55.69471748611020        7.04734839923863       47.40177564319828
C           57.51020288318910       10.16923174930192       51.96780749915946
C           56.50309018909084        9.07986329133676       52.34022427167446
S           54.83544425054099        9.73925489066534       52.66424269517511
H           57.54348669125434       10.92699020714390       52.75585764987230
H           58.51696927955474        9.75456477740257       51.84168655680806
H           57.21232103035062       10.66130954230656       51.03150004073424
H           56.49952808986083        8.30561888326756       51.55778074720115
H           56.84017844777867        8.59643922484515       53.26872858495337
C           57.75302347185245       15.96501654929103       47.83373561707820
C           56.46304773946122       15.50803475157846       47.15432479044291
S           56.71412271618302       13.83457820490191       46.46035164537358
H           58.01160991918049       15.28541578311225       48.64990316574966
H           58.57646856862354       15.95162951443438       47.11552714670103
H           57.66224581521465       16.97946394631254       48.23738127484342
H           55.63297456183705       15.57299829661231       47.87991135362292
H           56.23976816053068       16.20041174385564       46.32826954154412
C           49.96603637717405       17.23010940869422       52.04297319035691
C           49.33442118127138       17.38664887898838       50.65348241346822
C           49.59879895352494       16.19790890127976       49.78774662274247
N           48.73941706552786       15.12250528727447       49.75429606600824
C           49.26815113210287       14.20233732830548       48.90060507912239
N           50.39972467766010       14.63371806163928       48.41153966845673
C           50.62962986106840       15.86329409273012       48.95405734643952
H           49.58802697641669       16.33084697684529       52.53147419925964
H           51.05286374881227       17.15745856329137       51.96424629964548
H           49.71792267579333       18.09127275521235       52.66203380938074
H           48.25515850886759       17.52248932676195       50.76791128622838
H           49.73383057666008       18.28747212149492       50.17717036509957
H           47.86690330754801       15.07105357532408       50.24022987506527
H           48.83175365270282       13.22500523038562       48.71270642354757
H           51.53340529113736       16.41525778507681       48.73774653686156
Fe          51.96112314660421       10.89105702765428       49.22239313256897
Fe          53.73630727798309       12.80730383059583       49.62883281928771
Fe          54.16021359501674       10.09972928719517       48.17420467100330
Fe          53.93535719377429       10.47435384158051       50.66671309035489
S           55.48890744186898       11.44468352026610       49.42807893509973
S           52.92234833102003        8.96183863604572       49.48581763565680
S           52.41360410120510       11.97833687228454       51.08870699738863
S           53.02163141176912       11.93601070437487       47.44930541455528
Ni          55.21942585330479       12.49364975342802       47.43796020532286
C           52.08622567640568       12.12644371400545       45.86230740318452
O           52.13320533000584       13.27049993962014       45.37433938657119
O           51.62500548269319       11.08486546257572       45.37358935379552
67
 energy: -118.337994761382 gnorm: 0.003132529721 xtb: 6.6.1 (unknown)
C           54.63495349669673       14.87631374311361       52.17256843013560
C           54.20199466206500       15.84236933802274       51.07523762375358
S           53.76831362127506       15.03342675213994       49.49918161845380
H           54.86771138440702       15.40760039926414       53.10225379860556
H           53.83578110967011       14.15431979532291       52.37286602931681
H           55.52444913864360       14.32035444125432       51.85978568880626
H           53.32932457228507       16.41289706106846       51.42758537810347
H           55.00733052379171       16.56799875414065       50.89380023947881
C           47.44317429917881        9.62787035598794       49.21145450886825
C           48.75670561429092       10.03001172524067       49.87858970259263
S           49.74659422395030       10.94926042878994       48.65366011792177
H           46.80194032592996        9.05057611931861       49.88495930096399
H           46.90070466718549       10.52166064274600       48.89527169728673
H           47.64894676545113        9.02720218069159       48.32177482098439
H           48.53264442574341       10.64934164379773       50.75905114951183
H           49.26975783231695        9.12462828992843       50.23118438501690
C           57.34269716597417        8.38772737090355       47.78845986387497
C           56.22684701541066        7.86594855277737       46.88688771473874
S           55.06435326825756        9.16562019327014       46.35314340927252
H           58.01408272927428        7.58012829848591       48.09930522616298
H           57.93212651734606        9.14115234135584       47.25887033124646
H           56.91729250201173        8.85315534302476       48.68401250291652
H           56.67348407683075        7.43707725120377       45.97919746478846
H           55.69904091439680        7.04951602489257       47.40077049482679
C           57.50880556873588       10.16987533608787       51.96834118051554
C           56.50289351267867        9.08000130862838       52.34094564804242
S           54.83582567674924        9.73995439813623       52.66605747247240
H           57.54146759462500       10.92772412729542       52.75611801082823
H           58.51581672408523        9.75600304082731       51.84201893678343
H           57.21033319375810       10.66144818149188       51.03219230000322
H           56.49862050676831        8.30628027444097       51.55798657779970
H           56.84073805406763        8.59604069174911       53.26876839895780
C           57.75240090783925       15.96110007536181       47.83269205710323
C           56.46227795298731       15.50504262379191       47.15365787157770
S           56.71240967888236       13.83270312749126       46.45813903448916
H           58.00993964237524       15.28231467991593       48.64970489319460
H           58.57556528885144       15.94641662512785       47.11406038155440
H           57.66330085130235       16.97606171619550       48.23520070692093
H           55.63269391089612       15.56988873278017       47.87982407551146
H           56.23909669428726       16.19819561497175       46.32841210761541
C           49.96803164633061       17.22839546224663       52.04306340778744
C           49.33567469504619       17.38594322301615       50.65446828254821
C           49.59786496610808       16.19765866775677       49.78770390087779
N           48.73951322155429       15.12122470442800       49.75573636429400
C           49.26661446260621       14.20322530744208       48.89916576096908
N           50.39666912071807       14.63613653800010       48.40841585227768
C           50.62739847017544       15.86460798694897       48.95244281935986
H           49.58841030042210       16.32979592151767       52.53217624884967
H           51.05495540416438       17.15440800128015       51.96381792612569
H           49.72142637883168       18.09070282696070       52.66160821956787
H           48.25657792070229       17.52323790052374       50.76958103769829
H           49.73611072668261       18.28643391541639       50.17798229727682
H           47.86656783581613       15.06905518228243       50.24198533822825
H           48.83132678399578       13.22526041501985       48.71252507755779
H           51.53153127857398       16.41628123824102       48.73638267900057
Fe          51.95968302136630       10.89117817055500       49.22191463414516
Fe          53.73514602888905       12.80615503655797       49.62780430333351
Fe          54.15974002645388       10.09775244366929       48.17707329704673
Fe          53.93344560784108       10.47401103672364       50.66836212850551
S           55.48721698907290       11.44337213369053       49.42873033181053
S           52.92018376062688        8.96121573533454       49.48852113746231
S           52.41244550677044       11.97833979669494       51.08892084219758
S           53.02045672991316       11.93201712322361       47.44723790144054
Ni          55.21939544387805       12.49049885113086       47.44066651295641
C           52.12042143018694       12.12069290345168       45.83977707535916
O           52.11591880427266       13.27584999778703       45.38668049617375
O           51.60889028785363       11.09180396930978       45.37840218608214
67
 energy: -118.337896483272 gnorm: 0.005088388155 xtb: 6.6.1 (unknown)
C           54.63572763302987       14.87723636322958       52.17389840994753
C           54.20193359620630       15.84058361828972       51.07431510554893
S           53.76866780803794       15.02930081260459       49.49939903776225
H           54.86490922985701       15.41057505156552       53.10336351176836
H           53.83864723291924       14.15279603793054       52.37344125673927
H           55.52787733473427       14.32399488964082       51.86399932844971
H           53.32940081081684       16.41155394701520       51.42641551848542
H           55.00680332586912       16.56649741793406       50.89171136288255
C           47.44192254359188        9.62873772279471       49.21138735939036
C           48.75588123650867       10.03123840556368       49.87756025818292
S           49.74612342429467       10.94919313651425       48.65188015145707
H           46.80038150631957        9.05385737663895       49.88663729761191
H           46.90065540944300       10.52247282685693       48.89313452473749
H           47.64687310501431        9.02526654007631       48.32346947299959
H           48.53224896294084       10.65129808877115       50.75754514977501
H           49.26881439866961        9.12601455049203       50.23037222222179
C           57.34806943358711        8.39336560132845       47.78821518749152
C           56.23221923529101        7.87107613322516       46.88673409858338
S           55.06589147599339        9.16976177299701       46.36025378511436
H           58.01965944748042        7.58545183616050       48.09783836553436
H           57.93686328511465        9.14771682178585       47.25909284544475
H           56.92250410372149        8.85746004461768       48.68446080074818
H           56.67896115965659        7.44582412451415       45.97724654825659
H           55.70676772628433        7.05252825639261       47.39970612746465
C           57.50591335026368       10.17164849162301       51.96833005478372
C           56.50123675286736        9.08101987664413       52.34183873504456
S           54.83419643107071        9.73982061022371       52.66987748167037
H           57.53789236743621       10.92958921012460       52.75607747657991
H           58.51362063761280        9.75933347504527       51.84166444578699
H           57.20576361766850       10.66260422082535       51.03222825208331
H           56.49633420870972        8.30767629989859       51.55848818570005
H           56.84071208393700        8.59644585275604       53.26877259981197
C           57.75076110867644       15.95234919632791       47.83044171202511
C           56.45862799628563       15.49761885233352       47.15389739439966
S           56.69904044221860       13.82196539602969       46.46309218676831
H           58.00726829848796       15.27567710073101       48.64947306585890
H           58.57364728706347       15.93326143810986       47.11152411853161
H           57.66485502948125       16.96896346274199       48.22988237788805
H           55.63024528919150       15.56627849457648       47.88103514535271
H           56.23596476588738       16.19054921755282       46.32816574366340
C           49.97142248730281       17.22565070322267       52.04418620921025
C           49.33786626888131       17.38481358314323       50.65645744924095
C           49.59724565699632       16.19690316336388       49.78828648466558
N           48.73968596944626       15.11977734881334       49.75751050638234
C           49.26472095930526       14.20369141468353       48.89753419374333
N           50.39329073920815       14.63787073680394       48.40442174444657
C           50.62414994275498       15.86618695573094       48.94880813669955
H           49.59005577215891       16.32833797584788       52.53411836891151
H           51.05797677774575       17.14836389232882       51.96359833893844
H           49.72845095312606       18.08868972293313       52.66316466385003
H           48.25919365248716       17.52452670699832       50.77289957592890
H           49.73953060592435       18.28464532774475       50.17970720041635
H           47.86667532527157       15.06725695525258       50.24342929235117
H           48.82956758710910       13.22556658027908       48.71109739181362
H           51.52717647950283       16.41883322429116       48.73063039979387
Fe          51.95890396589044       10.89101405052495       49.22186456106077
Fe          53.74105484957077       12.80094135009920       49.62143122337547
Fe          54.16262843211587       10.11259054681250       48.17803722784176
Fe          53.93199366529834       10.47287443053630       50.67094944060607
S           55.49687112689087       11.44001113562122       49.44249470099243
S           52.92517573324084        8.96296267436711       49.48334418080422
S           52.41499009965793       11.98223915382401       51.08592963157649
S           53.00995856330540       11.93668130110447       47.44589309150062
Ni          55.21252450499023       12.47502847716128       47.45534885882640
C           52.11808454992663       12.12655904292401       45.83386959242274
O           52.11604457964026       13.28176845418755       45.38128291361640
O           51.60493112013702       11.09807460916024       45.37197512836697
67
 energy: -118.338099295100 gnorm: 0.004753191148 xtb: 6.6.1 (unknown)
C           54.63637840257713       14.87825531567381       52.17470188424544
C           54.20202472719905       15.84006551771742       51.07373016349865
S           53.76855941465946       15.02978561220033       49.49850224266256
H           54.86205741122828       15.41308397937395       53.10424553403655
H           53.84116478486848       14.15155850945358       52.37329457666955
H           55.53109681712909       14.32761638024819       51.86742757876774
H           53.32958917865496       16.41119048303499       51.42589549048181
H           55.00669415945419       16.56614499373394       50.89073472659641
C           47.44030241110895        9.62958884419695       49.21134268334671
C           48.75460773378679       10.03236491841325       49.87685567596280
S           49.74500010745323       10.94934755041672       48.65054000564068
H           46.79826652469624        9.05707026009539       49.88818511342087
H           46.90020726783468       10.52318898378261       48.89093508615822
H           47.64461537539672        9.02346518465114       48.32507563749792
H           48.53130998215202       10.65312575188810       50.75639665828189
H           49.26755070978901        9.12732959197703       50.22992578543585
C           57.35329899623214        8.39956561748533       47.78799514173456
C           56.23772709054759        7.87708714450538       46.88603072227731
S           55.06858366950411        9.17355401698281       46.36117152670172
H           58.02501834847475        7.59150186970443       48.09691230869033
H           57.94183472504172        9.15445850582955       47.25939554073729
H           56.92754777593449        8.86275808495875       48.68462690086032
H           56.68510826562457        7.45445102456631       45.97563301416888
H           55.71421114161381        7.05659762988428       47.39784093407910
C           57.50434772519501       10.17281352381431       51.96994697261266
C           56.49993313353590        9.08186956461007       52.34292347614059
S           54.83288945327601        9.74005810879956       52.67253134444011
H           57.53522617161402       10.93099953459056       52.75749565333616
H           58.51248853357549        9.76142211741002       51.84360341748391
H           57.20442440258388       10.66338280699918       51.03367895078703
H           56.49458721693221        8.30913887646213       51.55894338896041
H           56.84003091665895        8.59635923191085       53.26915221998772
C           57.75025897900046       15.94577263519047       47.82874635254993
C           56.45753611917269       15.49321832614421       47.15200316643759
S           56.70063164951940       13.82089404206542       46.45524691904453
H           58.00524488448568       15.26926670020887       48.64838346531529
H           58.57322201687003       15.92421552188166       47.10993675197149
H           57.66630775785738       16.96296183726963       48.22717741189227
H           55.62936070267289       15.55961144296816       47.87978167620922
H           56.23420083823073       16.18815896996606       46.32814044682043
C           49.97491867586958       17.22269764605719       52.04523153762377
C           49.34018678771874       17.38360567818226       50.65837136035658
C           49.59682577105319       16.19610694253726       49.78879132464685
N           48.74006218435052       15.11828564373879       49.75932981046081
C           49.26289042519151       14.20414707929982       48.89586920835690
N           50.38977722708502       14.63971858079395       48.40010897718999
C           50.62128704475531       15.86746810902354       48.94550351442981
H           49.59161285762814       16.32663083986463       52.53590204629580
H           51.06116285642458       17.14219992304113       51.96336885798809
H           49.73540715894286       18.08656030432212       52.66449046863004
H           48.26190636085557       17.52558775396783       50.77604928608812
H           49.74311127426174       18.28286063950519       50.18151280927303
H           47.86704164215719       15.06536697172408       50.24519766268166
H           48.82794182373169       13.22583870866408       48.70974854692295
H           51.52336353794950       16.42092380230598       48.72543615361070
Fe          51.95694976516407       10.89024730024698       49.22280508017865
Fe          53.73474115728097       12.80221777051236       49.62614630856827
Fe          54.15525032915212       10.10249596431791       48.18002807302898
Fe          53.92833340737467       10.47130508051870       50.67313889653423
S           55.48695976920018       11.43921864209081       49.43646986527869
S           52.91805935934699        8.95985300393842       49.49115501696849
S           52.41057900732194       11.97900646597049       51.08935189349726
S           53.01089398964648       11.93366315192869       47.44793124494238
Ni          55.21631274722387       12.47239423288166       47.44770648371522
C           52.12050095950554       12.12974679206602       45.83465462477659
O           52.12065936934908       13.28572687980191       45.38467773409632
O           51.60387244944341       11.10328917187527       45.37107387784617
67
 energy: -118.337380513975 gnorm: 0.012224013421 xtb: 6.6.1 (unknown)
C           54.63934614692424       14.88494555805267       52.17947235705349
C           54.19902150260332       15.84098397335859       51.07528044687743
S           53.75206043188329       15.02247981992237       49.50909657099854
H           54.84965799600241       15.42529322534658       53.10947546260853
H           53.85331609157890       14.14682269225349       52.37340964462484
H           55.54498820181183       14.34721524854827       51.88127760321271
H           53.32871752795615       16.41403336691730       51.42976215957126
H           55.00329044891773       16.56552028857562       50.88358508747332
C           47.43183644571628        9.63415495156210       49.21181805485013
C           48.74697808457260       10.03864082974462       49.87435004860946
S           49.73611222468591       10.95356965377441       48.64559035941011
H           46.78690691039363        9.07305805311841       49.89525621171217
H           46.89680167751124       10.52677179684419       48.88004767687177
H           47.63404405269021        9.01581988668724       48.33366005488504
H           48.52490405762762       10.66165639170310       50.75233184656959
H           49.26051766781385        9.13457152413463       50.22835787977625
C           57.37910518328055        8.43204621135822       47.78595470698637
C           56.26727710212133        7.90352534202333       46.88195131902938
S           55.07291516702936        9.18201138058457       46.37053128869722
H           58.05481454017919        7.62603144550888       48.09187473629604
H           57.96394058901312        9.19174030606840       47.25989092405110
H           56.95086068073137        8.88953329156334       48.68447770563873
H           56.71849999373576        7.49528741150293       45.96664756196661
H           55.75698201447742        7.07124098092638       47.38857105737182
C           57.49332732328359       10.18066122374808       51.97423176802971
C           56.49315138419819        9.08585250480039       52.34690959973275
S           54.82593991142633        9.74183577627718       52.68061776103126
H           57.51956766500787       10.93969003207335       52.76129174276119
H           58.50367921984925        9.77385507108765       51.85005807027400
H           57.19257097763338       10.66889152670426       51.03690589550251
H           56.48674147422284        8.31562856280518       51.56046805077273
H           56.83646077287892        8.59784746520713       53.27084612809809
C           57.74987690721984       15.91420294814267       47.81985882168016
C           56.45659920104642       15.47130895818178       47.13836699188223
S           56.71030333714153       13.81475578348303       46.40955436208865
H           57.99561774170575       15.23726523600905       48.64209751011807
H           58.57441078773927       15.88096453999008       47.10325572503391
H           57.67452847299240       16.93352238407500       48.21477134335576
H           55.62963328894450       15.52488106486936       47.86897453752167
H           56.22920382992574       16.17890065940343       46.32618272982327
C           49.99264661915799       17.20685975705041       52.05060294740984
C           49.35240079830700       17.37721768419648       50.66756013903955
C           49.59639807295746       16.19186141320763       49.79106415521171
N           48.74326779049100       15.11110809621496       49.76819045642743
C           49.25475039117241       14.20569719447554       48.88799086025607
N           50.37309318686798       14.64783574381140       48.37822577034034
C           50.60893983269220       15.87247821257788       48.92933514523313
H           49.59926687509113       16.31692222618820       52.54425068826077
H           51.07721062547036       17.10995191158071       51.96240807184643
H           49.77033286012203       18.07438979571109       52.67142356322012
H           48.27601097853275       17.52944086721821       50.79091923151702
H           49.76132885823341       18.27404067399338       50.19112060576037
H           47.87088630556168       15.05656147970994       50.25451698423502
H           48.82003694634858       13.22691909365876       48.70283201508679
H           51.50566949527423       16.43051273110819       48.69919344177441
Fe          51.94607972015989       10.88885544217412       49.22438646523424
Fe          53.70099785256934       12.79990854236965       49.65076377472029
Fe          54.12253982435622       10.05401251665939       48.19410836501792
Fe          53.90758584280019       10.46687564796400       50.68331438461363
S           55.45189933057713       11.43460398272184       49.42204968483018
S           52.88136226328628        8.94664860662539       49.52539791931724
S           52.38132716710950       11.96377609109289       51.10697377018096
S           53.01959192764654       11.92115462825096       47.45375811236219
Ni          55.24821925995029       12.45480644529977       47.40824820034479
C           52.12738043941344       12.14624600966613       45.84083416660657
O           52.14192294397188       13.30568280411769       45.40021487904131
O           51.59840021753462       11.12907712565536       45.36839160919002
67
 energy: -118.338188119744 gnorm: 0.007305715669 xtb: 6.6.1 (unknown)
C           54.63869500510252       14.88364289859848       52.17836534237913
C           54.19950358188144       15.83957255432495       51.07376211506845
S           53.75946142193045       15.02356165114670       49.50389220552765
H           54.85152213255965       15.42303148130277       53.10836376205357
H           53.85111275096211       14.14755701115689       52.37308383113301
H           55.54250116223093       14.34373684893916       51.87866413432575
H           53.32832616101197       16.41200584204894       51.42707799641014
H           55.00333611590022       16.56510067972098       50.88464093406503
C           47.43317371026632        9.63349565317696       49.21178529751543
C           48.74823491398054       10.03749714823267       49.87499571548940
S           49.73829498485178       10.95171119564568       48.64641092760868
H           46.78848175021515        9.07040619206054       49.89391299480566
H           46.89722798319545       10.52621651540979       48.88201350022293
H           47.63573149520080        9.01745995741046       48.33204501359773
H           48.52594767170079       10.66046656258820       50.75309635559109
H           49.26141435148877        9.13324108877052       50.22932972291026
C           57.37485139034521        8.42729867278565       47.78652527047642
C           56.26201539159055        7.90052181810177       46.88315073432899
S           55.07353641249564        9.18388884084418       46.36972897826053
H           58.05031176759138        7.62121798121083       48.09256173414312
H           57.95993367802792        9.18641685737171       47.26011100846226
H           56.94721969402530        8.88542851930798       48.68489715552134
H           56.71209144775674        7.49008358128903       45.96842974344974
H           55.74973399940220        7.06984346794482       47.39004837317790
C           57.49475795705983       10.17952320498933       51.97361492410578
C           56.49367913261933        9.08547398391243       52.34617619674566
S           54.82593367193459        9.74016249405658       52.67993892040690
H           57.52193698704869       10.93844872920490       52.76066159310607
H           58.50464936237501        9.77193083180287       51.84857685935821
H           57.19390252490944       10.66821562452260       51.03661162078972
H           56.48792615647609        8.31457112957882       51.56040700694781
H           56.83660708761782        8.59824676672647       53.27054385754872
C           57.74863037115563       15.91663336928490       47.82095139319114
C           56.45395350725029       15.47133569802666       47.14316620590177
S           56.69733060690909       13.80710225373824       46.42815651812798
H           57.99685480128006       15.24146567118653       48.64380036338526
H           58.57242092002392       15.88486394312962       47.10338752109127
H           57.67239317781212       16.93622549929263       48.21493850063924
H           55.62722863316286       15.53192211156424       47.87327507055618
H           56.22898218776082       16.17421435554473       46.32637133739623
C           49.98991864744743       17.20916900592464       52.04966811719953
C           49.35064204377295       17.37826407441387       50.66600063446819
C           49.59684673295121       16.19286007284068       49.79039098536419
N           48.74279870192332       15.11284896319765       49.76637451768890
C           49.25601596455748       14.20576932897389       48.88930412435361
N           50.37591010410331       14.64648582226607       48.38209026423549
C           50.61148384180161       15.87146787770475       48.93230046420509
H           49.59820533969197       16.31795914076688       52.54246040258205
H           51.07478286789433       17.11535029071704       51.96260793608874
H           49.76433421261653       18.07592973459781       52.67025776889925
H           48.27389301836030       17.52822756634618       50.78841153556218
H           49.75831052586416       18.27579718573188       50.18984733201359
H           47.87077411252793       15.05842098034917       50.25367309482444
H           48.82106993578464       13.22720843323886       48.70401467248823
H           51.50926478794219       16.42851484257652       48.70412304976355
Fe          51.94873056098955       10.88962886841916       49.22437251002671
Fe          53.71633543406699       12.79872263473156       49.63698788312428
Fe          54.13680496616509       10.08031709909119       48.18929135089947
Fe          53.91313723902019       10.46699941462773       50.68176422543888
S           55.46767528408619       11.43365198422985       49.43642033301723
S           52.89644199436858        8.95319806344524       49.50859588729560
S           52.39331827037898       11.97157110977185       51.09839238412074
S           53.01040217941513       11.92685564438597       47.45127708126625
Ni          55.23078535808149       12.44989772788581       47.43348649661214
C           52.12302409407953       12.14416828123228       45.83654351963631
O           52.13556998513579       13.30251120990087       45.39344559873634
O           51.59773119799156       11.12492804691931       45.36556430419257
67
 energy: -118.338201227848 gnorm: 0.002001167133 xtb: 6.6.1 (unknown)
C           54.63828291637231       14.88323359608426       52.17620422496616
C           54.19942299426931       15.83756280963259       51.07000165876303
S           53.76646172259738       15.02194403244415       49.49742514055193
H           54.84735123114618       15.42390417075103       53.10637312487624
H           53.85236974796620       14.14501407469023       52.36993939322615
H           55.54450279399234       14.34588404364116       51.87912602347762
H           53.32595661509630       16.40791798942924       51.42130251065651
H           55.00182987406307       16.56531411913467       50.88318989598291
C           47.43083328472721        9.63453124436032       49.21237277875355
C           48.74550430251903       10.03845039554805       49.87624697378133
S           49.73645877794281       10.95187124348806       48.64798614218068
H           46.78497120773891        9.07293992445110       49.89460823527892
H           46.89583740771551       10.52718963751851       48.88071284250682
H           47.63380024548306        9.01719539590552       48.33362659708756
H           48.52303808080389       10.66193012749706       50.75396037477267
H           49.25829064217586        9.13420022926353       50.23128955626771
C           57.37977620342630        8.43686671848107       47.78686422613301
C           56.26633631198015        7.91381688465215       46.88231416385684
S           55.08233352297431        9.20214726053174       46.36879655379114
H           58.05497242083958        7.62987363916084       48.09124722648684
H           57.96526597800991        9.19657327947778       47.26178872639151
H           56.95260974343188        8.89353313305935       48.68616859059535
H           56.71608546426536        7.50427701941612       45.96702153560665
H           55.75308629303505        7.08226592375269       47.38700698499348
C           57.49260235289375       10.18072688800583       51.97661746586014
C           56.49186264590411        9.08584704654102       52.34808746525650
S           54.82284769328596        9.73757116384862       52.68192224207205
H           57.51904910664253       10.93971292017071       52.76362354600673
H           58.50258951464562        9.77344422446705       51.85174803627741
H           57.19251646139561       10.66961803048844       51.03942652419975
H           56.48712625397608        8.31560108190284       51.56163317474756
H           56.83489311834452        8.59825339222663       53.27222096605831
C           57.74505412827173       15.90271350335535       47.81848932976784
C           56.44691519465800       15.45782825768430       47.14642686152349
S           56.67521326332457       13.78447711360921       46.44714451257326
H           57.99385515004978       15.23141114287779       48.64435583796169
H           58.56731695854199       15.86613918283137       47.09928799664393
H           57.67206708468056       16.92456492096578       48.20755035509148
H           55.62216410375275       15.52919853367998       47.87784718738543
H           56.22469909686095       16.15561230494206       46.32436676938579
C           49.99386977539235       17.20519459701378       52.05073795414746
C           49.35389775260339       17.37665786057874       50.66761286646428
C           49.59839420242218       16.19214941909505       49.79031674292536
N           48.74411948594572       15.11231976927321       49.76718386421960
C           49.25517527594496       14.20593362869798       48.88814441560925
N           50.37404706118862       14.64692549703760       48.37886762445967
C           50.61119352728457       15.87126755392322       48.92983774121056
H           49.60034129184215       16.31457265206453       52.54317355653997
H           51.07844793241219       17.10888245276835       51.96271286700464
H           49.77072622507296       18.07212616845550       52.67196348297030
H           48.27736744564542       17.52735272455204       50.79094736395969
H           49.76207069263266       18.27446261484106       50.19244608646053
H           47.87326759729071       15.05750717366540       50.25660023523079
H           48.81965752641248       13.22764631739636       48.70289149399643
H           51.50836345184324       16.42868106823537       48.70025745070458
Fe          51.94722421703099       10.88981092565522       49.22523573586326
Fe          53.73121567164052       12.79398134728328       49.61792596723814
Fe          54.14882004872701       10.11101565011851       48.18751048049042
Fe          53.91251912409950       10.46754802134270       50.68360153280584
S           55.48235842721503       11.42957721335613       49.45520334744644
S           52.90945427246824        8.95919355857347       49.49255857223721
S           52.40203217808357       11.98343659359372       51.08829406572914
S           52.99493156615270       11.93211368126601       47.45171228336059
Ni          55.20806631820699       12.42816015764917       47.46498216096297
C           52.11955605669561       12.14772994046478       45.83131945165675
O           52.13593988106269       13.30594444636571       45.38778646289920
O           51.59484654501296       11.12911445700169       45.35899165153627
