64
 energy: -105.265206862344 gnorm: 0.116957970868 xtb: 6.6.1 (unknown)
C           53.65400000000000       15.46600000000000       52.98900000000000
C           53.30600000000000       15.90700000000000       51.57600000000000
S           54.40799999999999       15.20800000000000       50.34600000000000
H           53.14091799999999       16.11619875000000       53.71287045999999
H           53.33135297999999       14.42501389000000       53.13815370000000
H           54.74147557999999       15.53776370000000       53.13815370000000
H           52.27782448000000       15.58781922000000       51.35021530000000
H           53.40904170000000       17.00131908000000       51.53300970000000
C           47.99200000000000        9.74300000000000       49.34300000000000
C           49.41500000000000       10.23700000000000       49.55700000000000
S           50.13500000000000       10.74300000000000       48.00500000000000
H           47.51125352000000        9.57610698000000       50.31820743000000
H           47.42340686000000       10.49633687000000       48.77803504999999
H           48.01250752000000        8.79939307000000       48.77803504999999
H           49.40183620000000       11.09340287000000       50.24721796999999
H           50.01724608000000        9.42014245000000       49.98131519999999
C           56.66600000000000        7.22600000000000       47.92700000000000
C           55.37700000000000        6.78300000000000       47.18700000000000
S           54.79300000000000        7.98600000000000       45.92999999999999
H           56.50277298000000        7.16990258000000       49.01337470999999
H           57.49664117999999        6.56176575000000       47.64623659000000
H           56.91281412999999        8.26053115000000       47.64623659000000
H           55.57779309000000        5.82571321000000       46.68372658000000
H           54.58428252000000        6.70223514000000       47.94533768000000
C           58.20800000000000        9.85100000000000       51.88000000000000
C           56.99500000000000        8.95700000000000       51.56400000000000
S           55.46800000000000        9.78700000000000       52.09100000000000
H           58.32552829000000        9.93762019000000       52.97026787999999
H           59.11541429000000        9.40405536000000       51.44775031000000
H           58.04969413000000       10.85004928000000       51.44775031000000
H           56.95294280000000        8.76726867000000       50.48130281000000
H           57.09550428000000        8.00330598000000       52.10285676000000
C           57.05000000000000       16.49800000000000       47.53900000000000
C           55.96300000000000       15.53400000000000       47.12600000000000
S           56.24199999999999       13.87700000000000       47.83100000000000
H           57.10171191000000       16.54386042000000       48.63682635000000
H           58.01588271000000       16.15412930000000       47.14047329999999
H           56.82402814999999       17.49805659000000       47.14047329999999
H           54.99345122000000       15.91485811000000       47.47944343000000
H           55.97265509000000       15.45005683000000       46.02925011000000
C           49.43899999999999       17.61400000000000       51.59800000000000
C           49.32899999999999       17.40500000000000       50.09100000000000
C           49.92699999999999       16.11500000000000       49.69800000000000
N           49.31800000000000       14.92300000000000       50.02300000000000
C           50.11900000000000       13.92800000000000       49.70699999999999
N           51.23900000000000       14.43200000000000       49.22500000000000
C           51.15600000000000       15.79800000000000       49.23799999999999
H           48.98824420000000       16.75756398000000       52.12081598000000
H           50.49882465000000       17.69926770000000       51.87995944999999
H           48.90925487000000       18.53588338000000       51.87995944999999
H           48.26773115000000       17.41395602000000       49.80181455000000
H           49.87055497000000       18.21551028000000       49.58130274000000
H           48.38397117000000       14.82593407000000       50.44616468000000
H           49.89319583999999       12.85787833000000       49.82469493000000
H           51.94193333999999       16.50400505000000       48.93162495999999
Fe          52.30300000000000       10.70700000000000       48.60400000000000
Fe          53.13799999999999       13.74500000000000       49.03900000000000
Fe          54.30500000000000        9.66500000000000       47.56600000000000
Fe          54.35699999999999       10.29400000000000       50.10200000000000
S           55.82800000000000       10.84600000000000       48.57999999999999
S           53.13799999999999        8.66500000000000       49.20900000000000
S           52.88100000000000       11.98400000000000       50.31200000000000
S           53.23400000000000       11.24500000000000       46.62800000000000
Fe          54.83100000000000       12.39800000000000       47.33100000000000
64
 energy: -105.294577664814 gnorm: 0.050033346751 xtb: 6.6.1 (unknown)
C           53.65705984364454       15.46416053545740       52.98367496315179
C           53.30218266791989       15.91188798816312       51.56704969393481
S           54.37595856806455       15.18912781689773       50.29974525116113
H           53.15230100966513       16.10007739002664       53.72063577541673
H           53.34489587768675       14.42726279889564       53.14346745815809
H           54.73785615838916       15.53354268208906       53.14008608255170
H           52.25887619590933       15.63247764579697       51.37684894796604
H           53.38956860229714       17.00626314536185       51.52508615015999
C           47.98806698935954        9.73858985592073       49.34777941034503
C           49.41409033075463       10.22542056836142       49.56752815385083
S           50.12968653005841       10.76268210986792       48.00138071732067
H           47.49043942007086        9.56336710669873       50.30766213048216
H           47.42330814496214       10.48696030729891       48.78379290496052
H           48.00025620687466        8.80735450782448       48.77475203591700
H           49.38619822097806       11.06066410941282       50.27928109515366
H           50.00666151230038        9.41452247287818       50.01084715098510
C           56.66725802890734        7.21586063303684       47.92041518254512
C           55.37547062594096        6.78537373500723       47.19187774811082
S           54.81731239561816        8.02296140867394       45.96601605285191
H           56.52341172239544        7.16053791889153       49.00457925715664
H           57.50769646818131        6.56951171956142       47.64774536449820
H           56.92065647994679        8.24920199892021       47.65864986938409
H           55.55677811190343        5.82999390935567       46.68207537986757
H           54.58274135558617        6.65570361078668       47.94081359771835
C           58.20206611618927        9.84347071648543       51.87542769974583
C           56.98225571400435        8.96856709145901       51.56159861505139
S           55.44523553954085        9.79667298491017       52.08430039918667
H           58.32082512069618        9.94234109554903       52.95864039628621
H           59.11939947639691        9.41085884404798       51.45810089130771
H           58.05482735254139       10.84191790923451       51.45200655706505
H           56.97022309551626        8.75876394605251       50.48401667015418
H           57.09052200315958        8.01404189916866       52.09696077651824
C           57.04764369102656       16.49581150167259       47.53931578118120
C           55.94839622556000       15.53871994051387       47.10934195839941
S           56.22889577921062       13.89396546228728       47.84797216865823
H           57.10421124190604       16.54283856476289       48.63179395544453
H           58.01462513455509       16.15935319472640       47.15299445157126
H           56.84398163560419       17.50001429816823       47.15057643977225
H           54.98434362442211       15.93047846065789       47.45611998857631
H           55.94713013503321       15.47125302369870       46.01450212830535
C           49.43512196982882       17.62189089552372       51.60260580002885
C           49.31935804509520       17.41902660170534       50.09065650335997
C           49.92546800928803       16.12072601347817       49.70780329093225
N           49.31249844011657       14.93064081467488       50.01433922827069
C           50.15275898940964       13.93023897107958       49.69285877771903
N           51.29095085689863       14.42963695346122       49.22780026670267
C           51.15774681253608       15.79459901569909       49.23066926696332
H           48.98981520349268       16.77308810231513       52.12834542628623
H           50.48767903495769       17.70143404678929       51.88948037685087
H           48.91409188015172       18.53503878053198       51.89457717886327
H           48.26361419646634       17.43644596219971       49.79961020194686
H           49.84937237000136       18.22625266270536       49.57423614442347
H           48.39350973103540       14.83145900228729       50.42377152766637
H           49.92344587054683       12.87776759250373       49.80317053345581
H           51.93470441750272       16.48088087623073       48.91479605525867
Fe          52.31810911937972       10.71995056683566       48.58408663203578
Fe          53.17559575816616       13.66333294292933       49.11130697843922
Fe          54.31201774429347        9.70898921925085       47.55346990275768
Fe          54.36412427108402       10.29094859486011       50.09783483079718
S           55.86342206752222       10.80899448855823       48.59171806539008
S           53.15342988232687        8.75644341438055       49.16525963193108
S           52.87528508859052       11.93173283250125       50.31360721217966
S           53.16885367182108       11.28149086926202       46.60123749572904
Fe          54.86140309671158       12.28032012165800       47.36615643113811
64
 energy: -105.311226232608 gnorm: 0.027982372032 xtb: 6.6.1 (unknown)
C           53.66478959890479       15.46137982313959       52.97721125027773
C           53.28913954063638       15.91903924232297       51.56435336190964
S           54.33506216071308       15.16438294196893       50.26930533267760
H           53.16524586988984       16.08523456584116       53.72539886658651
H           53.36086004639663       14.42527314972021       53.13996159910904
H           54.74264452057381       15.53199013755188       53.13362514347746
H           52.22880487411440       15.68135908771596       51.40643217154316
H           53.38630512583316       17.01197425983268       51.51592591250919
C           47.97711610354984        9.72939461897617       49.35194086128836
C           49.40154522232781       10.21381563961739       49.59621863417571
S           50.11696557418649       10.78785330783479       48.02459116352870
H           47.46174299375146        9.54274012770129       50.29765121130494
H           47.42196776842270       10.48240890634581       48.79041504455842
H           47.98671752040226        8.80983714411791       48.76559619930976
H           49.36759530468991       11.03374193411342       50.32534825848483
H           49.99097037533033        9.40239467472099       50.04087675152439
C           56.67440322955846        7.19951255049386       47.92233702358745
C           55.38192147268013        6.79103793625354       47.19652387541076
S           54.82798586805919        8.05146598888734       46.00234055601852
H           56.54877719237265        7.13843900442847       49.00665612668953
H           57.51782520308578        6.56471067530908       47.64217469170030
H           56.93213726882132        8.23361124460569       47.67587350351618
H           55.54452961941779        5.84201278017818       46.66673616333022
H           54.59013192232665        6.61012558184484       47.93951414636890
C           58.19202645864276        9.84502994926542       51.87490349290895
C           56.97482991016220        8.97721269872731       51.55447498092982
S           55.42424882461157        9.80842080116394       52.04518774947293
H           58.30904118895759        9.95135730871910       52.95502167768896
H           59.11415912223251        9.41370234460776       51.47099085241035
H           58.05938979474354       10.84291689182498       51.45127936030075
H           56.98664763401042        8.74836872334154       50.48075622332148
H           57.07347960327636        8.02377383705024       52.09534073676287
C           57.04265817420912       16.49434775805895       47.53600574079111
C           55.92796133411450       15.54921621958496       47.09136904982252
S           56.21109005050938       13.91495530873872       47.84994550472039
H           57.09579900499723       16.53313364479595       48.62625113538683
H           58.00969696414416       16.15365649296207       47.16162164756369
H           56.86427361724709       17.50619256766628       47.15828435767267
H           54.96865799166566       15.95740064995414       47.42959834450111
H           55.92199435282236       15.49502932600031       45.99682249164680
C           49.43059650400436       17.63256912346453       51.60559505155371
C           49.31377484863303       17.42955346422152       50.08931767604434
C           49.92919488488363       16.12495937935484       49.71209700783297
N           49.31537023173956       14.93229624861874       50.00074133114338
C           50.19321200575912       13.93191951308947       49.67503398745222
N           51.33826202770179       14.43628864714074       49.21706791805124
C           51.16263827175813       15.79983751435428       49.22276965965288
H           48.98743456887000       16.78787772907525       52.13199452588429
H           50.47923782855235       17.70625372537636       51.89538517012581
H           48.91622360745705       18.54106833684657       51.90674807963301
H           48.26050804620898       17.45309645287341       49.79925376162820
H           49.83050111389505       18.23943318406622       49.56916185830635
H           48.40679188121672       14.82806071218844       50.40007161595071
H           49.95678582164805       12.88974417195721       49.77562163385915
H           51.93606862035350       16.47116373151969       48.89697470021133
Fe          52.34793706910120       10.75346720406235       48.55069027564414
Fe          53.21115178138752       13.58833697500070       49.19681044616170
Fe          54.32102781145177        9.72809255317348       47.52541961836386
Fe          54.36811493147723       10.31421632227763       50.04783587251499
S           55.95107134332380       10.73746779323236       48.56528467828196
S           53.15829069213461        8.83851994940662       49.10159593907801
S           52.84244927153613       11.88167360814234       50.36496006701861
S           53.16206040820626       11.31816658124974       46.56523953258174
Fe          54.84584790631108       12.18139148332676       47.52432540823403
64
 energy: -105.321389438704 gnorm: 0.037481367872 xtb: 6.6.1 (unknown)
C           53.67037976171284       15.46109261550886       52.97237420712504
C           53.27513499071822       15.93095758211528       51.56764706202267
S           54.29986573331031       15.15157363609735       50.25841823893369
H           53.17659997956664       16.07255121871917       53.73438725140758
H           53.37602310163663       14.42181148444578       53.13009786662578
H           54.74867064432644       15.53475811552812       53.11976753300796
H           52.20389189280639       15.72372764358855       51.43270057079131
H           53.39210701351888       17.02161869291978       51.51158631276603
C           47.96456344935198        9.71998358131381       49.35689068084844
C           49.38656797971586       10.20068547915468       49.62838566685290
S           50.10937501632689       10.81096469442284       48.06229329386550
H           47.43000646418630        9.51738288667253       50.28907715470349
H           47.41941172291627       10.48189456448573       48.79848482580623
H           47.97822367927002        8.81145765777178       48.75413662905781
H           49.34395548204388       11.00511300935067       50.37500440253471
H           49.97383660625966        9.38427665455400       50.06653880291470
C           56.68652525588864        7.17977216731416       47.92457599607575
C           55.39182709188155        6.78569689732251       47.20010922447512
S           54.83221419869061        8.05958749054536       46.02976681906009
H           56.57294912373570        7.10579279808524       49.00919589554988
H           57.53033595785041        6.55194009597051       47.63180091377389
H           56.94674638334654        8.21749081405289       47.69499173753541
H           55.54618853746960        5.84785012866936       46.64600544992173
H           54.60239889939715        6.57116949093919       47.93982190976811
C           58.18213740532065        9.84910271219754       51.87573727555789
C           56.96690013625149        8.98556171169310       51.54520006860518
S           55.40378188279269        9.81831702358086       52.00339765289122
H           58.29057093543604        9.96151750532145       52.95570041314159
H           59.10892028154421        9.41468590764357       51.48538562165209
H           58.06067335500445       10.84579611498853       51.44717051025758
H           57.00074180245175        8.74047647703398       50.47465524821433
H           57.05340305170903        8.03670678408112       52.09715301341480
C           57.03454276981688       16.49453051314820       47.53166307807011
C           55.90712312306405       15.56278420422496       47.07641756353571
S           56.21380125536922       13.93063553850361       47.82560782825695
H           57.08233220794697       16.52174565335438       48.62209022445197
H           58.00007232589751       16.14256387954953       47.16504248777897
H           56.87948332302056       17.51404301661609       47.16367804450408
H           54.95077808481219       15.98336910909914       47.40998844838196
H           55.89882731244109       15.51815311190659       45.98058460079499
C           49.42782404276525       17.64177055091855       51.60609053589881
C           49.31343841858985       17.43603293818188       50.08738115178745
C           49.93975688960604       16.13071582988920       49.71090695032582
N           49.32865070408789       14.93297976463243       49.98734969759396
C           50.22800118029900       13.93629372270571       49.65719902749940
N           51.37185358282636       14.44900241806374       49.20441075081750
C           51.17424596709795       15.81191662836467       49.21628578989973
H           48.98286295096622       16.79973797901256       52.13373370522842
H           50.47486268649597       17.71252087987219       51.89960517538567
H           48.91662016509070       18.54996227020870       51.91109548062400
H           48.25991818354298       17.45941465766360       49.79858221421355
H           49.81897904796961       18.25130576580602       49.56531836341858
H           48.41992307483783       14.82203235287323       50.37894587958291
H           49.98490845388133       12.89561321064903       49.74241209602858
H           51.94648125295799       16.47729038794791       48.87917913939613
Fe          52.37758288800076       10.82037936182822       48.49851991251617
Fe          53.23153615984304       13.51232429313355       49.26396582826231
Fe          54.32904384459308        9.73195329169091       47.48525846664007
Fe          54.39478152764589       10.35193531388906       49.98787042316864
S           56.04291620335349       10.64049038829732       48.53068517095414
S           53.14761424019373        8.88907360450779       49.05106687486749
S           52.80234851354531       11.81853275319359       50.43532476843275
S           53.18785638380248       11.35383466931077       46.51860326734649
Fe          54.76179529920520       12.15965255487366       47.75153581517601
64
 energy: -105.326899379774 gnorm: 0.029105983684 xtb: 6.6.1 (unknown)
C           53.67436524841163       15.46375443137450       52.97008661004828
C           53.26211832054113       15.94606670928140       51.57622516729419
S           54.27546753528048       15.14306232502781       50.27374411713947
H           53.18717963740510       16.06336141603972       53.74693427239960
H           53.38880576156475       14.41887671913985       53.11549661424319
H           54.75585431791053       15.54089845616004       53.10105118197758
H           52.18550344523590       15.75874536750800       51.45317260296622
H           53.40655231941290       17.03364336141940       51.51320382262038
C           47.95298667786312        9.71029235489512       49.36041121611301
C           49.37170022218029       10.18650164397588       49.66321358036355
S           50.10918220163714       10.83374780250339       48.11488066872961
H           47.40086766820613        9.48725544221082       50.28010154841192
H           47.41656183177503       10.48542322144472       48.80908296260310
H           47.97472838745908        8.81293733656217       48.73803400695377
H           49.31930718401080       10.97381703261566       50.42932831667508
H           49.95566938431052        9.35908889022794       50.08680004904957
C           56.70366357733417        7.15340442648747       47.92597808930132
C           55.40660778679746        6.76912472037198       47.19762525212186
S           54.84318718224014        8.04247459093503       46.03043826695789
H           56.59550384814123        7.05948796253038       49.01076824383562
H           57.54563268150404        6.52928360742695       47.61578950460763
H           56.96330125608211        8.19699680707583       47.71484488200088
H           55.56332478983282        5.84327617270938       46.62422155037048
H           54.61994369135116        6.54133832148231       47.93613029382340
C           58.17154533348884        9.85677100480693       51.87740665169883
C           56.96164297622343        8.98937597504596       51.53365202531155
S           55.38875011029358        9.82347907928028       51.95647417782387
H           58.26447684315381        9.97505463740661       52.95942213385384
H           59.10242600873037        9.41498283553529       51.50232747158892
H           58.05864521558670       10.85109066580075       51.43833113205090
H           57.01247255601191        8.73369881992539       50.46558791016258
H           57.03302765996462        8.04762663472563       52.10030922522505
C           57.02271971546049       16.49739331285668       47.52925158405495
C           55.89026745669920       15.57232203199852       47.07461466493603
S           56.24392612138096       13.93546824667034       47.79644407342114
H           57.06582457198923       16.51465695456367       48.62103543414981
H           57.98488957464689       16.13055296116808       47.16456069751637
H           56.88373003708872       17.52163082105454       47.16612456709865
H           54.93345282009714       15.99554087256162       47.40801616426778
H           55.87940080533631       15.53354525055271       45.97626401793492
C           49.42653139720782       17.64976505902511       51.60433710384876
C           49.31640933059891       17.44018488921685       50.08549127074777
C           49.95213345727058       16.13955909766617       49.70423699214032
N           49.34665312615078       14.93559138474930       49.97456817649898
C           50.24868950164087       13.94558323400060       49.64034382110593
N           51.38367191916754       14.46757447500749       49.19071812396457
C           51.18733255217898       15.82995050673541       49.21039406114490
H           48.97674266095321       16.80928091271258       52.13314717533002
H           50.47372237967321       17.72014829488888       51.90163907614637
H           48.91550499772497       18.56109167692802       51.90715689557027
H           48.26107658793958       17.45682740652279       49.79783184686901
H           49.81419025365210       18.26192843059014       49.56362520871198
H           48.43155530942002       14.81737961815147       50.36025683691513
H           50.00402233645480       12.89959979487955       49.70616535513751
H           51.96082935632745       16.49712551215086       48.86755378296954
Fe          52.39811690232374       10.86097909377549       48.47375348276915
Fe          53.23556344749244       13.46400295389018       49.31541131745588
Fe          54.32375220308652        9.70468386591284       47.46309998846947
Fe          54.41016311056089       10.35869878453692       49.93784057551988
S           56.02113173118165       10.63157748649079       48.48736695104588
S           53.11439401208706        8.89327776160008       49.03901235529442
S           52.79209477372765       11.76763982813977       50.48143886775457
S           53.25278045124204       11.40114101266922       46.53759143588618
Fe          54.73341531930318       12.21426394640740       47.85449155700056
64
 energy: -105.330455788753 gnorm: 0.026528501462 xtb: 6.6.1 (unknown)
C           53.67679103290747       15.46876787804315       52.97043624884022
C           53.25310568610933       15.96169529830498       51.58926774543804
S           54.27099265920936       15.13938869109152       50.31656946126132
H           53.19490502885456       16.05438049012526       53.76317995672896
H           53.40204135232477       14.41515755071449       53.09440495707876
H           54.76341612372656       15.55276949388813       53.07909041227304
H           52.17674085581926       15.78776224100506       51.46731747842900
H           53.43314586452418       17.04481069247128       51.51930054846031
C           47.94449512936042        9.70149325896571       49.36195675806295
C           49.35846732859355       10.17330138907883       49.69937398758436
S           50.11220439873046       10.86200756878609       48.17884505788865
H           47.37647991597147        9.45257135060851       50.26868186772808
H           47.41456112018287       10.49333303001986       48.82236381221031
H           47.97925034560072        8.81653913719202       48.71659755515197
H           49.29556414632572       10.94219130845009       50.48520478431537
H           49.93925197601917        9.32885031873059       50.09873233880287
C           56.72623929513735        7.12022366981994       47.92707832524709
C           55.42526790397063        6.74633124566711       47.19191019358137
S           54.85204667947692        8.03324892828129       46.03870817413372
H           56.61960743160456        6.99397140921982       49.01147679796638
H           57.56361406128683        6.49863934224062       47.58999807432023
H           56.98094542116458        8.17203741436895       47.73819632807741
H           55.59200779743853        5.83652477428662       46.59590093887095
H           54.64503508617506        6.51919056541275       47.93292439050115
C           58.15964025303570        9.86740671613022       51.88015285757257
C           56.95953262080398        8.98800860783092       51.51883710322149
S           55.37994814142757        9.82459255759528       51.90008763105144
H           58.22863962911434        9.99231966149546       52.96601172760612
H           59.09497390216158        9.41529224929115       51.52385858258862
H           58.05266915606688       10.85782291603630       51.42525345623972
H           57.02407448876112        8.72450656868611       50.45399768195618
H           57.01223181099805        8.05677480166297       52.10464019180806
C           56.99940609705464       16.48162856024548       47.53154082056992
C           55.86669668749516       15.55669110830403       47.08437102758661
S           56.22764995324206       13.88425821227954       47.73660110180695
H           57.03975656827804       16.49565680247734       48.62530062846394
H           57.95756017632871       16.09993555372316       47.16394553446923
H           56.87320157999981       17.50922369752609       47.16914919857240
H           54.91039726621309       15.98400073318253       47.42143227339062
H           55.85290179844515       15.53395674805752       45.98155407087065
C           49.42576918437712       17.65677931894584       51.60085601192233
C           49.32028996728729       17.44167568533813       50.08429930103635
C           49.96428680505154       16.15101738025317       49.69312238235099
N           49.36947120896225       14.93820069901000       49.96305432998657
C           50.25854048037250       13.95926911912872       49.62349430320389
N           51.37323373973219       14.49499145636851       49.16968494772168
C           51.19904221049457       15.85606502066416       49.20313106881863
H           48.96766856885645       16.81754476957048       52.13108603322254
H           50.47484683688172       17.72841359498480       51.90145930815117
H           48.91297458097865       18.57514467619924       51.89473103129236
H           48.26164514426115       17.44439172507687       49.79820921619901
H           49.81260783707564       18.27094497048537       49.56395415332380
H           48.44349811907379       14.81121729615207       50.34447576402329
H           50.01618007845090       12.90075820232059       49.66011049509235
H           51.97680663543978       16.53174497099253       48.86172738653271
Fe          52.41201948570880       10.90316480339526       48.46863295074198
Fe          53.22536333415313       13.45595550706235       49.34728451960468
Fe          54.33788215374480        9.79551448088589       47.43712854147213
Fe          54.42392953952729       10.38916077724784       49.89873516289639
S           56.04573357389686       10.63410798734581       48.50730855406596
S           53.11969223389660        8.89722072316360       49.00071616708504
S           52.79890200785186       11.74808798843534       50.50305899141447
S           53.25993303230996       11.49526344972210       46.55248084033348
Fe          54.71991635168357       12.19000710596440       47.94186546878023
64
 energy: -105.332642181345 gnorm: 0.017047722558 xtb: 6.6.1 (unknown)
C           53.68014687095445       15.47405329309592       52.97651390762952
C           53.26309206163531       15.97169089507679       51.59626444752762
S           54.28491396607411       15.14839737553226       50.33108975948761
H           53.19821704772138       16.04983705612727       53.77558839735564
H           53.41006822149119       14.41890887922110       53.08996912083187
H           54.76547031136501       15.56055354890347       53.08355710367926
H           52.18598279274758       15.80629145036000       51.47145440573895
H           53.44535544421521       17.05302425241776       51.53040086719218
C           47.94329072802620        9.69647289944586       49.36285909177295
C           49.35537423438853       10.16271775743501       49.71543878862358
S           50.10933084901745       10.88681649897934       48.20970585795376
H           47.37088730127025        9.43109547698449       50.26128984713625
H           47.41428769555817       10.49529394514611       48.83416183834503
H           47.98334289505383        8.82286905475160       48.70334794654027
H           49.28605202300095       10.91437438328933       50.51816805885895
H           49.93313028301154        9.31028125790391       50.10188673042485
C           56.73956365281970        7.09997000135721       47.92306185624125
C           55.43744550434926        6.74218890812980       47.17955841948731
S           54.87815294912136        8.03921504226109       46.02569772656980
H           56.63283224857405        6.95229359967935       49.00466874969391
H           57.57586680216393        6.48315540299975       47.57690905521659
H           56.99669475932868        8.15387756621520       47.75264391522106
H           55.60474756624158        5.83357308343803       46.58484090218067
H           54.65468084897192        6.51142595564019       47.91682270973120
C           58.14989075936136        9.87081968833001       51.88024648565069
C           56.95514085092852        8.98693013478344       51.51336564311009
S           55.37488162103454        9.82083179839284       51.88851712456552
H           58.20444260042041       10.00474116222123       52.96531089937876
H           59.09204353675302        9.42151474283615       51.53948471763218
H           58.04396570560867       10.85726103729588       51.41855719521555
H           57.02971964026469        8.71859074931213       50.45067188780551
H           57.00888723361835        8.05940150122007       52.10225946301779
C           56.98421689577660       16.46626009535421       47.53817736760110
C           55.85208057747759       15.54257720701395       47.08874129516277
S           56.21988954197352       13.86476644912167       47.72704254559245
H           57.02870764606618       16.48575779044342       48.63108155817087
H           57.94086107579861       16.08696811405507       47.16717163509067
H           56.85415680270905       17.49077498171317       47.17319997205399
H           54.89704312239684       15.95670723321808       47.44243670380833
H           55.82736067719471       15.52904662915721       45.98599300210864
C           49.42395511006114       17.66234865475218       51.59836271296086
C           49.31696868136271       17.44791230155479       50.08281301128471
C           49.96436130343380       16.16196596311129       49.68811782243911
N           49.37392890097210       14.94615150885094       49.95271481146832
C           50.25999122064021       13.97226400940098       49.60473937059045
N           51.37208579295969       14.51243424779906       49.15196877883269
C           51.19972267669604       15.87232094454240       49.19398061338905
H           48.96465043331348       16.82571065082968       52.12981288361056
H           50.47211111493586       17.73370479450957       51.89966667042135
H           48.91228947278343       18.58159899168450       51.88739531353628
H           48.25917581639828       17.44407145712582       49.79651709875346
H           49.80680154523689       18.27764780918318       49.56221381355135
H           48.45129592125019       14.81554644279944       50.33274393281715
H           50.02209815962115       12.91313796044383       49.62397476358954
H           51.97662416228819       16.55037661603412       48.86398921912716
Fe          52.40731536220447       10.87750868220724       48.49860840261777
Fe          53.23048368400770       13.48535654710720       49.36276581509996
Fe          54.32327276929612        9.78147851987134       47.42439779072217
Fe          54.42781901832060       10.39994558111810       49.89321742099006
S           56.05036813133433       10.61384149022883       48.47059097693163
S           53.14533456172615        8.90715261815372       49.00286621420288
S           52.81345768067391       11.76272610318911       50.48324196776930
S           53.26459431938742       11.52677348175321       46.58930011225378
Fe          54.70476869662145       12.22060197490083       47.96270049363418
64
 energy: -105.334313076283 gnorm: 0.012002816373 xtb: 6.6.1 (unknown)
C           53.68709069857022       15.48281673590094       52.98691414774236
C           53.27871908076366       15.99174784615616       51.60718804813668
S           54.29626610937873       15.17215259136322       50.33830499364040
H           53.20187771515807       16.04651749064791       53.79110919975449
H           53.42032723425924       14.42707057274498       53.08825440162476
H           54.76983765533755       15.57110043500345       53.09955015777805
H           52.20036682152017       15.83460818582001       51.47614672850960
H           53.46050976193172       17.07211658175883       51.55099328034957
C           47.94199172126159        9.68829130664529       49.36667359974620
C           49.35194078357912       10.14649183497708       49.73534954135459
S           50.10829588940209       10.90016812841858       48.24689279493394
H           47.36614466933134        9.40398695704545       50.25513946042832
H           47.41520742490616       10.49596045284934       48.85168659919539
H           47.98759142211602        8.82995512617854       48.68977878223037
H           49.27962100165638       10.88084181032561       50.55205446953806
H           49.92704034689902        9.28771377457069       50.10857259837363
C           56.75575405857531        7.07890244991205       47.91586219630570
C           55.45158129163735        6.74696265012671       47.16219675949233
S           54.90911314678613        8.06390152220654       46.01667649393547
H           56.64986332791508        6.89926487929962       48.99284619546150
H           57.58993094574576        6.46937951788032       47.55436615244150
H           57.01740763051650        8.13571240193073       47.77491389484877
H           55.61171412311210        5.83951213389131       46.56374623375431
H           54.66321545661671        6.51128901712498       47.89330322163499
C           58.13916291584314        9.87545517662525       51.88030615556556
C           56.95257375846158        8.98380561640122       51.51000079569815
S           55.37379267395566        9.81054751089813       51.89123370725392
H           58.17603926214888       10.02244379905501       52.96354939549834
H           59.08994362642018        9.43159391496482       51.55913003289475
H           58.03253535150147       10.85603160713601       51.40892558803115
H           57.03458560648379        8.71273045968063       50.44912108411375
H           57.01241968550806        8.05784103277112       52.09797844445720
C           56.95992219502087       16.43865238321127       47.54748324612358
C           55.82860149427595       15.51696742449171       47.09327006894225
S           56.21828963057777       13.82845602587853       47.69541558069545
H           57.00990088076556       16.46148065775361       48.63944378766524
H           57.91647502607496       16.06726921314301       47.17185107740310
H           56.82075838290665       17.46065935352858       47.18200414624226
H           54.87523188751597       15.90728881295283       47.47584126149960
H           55.78730303316129       15.52311402801142       45.99167554704391
C           49.41973169070432       17.67192215608411       51.59640369634300
C           49.31144733263027       17.45839088075518       50.08157272516166
C           49.96433129234836       16.17710789439649       49.68542448230642
N           49.37546333151595       14.95909985713337       49.93815854024467
C           50.26021796249426       13.98988008089941       49.57943871440542
N           51.37618663002932       14.53314712433550       49.13298763514817
C           51.20137521670345       15.89214845508762       49.18664933333771
H           48.96056983820807       16.83767032779587       52.12867546689132
H           50.46693029730970       17.74162241500512       51.89707297331937
H           48.91037825634896       18.59127580733908       51.88258960644522
H           48.25502190775624       17.44823788730306       49.79514199005960
H           49.79753217588588       18.28873688916081       49.56072248969853
H           48.45644991862889       14.82506852408842       50.31443900131017
H           50.02484526286660       12.93100018704397       49.57282583742363
H           51.97487970522292       16.57374969667762       48.86811246449049
Fe          52.41707925445022       10.88714733600450       48.51348055328869
Fe          53.23552371555264       13.50330974358380       49.37926460683514
Fe          54.32694272680574        9.78070561394182       47.42088847136807
Fe          54.42713642383852       10.38764472155085       49.89907516211924
S           56.05122868656947       10.61637950794188       48.46756974326012
S           53.14410094679179        8.91380766182001       48.98923255745289
S           52.82142933533221       11.77853636654386       50.49895597722145
S           53.27501369557269       11.54427065161429       46.58902016708345
Fe          54.73293054884700       12.21224304462549       47.94140494444384
64
 energy: -105.335698605066 gnorm: 0.018853999300 xtb: 6.6.1 (unknown)
C           53.69769687811252       15.49472550657291       52.99927574174638
C           53.29874793508074       16.02067218500128       51.62026853491157
S           54.30072551436713       15.19375837203911       50.34110808302962
H           53.20610261378302       16.04264146379456       53.80847347122502
H           53.43498625016727       14.43838111473194       53.08582140974069
H           54.77724574234061       15.58539363687118       53.12359919042104
H           52.21602482923262       15.88112613299081       51.48552543442577
H           53.48769514402654       17.10024802088869       51.57622888469967
C           47.94294355299760        9.67698606572447       49.37166026796324
C           49.35030975738361       10.12522319071085       49.75944145019891
S           50.10476412609355       10.91491269901688       48.28977459412953
H           47.36190085805452        9.36352766464920       50.24495199618777
H           47.41828385869300       10.49819079185495       48.87894024261013
H           47.99400158339867        8.84251735553839       48.66769444785005
H           49.27542952398390       10.83611934907253       50.59434589904782
H           49.92157792979534        9.25765417816800       50.11498453263346
C           56.77839861251327        7.05012343107938       47.90366667823976
C           55.47271796742896        6.75211492010008       47.13958511091111
S           54.95448691616538        8.09588200310336       46.01059497136512
H           56.67683167446139        6.82270252083529       48.97296182481926
H           57.61140655431463        6.45583619114622       47.51594614551415
H           57.04332418785448        8.11146070974486       47.80866618196709
H           55.61802500405241        5.84807737494831       46.53037495283711
H           54.67548405446891        6.51108159513816       47.86017874787093
C           58.12505951261711        9.88256398372179       51.88214603758512
C           56.95277925734534        8.97641320852549       51.50805502486119
S           55.37054722226100        9.78769148102589       51.89446571780965
H           58.13604862093320       10.05134822694573       52.96219169297254
H           59.08818781741940        9.44595521610727       51.59103809419280
H           58.01806434236626       10.85353083124431       51.39309265749801
H           57.04448107973109        8.70228682516582       50.44927883843303
H           57.02272818680427        8.05093231361298       52.09426570423233
C           56.92352154699464       16.40228045367452       47.55876644772369
C           55.79397850861323       15.48348499771387       47.09504711204659
S           56.23032940791407       13.77273073659772       47.61666442586196
H           56.97786393483847       16.41961154503195       48.64991041095762
H           57.88060573772020       16.04060067709273       47.17840640802073
H           56.77618181376378       17.42552333410589       47.19980220531224
H           54.84391566616308       15.83668832243567       47.52371907884115
H           55.72329534111559       15.52869058086717       45.99578410104318
C           49.41221900474243       17.68834634016500       51.59447171752211
C           49.30425917551641       17.47429519718051       50.07964393607850
C           49.96878206986040       16.19824891492917       49.68414714429598
N           49.38085693088006       14.97662873275870       49.91405675926357
C           50.27085834118791       14.01376542473511       49.54165688699271
N           51.39406599771314       14.56275499392843       49.10631568400564
C           51.20910619667720       15.92059369146217       49.18045552592783
H           48.95290638785679       16.85702606372109       52.12743723657856
H           50.45818997575993       17.75455738458960       51.89482902646097
H           48.90672066463907       18.60758802478346       51.87960963019428
H           48.24943568665981       17.45600932929034       49.79313403495004
H           49.78176056774091       18.30771522770873       49.55826737401020
H           48.46384674433160       14.83636704089537       50.28066934616231
H           50.03496880670096       12.95518014241287       49.49256991451345
H           51.97616788815380       16.60791682877432       48.87228747030765
Fe          52.43078428308308       10.90676340656605       48.52450056108829
Fe          53.25288457689018       13.51131365121523       49.39328831313346
Fe          54.33383434849005        9.78865235640284       47.42449332957815
Fe          54.42863380702272       10.36403784958303       49.90695829661584
S           56.05898716002321       10.61491604577524       48.47480693329886
S           53.13254810162822        8.92266261841262       48.97276791174083
S           52.85143795636393       11.79433042992971       50.51344212645846
S           53.27267462543956       11.55867959781558       46.57961578236937
Fe          54.70306151728227       12.21586574939265       48.00872931671005
64
 energy: -105.337282371522 gnorm: 0.013743668733 xtb: 6.6.1 (unknown)
C           53.70622461258074       15.50391883448794       53.00565656357831
C           53.31532996368774       16.04330389348534       51.62827277737000
S           54.31633819283328       15.21979415702394       50.34802413726369
H           53.20494614331182       16.04338966939323       53.81428710040629
H           53.44538596464208       14.44541951335940       53.07983859228285
H           54.78535125886344       15.59746083782189       53.14155952091381
H           52.23223057736519       15.91078200031165       51.48683655834574
H           53.51570919434118       17.12286927392499       51.59455976239786
C           47.94414852381924        9.66735412044453       49.37477836065872
C           49.35023648437441       10.10979192864377       49.77140602685533
S           50.09637209953937       10.92184000643912       48.31375679905474
H           47.36280494052999        9.32806062028667       50.23895675492050
H           47.41856527471736       10.50245639801319       48.90415488079089
H           47.99838079705700        8.85222070281733       48.64668896742979
H           49.27605507533611       10.80491831385985       50.61937756710739
H           49.92157351858751        9.23379151983569       50.10866774733761
C           56.79443875459010        7.03222695414024       47.89234530914849
C           55.48839255157356        6.75587574231497       47.12258233690749
S           54.99016608025058        8.11697332742028       46.00630374017921
H           56.69610018928041        6.76561157412863       48.95450055001885
H           57.62708113316538        6.45238056908731       47.47795790440854
H           57.05640813619486        8.09763057308705       47.83339252454334
H           55.62369597129702        5.85793089636839       46.49964336525183
H           54.68495711982166        6.52236355647554       47.83683609900354
C           58.11670989944932        9.88926677873115       51.88666883343567
C           56.95905824107742        8.96434368860341       51.51087379743863
S           55.36700528549135        9.75370950399481       51.89939549672006
H           58.10739190380617       10.07628080683784       52.96482732418692
H           59.08757531376806        9.45527030677277       51.61753386588430
H           58.00708033227935       10.85111124893963       51.37749445733078
H           57.05162573576940        8.69351136991965       50.45159052067315
H           57.03984265595426        8.03814114899046       52.09610343951856
C           56.89207885378288       16.37700258972151       47.56771727763029
C           55.76484310614654       15.45994290928924       47.10027335954135
S           56.21690687128469       13.73597592560607       47.56779681979680
H           56.94343617342766       16.38411972834975       48.65971346322304
H           57.85011832731309       16.01574526692118       47.18626172309546
H           56.74433951752589       17.40463288383920       47.21549269850032
H           54.81754083997919       15.79186447876405       47.55296162519912
H           55.67674225888012       15.53004797984945       46.00439621608604
C           49.40545485593380       17.70321818919374       51.59418599051298
C           49.30040814994751       17.48843753492222       50.07902856403281
C           49.97389013441178       16.21724825468515       49.68155240523682
N           49.38496919338734       14.99192740119140       49.89091048611444
C           50.27614163396169       14.03456367444223       49.51257044020431
N           51.40179521105704       14.59040631533975       49.08810736956817
C           51.21722923746560       15.94714694022976       49.18240546562500
H           48.94390432154898       16.87148857804134       52.12594082836324
H           50.45228113640215       17.76683023010995       51.89458551878597
H           48.90143411178326       18.62395438224734       51.88062450108124
H           48.24511303973892       17.46350703198647       49.79260432995714
H           49.77158888638959       18.32714611229123       49.55920078713495
H           48.46189265327693       14.84556514570381       50.24840519447294
H           50.03920489296353       12.97318671236117       49.43151066245056
H           51.98247627399894       16.64336104017734       48.88155516008880
Fe          52.42078765108282       10.90228533795427       48.54059641291965
Fe          53.26038740028952       13.53040832188025       49.40856302397523
Fe          54.33981445649001        9.79747577838082       47.43856696556932
Fe          54.43458263279035       10.35186292865060       49.91845403005294
S           56.06992609589712       10.60704681829373       48.49014695586504
S           53.12861233761686        8.90904399965895       48.98238783090878
S           52.87703732132123       11.80083135867645       50.51281136875917
S           53.25603188263555       11.56053478901137       46.61138060315717
Fe          54.71753849592974       12.19709577629036       47.98927725071659
64
 energy: -105.338525421332 gnorm: 0.010743951694 xtb: 6.6.1 (unknown)
C           53.71496597663324       15.51450202940980       53.00910583197386
C           53.33824880579883       16.06272966580307       51.63150491744191
S           54.34080544354774       15.23591119303984       50.35341334015212
H           53.19999146728053       16.04856854522842       53.81329537911262
H           53.45573779710472       14.45400420189670       53.07227389272283
H           54.79342370718415       15.61049949573555       53.16067182876354
H           52.25528676126792       15.93962198401045       51.48498141523626
H           53.55263838835351       17.14119418239158       51.60482762178377
C           47.94678496161026        9.65645322232686       49.37634433153755
C           49.35378564467075       10.09121022055025       49.77888173779772
S           50.10202635576546       10.92322127706642       48.33624548518104
H           47.36867848647437        9.28967382712157       50.23193828084234
H           47.41669446353198       10.50441626290363       48.93233953453782
H           48.00122115302453        8.86303668009839       48.62441074772774
H           49.28134988745450       10.77189480816049       50.63882461740049
H           49.92622638222083        9.20934980337130       50.10013565435603
C           56.80909330571858        7.01564403439311       47.87450589630564
C           55.50230057996215        6.76196601470644       47.10233971159674
S           55.01997027609877        8.13583020118833       46.00008889405943
H           56.71753869807624        6.70973807930975       48.92593530164617
H           57.64382288666258        6.45771853304268       47.43297118487848
H           57.06381231310112        8.08359233807861       47.85452060572008
H           55.62933559485196        5.87018398412704       46.47003943014501
H           54.69606643621282        6.53645212081194       47.81442026177468
C           58.10940944349421        9.89524460313149       51.89289326318083
C           56.97006049926831        8.94662592172888       51.51867279385226
S           55.36015613617977        9.70139582996612       51.91225542107311
H           58.08143469466318       10.10388643222838       52.96694650861011
H           59.08844564070228        9.46686714140809       51.64646277514314
H           57.99477824526768       10.84503562914624       51.36030277028739
H           57.06151456164826        8.68193944664708       50.45726245470314
H           57.07095911489579        8.01962065574316       52.10229958002887
C           56.85627400246888       16.35464261327061       47.57850356511699
C           55.73191931123668       15.44150411061444       47.09994170093664
S           56.19766708026923       13.71419426692476       47.51904462650105
H           56.90028627210577       16.34575891584826       48.67169817101149
H           57.81591007699836       15.99429633589683       47.19730412465459
H           56.71231433475738       17.38814752701326       47.23866056653807
H           54.78896559757274       15.75419017377620       47.57000430848783
H           55.62725659608346       15.53662607497874       46.00954751210633
C           49.39902635226941       17.72019231985659       51.59519789663447
C           49.29800696523858       17.50668606073233       50.07886108862660
C           49.97952045124039       16.24032504195479       49.67605411454182
N           49.38748245714471       15.01136976114335       49.85947129694740
C           50.28247057584344       14.05880492705917       49.47565732813457
N           51.41054924900874       14.62297843198629       49.06718338436312
C           51.22656403552237       15.97811783092545       49.18604837742114
H           48.93347865887435       16.88764010271705       52.12451530344182
H           50.44627233520767       17.78166368382372       51.89813623856153
H           48.89549300092025       18.64218305142395       51.88321594904225
H           48.24203522064655       17.47516024135692       49.79200462977328
H           49.76229493384756       18.35187978273041       49.56167341443445
H           48.45878369621448       14.85887510036686       50.20811837991636
H           50.04444933362803       12.99794731156049       49.37202377994775
H           51.99381180978065       16.68287212129228       48.89923534948863
Fe          52.42537621302534       10.88623975734438       48.55827889928760
Fe          53.26624777101239       13.54651670922374       49.42140464855299
Fe          54.34320599735892        9.78791699201457       47.45216469087965
Fe          54.42736866956987       10.33779834059188       49.94441094184945
S           56.05280411505291       10.59537680119618       48.52093889500511
S           53.13349766920867        8.89086509421155       48.99516825936678
S           52.89488660587941       11.81092705796980       50.51962808122763
S           53.24006352592029       11.54352170273573       46.64095466883124
Fe          54.71484285738181       12.18065764271043       47.99869534877882
64
 energy: -105.339656160994 gnorm: 0.010152773258 xtb: 6.6.1 (unknown)
C           53.72508482133163       15.52807552055050       53.01070634610797
C           53.36930666712745       16.08253044317287       51.63082183950885
S           54.37027449350626       15.24258278297835       50.35691735847437
H           53.19420819685529       16.05889302864312       53.80767963115385
H           53.46614803123833       14.46686699130870       53.06444821744883
H           54.80149983678922       15.62452503073223       53.18247138195401
H           52.28620009637442       15.97452688501893       51.47704544918458
H           53.60054218574903       17.15794275215833       51.60750294893090
C           47.95056315504296        9.64226700109489       49.37818177629497
C           49.35954421001062       10.06794015157724       49.78310048056719
S           50.10565814443154       10.92075806443355       48.35411098156684
H           47.38162104398981        9.24485042347192       50.22564375315793
H           47.41264184486498       10.50257584177501       48.96756877215747
H           48.00238113350640        8.87524313034728       48.59980257770637
H           49.29125277618240       10.73436152770817       50.65442374792381
H           49.93347872770308        9.18047093961419       50.08644030388339
C           56.82526409076957        6.99836446191798       47.85078328554208
C           55.51639285874985        6.76828025458070       47.07798501654834
S           55.04774565954525        8.16224302758257       45.99902378779221
H           56.74571793296169        6.64046286974002       48.88746618866526
H           57.66340920649410        6.47270182168713       47.37501492510460
H           57.06736331816303        8.06984284330247       47.88133392925413
H           55.63292870023647        5.88337141169061       46.43574795183589
H           54.70986412434766        6.54720778095186       47.79132150208866
C           58.10060135529056        9.90192083390037       51.89989025842308
C           56.98421855202029        8.92396433591714       51.53049158874887
S           55.35095038304435        9.63026080053782       51.93521938784711
H           58.05217452694863       10.13605514958533       52.96754629336650
H           59.09015323881771        9.48405694191312       51.67960615550903
H           57.97876515181102       10.83621489024971       51.34143674126523
H           57.07434290967346        8.66634617530720       50.46627861734257
H           57.11472053465538        7.99736045852217       52.11153096844667
C           56.81036110393632       16.33063272763895       47.59526932736711
C           55.69031909099426       15.42151594004475       47.09994790892863
S           56.17829441382941       13.69588792240453       47.46813411961692
H           56.84584483975335       16.30260056842101       48.68911543429471
H           57.77238836240034       15.97571508113504       47.21370793933434
H           56.66933112062321       17.36952437685191       47.27216851161430
H           54.75173916789264       15.71375795636807       47.58725339122429
H           55.57069232067978       15.54880131552840       46.01503397588711
C           49.39278730220425       17.73925730218787       51.59556886311506
C           49.29672531790997       17.52959537453739       50.07786177460131
C           49.98555218069900       16.26885966499730       49.66675698397098
N           49.38850759341678       15.03715892879689       49.81817372472194
C           50.28817857195924       14.08915538006633       49.42962699688754
N           51.42118731831055       14.66150112910562       49.04718025074961
C           51.23791180129430       16.01426282052309       49.19028763349595
H           48.92245443727363       16.90634683113591       52.12161256530051
H           50.43917128366670       17.79931354577240       51.90361752390507
H           48.88884699890708       18.66186894770187       51.88377755608248
H           48.24061650313599       17.49139970278358       49.78984648674292
H           49.75441587483652       18.38135415569711       49.56476135702447
H           48.45605819681993       14.87963015992089       50.15726917543604
H           50.04879142775221       13.03087735859031       49.31048813920530
H           52.00980783714700       16.72573717667179       48.92554656267667
Fe          52.42309994640536       10.87204280391240       48.58387887614312
Fe          53.26847175296747       13.55613237866285       49.43709567325546
Fe          54.33842009471529        9.77537449894058       47.48154017701346
Fe          54.42857527588512       10.31628703964552       49.96774381863007
S           56.05321127447758       10.57720240811509       48.54686637010583
S           53.12314599563444        8.87176627855403       49.01818814772780
S           52.92074440802111       11.82103463779961       50.53587322727461
S           53.22584013081365       11.51687409602741       46.66762616967057
Fe          54.70918002742010       12.16937116951335       48.01549618416329
64
 energy: -105.340551856463 gnorm: 0.009786174395 xtb: 6.6.1 (unknown)
C           53.73474855686432       15.54134092761126       53.01016206163376
C           53.40108757716212       16.09837350220007       51.62676509756072
S           54.39664746286649       15.23467262328233       50.36155310815713
H           53.19148317888069       16.07224454165334       53.79925377979691
H           53.47389979077800       14.48073881469922       53.05812374422457
H           54.80815074889474       15.63563017747800       53.20002330265812
H           52.31718763850039       16.01091618468564       51.46380769449909
H           53.65300700744158       17.16878513168869       51.60059022602318
C           47.95471364873087        9.62733466000624       49.37936440178035
C           49.36522418515026       10.04644400358574       49.78713383396130
S           50.10979849614336       10.92690514737792       48.37200949768410
H           47.39560136336252        9.19782832024460       50.21893851261233
H           47.40873233736153       10.49814898758989       49.00292419976711
H           48.00336589574384        8.88774740942061       48.57390040882105
H           49.30056753788314       10.69810973185933       50.67156698080794
H           49.93986889077976        9.15256214713738       50.07127885350084
C           56.84078305773748        6.98373938812925       47.82515033224125
C           55.52664656488102        6.77132417915865       47.05706152178058
S           55.05762801395935        8.17894006003020       46.00026297340079
H           56.77779012360403        6.57655708675059       48.84467356832206
H           57.68149265874305        6.49371973176841       47.31713694165784
H           57.06729461165349        8.05614303215317       47.90307710432164
H           55.63314547606363        5.89323809377221       46.40475958201332
H           54.72330086409746        6.54758229311610       47.77438072008151
C           58.09208838074940        9.90744899549764       51.90463628032003
C           56.99933001115609        8.90076697528488       51.54159197754280
S           55.34954931371400        9.56779624985198       51.95339893333823
H           58.02303747827096       10.16573180630246       52.96559224617416
H           59.09226625894782        9.50203665438771       51.70938609705921
H           57.96297928390524       10.82576739177169       51.32234979827135
H           57.08903889394517        8.64571940125518       50.47601923129367
H           57.15593206832755        7.97843776094025       52.12362519528828
C           56.76129548818229       16.31199317737881       47.61837304084942
C           55.64687447833331       15.40577185945967       47.10209232315399
S           56.15517808469194       13.67998997058728       47.42055171965217
H           56.78867577895039       16.26426040972171       48.71199893886907
H           57.72610222313700       15.96545162835778       47.23628265648883
H           56.62110389024325       17.35525827684657       47.31312212767467
H           54.70909853398447       15.67969127017070       47.60030204033668
H           55.52087132366631       15.56486470373798       46.02115349276645
C           49.38838740989031       17.75586436485935       51.59409975865822
C           49.29774916759192       17.55160717952422       50.07537123398293
C           49.99308745455370       16.29659178821208       49.65584039139869
N           49.39204499812093       15.06337367272980       49.77588742212625
C           50.29718052237872       14.12007715981048       49.38546155095509
N           51.43565100548390       14.69858544244947       49.03308456909939
C           51.25238532291213       16.04860840543598       49.19544820231941
H           48.91424305585997       16.92285231237658       52.11647270239190
H           50.43279851264347       17.81564239280686       51.90829288962423
H           48.88311680852802       18.67825018467556       51.88105418450617
H           48.24231806924669       17.50838871835314       49.78543827867563
H           49.75093225221667       18.40885388630652       49.56769114013812
H           48.45672187112697       14.90223552251497       50.10383121683878
H           50.05539689974418       13.06387348205005       49.25778601169089
H           52.02924380724764       16.76278843834434       48.95363203346967
Fe          52.42206577529791       10.85793073607493       48.61132563710311
Fe          53.27278341387180       13.56408122982996       49.44896873029202
Fe          54.34238940884406        9.75671432358694       47.50856563904283
Fe          54.42095600433638       10.29645536432620       50.00017552454401
S           56.04165245313086       10.57367361850279       48.58298722315831
S           53.11899670270079        8.85851928069710       49.03774576388218
S           52.94004256351683       11.83008090635230       50.55063758292458
S           53.22225619738951       11.48146838725738       46.68578736757742
Fe          54.69770302589014       12.15737474599502       48.03489740917137
64
 energy: -105.341330312831 gnorm: 0.009246489550 xtb: 6.6.1 (unknown)
C           53.74440854532845       15.55558316123509       53.00705187036755
C           53.43622552659788       16.11144704771131       51.61822251071859
S           54.42739867396664       15.22115338786066       50.36722593993042
H           53.19071363683664       16.08995323767503       53.78680747314070
H           53.47887577602242       14.49628756691111       53.05222979568591
H           54.81425619388600       15.64553897735579       53.21417576319059
H           52.35337700571687       16.04501676634459       51.44324212870773
H           53.70955037041576       17.17528011931832       51.58592386200715
C           47.95836287421601        9.61216289510422       49.38211485047002
C           49.37035791160623       10.02681145227403       49.78851419760334
S           50.11365791983604       10.92006519348913       48.38273466543880
H           47.41110862493382        9.15841460999490       50.21442232752916
H           47.40332388219807       10.48652885846113       49.03538673906194
H           48.00302800922454        8.89667839054268       48.55913409854480
H           49.31035625259105       10.67040389856708       50.67650430021917
H           49.94669459203491        9.13198205762794       50.06004102224516
C           56.85454579379901        6.97171893105655       47.79712059130092
C           55.53377903119753        6.76579121063442       47.04051827391640
S           55.05808827210355        8.18551893170927       46.00538712992515
H           56.81360476232427        6.51967854473036       48.79607585256047
H           57.69774320858216        6.52336494816885       47.25773502379837
H           57.05904230229759        8.04219788203660       47.91784910551266
H           55.63322965340870        5.89443727176215       46.37944770897870
H           54.73793718539665        6.53541838261981       47.76484122329042
C           58.08342998346511        9.91189022281268       51.90663864285079
C           57.01218013938642        8.88021393808324       51.55343209351325
S           55.35022073645552        9.51196543417353       51.97005025576443
H           57.99589808103535       10.19112493529518       52.95982137520921
H           59.09256917234300        9.52074016556429       51.73308722561993
H           57.94719150865460       10.81396840482772       51.30282890059975
H           57.10310687057870        8.62153006424187       50.48833836915023
H           57.19165158937252        7.96561203459436       52.13921797256674
C           56.70771121988678       16.30195510901483       47.65010899897916
C           55.60214722041041       15.39766038773508       47.10699006090202
S           56.11861056224968       13.67643292202149       47.39411824591298
H           56.72380864935347       16.23481439096983       48.74289334888725
H           57.67713448907861       15.96577345398777       47.27071328684406
H           56.56605440662615       17.34849098417677       47.36185937787690
H           54.65939408046145       15.65565781128070       47.60108967677882
H           55.48355450993316       15.57762006537057       46.03056195755099
C           49.38610879194902       17.76995537705526       51.58985186038696
C           49.30220763428517       17.57262515124507       50.07006854872806
C           50.00254136375482       16.32258766343084       49.64358334799346
N           49.39731729459677       15.09014677489993       49.73357732489055
C           50.30794164827234       14.15055386972749       49.34734301559486
N           51.45305469319222       14.73079796574020       49.02838611971877
C           51.27065573223112       16.07832305087839       49.20445148625726
H           48.90916835895909       16.93605373955869       52.10750855387408
H           50.42808686506121       17.83008665113064       51.91068635151015
H           48.87859824688257       18.69126112191399       51.87584066251127
H           48.24814122632905       17.52687315440361       49.77684894560448
H           49.75368128730121       18.43445391652936       49.56938225841192
H           48.45752837179537       14.92786024680523       50.04594648727651
H           50.06293940140480       13.09545911151673       49.21951984515223
H           52.05330036744057       16.79163173492413       48.98520782839385
Fe          52.42197597761164       10.84930948056355       48.63245431918044
Fe          53.27682854041505       13.56442968605630       49.46366255518316
Fe          54.33675796291564        9.73743437994705       47.53488317037635
Fe          54.41868119165856       10.27723260582050       50.02648504106602
S           56.03923541885194       10.56458867936508       48.60842622345498
S           53.10927400483826        8.84768545673299       49.06277131081035
S           52.95228873225746       11.82966120211538       50.56693078775210
S           53.22427130124861       11.45133472407735       46.69562953519569
Fe          54.69077624294373       12.14667445824200       48.05095518747110
64
 energy: -105.342065645986 gnorm: 0.012891029014 xtb: 6.6.1 (unknown)
C           53.75633155502361       15.57347795639278       53.00513182647211
C           53.47652490679275       16.12853725112256       51.61006289751406
S           54.46033486068566       15.20655313181293       50.37732423527581
H           53.19425494860769       16.11135285748678       53.77609039453260
H           53.48344640358910       14.51591070956535       53.04660558325919
H           54.82235850505600       15.65682973643130       53.22888252628166
H           52.39450158794016       16.08796888722397       51.42165911414140
H           53.77551952566858       17.18453669720174       51.57217262134093
C           47.96202054711153        9.59606304614284       49.38542959679219
C           49.37382437837267       10.00802486998925       49.79701750306396
S           50.11268845309667       10.93728737988334       48.40609996261635
H           47.42614809234719        9.10127935441594       50.20679399028867
H           47.39726619481896       10.48226945740934       49.08019151133482
H           48.00607780023551        8.91396487009809       48.52887372217650
H           49.31490575251631       10.63300893822587       50.70185282350580
H           49.95217912620955        9.10676322605700       50.04566643499923
C           56.87122116139258        6.95496316742264       47.76863278404706
C           55.54192728064344        6.75458644578946       47.02426627800184
S           55.05026638106246        8.18671897342407       46.01243048579266
H           56.86261756421422        6.43781600364095       48.74460874539751
H           57.71597215417284        6.55950125887274       47.18292396608471
H           57.04707207360102        8.02808829565234       47.94949463820760
H           55.63583074135639        5.89166786828057       46.35090077582598
H           54.75690580405077        6.50821731695799       47.75644588541998
C           58.07089003201336        9.91845998421475       51.90625862573049
C           57.02084696531224        8.86250812210542       51.56464184485387
S           55.35031031112784        9.46490313566125       51.97838869786987
H           57.96038281662803       10.22331142908885       52.95118478493465
H           59.09034954307779        9.54098930817762       51.75951077402188
H           57.92853234868656       10.80192736472105       51.27641070089419
H           57.11825684425450        8.59031885832991       50.50302018529747
H           57.21861414742413        7.96013077630460       52.16046621478463
C           56.64217466311715       16.29213820586806       47.69251112793039
C           55.55112335488919       15.38888100139727       47.11311543230557
S           56.09291394934754       13.65787214061849       47.34249879989360
H           56.64625961845584       16.20061481716977       48.78405124276013
H           57.61815964059604       15.97349667174076       47.31508634616120
H           56.49304655868713       17.34308810789602       47.42596610284177
H           54.59911982442210       15.62198591824709       47.60930600941024
H           55.44091428814526       15.60293993123244       46.03781063031219
C           49.38490268513282       17.78405325536751       51.58089703165277
C           49.30892608247046       17.59358105330210       50.06009544672901
C           50.01510907618064       16.34836446679310       49.62956462860672
N           49.40658761079730       15.11709515064484       49.68811260466057
C           50.32304572678700       14.18147024454893       49.30846891974803
N           51.47635715807436       14.76135200248210       49.02622251794322
C           51.29361986279041       16.10690774988633       49.21464823340207
H           48.90593230899896       16.94890151547453       52.09329206186999
H           50.42430932396836       17.84433060683828       51.90811596986818
H           48.87520252178553       18.70385295596283       51.86608390638811
H           48.25692072094296       17.54574563085079       49.76203265532460
H           49.75962716592016       18.45967593513035       49.56687115640524
H           48.46030359717819       14.95433388169411       49.97777401423868
H           50.07572525237114       13.12584973691627       49.17774456790018
H           52.08158150025069       16.81848801961214       49.01888283119765
Fe          52.42256828614687       10.84259266942238       48.65600989920355
Fe          53.28570409613205       13.56197743644677       49.48693280348894
Fe          54.33432643640541        9.72133930315378       47.55692130454533
Fe          54.41963131715293       10.26044767879838       50.04445071945783
S           56.04257215953485       10.55779330169758       48.62565244202425
S           53.10255619899415        8.83866148325699       49.08246687992707
S           52.95863977232398       11.82464095521507       50.58522180987424
S           53.22629848616881       11.43176811772680       46.71122828761879
Fe          54.68315182874502       12.13172762652370       48.06738049548144
64
 energy: -105.342836719456 gnorm: 0.011592753715 xtb: 6.6.1 (unknown)
C           53.76608895419426       15.58796125534304       53.00225613357807
C           53.51202910761440       16.13359042068935       51.59875804286087
S           54.48596060410130       15.17542554344181       50.38738531184788
H           53.20182755072859       16.13887326249896       53.76119841226513
H           53.47862124371411       14.53454800310912       53.04906934054200
H           54.82934043840422       15.65908320807035       53.23788405309407
H           52.43160003834079       16.11480610247836       51.39964053851715
H           53.83425203305860       17.18167895901949       51.55176931708105
C           47.96586857026092        9.58641377391892       49.38845838319414
C           49.37744096483286       10.00202323990486       49.79726877536415
S           50.11017237670841       10.94756440164122       48.41077706539078
H           47.44196025115743        9.07014040927257       50.20271213797632
H           47.39116301399817       10.47244190093391       49.10935383625556
H           48.00800498875687        8.92455988221926       48.51847999489282
H           49.31843218593093       10.61872143301180       50.70907029335585
H           49.95934171920806        9.10066463912538       50.03488689499978
C           56.87852310203281        6.95065137362999       47.74445814955366
C           55.54002391752204        6.73408398903003       47.02169436264277
S           55.01570204562009        8.16082058642063       46.01967308547948
H           56.90175240914952        6.41597086260050       48.69548409065881
H           57.71875925656390        6.59669312866158       47.14419215660118
H           57.03205693425608        8.01253129351842       47.94719438742519
H           55.63301422558798        5.87333931531701       46.34693613943092
H           54.77010986144055        6.47494563697416       47.76465574869646
C           58.06144952327252        9.92429191866632       51.89983829665066
C           57.02348540475746        8.85340325173729       51.57609699710380
S           55.35107307040664        9.44328456734767       51.97792680448744
H           57.94178100820705       10.24542403827426       52.93658305929893
H           59.08409422468657        9.55712079644040       51.76551664878488
H           57.91435785729016       10.79310500916510       51.25304351530211
H           57.12740353346322        8.55948029079476       50.52037296386119
H           57.22991447285074        7.96594916462335       52.18793918602886
C           56.58547762804876       16.30096452476951       47.73865671289538
C           55.51579942364678       15.39591861781437       47.11829301135491
S           56.06512666431503       13.66233623264436       47.32861795036288
H           56.57113903716596       16.18820699190848       48.82836918003226
H           57.57207058974819       16.00378859672261       47.37077172137776
H           56.42497933862317       17.35490677810147       47.49072479341388
H           54.54735665537545       15.61521313760014       47.59065725108494
H           55.43430303441097       15.62370794117324       46.04265484378360
C           49.38899850851149       17.78820049129245       51.56886171227109
C           49.32193320258476       17.60476937871445       50.04677224915486
C           50.02881079311366       16.36010178213024       49.61746729567967
N           49.41671121212699       15.13297414140488       49.65562703803347
C           50.33790891300996       14.19675148960874       49.29146377149299
N           51.50017026389481       14.76923909122956       49.04209239400782
C           51.31667492860337       16.11471004097904       49.22930850102900
H           48.91012228633230       16.94962175564205       52.07475472250994
H           50.42615574438955       17.84978988221531       51.90166508522859
H           48.87551810664086       18.70504240399580       51.85531795213911
H           48.27234406409048       17.56077769262740       49.74201421816011
H           49.77731654760004       18.47233689516606       49.56107215484332
H           48.46213853670401       14.97456735289737       49.91880946194892
H           50.09004095937954       13.13974842050587       49.17613913177116
H           52.11070516457920       16.82104512898103       49.05146090870558
Fe          52.42097878692347       10.83884276627374       48.66732509951566
Fe          53.29479376565159       13.55030338481779       49.49930635720123
Fe          54.33235565047534        9.70564112473607       47.56778291764336
Fe          54.41865545805406       10.25042122052398       50.05090951646025
S           56.04340287396076       10.55567818224274       48.63180655534752
S           53.09667284888383        8.83182785246568       49.09546214392986
S           52.95166576733961       11.81307194417018       50.59348201075910
S           53.22850612397430       11.41573424226570       46.71827680810738
Fe          54.68125211372267       12.11807310651468       48.06835941645286
64
 energy: -105.343647027422 gnorm: 0.015878178099 xtb: 6.6.1 (unknown)
C           53.77876992591935       15.60469490232336       53.00334030137452
C           53.55246220749282       16.13978404185624       51.59039961296651
S           54.51449677076384       15.14383178241180       50.40136308293108
H           53.21209781521078       16.17232498332685       53.74757946381322
H           53.47228427782400       14.55657500204382       53.05659299669214
H           54.84014587568224       15.66033017535288       53.25327412226285
H           52.47382854513803       16.14240400242489       51.38143665206434
H           53.89925233364664       17.18010815626570       51.53616326444400
C           47.96974845644560        9.57899783520101       49.39465686870546
C           49.38145547289079        9.99727780108686       49.79833471777398
S           50.10820689173491       10.93545202333954       48.41215382532396
H           47.45734967537284        9.04971612863384       50.20032932319070
H           47.38489591037909       10.45896204640440       49.13518905767290
H           48.00976612863760        8.93359741447817       48.52097361407611
H           49.32409303869650       10.61316222381354       50.70450747387410
H           49.96777621146300        9.10148790610092       50.03415841927804
C           56.88540010158857        6.94611334252121       47.72107316243299
C           55.53886871133210        6.71294438065611       47.01825279764208
S           54.97620469765383        8.13321346400518       46.02666769365165
H           56.95526674529153        6.35078836526720       48.64774468835210
H           57.72608904125249        6.65634827200567       47.06993625494216
H           56.99894639731140        8.01123842561722       47.98049430803537
H           55.63546117714709        5.85743174462677       46.33599563944897
H           54.78526191350829        6.43556748645604       47.77189027140709
C           58.04974846702303        9.93533037546016       51.89044433477132
C           57.02479872656718        8.84395914215949       51.58959671734991
S           55.34565476625573        9.41823308406561       51.97677763667573
H           57.92020188460828       10.28086016370338       52.91868493212262
H           59.07663470070793        9.57575020854796       51.77228339934661
H           57.89639469611048       10.78664480489453       51.22015698855341
H           57.13487720830631        8.52466456002429       50.54124832155506
H           57.24211191538195        7.97265946040403       52.22254752518977
C           56.52318707990760       16.31020347520146       47.78632599896370
C           55.48232882235768       15.40178067707021       47.12233727809289
S           56.02461229685573       13.67622557828425       47.33980983033402
H           56.48167372547507       16.17843417556961       48.87390571869742
H           57.52453800052326       16.03646660489607       47.43773942461075
H           56.34962418992285       17.36608716051009       47.55384216518263
H           54.49496341540868       15.60889573245918       47.55724473956996
H           55.43690076822551       15.62954557469650       46.04927372478220
C           49.39469379003675       17.79240416989665       51.55440242963687
C           49.33851796383777       17.61535236136661       50.03071471809894
C           50.04589276036611       16.36967573203477       49.60619112320087
N           49.42775910320344       15.14626545177035       49.62282148910241
C           50.35211232713752       14.20741469849126       49.27595161035813
N           51.52479898173045       14.77191902256488       49.05987002288089
C           51.34200138618290       16.11862456569082       49.24672029924781
H           48.91558797265930       16.94909442638659       52.05261318534854
H           50.43011432947217       17.85489588929556       51.89294612888179
H           48.87691072603505       18.70612688795715       51.84319923159899
H           48.29124409104237       17.57563066110948       49.71766913907675
H           49.79964265590036       18.48403717160915       49.55210244973665
H           48.46225746384800       14.99330738149025       49.85314213165007
H           50.10405480994752       13.14756656631192       49.16979486398847
H           52.14260847466026       16.82255786681367       49.08781495127231
Fe          52.42018902932614       10.83777762140106       48.67207186061944
Fe          53.30561003530189       13.54080698688791       49.50838765967199
Fe          54.32393181218659        9.69310626817869       47.57293024910861
Fe          54.41541770561292       10.23920474498317       50.05783576092034
S           56.03628293360732       10.54652408392486       48.63510986479132
S           53.08893499651811        8.82515449239298       49.10538484420937
S           52.94894314085961       11.80275896803698       50.59659116961860
S           53.22514126952721       11.40880943389865       46.72101712927037
Fe          54.68666313497113       12.10679611335075       48.06484834946546
64
 energy: -105.344412850343 gnorm: 0.013342669114 xtb: 6.6.1 (unknown)
C           53.79100283800459       15.61985672400831       53.01185643106452
C           53.58533109779189       16.14758505874624       51.59240514677329
S           54.53998295059264       15.12867022536490       50.42032435258659
H           53.22387428856908       16.20248163807905       53.74462654442955
H           53.46750050042994       14.57643177521168       53.06956785365892
H           54.85177778246076       15.66135028133664       53.27264672251954
H           52.50906506243332       16.16357690901505       51.37643851323481
H           53.94847346736375       17.18232026247663       51.53397346180440
C           47.97247261205009        9.57465262424097       49.39983511712332
C           49.38414146148916        9.99301118781507       49.80520505505015
S           50.10418242376962       10.93851379419863       48.42305241183917
H           47.46960799927159        9.01094463647400       50.19725053956251
H           47.37838668545898       10.46480429944851       49.17079939541725
H           48.01340620013713        8.95356171379274       48.49724904286334
H           49.32848312059622       10.60091198167321       50.71684193245920
H           49.97488073958802        9.09612515675228       50.03158256811136
C           56.88955334552670        6.94313777797927       47.70422533555676
C           55.53916021370188        6.69488495686455       47.01682332804587
S           54.95900975013869        8.11008290638313       46.02638211962095
H           56.99028154132574        6.32551633646631       48.61035887315906
H           57.72424259619497        6.69350777928448       47.03119407047691
H           56.98134043705684        8.00176988826043       47.99047930860927
H           55.63819832618606        5.83879570430571       46.33559123320627
H           54.79576260371311        6.41537208885066       47.77679795125187
C           58.03779080000311        9.94913092199155       51.88043736653223
C           57.02252899086055        8.83869573998370       51.60140762131849
S           55.33148727593491        9.39546465948357       51.97817854959783
H           57.90098086235913       10.32058741819935       52.90229832654558
H           59.06965867594602        9.59281981931568       51.77696915998699
H           57.87796017802194       10.78493963967766       51.18810017541907
H           57.13666303123751        8.49919854132622       50.56009083204690
H           57.25035288749252        7.98017027399572       52.25317655081574
C           56.47055895668763       16.31704024819258       47.82159778556420
C           55.46051833113101       15.40202310233717       47.12357283102985
S           56.01472923678753       13.67678109332208       47.33293866427291
H           56.40588051197790       16.16846471303776       48.90705684086553
H           57.48486825724035       16.06529975717667       47.49201128951835
H           56.28341313628443       17.37424138614156       47.60156905169672
H           54.45915292308739       15.59364178471379       47.53482773508626
H           55.43952028778733       15.63935665787530       46.05104852385091
C           49.40064693026408       17.79567236908744       51.54075755354563
C           49.35444673535670       17.62233321928392       50.01581117369011
C           50.06140309700400       16.37421023744135       49.59780107547374
N           49.43534854242078       15.15275675582162       49.59937721472595
C           50.35927067407363       14.20945404705249       49.26558930788922
N           51.53991908877148       14.76857453635369       49.07205663433524
C           51.36107575883549       16.11723291329064       49.25934165116516
H           48.92036787736638       16.94852190156742       52.03273103614593
H           50.43491980478324       17.85829157357812       51.88459941463685
H           48.87939952139644       18.70733638582206       51.83102721881868
H           48.30883265886742       17.58577094136303       49.69502438194609
H           49.82127038510878       18.49067413840223       49.54144857310204
H           48.46189639021120       15.00536933760523       49.80243104223963
H           50.11088090004599       13.14725054162759       49.15490870096724
H           52.16686599641169       16.82173341705777       49.11417937928458
Fe          52.41965445287389       10.83556682061400       48.66989142350041
Fe          53.31295978505720       13.53660422167871       49.52201547588754
Fe          54.30989227270285        9.68533298127537       47.56815876531268
Fe          54.41640247967607       10.23137564609747       50.05649765255951
S           56.03286936985501       10.52374372019775       48.62500710218519
S           53.08210628515346        8.82096652903349       49.10744600985905
S           52.94810058125522       11.79110615192318       50.60099020359340
S           53.21562974998849       11.41118301587001       46.71901257826231
Fe          54.69534815581960       12.09712138416566       48.05796482820249
64
 energy: -105.345198899635 gnorm: 0.012044015292 xtb: 6.6.1 (unknown)
C           53.80275093056438       15.63384887207542       53.03493767532389
C           53.60908907024464       16.14868889026460       51.61013376064346
S           54.55023651816681       15.10615196102502       50.45365743822897
H           53.24739975636193       16.24127193474639       53.75721297667891
H           53.45436100914969       14.59824500503230       53.10411203441771
H           54.86478496775501       15.65365401577600       53.29652935488234
H           52.53458899069432       16.17390029540312       51.39341232441215
H           53.98508242785853       17.17841911290204       51.54508509301059
C           47.97529969917034        9.57738160999398       49.40408303603419
C           49.38636795919807        9.99866785457152       49.80885902255915
S           50.10175586056847       10.94494393761842       48.42642714074079
H           47.47455650089072        9.01255687748798       50.19334093404055
H           47.37774678777251       10.45915272807339       49.17508263232554
H           48.01703674933466        8.96057764889018       48.50663122176035
H           49.32825245450344       10.60396762282870       50.72303509319848
H           49.98027077294698        9.10315684663262       50.03855934326782
C           56.88613322144167        6.95040748094596       47.69641072246713
C           55.53465367896973        6.67725058336159       47.02390788902016
S           54.93302555792768        8.07871715961839       46.02191511406695
H           57.02031518733197        6.32602779158086       48.58444575371936
H           57.70642861065723        6.73495679136141       47.00970158138956
H           56.96040414852657        8.00050935072751       47.99931486077689
H           55.64215244188723        5.81490260961786       46.34984554399522
H           54.80241092273101        6.39797074012074       47.79141112585796
C           58.02434143868791        9.96478686709752       51.86248783384920
C           57.00736997847052        8.84806093908115       51.61133068237616
S           55.30910288279956        9.40573901151438       51.97282776747899
H           57.89959553053359       10.34930071445377       52.87729122306821
H           59.05248256145182        9.60798346692679       51.75292428218404
H           57.85990199461605       10.79036370052162       51.16431224200252
H           57.12374830203127        8.48575527006540       50.58056190367720
H           57.23302989017495        8.00333409179009       52.28478095310093
C           56.42529776470148       16.33427109682972       47.85209338316719
C           55.46089582332495       15.40553685811585       47.12077980924354
S           56.03969709910196       13.67470599940460       47.32897193630173
H           56.33449918872420       16.17372678315982       48.93323020654027
H           57.45512222688206       16.11065481063035       47.55210319718137
H           56.21725633365919       17.38959557658110       47.63869913436311
H           54.44309362994220       15.58211400528012       47.50057359203113
H           55.46977479581408       15.65045786578028       46.04524516624582
C           49.41270174815848       17.79091262885582       51.52006557354919
C           49.37888040064171       17.61841781429082       49.99398256863454
C           50.07982068514172       16.36206537312865       49.58921736320050
N           49.44368973569732       15.14419899169932       49.59457372583682
C           50.36212765303533       14.18921896248335       49.27965633162130
N           51.54813603749655       14.73807495391228       49.09278371514786
C           51.37678170519423       16.09122899479371       49.26765743293347
H           48.93136479228478       16.93955371930374       52.00586843083513
H           50.44572229339961       17.85392769050608       51.87036190083929
H           48.88708974537725       18.70024579159999       51.81152796579638
H           48.33515047782455       17.58962481722962       49.66320414507667
H           49.85732196469385       18.48200554106889       49.52162828372841
H           48.46545042520096       15.00852051341254       49.77065462941813
H           50.11466344913881       13.12539432656061       49.16096807529196
H           52.18550048125348       16.79515795224450       49.12399057661475
Fe          52.41889854836852       10.83723222501986       48.65724151820252
Fe          53.31839597898424       13.52863472789902       49.52936248170101
Fe          54.29855300270078        9.68353215641294       47.54892304123317
Fe          54.41651742630304       10.23267000299425       50.03524141028984
S           56.02944144142716       10.50131259231613       48.59440975820603
S           53.07423856819484        8.82136445942665       49.09068588007582
S           52.94390251966816       11.77839713604316       50.60144392671897
S           53.19889223205623       11.41951448028044       46.71148720675792
Fe          54.70213490217785       12.09098362063917       48.03365608255763
64
 energy: -105.345941272537 gnorm: 0.012287276205 xtb: 6.6.1 (unknown)
C           53.81566919401792       15.65202178432964       53.05700189093392
C           53.64210584669755       16.15187520864949       51.62408225629101
S           54.56226515453127       15.06380970464504       50.48642635509165
H           53.27271283110182       16.28508261026542       53.76797826951937
H           53.44165873087852       14.62605446367166       53.14023723260250
H           54.87672195376459       15.64824502396715       53.32258707377257
H           52.56592173504223       16.20314586685063       51.40283924240657
H           54.04508598320846       17.17333195124582       51.54552105634407
C           47.98039569220111        9.57114055567143       49.40698327524704
C           49.39078083542407        9.99485825738064       49.81224089156665
S           50.09989606648548       10.96673657406781       48.43583298149395
H           47.48950662236420        8.97667338673618       50.18694208953607
H           47.37375825246859       10.45879435415010       49.20590652723867
H           48.02262029553234        8.97797169392763       48.48706668571794
H           49.33106450942000       10.58834650666465       50.74041660410227
H           49.98757251689168        9.09549040179935       50.03091549299060
C           56.88940379125209        6.95558563498093       47.67583738475752
C           55.53076763330294        6.66270548291833       47.02711559775088
S           54.89822089439692        8.05166974104898       46.02450504752041
H           57.07122185461797        6.29661282622587       48.53840258337657
H           57.70464190065653        6.80260640010815       46.95126842424388
H           56.92656265835087        8.00008843106506       48.01738045880213
H           55.64241572718868        5.79808743167968       46.35613972794098
H           54.81257023819496        6.37543154122372       47.80703011017478
C           58.00932370519607        9.97673052042997       51.84709525034409
C           56.99948301528767        8.84939851961629       51.62275140642243
S           55.30099903027336        9.41108645735618       51.96719762373709
H           57.88392441354196       10.38631290411358       52.85272491530834
H           59.03879340762260        9.62347284943770       51.74350528508362
H           57.83890191967735       10.78334976559005       51.12698260199178
H           57.11814896513903        8.46037094555468       50.60160203950542
H           57.22554226617107        8.02421689848075       52.31929199633454
C           56.36533730491172       16.34486683470842       47.89348206266903
C           55.44364896572772       15.40563350640253       47.11567517625920
S           56.02814522919861       13.68252961177460       47.33487392398031
H           56.24123535264811       16.16981188605060       48.97058737170853
H           57.41140744763467       16.14922946075596       47.62599036018457
H           56.14201478611662       17.39789741862980       47.68728926967964
H           54.40734998502165       15.56548692720621       47.45411342430447
H           55.48986183728653       15.65324778057054       46.04189933162300
C           49.42333828438087       17.79132946226902       51.49666259212422
C           49.40352884415983       17.62190870455291       49.96953230323476
C           50.10027751647786       16.36036452649454       49.57238201326503
N           49.45421135496882       15.14801182990626       49.57360272604244
C           50.37311633455887       14.18448495104639       49.28171090736394
N           51.56775181952094       14.72328129380407       49.11539759762570
C           51.40215829890077       16.07825832618810       49.27913290254299
H           48.93961081225014       16.93785014297175       51.97631150686810
H           50.45292181205245       17.85563644456266       51.85700968346167
H           48.89323317809384       18.69848784085268       51.78629434520842
H           48.36310342678640       17.60063717801925       49.62808499579564
H           49.89337612310576       18.48222530433438       49.50301857435667
H           48.46991056847030       15.02270834206996       49.72036093355897
H           50.12418049077510       13.12347931051543       49.16450897819128
H           52.21561722029102       16.77651805598149       49.14215610193556
Fe          52.41607286901365       10.83700030229667       48.65753216134801
Fe          53.32702222184618       13.51487886392896       49.53523537988178
Fe          54.29587086219899        9.66822399334404       47.54920510389220
Fe          54.40872046858989       10.22494924753152       50.02535291386037
S           56.02254731802809       10.49544237492145       48.58568392817333
S           53.05828307183510        8.81540940811189       49.08584361542341
S           52.94596647705136       11.77116764158565       50.60665625776027
S           53.19334043293775       11.39830054982285       46.70817667936257
Fe          54.69387152424567       12.08334203494541       48.01928551005036
64
 energy: -105.346528195562 gnorm: 0.010775378292 xtb: 6.6.1 (unknown)
C           53.82411887409988       15.66425987268644       53.08898817307126
C           53.65174637395754       16.14873049399489       51.65196150925178
S           54.55783462821147       15.03893682605773       50.52369878717586
H           53.30115913594265       16.31596307604323       53.79802278274106
H           53.43159622493991       14.64783994428760       53.18791751185478
H           54.88509367651207       15.64329937427603       53.34764125748826
H           52.57659383963948       16.21029630786632       51.42991331239464
H           54.06296400628663       17.16401874484489       51.56137069526923
C           47.98281837494315        9.56830283756722       49.41029137940541
C           49.39210785695795        9.99374308943599       49.81545473647286
S           50.09685605741113       10.95518643856201       48.43383507947365
H           47.49443472893240        8.96523587688955       50.18622134960604
H           47.37514579169831       10.45861852608857       49.21634108751440
H           48.02642269710550        8.98328838587827       48.48227434717921
H           49.33371803433332       10.59245727033989       50.73639502592597
H           49.98894197962981        9.09687454734098       50.03898761823826
C           56.88942194431991        6.96951675312885       47.66602110520107
C           55.52869408440029        6.66290151775639       47.02985535819614
S           54.88179182037805        8.03556473004227       46.01604275989959
H           57.09444941174645        6.30127608160963       48.51265672825933
H           57.69137407637852        6.84494341562912       46.93324148031193
H           56.91424303952002        8.00754964493422       48.02805125014531
H           55.63792099107268        5.78947698953469       46.36975838695929
H           54.81634411847186        6.38049486360986       47.81792418303547
C           57.99828298181674        9.98532055132347       51.83049215431667
C           56.98781355704472        8.85836013438961       51.62561309700829
S           55.29743504559114        9.44304948827050       51.95620594005855
H           57.87160048827426       10.41938390664263       52.83233661916482
H           59.03213269580469        9.62740228232365       51.73221833419393
H           57.82317705462378       10.77672863307597       51.08871290007370
H           57.10582201157590        8.44598140559124       50.61279192676804
H           57.20533824887571        8.04969909121810       52.33977974462083
C           56.33459098313466       16.35193026391142       47.90860608835145
C           55.44518666138592       15.40303990215662       47.10961427462059
S           56.02728814342662       13.69227636376410       47.36557783138937
H           56.18733931691406       16.17724003438733       48.98118851790090
H           57.38765407302895       16.16997970895074       47.67095729602129
H           56.10126120097287       17.39897265840189       47.69383538025571
H           54.39934632753155       15.55662949379843       47.41282961491375
H           55.51849419475246       15.63997355604585       46.03860822873846
C           49.43395451286889       17.78845912313727       51.47518283757861
C           49.42524042225511       17.61835156204481       49.94850281873125
C           50.11607818490381       16.35090859274273       49.55962517048717
N           49.46235395577353       15.14298682863850       49.57390792566213
C           50.37909063663594       14.17060626398745       49.30121274566021
N           51.57881413055899       14.70151976257488       49.13834262957146
C           51.42070736095910       16.05824083189571       49.28525847511160
H           48.94723735741847       16.93598152410589       51.95211523057545
H           50.45998322848203       17.85354669311320       51.84398374522658
H           48.90152773184526       18.69551529575759       51.75909068285432
H           48.38842301031204       17.60458984230990       49.59776755370283
H           49.92736248167382       18.47310837070654       49.48540950462310
H           48.47578550472257       15.02644480635284       49.70366413343248
H           50.12476766541542       13.11381926439386       49.17675117090381
H           52.23721985248625       16.74948967970028       49.14396263141364
Fe          52.41101538893860       10.83322043009775       48.64232004169333
Fe          53.33555189869337       13.50919197861362       49.54307979529524
Fe          54.29166520526828        9.65781513129848       47.53596067405749
Fe          54.39856041981705       10.22279196299242       50.01015212582952
S           56.01157753168017       10.49371406332974       48.57305920943381
S           53.04982451301782        8.81374591170439       49.07443651363323
S           52.94124770299069       11.76023951525597       50.59744351343310
S           53.19457303351535       11.38371494356503       46.68580872679831
Fe          54.68457339810934       12.08115878903482       48.00558530070487
64
 energy: -105.346898263993 gnorm: 0.003904973481 xtb: 6.6.1 (unknown)
C           53.82461838681025       15.66669111752418       53.09602267530021
C           53.64919764675066       16.15011008591360       51.65844290194602
S           54.56111947232369       15.04326710028249       50.53309864570574
H           53.30482548902350       16.31839464847716       53.80602147486427
H           53.42973994834310       14.65209564575261       53.19686713579610
H           54.88633321586490       15.64412342406694       53.35295125908666
H           52.57534040973229       16.21182250439366       51.43463754930834
H           54.06298481111785       17.16314465785279       51.56529426321421
C           47.98225189616614        9.56621797946636       49.41066346309163
C           49.39197003179493        9.99019601156662       49.81442558064905
S           50.09471426261049       10.94793093385950       48.42931595436716
H           47.49381406385147        8.96705902583557       50.18646973798797
H           47.37360002161796       10.45252052642515       49.21640156109225
H           48.02378342529776        8.98127283917225       48.48742928827936
H           49.33501156918982       10.59263013940499       50.73280542095109
H           49.98922466539586        9.09463770377382       50.03775873237903
C           56.89143671518305        6.97081875443861       47.66391467629340
C           55.53077109767730        6.66427797777976       47.02974126649375
S           54.88923296657502        8.03953558160635       46.01851434618008
H           57.10452085858012        6.29191863143663       48.49825101881041
H           57.69006612591399        6.86507627516037       46.92429421382945
H           56.91004794696850        8.00122068888970       48.04122265230653
H           55.63734676118933        5.79188211523149       46.36848915095440
H           54.81797537482563        6.38519540941312       47.81956473131198
C           57.99620372784346        9.98718862692046       51.82459959295866
C           56.98428825531340        8.85932875421934       51.62871097207245
S           55.29140581850359        9.43961793652443       51.96277477020379
H           57.87199616694907       10.42219204957375       52.82125662479729
H           59.02869852613191        9.63155774783630       51.72669541983662
H           57.82313225815632       10.77499987675936       51.08382019636947
H           57.10074036791899        8.44461495335911       50.61704647898308
H           57.20792024981608        8.05311286305209       52.34278987898438
C           56.32982859951518       16.35017489154909       47.90700172561050
C           55.44276792746095       15.39708159075074       47.10980962967334
S           56.02856534660957       13.68545180912532       47.37225598501394
H           56.17831286459472       16.17554676994082       48.97942569444879
H           57.38232456370230       16.16670688007015       47.67211770673340
H           56.09898146747532       17.39844896290727       47.68829732767323
H           54.39672635447481       15.55005025711010       47.40875151716213
H           55.52419089162076       15.63864869568829       46.03976811616842
C           49.43497465495539       17.79099666181432       51.47170037041006
C           49.42862608924037       17.62008712100028       49.94575417295641
C           50.11884107458564       16.35285150200013       49.55717639678517
N           49.46567047382565       15.14398382211733       49.57568974379072
C           50.38152187082144       14.17198088066451       49.30312922329266
N           51.58024173487750       14.70419612272978       49.13583911862838
C           51.42326465165143       16.06072189779923       49.28123754650287
H           48.94608288674958       16.93962586962088       51.94810438598548
H           50.46011380922472       17.85526271426708       51.84202027648803
H           48.90311130977008       18.69931674087438       51.75280112097690
H           48.39262733677171       17.60628692320673       49.59381454211263
H           49.93117182072056       18.47469660783300       49.48319638347158
H           48.47916315356503       15.02601349395714       49.71023869916083
H           50.12390627414856       13.11571389145879       49.17960558328906
H           52.24251869993301       16.75015775483937       49.14279446626520
Fe          52.40759843976713       10.82377534514380       48.63686525772333
Fe          53.33563751480399       13.51387069420874       49.55192954644805
Fe          54.28498985135963        9.65842532268528       47.53319105650885
Fe          54.40244674766997       10.22275198264160       50.00970800423579
S           56.01376813051310       10.49281651198499       48.57033662018740
S           53.05561195690814        8.80872413201793       49.07861369607092
S           52.93196736316627       11.75355582093282       50.59115355823602
S           53.19675771913067       11.38428396633079       46.68028909049700
Fe          54.67906576693419       12.07704602677294       48.01194881296762
64
 energy: -105.347243736335 gnorm: 0.005760706431 xtb: 6.6.1 (unknown)
C           53.82424931132588       15.67200987233212       53.11118632588307
C           53.64510300925542       16.15162349668796       51.67215124843841
S           54.55315775258454       15.03873488344110       50.55053998910133
H           53.31213523478991       16.32693869280010       53.82264076872009
H           53.42456748821809       14.66048406390258       53.21706412504891
H           54.88755752347766       15.64519706905575       53.36249898071237
H           52.57239642224437       16.21474719751191       51.44919571409257
H           54.06325120184263       17.16148759463560       51.57366756418718
C           47.98067502206045        9.56121406151958       49.41167353750829
C           49.39136979587011        9.98452306966664       49.81140065784487
S           50.09575999341575       10.93637621918026       48.42254002707492
H           47.49301056429844        8.96823603436149       50.19011042666691
H           47.37218297845901       10.44431398232113       49.21642121783098
H           48.01970590027901        8.97423606457432       48.49457311859133
H           49.33743958526867       10.59218745450173       50.72616991806042
H           49.98786904326797        9.09011985069226       50.03586679366162
C           56.89593717731636        6.97399549143123       47.65915696086957
C           55.53419783298919        6.66979684635791       47.02900646223311
S           54.89907863591200        8.04514113929329       46.01665703098323
H           57.12851846362722        6.26959270022879       48.46644787373184
H           57.68671949174173        6.90801825798085       46.90456047437513
H           56.90203182014563        7.99001605871384       48.07061636278362
H           55.63617675846686        5.79701061046602       46.36843199024884
H           54.82196405071659        6.39544331042426       47.82206030800399
C           57.99204661723486        9.99211018982213       51.81357517129462
C           56.98101693928960        8.85975271127262       51.63275388786837
S           55.28593393491788        9.43704325727612       51.96876741586311
H           57.87153407038892       10.43263189500216       52.80342237054680
H           59.02249982706731        9.63665940902801       51.71522970026805
H           57.81902765369831       10.77109940628994       51.06849259772640
H           57.09197808507730        8.43759664853965       50.62387118099655
H           57.21239793866791        8.06035698143832       52.35113319182968
C           56.32053938793267       16.34712862641659       47.90551139852522
C           55.43919050447687       15.38832370558205       47.10753083995222
S           56.03243297751219       13.67797379176351       47.38467463161377
H           56.16192695310242       16.17758756135690       48.97815125473176
H           57.37300529459320       16.16149845618775       47.67678925197524
H           56.09235945810732       17.39547293807419       47.67767189349782
H           54.39165894819756       15.53690741426298       47.39815916636886
H           55.53127102958359       15.62845557914733       46.03724197863689
C           49.43705643743535       17.79695997919972       51.46430177101195
C           49.43620430562961       17.62368642666261       49.93930967276322
C           50.12588870262315       16.35577328904840       49.55403418522751
N           49.47305534344355       15.14604944229874       49.57894907601881
C           50.38712584500794       14.17362588674283       49.30679665904977
N           51.58488014339974       14.70657102953148       49.13340888456052
C           51.42971118388409       16.06311194175976       49.27546890358320
H           48.94333373969606       16.94817464288938       51.93999956029048
H           50.46050480387380       17.85906393119999       51.83852847673868
H           48.90669175399864       18.70781652331096       51.74022379325554
H           48.40171658537172       17.61046915712260       49.58387861353254
H           49.94081937182013       18.47736375706284       49.47756308617280
H           48.48718655145999       15.02630137570194       49.72214900297780
H           50.12341094148631       13.11897088204279       49.18433412257325
H           52.25278333472391       16.74901805881230       49.13818004810572
Fe          52.40848928350163       10.82470485603779       48.63601022341147
Fe          53.33280921265746       13.50722435788380       49.55750895649487
Fe          54.28169055440967        9.65661935684074       47.53058811907423
Fe          54.39826350365266       10.21915360101904       50.01086012924930
S           56.01304276972493       10.49182572900323       48.57710372540993
S           53.05418846174047        8.80541518445354       49.07647365549015
S           52.91716204481907       11.74636712989244       50.59356489795076
S           53.20133051945734       11.37655913454810       46.67356900609340
Fe          54.67446980874027       12.07103598341159       48.01443863249269
64
 energy: -105.347647234975 gnorm: 0.011013009834 xtb: 6.6.1 (unknown)
C           53.82368614609736       15.68114699903935       53.13562239431324
C           53.64134960373442       16.15384118989585       51.69398398042583
S           54.55206720755588       15.03692907390198       50.57843942835657
H           53.32216747316765       16.34336206902310       53.84755797700399
H           53.41691957874215       14.67364818213566       53.24984687080996
H           54.88876609632012       15.64765315260659       53.37959716963567
H           52.56912675014306       16.21704652514902       51.47173007187064
H           54.06171487024142       17.16158619336422       51.59004003463435
C           47.97846280225664        9.55375323320619       49.41347144140917
C           49.39069958724803        9.97836724003388       49.80633755053058
S           50.09077378804848       10.92834266340537       48.41274442345259
H           47.49377596531888        8.96802547870873       50.19833453033868
H           47.36991730185068       10.43492465716006       49.21583890692015
H           48.01412392783288        8.96082943024488       48.50253000850913
H           49.34065749227773       10.59025162632783       50.71814415825617
H           49.98703880103867        9.08469769662338       50.03115179360817
C           56.90393792041162        6.97988698534706       47.64966959066342
C           55.53983670257985        6.67781117729669       47.02700006679405
S           54.91179436956043        8.05298031873548       46.01272680504195
H           57.17106707369075        6.23211204181187       48.41059537977756
H           57.68122773898876        6.98015959935151       46.87238263360861
H           56.89006337815501        7.97242855322237       48.12021578621476
H           55.63530568200406        5.80238739854440       46.36950607521565
H           54.82983839779742        6.41054544135987       47.82519438068641
C           57.98487538824539        9.99981685645215       51.79467501597514
C           56.97595702208358        8.86041387655777       51.63764192522554
S           55.27859620556390        9.43447233615788       51.97424232527465
H           57.86862802787301       10.45412955882167       52.77661332065715
H           59.01401169787128        9.64301213217652       51.69620126449440
H           57.80780664386978       10.76397329291239       51.03727083767160
H           57.07978494577937        8.42347977692764       50.63435909281932
H           57.21644784310448        8.07351900263390       52.36647857135630
C           56.30311033526115       16.34167615724027       47.90524427496420
C           55.43385188572132       15.37418942096532       47.10339539558762
S           56.03242757599860       13.66679723365619       47.40717324821370
H           56.13075953096445       16.18212621825158       48.97778094371269
H           57.35752347234529       16.15352989424455       47.69009964421882
H           56.07820499388276       17.38842125785253       47.66280662284263
H           54.38254852103213       15.51734741142042       47.37853877955666
H           55.54081168420958       15.60487168353138       46.03187804246693
C           49.44015848916454       17.80757528071125       51.45214204826047
C           49.44889592009548       17.62959449742409       49.92812579138930
C           50.13794999917772       16.35950344746358       49.55023700241965
N           49.48505274905337       15.14949316759482       49.58298762636763
C           50.39684774715675       14.17541250598177       49.31137383690446
N           51.59357083928860       14.70838884677543       49.12953301092278
C           51.44044525048223       16.06501449244148       49.26744650464540
H           48.93824626623276       16.96323597295505       51.92700706698142
H           50.46111459701439       17.86547492101182       51.83330328099447
H           48.91276313034557       18.72251489722976       51.72047560928650
H           48.41680665938759       17.61800871883600       49.56590462386460
H           49.95832211695947       18.48091128197397       49.46729431596756
H           48.50087218686486       15.02797541892462       49.73933635237085
H           50.12570350202703       13.12318342577813       49.19126186907546
H           52.26763093632391       16.74608425589403       49.12875492055495
Fe          52.40069264733631       10.80644610691025       48.63043992961788
Fe          53.33564641408798       13.50992617738001       49.57475148953355
Fe          54.28037661691129        9.65299974114499       47.53029484965310
Fe          54.38937878715026       10.21032939958847       50.01214480956176
S           56.01015848418758       10.48964528641120       48.59014558426544
S           53.05633325938843        8.79024465849965       49.07355071731303
S           52.89797252532405       11.73677401064006       50.58295563048340
S           53.20554505206289       11.36757906817450       46.67153661448947
Fe          54.66554127508123       12.06309563398445       48.02679276183466
64
 energy: -105.348076071455 gnorm: 0.013181066936 xtb: 6.6.1 (unknown)
C           53.82269264899404       15.69223855541067       53.16422105263581
C           53.63737374192988       16.15450228578822       51.71911679280205
S           54.54398693192530       15.02581024529947       50.61074480898752
H           53.33316413641199       16.36622580440454       53.87415674233439
H           53.40654598199729       14.68968468197017       53.29026047480426
H           54.88914766663664       15.64984963858772       53.40107213438507
H           52.56460030519425       16.21815541295148       51.49834397893897
H           54.05908797273624       17.16116653798660       51.60824837337169
C           47.97587038345740        9.54540637262413       49.41595022911822
C           49.38987975667440        9.97245804103176       49.80100741513108
S           50.08703108799511       10.92113886161295       48.40411485616482
H           47.49457586028541        8.96680407119093       50.20924262669149
H           47.36729199999562       10.42627440991042       49.21295940220867
H           48.00789550550058        8.94291980316876       48.50986955740604
H           49.34341843362345       10.58668964672861       50.71119923498173
H           49.98698092166480        9.07925599502898       50.02603124517108
C           56.91448727781804        6.98700282001060       47.63595858216165
C           55.54707500184680        6.68592208140029       47.02352148611075
S           54.92686382510815        8.06136600486894       46.00610534726133
H           57.22134536168058        6.19639925121523       48.34347313099259
H           57.67506219817628        7.05937375678144       46.84025627552460
H           56.88227925781831        7.95047758856580       48.17095533094401
H           55.63525721713449        5.80516074233758       46.37188236471012
H           54.84028352866100        6.42836851642720       47.82783978082401
C           57.97485914951055       10.00803235290567       51.76945680475798
C           56.96875266008901        8.86094969701677       51.64318544688373
S           55.26985546726861        9.43161736231307       51.97975581776558
H           57.86265416793790       10.48488510167609       52.74291777435245
H           59.00457771530597        9.65045885851743       51.67259782959223
H           57.78986044134367       10.75356587172983       50.99324420444307
H           57.06695063324447        8.40372515102744       50.64805934302288
H           57.21783300814191        8.09038375084646       52.38708888669826
C           56.28001679987421       16.33678545490918       47.90515158605466
C           55.42786113854407       15.35816718071164       47.09867211641095
S           56.03046201613243       13.65656442411951       47.43296863875791
H           56.08968918061559       16.18954645082976       48.97670892864588
H           57.33867777952523       16.14718736788189       47.71051843805959
H           56.05756560912697       17.38014812398568       47.64667078528765
H           54.37063587498659       15.49681024653541       47.35309224568596
H           55.55172477749962       15.57380366950515       46.02583473905791
C           49.44374338981080       17.82130965187026       51.43762298564604
C           49.46572808893167       17.63649592719465       49.91441988269189
C           50.15413409435367       16.36252741510307       49.54795988783636
N           49.49939638612565       15.15385854754164       49.58664515029118
C           50.40867544824658       14.17632962860984       49.31644484990984
N           51.60559089623679       14.70695107185323       49.12829036746815
C           51.45505443150424       16.06424354392515       49.26196719394894
H           48.93152267973777       16.98255414606616       51.91153266804578
H           50.46171029917941       17.87357840427038       51.82797461119148
H           48.92032737790957       18.74114337655820       51.69718877466726
H           48.43674604111827       17.62743785961811       49.54251604129313
H           49.98250080224245       18.48402519906221       49.45442178367372
H           48.51744279334537       15.03231405806101       49.75597151558162
H           50.13110507938383       13.12645150250675       49.19854340061389
H           52.28497884264087       16.74081075412737       49.11827113727212
Fe          52.39735469454579       10.80106042736571       48.62976132291087
Fe          53.33749250700849       13.50203677654472       49.58854513516094
Fe          54.28106438975914        9.64704157067924       47.53289112711609
Fe          54.37810370623678       10.19735242605236       50.01527499933306
S           56.00511474671711       10.48236431189784       48.60505228815154
S           53.04837704520873        8.78062041526972       49.06817824615549
S           52.88531534818443       11.72596779543093       50.58329500002812
S           53.20966688042862       11.35798029463541       46.67186183861013
Fe          54.66037048869423       12.05416695598159       48.03777199313038
64
 energy: -105.348602707118 gnorm: 0.007676273518 xtb: 6.6.1 (unknown)
C           53.82131622689088       15.70280094135051       53.18955636147076
C           53.63573719304531       16.15350310643280       51.74095185183320
S           54.54160027627077       15.01534199255256       50.63953256389527
H           53.34078022653176       16.38977754992750       53.89458551836458
H           53.39667737534476       14.70467723046858       53.32762534411552
H           54.88793106288368       15.65234932667372       53.42264895275184
H           52.56149661951876       16.21544546320690       51.52077211441914
H           54.05489080620607       17.16146052147569       51.62439140161002
C           47.97419444733685        9.53855963715031       49.41840737905653
C           49.38921080971742        9.96950695667765       49.79726647944259
S           50.08161358041549       10.92252858084337       48.40068675632650
H           47.49562174654113        8.96438720917927       50.21919671120217
H           47.36528191372736       10.42066165998512       49.20851065284041
H           48.00377091795025        8.92601129727625       48.51418549192456
H           49.34425007694109       10.58142856474677       50.70906838787249
H           49.98843586846586        9.07616104267043       50.02070588906953
C           56.92645024682799        6.99311282348647       47.62106906553775
C           55.55506472580399        6.69221450638056       47.01943175348958
S           54.93730220711917        8.06631341814358       45.99763495973914
H           57.26104731743755        6.18451489590503       48.28983125946376
H           57.67083914146001        7.11052113112562       46.82248072990816
H           56.88891468502285        7.93164413512182       48.19382094849720
H           55.63611992286893        5.80413848724782       46.37575982263411
H           54.85214204253559        6.44461412245285       47.82935172514155
C           57.96321201894433       10.01461173195601       51.74293319085195
C           56.96174356241351        8.86031007101172       51.64777783547299
S           55.26276077552860        9.42888078704070       51.98120022183056
H           57.85350795311977       10.51855811278369       52.70847405776903
H           58.99546587869090        9.65760923910764       51.64949161151867
H           57.76795953380722       10.74106360290973       50.94544709735007
H           57.05725964312185        8.38098033385821       50.66218096005371
H           57.21632076374924        8.10709334537214       52.40872223478351
C           56.25461286911855       16.33292912840228       47.90742248511154
C           55.42238131380996       15.34368719373110       47.09455101580629
S           56.02491579652537       13.65000191913083       47.45738464868018
H           56.04550019215587       16.19703014592341       48.97706369421002
H           57.31898835687986       16.14502870127783       47.73603348493393
H           56.03281213652305       17.37145785610887       47.63499831719317
H           54.35852281703320       15.48058223265814       47.32704914662720
H           55.56167627857140       15.54234029592837       46.02092127405921
C           49.44712057979402       17.83485266210419       51.42425135266677
C           49.48307748702561       17.64253875243282       49.90159439260111
C           50.17060492045919       16.36380862570281       49.54778526720524
N           49.51246502909652       15.15796168908120       49.58843453364479
C           50.41993149745526       14.17606036045571       49.32061614228934
N           51.61832420032979       14.70250283008791       49.13046310297018
C           51.47010863064431       16.06084675988948       49.26087536159847
H           48.92468605412125       17.00165183926975       51.89715357231317
H           50.46209667770722       17.88142239401533       51.82425815963626
H           48.92782212957330       18.75921743734677       51.67575891743321
H           48.45735929962071       17.63637327789685       49.51916586227335
H           50.00835252344078       18.48555776134700       49.44230888118321
H           48.53267162425182       15.03863159233577       49.76647389267971
H           50.14002892240379       13.12741934149197       49.20460063418690
H           52.30025325627254       16.73505317038823       49.11081502323964
Fe          52.39239946314581       10.79200272451478       48.62995633156549
Fe          53.34330215292889       13.49797501807149       49.60248162822778
Fe          54.28536890782779        9.64082525325203       47.53726774659932
Fe          54.36529187864735       10.18371868005314       50.01869419452559
S           55.99855905982736       10.47306976553398       48.61854357904463
S           53.03981801097176        8.76963699447171       49.06145210629892
S           52.88129419276090       11.71870512037585       50.58340403402860
S           53.20980298763914       11.35259207573866       46.67900595348138
Fe          54.65662106715217       12.04764082651180       48.05037294330921
64
 energy: -105.349015577447 gnorm: 0.007056980787 xtb: 6.6.1 (unknown)
C           53.81919853452167       15.71518566455941       53.21598854823915
C           53.63358888463660       16.15134673683001       51.76324556080887
S           54.54109491076667       15.00368406705679       50.67166976816645
H           53.34652684657192       16.41578702846446       53.91351699058352
H           53.38552946530503       14.72254893751543       53.36771908888499
H           54.88545303728093       15.65698643520335       53.44762172333229
H           52.55840194642781       16.20941715474058       51.54184517589392
H           54.04939033632664       17.16051100913327       51.63853535043688
C           47.97305894269357        9.53179510193757       49.42089705176421
C           49.38796046227145        9.96634525802141       49.79632502706343
S           50.07588910416555       10.92553062194837       48.40249800006956
H           47.49512272258328        8.96133034385900       50.22569344861964
H           47.36320862778867       10.41318097422272       49.20377488520054
H           48.00144926392748        8.91200102417135       48.51880483339077
H           49.34299722558037       10.57401161047219       50.71121296694407
H           49.99069930118537        9.07348332492610       50.01595109453485
C           56.94394209536921        6.99837181003625       47.60477812669165
C           55.56689273770684        6.69625124992431       47.01682195003669
S           54.94374184188246        8.06949666432963       45.99558434215366
H           57.30626759416062        6.17230130839198       48.23295996767052
H           57.66729355732890        7.16416805465724       46.79868582845893
H           56.89904504173423        7.91134248468001       48.21385998137713
H           55.64143129186063        5.80551721429628       46.37548849870420
H           54.87021270746712        6.45270874840925       47.83207295121599
C           57.94684145798861       10.02097182966398       51.70997227054720
C           56.95190291014004        8.85891475684665       51.65352085265125
S           55.25183482883715        9.42116031259497       51.98468885908999
H           57.83987261200453       10.55317141519077       52.66373234600484
H           58.98224675841757        9.66903000753294       51.62084578058904
H           57.74075556704022       10.72590346250052       50.89297130640984
H           57.04594156115891        8.35347472863061       50.68027939829707
H           57.21507645913974        8.12670158202524       52.43299299402670
C           56.22228717814816       16.33000756872366       47.91087039932732
C           55.41531854339583       15.32669741371783       47.09109058589153
S           56.01923421658721       13.64370197144362       47.48565829789501
H           55.99086014444257       16.20394511100909       48.97730000422919
H           57.29263580521065       16.14701085795123       47.76686305233979
H           56.00028890679445       17.36324628724816       47.62314431168232
H           54.34436035321419       15.46314797732599       47.29696909655705
H           55.57605259909887       15.51160854195811       46.01836880008998
C           49.45202383919608       17.85032056336317       51.40838609245981
C           49.50492587700155       17.64902785550997       49.88691021338736
C           50.19036530179136       16.36479963781007       49.54708970347728
N           49.52706974734689       15.16254636375532       49.58913039857320
C           50.43254213162065       14.17559647802632       49.32632438201036
N           51.63350830660994       14.69651129237329       49.13671116348695
C           51.48891746769600       16.05637006388714       49.26253065181701
H           48.91745314896707       17.02378252874637       51.87973261378890
H           50.46290042495647       17.89083005570559       51.82012286845529
H           48.93730596591392       18.78001778806179       51.64949663572033
H           48.48350114153363       17.64608255070090       49.49222007249157
H           50.04024429292971       18.48660010123398       49.42887605229199
H           48.54863981869033       15.04734150441271       49.77340962931004
H           50.15219056717552       13.12700315904144       49.21239272421438
H           52.31914845761887       16.72920880900714       49.10864218922277
Fe          52.38811664045553       10.78645186399272       48.63113079251961
Fe          53.35013353093408       13.49197701330870       49.61813554336137
Fe          54.28597544305190        9.63581523380898       47.54203613564174
Fe          54.35480799885009       10.17002266642080       50.02290406547223
S           55.99232341646907       10.46042745506348       48.62669576641651
S           53.02885662097558        8.76132509707985       49.05670215452627
S           52.88109884628008       11.70910267949717       50.58885934142680
S           53.20797255357022       11.35056665166553       46.68643541528192
Fe          54.65176195914552       12.04018018544332       48.06516288863064
64
 energy: -105.349453901502 gnorm: 0.007667841667 xtb: 6.6.1 (unknown)
C           53.81528653591789       15.73004947609720       53.24378699883206
C           53.63078738597733       16.14806009997367       51.78595548044890
S           54.54371607585533       14.99137199647297       50.70805835015152
H           53.34925659988097       16.44457634444041       53.93142527130565
H           53.37309562046459       14.74367262402787       53.41053946174392
H           54.88088479496196       15.66547914897268       53.47576196741311
H           52.55537132709099       16.19938131176065       51.56187452947234
H           54.04215511699335       17.15812623523007       51.65053850376539
C           47.97243042054964        9.52486780118648       49.42288175384650
C           49.38577715322917        9.96262956511404       49.79923354968874
S           50.06958848673644       10.93101074496136       48.41103804464066
H           47.49296024273411        8.95688499274606       50.22821750466537
H           47.36173173183018       10.40450076527846       49.19980051468796
H           48.00244578024714        8.90150369310363       48.52265969584207
H           49.33896668014596       10.56397402897917       50.71864126678979
H           49.99257334182783        9.07066172248555       50.01321302334738
C           56.96669025059307        7.00441219120184       47.58480002195167
C           55.58298600645432        6.69663589102773       47.01355137024805
S           54.94393520630126        8.06921019330221       45.99933166198323
H           57.35780639420057        6.16430158887142       48.17070000586791
H           57.66522616888882        7.21718809345613       46.77179903472469
H           56.91712231063881        7.89047844438462       48.22811639969777
H           55.65319609850551        5.80791157438534       46.36917772838697
H           54.89697738825842        6.44973479880835       47.83581190081673
C           57.92462810761426       10.02741436969909       51.67088729033745
C           56.94089236745336        8.85541275248737       51.65990611745320
S           55.23806973092140        9.40619314028402       51.98810640067360
H           57.82057404848508       10.58839156661867       52.60902742785595
H           58.96334338949521        9.68408838590916       51.58473996199375
H           57.70534800576097       10.70618903426191       50.83458713742607
H           57.03321893194535        8.31910200875731       50.70256056904921
H           57.21710855164957        8.14972466309224       52.45988232124981
C           56.18110157533411       16.32919918585132       47.91679574535277
C           55.40653551898009       15.30792239841032       47.08789880700753
S           56.01356545612698       13.63866905867061       47.51936387465998
H           55.92368702353080       16.21161601589891       48.97843443405780
H           57.25714254164760       16.15576687008264       47.80378051883068
H           55.95654292773467       17.35630517015920       47.61171102886325
H           54.32818620456298       15.44180304948367       47.26119578446964
H           55.59506440309661       15.48135508554411       46.01782690137975
C           49.45939072981174       17.86815889392456       51.38883099611891
C           49.53233309033145       17.65656749676757       49.86944066809139
C           50.21422972679824       16.36614270553891       49.54524301617059
N           49.54416745109813       15.16797850147899       49.58842405390900
C           50.44743239172249       14.17543588210649       49.33490351729242
N           51.65208829249391       14.68959134005011       49.14861473496828
C           51.51256617575323       16.05122204021642       49.26776540597783
H           48.91027740062840       17.04975843077855       51.85781772175704
H           50.46466008699016       17.90214079058478       51.81494781158104
H           48.94997443281708       18.80417481297387       51.61660406432051
H           48.51644080120573       17.65752113831058       49.46051335654519
H           50.07964705949644       18.48764055853362       49.41367353917449
H           48.56586271940092       15.05900292804856       49.77502600374370
H           50.16796318178059       13.12589106801288       49.22337453551157
H           52.34345146785239       16.72313637451949       49.11406981215990
Fe          52.38281402832120       10.78162046624220       48.63483070467963
Fe          53.35903202533088       13.48573915699980       49.63651510070619
Fe          54.28193065280773        9.62973958145144       47.54766847642891
Fe          54.34350680788759       10.15681596005125       50.02849933738442
S           55.98518392917536       10.44565030152693       48.63316280500134
S           53.01551280338209        8.75371517921818       49.05532851172811
S           52.88194094841197       11.69944762811976       50.59857169046060
S           53.20394356843129       11.34972129334353       46.69554670034977
Fe          54.64536420537456       12.03131563980754       48.08186608480587
64
 energy: -105.349917486493 gnorm: 0.008192482812 xtb: 6.6.1 (unknown)
C           53.80917604876469       15.74842626867368       53.27579830386527
C           53.62621276409854       16.14460711729665       51.81174634475474
S           54.54738944133938       14.97795255957801       50.75209123234747
H           53.34990909628458       16.47770679911267       53.95191037902533
H           53.35866483618047       14.76911201873141       53.45934076209948
H           54.87436530802831       15.67866774205693       53.50826724647730
H           52.55139487636166       16.18706820287059       51.58409669445440
H           54.03313747574943       17.15454969109031       51.66277934398461
C           47.97137265877112        9.51671348155794       49.42447405044312
C           49.38228102453110        9.95716251107116       49.80534573488868
S           50.06289789871715       10.93619914894566       48.42409078436991
H           47.48884949874676        8.95078436696556       50.22842943861122
H           47.36042192568679       10.39406678505151       49.19671927467456
H           48.00568937503431        8.89218514652968       48.52660325593030
H           49.33234841278467       10.55205191378179       50.72916046653499
H           49.99283548013744        9.06656301726643       50.01352894346324
C           56.99493813415278        7.01232377698171       47.55900087709871
C           55.60424093195502        6.69425277630753       47.00826341336210
S           54.93746943907362        8.06525579800919       46.00808665940062
H           57.42454257609684        6.15211075610174       48.09202893643432
H           57.66407469312870        7.28602932953090       46.73472719751149
H           56.93753624064726        7.86590839630184       48.24787102048759
H           55.67372299328924        5.81200748664734       46.35573531647209
H           54.93390452238054        6.43471192311762       47.83953896817602
C           57.89668564519786       10.03422782823857       51.62489940719927
C           56.92903750144934        8.84926256905976       51.66814519279359
S           55.22060581477853        9.38178773483464       51.99360295457599
H           57.79571087987905       10.62675238962390       52.54269416265447
H           58.93868109393139        9.70233909149322       51.53967813037731
H           57.66043360806879       10.67942016226085       50.76697788142024
H           57.01896765403963        8.27756495163307       50.73055091902123
H           57.22393527946366        8.17672185912392       52.49051413396221
C           56.12920890241537       16.33075597440732       47.92448338433981
C           55.39532433477421       15.28667756092387       47.08466502880042
S           56.00786895404521       13.63332727718521       47.56059934879001
H           55.84151396580386       16.22112684519620       48.97968834524341
H           57.21057657401951       16.17167640141045       47.84648670780727
H           55.89910937132886       17.35072310146927       47.59917710949399
H           54.30946132156252       15.41263811431775       47.21812594991791
H           55.61917878887963       15.44939249427527       46.01895632908792
C           49.46984282059634       17.88979649044635       51.36358035592517
C           49.56652016406098       17.66666111691308       49.84727632786192
C           50.24351633045645       16.36930983889614       49.54112466911366
N           49.56579483056186       15.17527785659030       49.58667018088908
C           50.46628003376347       14.17654278218139       49.34761600504727
N           51.67544968098019       14.68304067522302       49.16665713606185
C           51.54234143105299       16.04645595853886       49.27561252769860
H           48.90341703006745       17.08119515971719       51.82907299723639
H           50.46780107121035       17.91626591259637       51.80707571992995
H           48.96674384572444       18.83320402067167       51.57498728009197
H           48.55756747893064       17.67262465796168       49.42165082473733
H           50.12812424312720       18.49012883237346       49.39506004643487
H           48.58632410211812       15.07398875682967       49.77206305227288
H           50.18637868106582       13.12607155717745       49.23932359087201
H           52.37595678190706       16.71613360082197       49.12617242240630
Fe          52.37608042321104       10.77691523068963       48.64174242475003
Fe          53.36977111135861       13.47852407336009       49.65980069971633
Fe          54.27180795332525        9.62027973834134       47.55580284419467
Fe          54.33082935512712       10.14255074879405       50.03649086993272
S           55.97669135087691       10.42936253439467       48.64180139197407
S           52.99862993237777        8.74551036526364       49.05941821332442
S           52.87935467238288       11.68827788280715       50.61129201678923
S           53.19966031427585       11.34587351055778       46.70501610646753
Fe          54.63713089977018       12.01910157993024       48.10066967575442
64
 energy: -105.350111044973 gnorm: 0.018564684743 xtb: 6.6.1 (unknown)
C           53.79950652295675       15.76533460272903       53.29425377670830
C           53.62177611923563       16.13950126964388       51.82451479950661
S           54.55680426983240       14.96752191683764       50.78617460032164
H           53.33728151558704       16.50316540747409       53.95563194311129
H           53.34807786147995       14.79095056014535       53.48956852378102
H           54.86319968298829       15.69912882018949       53.53412157361115
H           52.54891611938650       16.16830916626843       51.59081727933876
H           54.02189126772389       17.14921223426675       51.66187897279472
C           47.97158506323673        9.51269491258991       49.42362821255991
C           49.37678804226569        9.95383912506219       49.82211188532154
S           50.05858741700931       10.94869779822551       48.45433203861772
H           47.48046744201588        8.94120840607500       50.21607086523890
H           47.36137937483632       10.38803408940208       49.19675705627851
H           48.01852519885426        8.89824523055775       48.52356006076172
H           49.31792978268061       10.53833571253237       50.75275642781622
H           49.99071581744661        9.06491256433849       50.02342230493090
C           57.02676226453891        7.01935252496139       47.53156309783252
C           55.63103614766136        6.67972137678096       47.00048958674783
S           54.90811050225049        8.04712964765137       46.02911382195769
H           57.47218326074419        6.17556182621417       48.04213299713295
H           57.67090199891981        7.30563422866689       46.71247411912466
H           56.97811906798131        7.85547375914981       48.22106269370684
H           55.71094305884971        5.81428582774002       46.32801479500478
H           54.98319825913197        6.38539765279332       47.83984053156323
C           57.86483704555769       10.03430942290280       51.58357018252494
C           56.92092219673896        8.83829699210991       51.67473491633541
S           55.20358368291782        9.34257791862930       51.99753292026094
H           57.76280865846402       10.64820472327562       52.47862367102971
H           58.91073502244571        9.72036665742461       51.49505310643858
H           57.60945452949750       10.64597616902857       50.71375672376038
H           57.01332637572715        8.23688909243609       50.75937657560983
H           57.23668545650938        8.20007020057374       52.51242957256039
C           56.07277491283650       16.34079986028236       47.93571358609334
C           55.38381702008729       15.27345135594592       47.08544903161334
S           56.00083956240073       13.63732050516342       47.59563754504012
H           55.76040461581008       16.22850552328478       48.98125570189618
H           57.15582541726237       16.20784056051708       47.88625567152442
H           55.82890264793749       17.35331525716764       47.59798358597026
H           54.29488839257915       15.38596406477275       47.18046744935281
H           55.64327501578605       15.43665776154793       46.02913468295220
C           49.48349285894145       17.90873494269302       51.33835896856071
C           49.60192352541949       17.67614335854554       49.82642094668716
C           50.27180957095454       16.37279585954226       49.53549549657038
N           49.58515396401543       15.18289589310712       49.57953599666702
C           50.48382848640043       14.17868920688257       49.36440384994025
N           51.69978101495938       14.67625055696308       49.19964733103594
C           51.57368146031404       16.04129965635753       49.29496006164456
H           48.90200615423137       17.10907189749030       51.79873843287560
H           50.47291886030582       17.92994160254990       51.79857875885430
H           48.98596737630983       18.85778300899777       51.53445630288326
H           48.60054893631775       17.68757322787348       49.38591688875163
H           50.17738824652177       18.49223904645966       49.37961952311539
H           48.60039632719482       15.09339866771735       49.74536029079304
H           50.20762728489743       13.12507330136455       49.25925046139231
H           52.41047188906581       16.71057517161218       49.15953299442629
Fe          52.37099077131977       10.78186379415921       48.65729591854124
Fe          53.38291214939827       13.47199571881169       49.67917707672911
Fe          54.25138470789557        9.60770082202522       47.56744374711004
Fe          54.32317898516945       10.13438283201666       50.04692983359880
S           55.96788625941600       10.41273438348796       48.64181632677322
S           52.97687500106542        8.74607312694811       49.07593638219647
S           52.88582580697155       11.68314151366323       50.63354374318742
S           53.19072329499519       11.34380474106739       46.71702936420075
Fe          54.63115033763399       12.00754719443932       48.11414142655665
64
 energy: -105.350684701178 gnorm: 0.006697235261 xtb: 6.6.1 (unknown)
C           53.79530480820123       15.77782150679240       53.31798662237628
C           53.61790397714354       16.13947006588321       51.84445557908877
S           54.55750833962214       14.96077063253019       50.81737121724198
H           53.33827894523374       16.52499938035309       53.97375578552180
H           53.33907792216776       14.80694714111936       53.52358863350932
H           54.85957476512969       15.70901467470136       53.55559150265307
H           52.54537466955476       16.16416118959258       51.60954271353989
H           54.01632698574649       17.14848807988136       51.67408692305197
C           47.96914342763122        9.50618450188622       49.42478467733122
C           49.37363444583849        9.94931961089397       49.82458200607110
S           50.05463112860582       10.94816553665255       48.45844592369011
H           47.47755433366657        8.93642235350116       50.21868127110146
H           47.35904019861626       10.38106369891726       49.19501959374416
H           48.01834446687714        8.88886374148518       48.52668776747944
H           49.31347407355555       10.53328116721620       50.75507216715963
H           49.98866380913557        9.06125851158781       50.02551129281246
C           57.04255418385410        7.02782521524781       47.51227881548475
C           55.64572421485450        6.67841346923677       46.99284288716671
S           54.90601202835074        8.04298798524854       46.03155497111596
H           57.52253494425332        6.16090835482334       47.98101255606522
H           57.66839455791623        7.36661660097737       46.68175196139132
H           56.98262843164703        7.83989733147382       48.24472823332197
H           55.72670187577131        5.81538442786983       46.31714647803099
H           55.00754435638796        6.37599835867974       47.83724806416916
C           57.84971127055495       10.03801399086480       51.55540593389978
C           56.91631423856685        8.83196632047133       51.68334988520045
S           55.19489495847746        9.32671580507604       52.00327033536435
H           57.74842608111760       10.68000515330054       52.43541469312628
H           58.89734348380203        9.72898239645621       51.46909930388737
H           57.58307455474781       10.62250835106496       50.66502500027147
H           57.00654176016684        8.20777465553936       50.78038663497480
H           57.24318406775757        8.21686278124160       52.53722418757476
C           56.03823584522735       16.34157898061782       47.93979266951461
C           55.37549463956868       15.26081057103424       47.08288418328188
S           55.99639861230435       13.63191623636803       47.62282622667126
H           55.70687488615972       16.23573059876230       48.98202871971130
H           57.12494308574341       16.21763681945738       47.91209194973638
H           55.78999697874366       17.34946834637512       47.58836030437187
H           54.28221184516377       15.36383631970465       47.15185229590053
H           55.65766284042250       15.41426423789758       46.02904030740125
C           49.49032163646049       17.92382132854672       51.32033878304452
C           49.62384152065565       17.68506026159090       49.81005648855675
C           50.29117425203793       16.37750602119688       49.53123623697167
N           49.60135077382412       15.18942874665522       49.57877262774878
C           50.49780031337329       14.18118798474304       49.37426749386625
N           51.71576773067190       14.67488964065881       49.21158292702518
C           51.59310678318612       16.04052676877350       49.29856553638835
H           48.89791973743065       17.12988373636466       51.77781250241264
H           50.47530432729872       17.93942685366684       51.79135388944108
H           48.99715097282760       18.87738775876200       51.50720605345040
H           48.62688084018425       17.70042428362284       49.35846774128972
H           50.20840505731466       18.49664380285413       49.36594751238351
H           48.61589821449572       15.10306662471331       49.74320420688154
H           50.21600201779311       13.12922135909168       49.27244044525303
H           52.43417774228956       16.70494539569660       49.16497165521375
Fe          52.36546552176173       10.77426153702675       48.66336985768967
Fe          53.39064291548681       13.46975651192793       49.69690254617544
Fe          54.24417166775356        9.59727165357188       47.57428266106641
Fe          54.31301406921754       10.12258027559027       50.05361890220741
S           55.96033401513842       10.40255513532586       48.65377020414943
S           52.96667776856074        8.73592883564776       49.08061710611248
S           52.87704089778394       11.67617004115892       50.63702376294465
S           53.19024006916433       11.33274073704308       46.72230783556829
Fe          54.62576099687555       11.99688385513760       48.12495975996817
64
 energy: -105.350951144745 gnorm: 0.006816448250 xtb: 6.6.1 (unknown)
C           53.78956025152448       15.79108624307893       53.33878319540042
C           53.61413013431811       16.14012391278311       51.86190234221925
S           54.56051927728819       14.95649527434389       50.84720029418305
H           53.33292061350257       16.54498585126365       53.98746254853105
H           53.33212125178040       14.82230509795674       53.55248807413444
H           54.85387571678994       15.72372817351116       53.57707324287972
H           52.54215877019035       16.15841359985256       51.62472045357251
H           54.00908003842868       17.14899744835004       51.68409187429440
C           47.96627702174477        9.50062470723598       49.42547403721995
C           49.36847591719470        9.94612544364261       49.83162293896486
S           50.05082249210828       10.95094259500978       48.46977432101254
H           47.47252352291508        8.92857352288607       50.21690278817709
H           47.35600324341790       10.37534308021886       49.19457350734424
H           48.02115286860361        8.88441406540751       48.52666006985897
H           49.30407839214183       10.52819454094372       50.76267885403203
H           49.98492516917321        9.05917594581149       50.03251963607057
C           57.06056913952406        7.03759131243224       47.48997769592660
C           55.66464516293338        6.67188978936609       46.98131287771147
S           54.89516353082046        8.03083261749367       46.03632570313165
H           57.56447165441887        6.16630227173282       47.93169997736261
H           57.67041788076857        7.40824639462450       46.65636398849157
H           56.99417326537360        7.83256723124743       48.24454455072333
H           55.75227613809822        5.81490690617247       46.29851899833241
H           55.03895191496700        6.35234710764592       47.82902461946165
C           57.83491634284442       10.03669935311237       51.52986836469849
C           56.91397075169666        8.82459273410458       51.69186701845328
S           55.18756668572984        9.30622426743909       52.00883600416313
H           57.73043984080284       10.70224498002104       52.39308543060290
H           58.88488798120190        9.73516317017305       51.44554215406979
H           57.55793465187962       10.59436604944042       50.62464769511745
H           57.00588179221780        8.18038400327605       50.80304008686844
H           57.25066046751964        8.23308544263844       52.55827510371899
C           55.99846389939123       16.34490152322996       47.94491052904723
C           55.36461340108233       15.25133512399909       47.08254257477887
S           55.98653041494366       13.62954138356099       47.64744253198311
H           55.65133302868887       16.24117128554557       48.98250292310347
H           57.08716422144031       16.23546769642366       47.93616023209434
H           55.74231236238658       17.34758706557865       47.58331163737149
H           54.26947843464727       15.34307769544386       47.12559816805872
H           55.66908383962714       15.39833834732485       46.03387615527017
C           49.49866814749445       17.93937474749559       51.30028764777538
C           49.64795730039793       17.69506912428236       49.79211831747297
C           50.31189708846196       16.38324214122060       49.52565820214503
N           49.61812834609568       15.19746503087723       49.57509653983655
C           50.51256806141729       14.18472238502992       49.38665914993042
N           51.73375074108561       14.67342386412894       49.23180100161272
C           51.61478265502478       16.03972940459217       49.30766782014734
H           48.89574546406106       17.15079315726852       51.75350799751772
H           50.47841896896369       17.94965220187268       51.78260906546832
H           49.00984659304722       18.89680503678141       51.47860629269388
H           48.65618139004592       17.71497396586190       49.32890233778457
H           50.24216011001328       18.50198813839906       49.35202891658322
H           48.63030485506018       15.11594134041908       49.72887517308425
H           50.22559412867443       13.13403372870716       49.28950809740653
H           52.46059526177731       16.69902782237496       49.17851579022714
Fe          52.35969055003984       10.76735361379666       48.67330361062652
Fe          53.40195847799490       13.46959922363360       49.71415828061643
Fe          54.23320600711540        9.58183915610087       47.58347312943683
Fe          54.30450777058397       10.11055284555803       50.06136172226626
S           55.95112857972251       10.38962224666173       48.66136132788289
S           52.95356175754932        8.72640189116236       49.09091974462265
S           52.87376196514261       11.67170579542687       50.64174484784110
S           53.18709288511596       11.31792142196559       46.72924067386759
Fe          54.61965129084368       11.98427271222965       48.13424812452502
64
 energy: -105.351367970812 gnorm: 0.008256252251 xtb: 6.6.1 (unknown)
C           53.78277827964667       15.80443344949325       53.35777374962438
C           53.61001397730787       16.14785234722492       51.88008030654942
S           54.56394828167225       14.96405791834430       50.87454131882843
H           53.31866708956248       16.55706968787086       54.00273393558062
H           53.33243075200632       14.83220489009052       53.57174039738985
H           54.84760784295831       15.74680685361270       53.59729144980606
H           52.53861359436905       16.16046969042637       51.64102742083751
H           54.00111562886268       17.15689568952223       51.69967586696047
C           47.95914921393457        9.49527216399688       49.42592832821889
C           49.35812645952900        9.94470118394542       49.84173203905234
S           50.04761327973987       10.95103681674165       48.48204246622592
H           47.46449676369056        8.91475774621274       50.21279703838344
H           47.34736492471926       10.37123247827999       49.19753562785971
H           48.02235153696381        8.88316400608323       48.52251213544278
H           49.28640547850720       10.53025912281869       50.76864062482140
H           49.97454980455800        9.05941169586189       50.04988516785676
C           57.07278085717068        7.05444136301819       47.46281711715304
C           55.68777221194431        6.65931329984905       46.95669376048270
S           54.87646175676535        8.00439309041032       46.03592508827283
H           57.59703638778399        6.19098246474679       47.89603704591633
H           57.67533972366447        7.44082593060090       46.63018421502011
H           56.99450452433772        7.84422038496153       48.22395142995432
H           55.79362513730580        5.81019769804788       46.26554309117770
H           55.07546679913789        6.31206245556092       47.80149920763281
C           57.83290244131285       10.02468513364022       51.52066234817882
C           56.92280281362490        8.81419596143637       51.70531725261907
S           55.19134881137800        9.28733101370822       52.01588012185553
H           57.71665776409851       10.71158667079147       52.36500312511578
H           58.88474265147482        9.72769757908568       51.44289430643639
H           57.55323683241846       10.55457522079573       50.60399126021756
H           57.02176453195758        8.15849051700824       50.82977148375984
H           57.26057717994944        8.24433962917273       52.57907607809802
C           55.95623579000368       16.34924243683547       47.94841527432026
C           55.34719672617283       15.25086991525701       47.08583953174053
S           55.96346333453653       13.62799692641960       47.66476615540806
H           55.60482631048251       16.24270932634169       48.98247193241757
H           57.04391592563060       16.25844757977229       47.94697386736500
H           55.68811092413952       17.34712928395922       47.58365297137317
H           54.25576756806610       15.32613720647546       47.10808529089682
H           55.66890951580498       15.39222137837529       46.04501057237498
C           49.50767863909521       17.95452744369612       51.27716340755517
C           49.67014740792447       17.70928043886467       49.77078817301716
C           50.33141814704802       16.39453048616632       49.51537982538338
N           49.63634216095450       15.21014630580475       49.56759354789451
C           50.52867208865689       14.19273747274841       49.40300657703335
N           51.75270026818818       14.67742008041685       49.26182278903493
C           51.63579109018464       16.04357448718088       49.32071888801569
H           48.89821779427845       17.16801735556434       51.72349655301248
H           50.48252203463710       17.95995409167599       51.76817796235837
H           49.02240382542371       18.91327872688344       51.45283281926232
H           48.68371491571411       17.73452309633930       49.29717815526013
H           50.27208057023140       18.51328201298542       49.33695699980145
H           48.64427199279717       15.13126791333069       49.69618409722435
H           50.22797680202832       13.14672566814185       49.31557822830933
H           52.49055212862393       16.69183279139804       49.19638225190105
Fe          52.35163307649806       10.75063024427003       48.68820223722815
Fe          53.42074656174351       13.48093606783450       49.73023111573719
Fe          54.21776117091742        9.55181124635875       47.59583613164182
Fe          54.29858314686918       10.09515320960456       50.06935006596470
S           55.93773110785677       10.37368060682416       48.66676566841632
S           52.94111837978730        8.70824260820772       49.11123765327663
S           52.87086503744457       11.67352572625561       50.63369405872920
S           53.18226671274063       11.28115769580014       46.73384428650571
Fe          54.60981539300334       11.96395026704407       48.13603511600873
64
 energy: -105.351873068812 gnorm: 0.008788174256 xtb: 6.6.1 (unknown)
C           53.77453829695626       15.82467036320917       53.39075762066215
C           53.60503882430890       16.15460119795720       51.90975699792346
S           54.56907834287359       14.96672835539185       50.91927435408846
H           53.30384740651282       16.58008369192796       54.02772024636623
H           53.32902431640936       14.85141575457878       53.61053522999142
H           54.83886477015633       15.77455572922657       53.63402304042596
H           52.53428160992449       16.15765648793510       51.66622900838863
H           53.98967996537561       17.16490945915698       51.72168984281250
C           47.95143932216378        9.48749708494176       49.42689792345007
C           49.34535100772241        9.94244806654531       49.85451319685855
S           50.04055174720659       10.95485228439326       48.50118406828120
H           47.45460774589680        8.89874649159265       50.20687444478303
H           47.33659126650074       10.36208017068308       49.19981520651532
H           48.02391795151850        8.88126226373160       48.51929782456260
H           49.26412754112446       10.52703316385109       50.78110633180984
H           49.96440763633822        9.05960104040304       50.06600148500242
C           57.09714183891214        7.07368804425227       47.42531046689849
C           55.71677517384198        6.64631547151043       46.93120796836145
S           54.84992896793910        7.97720454470539       46.03805608932889
H           57.64993626164694        6.22378220147615       47.84126621561892
H           57.68063058580670        7.48369771765475       46.59419412735329
H           57.00858955800368        7.85052109286551       48.19203384003306
H           55.84049910139969        5.80799774250957       46.22823688337203
H           55.12536289927019        6.26734984974940       47.77942706358719
C           57.81936715898841       10.01872838487837       51.48878183817547
C           56.92591523926207        8.79974503844287       51.72501026509163
S           55.18785656433671        9.26090110773901       52.02242853059745
H           57.69657905053601       10.74026783974573       52.30701321892706
H           58.87540391379198        9.73154957230742       51.42272845402693
H           57.53028148247265       10.50662857109856       50.54730342350062
H           57.02820905418751        8.10637050581331       50.87286625376734
H           57.27464878829591        8.26995006845605       52.62534233051426
C           55.89125943461949       16.35486917913428       47.95812988559823
C           55.32577579263816       15.23873041647986       47.08613435714233
S           55.93803908829448       13.62415179127494       47.70715277465019
H           55.51825013677576       16.25181895930625       48.98692820082834
H           56.98374674600508       16.28788632805317       47.98482440655635
H           55.61014844633014       17.34483108234702       47.57871709187462
H           54.22914239928733       15.30059926197007       47.06191960210284
H           55.68842175948976       15.36607631970869       46.05276039585264
C           49.52079331918230       17.97722762655249       51.24518616861789
C           49.70654209514179       17.72613492264078       49.74154660497855
C           50.36307209612580       16.40524341708594       49.50412805343635
N           49.66145967245927       15.22507365978928       49.55862076045870
C           50.55090474849182       14.19992880812749       49.42224655769165
N           51.78067776440621       14.67601252594738       49.29812617530165
C           51.66934984102903       16.04362001303450       49.33742565669941
H           48.89689020878511       17.19714699666522       51.68406650855985
H           50.48799920757139       17.97486899309894       51.75251904479449
H           49.04103504556318       18.94103526440353       51.41034230728564
H           48.72792087295498       17.75804518999467       49.25127791732035
H           50.32218136309865       18.52405966629809       49.31484030607034
H           48.66514492302949       15.15286520318329       49.66268911153445
H           50.23998742719262       13.15653461835888       49.34669384013682
H           52.53218460095353       16.68235575611905       49.21931392194185
Fe          52.34166086918772       10.73249070834616       48.70218707101422
Fe          53.44577325728692       13.48907459862200       49.74899053465042
Fe          54.20134308178574        9.52043870866292       47.60861284276243
Fe          54.29111618376511       10.07528750621632       50.07671462557608
S           55.92534964163670       10.34920876290346       48.66925202533555
S           52.92333531198552        8.68822764465762       49.12993580976178
S           52.87672560724938       11.67176626409662       50.62935030895843
S           53.17282990752936       11.24722544212792       46.74107545277970
Fe          54.59415564027763       11.93822925628740       48.14626489843525
64
 energy: -105.352598501398 gnorm: 0.012319827143 xtb: 6.6.1 (unknown)
C           53.76773995778409       15.84306729763061       53.42307166539706
C           53.60176483647331       16.16816559583801       51.94114494528190
S           54.57624580007926       14.98270175252440       50.95896185531527
H           53.28359460727072       16.59251397549147       54.05645745083886
H           53.33366232882096       14.86440420141380       53.64066232419010
H           54.83083676284931       15.80515531735040       53.67275758611617
H           52.53164621688153       16.16270834967456       51.69187674858664
H           53.97932330293706       17.18133980911518       51.75076756894682
C           47.94062605918392        9.48130168658350       49.42830636052021
C           49.32819047365629        9.94303862194757       49.86793320306379
S           50.03197793255028       10.95655055399046       48.52003087029281
H           47.44331776210170        8.88163269728378       50.19921328043882
H           47.31991948760480       10.35256689790657       49.20522577207889
H           48.02159075212185        8.88457478286146       48.51495939614475
H           49.23556847631261       10.52864802538779       50.79340687747513
H           49.95009402547722        9.06341986407072       50.08582005143780
C           57.11539106488367        7.09404467234089       47.39054222667455
C           55.74176061401350        6.63079318287239       46.90313775700137
S           54.81816004784059        7.94452271824106       46.03695655793468
H           57.69221448008486        6.26507114066532       47.80643549360071
H           57.68421365738690        7.51551525841058       46.55966068936191
H           57.01066141156881        7.86859511879362       48.15166325429455
H           55.88736335106563        5.80653947320885       46.18594005188279
H           55.17113074563267        6.21827989953303       47.75260436266314
C           57.81896411151244       10.00756134911352       51.47396273258685
C           56.93232245468656        8.78969815016934       51.74550236673963
S           55.18970686309711        9.24605160465939       52.02608906046510
H           57.69017013580568       10.74506492994976       52.27268114875928
H           58.87834086352590        9.72725483944048       51.42180385412259
H           57.53075793001636       10.46768128267443       50.52011720859598
H           57.04009785811959        8.06958357879708       50.91344480955000
H           57.28385072243154        8.28850885290885       52.66294691636199
C           55.83305995972246       16.35926665686100       47.96513975396662
C           55.29946531739742       15.22956788055741       47.08922346319488
S           55.89712980104233       13.62043174958706       47.74928423191592
H           55.44946738371382       16.25709877944373       48.99093242511799
H           56.92792881785919       16.31180386893673       48.00833790771733
H           55.54111712341231       17.34283082950361       47.57712307003319
H           54.20146857268976       15.28874844383136       47.02768084339420
H           55.69505537995555       15.34353004316141       46.06383265079580
C           49.53339775630955       17.99542221594398       51.21461034708611
C           49.73862053007375       17.74024757902211       49.71336029539649
C           50.39173943487094       16.41446650752080       49.49066791067839
N           49.68340090949680       15.23884349400926       49.54660725512254
C           50.57058141148304       14.20668839079555       49.43654912099515
N           51.80593541049518       14.67449286064390       49.33114990288691
C           51.69955287777643       16.04402560684867       49.35212855983118
H           48.89885858385151       17.21952684477113       51.64676520103367
H           50.49403635579289       17.98794464817270       51.73514938282165
H           49.05647324936980       18.96268992945780       51.37204424522807
H           48.76663377573701       17.77642655237912       49.21037830411483
H           50.36422977805505       18.53409565880467       49.29323776691751
H           48.68395565360772       15.17149332556757       49.62390605769347
H           50.25120279200605       13.16521837674166       49.37648170762199
H           52.56854577275823       16.67493819765872       49.23949075945912
Fe          52.33009449959739       10.70414098735955       48.71045661131535
Fe          53.48039282460706       13.51007367082957       49.75254244541491
Fe          54.18810571689930        9.48523505922657       47.61562718074536
Fe          54.28996604673173       10.05720736317166       50.07607794552791
S           55.91678394848093       10.32242965023659       48.65858508409157
S           52.91257495444735        8.66286844138469       49.14700770459258
S           52.89791171799990       11.67942862646820       50.60762195460638
S           53.15742712190239       11.20812570618385       46.74477325241833
Fe          54.56937130786386       11.90804082432523       48.15399922131424
64
 energy: -105.354109082017 gnorm: 0.028693516027 xtb: 6.6.1 (unknown)
C           53.76368664340112       15.86076080331024       53.46270628752885
C           53.60181251428678       16.19934012687526       51.98473352267535
S           54.58898763224146       15.03123397858812       50.99643899435518
H           53.24967832905461       16.58467721887308       54.10225324599631
H           53.35648519516884       14.86621948508396       53.66086712177342
H           54.82373110381701       15.84612572628978       53.72526831726992
H           52.53225789901930       16.18655375377638       51.72577299767023
H           53.96970762543805       17.21979739852655       51.80356098163271
C           47.92103850706881        9.47682285769265       49.43105302013509
C           49.29849683027395        9.94939034976647       49.88363962965772
S           50.01794720594040       10.95250613575019       48.53949408018251
H           47.42754984902279        8.85923889006764       50.18720565763289
H           47.28688416566505       10.33946217912000       49.21809986554646
H           48.00907509553599        8.89862264195894       48.50790629029266
H           49.18900592889639       10.54080658716149       50.80613245495346
H           49.92440576858464        9.07525503901429       50.11562350820063
C           57.12354454460372        7.11977432057053       47.35547257300459
C           55.76159069842138        6.60947462096953       46.86417173981680
S           54.77534771196710        7.89686180594823       46.02499072639444
H           57.71408100968740        6.33907466834547       47.81529562957684
H           57.68469094546066        7.51910374863241       46.52603877205129
H           56.99017850425206        7.91712470769407       48.07511003489818
H           55.93849923452301        5.80641842280863       46.12842358195395
H           55.21396071801824        6.16026879565598       47.71112435982653
C           57.84466139230521        9.98728431870001       51.48645879874565
C           56.94624869741615        8.78439618262863       51.77493459896220
S           55.20329489990456        9.25450141618528       52.02323342128845
H           57.71152227935672       10.71826342080588       52.27259300975063
H           58.90682003684864        9.70779369101198       51.46233089483793
H           57.57872526239937       10.43570462627962       50.53068150632475
H           57.06176905914832        8.04297812178933       50.96218821836121
H           57.28643359712777        8.30056228687932       52.70493674513513
C           55.77819238038725       16.36203971689077       47.96907085268995
C           55.25761314740695       15.22362351929549       47.09840990423135
S           55.81456683817206       13.61728202249491       47.81005215572740
H           55.40098186647138       16.25964671563512       48.99743265594663
H           56.87369635716028       16.32655690646435       48.01255839147355
H           55.47949264035298       17.34088603755787       47.57920624421472
H           54.16173723258643       15.30512163716748       47.00430880815443
H           55.68298392768827       15.31664533078067       46.08172255364263
C           49.54711514312240       18.00689918796564       51.18219444103614
C           49.76822042658073       17.74999867563239       49.68289946610545
C           50.42068394575085       16.42089573032911       49.47099044070015
N           49.70353254756336       15.25175060507600       49.52736203513223
C           50.58919290127476       14.21271852988396       49.44190769411967
N           51.83090597749142       14.67094796477810       49.36154924084153
C           51.72910306293949       16.04417316770921       49.36462688093138
H           48.90733151251548       17.23155757245241       51.60846315917697
H           50.50226354960265       17.99897484514947       51.71238529811622
H           49.06765116486778       18.97540476088734       51.33556438306476
H           48.80153959660803       17.78567378336581       49.17283913666067
H           50.39764846261682       18.54335461657984       49.26910226898050
H           48.70355559142712       15.18563617681322       49.57066368904808
H           50.26373935559453       13.17208375887793       49.40818967937619
H           52.60045197857622       16.67015937153010       49.25553950254806
Fe          52.31298701652108       10.64960650383031       48.70411302562571
Fe          53.54483944364447       13.56305724754501       49.72283353668868
Fe          54.18278685167649        9.43578810019441       47.61040472256112
Fe          54.30167525463425       10.03954937424940       50.05737956235636
S           55.91538741661341       10.28657735367147       48.61843460100970
S           52.91418382998046        8.62232086899014       49.16046468732336
S           52.95599842528631       11.70742338925139       50.54070958910825
S           53.12639875564052       11.14897463511233       46.73782054374423
Fe          54.51711439414603       11.86217781736513       48.15691727298833
64
 energy: -105.356378961209 gnorm: 0.051127950811 xtb: 6.6.1 (unknown)
C           53.76054351945682       15.87994349432642       53.50779852665201
C           53.60282210329056       16.23602324103706       52.03486206861519
S           54.60831736682952       15.09282100654240       51.03732612573245
H           53.21361739031379       16.57370328367680       54.15526822430348
H           53.38336549918620       14.86810131794883       53.68295189903772
H           54.81657825882029       15.89022076019045       53.78542280699411
H           52.53389368247126       16.21367964582012       51.76391119067489
H           53.95850052240614       17.26556969645310       51.86593818204245
C           47.89938977249970        9.47165768852822       49.43466809707683
C           49.26593161914342        9.95627037050769       49.89950057225096
S           50.00030088277176       10.94763136916720       48.55889414926649
H           47.41091412728677        8.83515714559606       50.17494707370198
H           47.24989130066855       10.32392794492175       49.23288366492460
H           47.99404508270329        8.91387518497072       48.50120611749875
H           49.13944444688747       10.55362264401339       50.81939955999567
H           49.89665092972998        9.08823241014257       50.14589299552608
C           57.13335510473612        7.14567309361813       47.31784411114697
C           55.78125312267019        6.58499733914673       46.82522377591707
S           54.72832114414446        7.84509930211926       46.01344826270409
H           57.74313991146685        6.42043229575762       47.82783373237098
H           57.68445939758612        7.52674845570479       46.48672556018492
H           56.96354797757690        7.96872749299140       47.98928922677362
H           55.99132910424448        5.80550780336562       46.06925374612703
H           55.25933075503881        6.09677875654645       47.67141548348008
C           57.87166645100552        9.96685241380706       51.49734958797329
C           56.95836858765638        8.78013323827545       51.80792240792464
S           55.21527912111144        9.26515672535218       52.01992306305572
H           57.73342997699882       10.69605336756731       52.26758860419849
H           58.93687936342237        9.68765232189689       51.50794296913338
H           57.63233748192442       10.40024435602158       50.53544846928330
H           57.08165371507255        8.01200122682996       51.01821220978184
H           57.28723324191728        8.31620743454859       52.75334580184354
C           55.71972237948832       16.36629616812981       47.97332041160540
C           55.21134793091538       15.21591961189162       47.10905654802635
S           55.71370689005445       13.61576921718448       47.89470960780156
H           55.34731065525623       16.26708272091478       49.00493891907792
H           56.81734514772062       16.34062798213077       48.02029729873250
H           55.41632797555476       17.33984123571305       47.57862158188009
H           54.11587469536047       15.32751031182313       46.97394533391655
H           55.67436702443276       15.27838352776883       46.10101595836994
C           49.56192225167107       18.01832957739355       51.14762275872236
C           49.80127516869911       17.75844123649733       49.65046933615957
C           50.45375168348446       16.42550265313692       49.45047516635153
N           49.72651738422296       15.26371396786420       49.50768986182243
C           50.61116767547230       14.21714914591374       49.44599874100498
N           51.85995923763797       14.66452873076159       49.39125832139577
C           51.76283527930892       16.04232477709851       49.37734232008805
H           48.91557598852634       17.24424716092834       51.56829624042315
H           50.51093079536252       18.01025367590564       51.68941966908456
H           49.07935500348284       18.98863884874116       51.29516912620247
H           48.84021591451529       17.79294769043246       49.13221855491887
H           50.43504950806879       18.55128336076546       49.24312044231814
H           48.72630090703812       15.19858797313451       49.51570462410550
H           50.28075503520071       13.17701304710164       49.44014106454597
H           52.63533958193905       16.66491002876134       49.27146221357281
Fe          52.29139462858181       10.58465725729194       48.69021179773055
Fe          53.62691517511098       13.62913117889918       49.68960785934961
Fe          54.18049314447739        9.38311628253071       47.60074153259783
Fe          54.31320773447811       10.01838353961553       50.03654945563811
S           55.91179284022512       10.25015586111287       48.57440767035393
S           52.91810614324872        8.57585719132856       49.16914329187857
S           53.02348826056932       11.73966487295920       50.45305973776178
S           53.08853508940513       11.08361077948839       46.72633440204532
Fe          54.44901178917807       11.81132180970958       48.16286889606682
64
 energy: -105.358415730570 gnorm: 0.065819594922 xtb: 6.6.1 (unknown)
C           53.75913228149157       15.89093007724999       53.53680876736856
C           53.60482710678971       16.26513515855742       52.06864162802783
S           54.62883681338984       15.14770266604451       51.05956781815492
H           53.18440690566560       16.55661844089231       54.19259254685023
H           53.40916918413667       14.86401140669626       53.69042821227434
H           54.81161273217052       15.92407503709289       53.82708424651469
H           52.53637845668530       16.23615721520334       51.78952918141704
H           53.94970590148562       17.30258440363707       51.91441146693124
C           47.88072492090804        9.46845266988926       49.43745504732174
C           49.23919745904950        9.96251696159209       49.91180038304041
S           49.98549620703235       10.94379225857075       48.57250321021434
H           47.39775788667302        8.81421803201901       50.16470282713171
H           47.21878279659298       10.31335286511204       49.24706560342354
H           47.98101694574883        8.92832457048249       48.49422047972224
H           49.10049767830635       10.56616026917135       50.82792084943274
H           49.87272135266126        9.09907369692162       50.17079840932392
C           57.13719422700258        7.16362145899031       47.29073854511957
C           55.79640920423022        6.56498104237174       46.79316941061779
S           54.70172025485951        7.80489792022308       46.00098035213266
H           57.74966889821842        6.49357056889620       47.85768538417771
H           57.68911666004063        7.51396584334094       46.46001975493177
H           56.93593477443032        8.01707955727788       47.90763859142046
H           56.02952562205891        5.80090451832958       46.02576337844906
H           55.28987848131008        6.05273895960103       47.63573913770615
C           57.89776665993266        9.94870554989890       51.51335681582213
C           56.97180361427002        8.77355623720144       51.83753676073346
S           55.23011648692383        9.27468306815481       52.02244137019920
H           57.75204821952421       10.68449761836135       52.26965645394733
H           58.96429898588305        9.66687697640261       51.55541807295447
H           57.68340656439320       10.36721627406559       50.54085100193601
H           57.09903980575044        7.98639543475783       51.06327643605017
H           57.28989421319047        8.32444629435876       52.79647450696930
C           55.68159381836679       16.37158472849741       47.97556204283912
C           55.17403515714343       15.21447920270231       47.12169871427758
S           55.62851047006695       13.61692518239774       47.96335800665948
H           55.31742146645546       16.27767501430910       49.01191990871432
H           56.78090438704132       16.35102859305270       48.01971174504338
H           55.37380526301041       17.34173758111885       47.57749409570162
H           54.08162241389550       15.34723883982036       46.96307972412738
H           55.65612069719486       15.24928962464710       46.11956683440719
C           49.57207018926242       18.02450281098094       51.12460729008680
C           49.82179093293720       17.76501873572908       49.62854873350154
C           50.47481292911863       16.43008639704749       49.43595627843948
N           49.74231779484374       15.27248168283913       49.49471618567095
C           50.62629597962010       14.22161525095029       49.44727976701715
N           51.87796246658525       14.66359143273829       49.40692934512332
C           51.78376287216482       16.04351931266611       49.38558311941729
H           48.92303886238739       17.24951320464681       51.54091967320994
H           50.51776846397605       18.01665427291864       51.67234088838957
H           49.08661778970867       18.99521920362008       51.27040137903870
H           48.86407027424193       17.79850755436579       49.10564311873783
H           50.45742220075413       18.55829006567615       49.22533555801903
H           48.74190570656712       15.20615481677752       49.47263854414563
H           50.28980153302602       13.18349658841114       49.46180425969982
H           52.65834574953639       16.66220237124605       49.28200214326893
Fe          52.27207443939405       10.53012098310877       48.67570980216101
Fe          53.69651185998330       13.68602606196526       49.65740833468423
Fe          54.17802196279073        9.34305716814529       47.58901772571313
Fe          54.32864016516082        9.99076699302079       50.02356033656667
S           55.90617725661668       10.22742070335857       48.54230344656597
S           52.92465180293657        8.53716331687744       49.17280272776830
S           53.09139411540535       11.76775610920534       50.36383838820148
S           53.05656766258372       11.03233909072412       46.71593315236239
Fe          54.39156589612316       11.77719830541512       48.17090908985619
64
 energy: -105.361452817553 gnorm: 0.063923915736 xtb: 6.6.1 (unknown)
C           53.76350194869633       15.88127526737735       53.53099002902293
C           53.60927668093992       16.26895990804905       52.06308425966675
S           54.66835575560810       15.19183886609714       51.03176545214863
H           53.18143016366161       16.52558635283449       54.19316102200348
H           53.43061061597513       14.85192544984310       53.67414304326014
H           54.80961054000985       15.92803363121291       53.83184071974585
H           52.54119713942480       16.24072469802783       51.78672556202454
H           53.94392266060419       17.31301651883735       51.93185111561221
C           47.87132602515071        9.46831483455984       49.43996206296188
C           49.22921173799038        9.96453571307776       49.91314539915993
S           49.97114121214695       10.94603075786638       48.57268865575001
H           47.39729543817289        8.80155953791264       50.16075514092370
H           47.20313140744766       10.30986397846070       49.26099011077228
H           47.97392117626863        8.94002260121931       48.49076784293728
H           49.09628763610404       10.56990319154693       50.82635843556481
H           49.86116142884044        9.10190534066986       50.17342439617854
C           57.13831272107419        7.14547946348256       47.29153452839339
C           55.80340530035451        6.55420234194336       46.79337626545497
S           54.75419189181270        7.80605872409617       45.99985902681691
H           57.70884685556232        6.54875694576164       47.94576038701873
H           57.71299840805311        7.44661497756333       46.45163204544340
H           56.89964174094109        8.04573775628184       47.82407410817089
H           56.01078420869526        5.78732910875827       46.03895951693116
H           55.28492960670710        6.07512105822962       47.62906814386780
C           57.90828447769201        9.94248903966681       51.52897577235917
C           56.97245371983309        8.76454730263084       51.85488888540833
S           55.23924600708819        9.27620557029485       52.04766422432699
H           57.74901598147247       10.73461200307223       52.26601969452263
H           58.96933719409346        9.65310151430907       51.59869526721459
H           57.71751468621628       10.33573397239571       50.51936188622839
H           57.08605511233100        7.97696934135893       51.08133820248166
H           57.29130107690528        8.31791804409519       52.82102229942691
C           55.69896869215150       16.38268549961658       47.97001853076236
C           55.15591051133372       15.21985191749262       47.14247770501194
S           55.54645859321579       13.63954707991224       48.04519306474027
H           55.34181434609219       16.30807843907004       49.01475653156297
H           56.80291957065263       16.34820116545970       48.00391608424567
H           55.38933773887278       17.35275435208762       47.56528788099440
H           54.07637277043767       15.35621956198686       47.00579812133822
H           55.60355408262333       15.21585403294610       46.14413740779741
C           49.57255727673935       18.01897162974123       51.13010259350022
C           49.81973280358770       17.76049031652369       49.63438621008267
C           50.47435882049749       16.42488618944036       49.44498555263257
N           49.74450951281754       15.26509372001353       49.51046136968062
C           50.62767499390335       14.21758191568826       49.43512479019972
N           51.86850629281670       14.66652763734550       49.36159402053324
C           51.77813584083106       16.04289792146825       49.37935862121640
H           48.92485575591304       17.24183473106030       51.54787695040719
H           50.52047108366418       18.01292777644719       51.67480120637070
H           49.08511372386027       18.98960101200750       51.27458020101816
H           48.86027344379776       17.79159270457710       49.10994537371836
H           50.45497850266654       18.55369597953369       49.22580535413694
H           48.74694750948304       15.19376418269979       49.47779537033713
H           50.29046388244034       13.18459882573149       49.44431517014230
H           52.65347044231977       16.66388749693845       49.27722605629208
Fe          52.24979062553567       10.51095536108020       48.63879908836898
Fe          53.76851042944953       13.71395516500635       49.62673454747732
Fe          54.17902755476958        9.35128583728445       47.55789630237214
Fe          54.35879657848572        9.92944424686866       50.04798557328034
S           55.88135692907794       10.25222399236491       48.55034000884346
S           52.93621031764015        8.53162987301122       49.14551587616112
S           53.19176517561799       11.77544075786347       50.22356137698807
S           53.02296888278162       11.03613968511359       46.70466929566768
Fe          54.33217663975653       11.80691143242777       48.20552727205422
64
 energy: -105.365386904476 gnorm: 0.040172829707 xtb: 6.6.1 (unknown)
C           53.76039633427843       15.87949677265869       53.52936880584421
C           53.60844305845850       16.27009177225930       52.06226359075457
S           54.68517933976099       15.20314218693897       51.03800295064307
H           53.17705319736177       16.52673321601858       54.18545173721842
H           53.43080803616611       14.85069159024243       53.67370665227797
H           54.80805500955355       15.93671817775041       53.82787827701076
H           52.54230385450922       16.23219716158273       51.78627425069487
H           53.93811110776478       17.31267068640780       51.93392671526219
C           47.86509642491904        9.46561525861811       49.44103356074229
C           49.22422931450657        9.96021375912720       49.92276360460404
S           49.96718453893302       10.95227404576829       48.58651417232705
H           47.39045166179827        8.79302528462241       50.16097786351138
H           47.20108325246712       10.31290249489587       49.26501478197100
H           47.97918292209013        8.93812500700052       48.48994567747083
H           49.09033382776914       10.56625654241943       50.83171457573987
H           49.85344772205758        9.09756803873925       50.18428276025841
C           57.13880526364330        7.15995649693907       47.28013900819345
C           55.81423370576814        6.54086015014475       46.79203334913488
S           54.74110726292025        7.78515929989771       45.99904763921845
H           57.74073382563623        6.56177509427835       47.93733454690670
H           57.72381901776193        7.46153168485833       46.43213664445953
H           56.88522498393390        8.06818230701517       47.80246812681337
H           56.03353863879348        5.77203988051488       46.03839117919025
H           55.30204986600598        6.04068772593359       47.63079343661796
C           57.90160659228196        9.93507739724956       51.53239678873470
C           56.97513103271795        8.75936320893167       51.84916547596371
S           55.23953442390662        9.26513980672836       52.04850552739028
H           57.73385027786611       10.72885077127320       52.26157870933734
H           58.95793475818603        9.64778955800645       51.58843688843880
H           57.70116713538994       10.32518082464579       50.53449926590813
H           57.09234665378871        7.98595295810006       51.07423051877203
H           57.29445463748491        8.31245575219722       52.80495456003678
C           55.69205630511492       16.39454623699676       47.96774677024741
C           55.14835327626906       15.22571004676601       47.15327480654471
S           55.57469879595885       13.66804881871533       48.05945044028613
H           55.33469463785719       16.32684970436159       49.01013905566398
H           56.79152451180154       16.36016629855458       47.99629432805901
H           55.37906511763447       17.36202708028737       47.55459211149992
H           54.06197195379083       15.33700989463115       46.99651882740947
H           55.62405865124180       15.20036532916847       46.15390625305814
C           49.57472562069648       18.02574977481041       51.12529172118938
C           49.82154764507858       17.76701928897903       49.63119178486546
C           50.47388801733140       16.43310708052197       49.44335667222356
N           49.74942834201563       15.26847704624784       49.51082197808282
C           50.63465666574329       14.22303211388560       49.44049820668537
N           51.87394903219379       14.67662139172257       49.37240003501337
C           51.77920077427240       16.05038728345492       49.37695186384620
H           48.92936192271345       17.24802436586738       51.54055606957618
H           50.52168202935810       18.01924412802858       51.67026539435548
H           49.09000341921854       18.99341063844435       51.27135381757094
H           48.86400079507487       17.80073866924206       49.10101542336198
H           50.46079080703378       18.55747024304902       49.22309399887891
H           48.74786736564359       15.19799496215813       49.46507525778027
H           50.29450108629555       13.19142922563540       49.44290626435437
H           52.66232155556172       16.66565660673817       49.28587530789145
Fe          52.23823538827808       10.50918469415575       48.64872228289563
Fe          53.78308594224634       13.70678423491184       49.67984573081339
Fe          54.16746039431494        9.34418961801350       47.56570598849918
Fe          54.34238201645846        9.91990056309116       50.05322043369502
S           55.87365519300539       10.25083560014217       48.57249788495169
S           52.92526002115682        8.52051509500842       49.15034132826761
S           53.15821224258018       11.75917337096673       50.22562337044178
S           53.02612968135181       11.01196011159609       46.70676531702786
Fe          54.36002299393026       11.81054982243027       48.17432664324676
64
 energy: -105.367917934028 gnorm: 0.028305947301 xtb: 6.6.1 (unknown)
C           53.76038384798783       15.87285402115473       53.53564369557193
C           53.61104673990862       16.28541899602937       52.07509978526883
S           54.70925217383090       15.24730378181062       51.04801506463406
H           53.16082733781719       16.50932880278079       54.19270019210080
H           53.44631288376832       14.83498109337872       53.66541550066194
H           54.80931967172222       15.94906070328195       53.83354452813653
H           52.54855061777182       16.22575933940589       51.78846347055396
H           53.92594478779005       17.33239129085448       51.95844002494470
C           47.85083609098214        9.46196137497238       49.44441735417995
C           49.20886388785741        9.95715231265798       49.93575701112103
S           49.95660915760610       10.95631398345006       48.60520893932848
H           47.37693107857724        8.78240195935631       50.16065587366926
H           47.18726869580642       10.31219110200975       49.27400781321018
H           47.97394971278418        8.93988596054584       48.49075119592661
H           49.06783774908438       10.56412675502180       50.84140636426963
H           49.83647880818824        9.09528811793906       50.20018523719611
C           57.13373617774340        7.18472150716666       47.27014691548148
C           55.82697557787910        6.53038910028100       46.78611492138419
S           54.73349237482576        7.75313273823875       45.97194450002814
H           57.73822962757839        6.58846564219340       47.95921929392353
H           57.74315975984024        7.43935697996598       46.41663544869447
H           56.86650152413485        8.12097567121725       47.76357731085273
H           56.05982881882227        5.75346669829408       46.04012637035399
H           55.31977927947948        6.02249036357202       47.63030958423907
C           57.90269890300419        9.93100098122318       51.53800318280649
C           56.97602945342307        8.75564702990793       51.85545197929071
S           55.23665873033111        9.27125602471352       52.03479042251476
H           57.72517551826130       10.71719263800152       52.25777296470478
H           58.95757785536157        9.64059806877563       51.60473283563221
H           57.70272962195047       10.31404100210197       50.53966760292057
H           57.10094649880458        7.97003702341273       51.08555781368796
H           57.28757040870100        8.31461290777275       52.81824003293500
C           55.69468413199903       16.41328021050036       47.94920909927713
C           55.13240780140022       15.22210163629902       47.17808643727325
S           55.56287175947983       13.68907292494058       48.12855840401006
H           55.35520475144317       16.37187026694560       48.99580127644795
H           56.78704382331171       16.36501977298823       47.95932679656788
H           55.38776046385438       17.37634944758629       47.52161608742112
H           54.04849329538742       15.34569382881674       47.01948071738382
H           55.61419820877260       15.16418800511100       46.17906537596561
C           49.57409320651577       18.02942523786970       51.12490301332400
C           49.81714341136827       17.77004116125782       49.63175372175918
C           50.46921776195679       16.44065472694876       49.44005473720219
N           49.75175267682318       15.26971224694306       49.50599787945933
C           50.64270752895174       14.23090363933603       49.43164943187203
N           51.87999505754733       14.69328300241900       49.37428392035489
C           51.77672812427248       16.06407804913112       49.36515658443459
H           48.93345386350421       17.25017033013620       51.54056181351886
H           50.52165615110291       18.02449885129642       51.66807359926309
H           49.08968242747827       18.99418850902725       51.27246487892944
H           48.86045937225261       17.80338556674614       49.10154849826766
H           50.45642148268773       18.55902189581871       49.22303659720484
H           48.75220028619089       15.19524309942972       49.45832048812922
H           50.30947059885473       13.19469316361539       49.43232807624461
H           52.65971590711145       16.67964465775456       49.28229559676382
Fe          52.22598020196249       10.48183390809344       48.64450291714515
Fe          53.83462875477549       13.73223992824905       49.69798891843500
Fe          54.16790831740811        9.32479233431088       47.55540021677462
Fe          54.32389149149228        9.90382899604715       50.02011675167029
S           55.88715767731250       10.22695760178897       48.56483216362000
S           52.92155993972795        8.48471284696518       49.13032395183853
S           53.16955068877109       11.77981143561054       50.18529430089175
S           53.04133394953585       10.98195834713020       46.70426902416215
Fe          54.36481339482355       11.77744464974804       48.18655250389431
64
 energy: -105.368106009223 gnorm: 0.033279555626 xtb: 6.6.1 (unknown)
C           53.75316443183731       15.86889208749878       53.53944189728059
C           53.60497669867922       16.26901298619915       52.07502991003842
S           54.71644469551194       15.23936682562624       51.06529695993250
H           53.16637128932306       16.52786832867990       54.18242523275527
H           53.42773306047265       14.84037782557576       53.68425750869770
H           54.80581398128540       15.94299736848635       53.82493980528662
H           52.54953567914829       16.18247647688212       51.78227742621893
H           53.90474401607504       17.31384320906196       51.95245147757277
C           47.84996921533725        9.45357609297171       49.44658237572159
C           49.21215594942533        9.94137844609574       49.95021741470354
S           49.96313276089190       10.96556462626279       48.63385128788973
H           47.36460352868442        8.78647965201431       50.16924916838965
H           47.20185929494590       10.31464980467048       49.26521725011684
H           47.98495941919225        8.91842869457903       48.50270054187718
H           49.06662595237481       10.53804649705889       50.85787007478565
H           49.83424498089801        9.07606095871692       50.20556647616596
C           57.14945587489645        7.20251874730940       47.26056388439573
C           55.85765895403186        6.54257756532610       46.80020849994157
S           54.76108635031205        7.75168456481730       45.94809008968633
H           57.72695824320317        6.53286355379223       47.89945158498299
H           57.78306278949206        7.44337246647530       46.39623704316868
H           56.91968262049862        8.12112371562647       47.80673417120818
H           56.07979249652586        5.74071551590773       46.07481250160381
H           55.34660117922549        6.05128676443863       47.65523990671527
C           57.85466990731290        9.94212290920481       51.49924227653927
C           56.95370548738109        8.74682382116951       51.84158212691260
S           55.20396744577142        9.24172892047507       52.02600619821352
H           57.66742639055430       10.77129940397674       52.19503710371730
H           58.90873623449247        9.65792246473835       51.54930055191359
H           57.61749464635668       10.28781856616672       50.47340693782088
H           57.08522887955943        7.95149629765360       51.07556615610176
H           57.27569331479322        8.32131712864400       52.81026125353355
C           55.69956147456404       16.43122332384903       47.92127045157275
C           55.14661019891447       15.20029381025574       47.18769204268526
S           55.62576239265361       13.71433176037634       48.14231240501850
H           55.34524686343341       16.42838710539596       48.96215279522522
H           56.78920694220398       16.38265988433980       47.93944818201933
H           55.39077889710239       17.38205684755328       47.46286775459296
H           54.06817883472667       15.29784776377697       47.04582413141845
H           55.60740369787618       15.14051732420928       46.19981100433902
C           49.56956589479675       18.04651307848640       51.12580252887019
C           49.81787250241584       17.77714985991789       49.63489186492127
C           50.46608679925426       16.44869609444791       49.45062977353889
N           49.75806659158543       15.26713514193907       49.50957948325420
C           50.65599193403563       14.23770731264560       49.43321129130006
N           51.88789126195989       14.71358004288526       49.37116348042579
C           51.77926493181132       16.07691390661510       49.35597463834919
H           48.92258844552093       17.27432379869428       51.54374032415197
H           50.51558311466322       18.03718612538522       51.67478793710269
H           49.09448363992355       19.01406010409920       51.26171605802433
H           48.86475509853399       17.81733878330676       49.09464510659937
H           50.46888691586084       18.55685529643752       49.22499430882797
H           48.75881701676757       15.19746300728521       49.48525153705527
H           50.34058110445857       13.19121156851511       49.40931484934259
H           52.66100021783246       16.69684825444706       49.28612937854030
Fe          52.24173268789682       10.52755546645724       48.67103770809856
Fe          53.83715518777815       13.66777358279514       49.79888688360962
Fe          54.15433481933149        9.33003214077297       47.55677076142030
Fe          54.28242761295847        9.90005013496107       50.01253205419171
S           55.88912552332486       10.21565571650262       48.59165629780594
S           52.89368783142321        8.49460791122728       49.11583783657503
S           53.10559451303989       11.75478158212264       50.26157922230810
S           53.08849677285329       10.99486812261361       46.71690486354728
Fe          54.43139439170782       11.77258711193232       48.19732496110945
64
 energy: -105.370720615397 gnorm: 0.020844223731 xtb: 6.6.1 (unknown)
C           53.75430545507842       15.87154779977184       53.54753760243748
C           53.60667120361504       16.27615646147042       52.08287835612074
S           54.73916322998549       15.27423452155439       51.06063452510757
H           53.15865990648716       16.51415661600143       54.20087554276390
H           53.43894346508957       14.83660378485747       53.68266182768387
H           54.80356062405042       15.94788244827275       53.84070348426899
H           52.55192101025097       16.18417660191912       51.78559207461650
H           53.89195064868917       17.33073741670354       51.97416931339617
C           47.84552263686123        9.45180402543159       49.45161863388547
C           49.20426399105958        9.94210332213149       49.95381300892347
S           49.96067000695991       10.95570973256057       48.63634849085081
H           47.35917423550467        8.78638411924473       50.17169368105261
H           47.19345101326542       10.30778693210108       49.26780009996272
H           47.97615668049956        8.91900348722369       48.50791421740835
H           49.05541186354039       10.53841225679778       50.86412186432046
H           49.82702410081064        9.07705513834819       50.21286799295005
C           57.15561020772065        7.19086760094041       47.25983976368030
C           55.85484084612708        6.54824555486559       46.80299304612331
S           54.77431928887830        7.75353524153900       45.94240364599800
H           57.72149389757450        6.53726786962249       47.92622257299395
H           57.78758905408657        7.41844823005058       46.38751550069703
H           56.93725512657694        8.12265155516160       47.78100032117032
H           56.07326430555745        5.74539576830788       46.08283920111814
H           55.34215189884227        6.07977110820926       47.65891329188896
C           57.85591513074148        9.93404278670332       51.50593499175712
C           56.94182623010375        8.75016062570180       51.83865482210496
S           55.19607942270964        9.23968786759214       52.03571827806941
H           57.67746128045593       10.75217728328501       52.20775316339449
H           58.91239240325365        9.65415261251638       51.55498978466406
H           57.63171361226657       10.29733594631653       50.49685146507094
H           57.07038505669023        7.98037536767550       51.06819703396229
H           57.26237999583296        8.30888203639861       52.79011867679786
C           55.70080040068317       16.42938674209562       47.91562822594710
C           55.13906144705687       15.19551837769245       47.19031429367639
S           55.58871200056829       13.71698838516832       48.19739981070725
H           55.34177212763996       16.44962440646556       48.96165186798375
H           56.79762880760575       16.37630445089957       47.94040019917288
H           55.39771757126125       17.37331605403270       47.43501308775907
H           54.05249650032929       15.31350067173482       47.03464092170546
H           55.61447947852005       15.10609253599602       46.19612397334812
C           49.56807419572289       18.04585123772894       51.12497676784547
C           49.81745703858256       17.77279582570497       49.63368762935347
C           50.47108277236774       16.44300731747630       49.45267940070913
N           49.76359920004067       15.26252541039405       49.50818067780305
C           50.66349351241755       14.23578543031307       49.42626856484569
N           51.89234345498230       14.71331522391043       49.35401263079005
C           51.78412298200828       16.07684780400865       49.35844863550970
H           48.91974158624221       17.27504441483931       51.54681832035833
H           50.51439961050350       18.03943039424174       51.67306434277498
H           49.09062395580630       19.01612406796742       51.25699139350338
H           48.86337554668822       17.80978452710895       49.09683814928264
H           50.46528937980302       18.55437652500733       49.22313660718824
H           48.76565841048338       15.19027238926142       49.49063832523281
H           50.35701217001064       13.18719110449057       49.40256548487476
H           52.65563281904832       16.70733022958040       49.28118413155013
Fe          52.24147129028032       10.50653605642729       48.65040145864690
Fe          53.87050993012552       13.69352510610651       49.78853423476708
Fe          54.16498182185000        9.32593678757557       47.53769947358471
Fe          54.29715661726211        9.88068616201683       50.01808115344724
S           55.87705394778829       10.22129232220395       48.57676603357395
S           52.90551596383155        8.48997428761442       49.10185456909050
S           53.14538971028196       11.75921469830179       50.22398193334200
S           53.07014368932956       11.00469541325153       46.70888940443524
Fe          54.39736411140964       11.77487777145946       48.20680903167951
64
 energy: -105.371958516817 gnorm: 0.007503941074 xtb: 6.6.1 (unknown)
C           53.75147145536641       15.87167545129182       53.55664272967068
C           53.60070517972154       16.28024089843008       52.09337625635821
S           54.73787809382161       15.29322081401223       51.06363852417657
H           53.15358901323172       16.50844483257200       54.21584848008933
H           53.43911757986763       14.83348520441804       53.68912245761412
H           54.80080148219724       15.95037887795681       53.85068953306777
H           52.54707245155063       16.18312044458133       51.79673443545622
H           53.87714350447118       17.33776513037326       51.98812853478221
C           47.84353131019376        9.45004766575854       49.45429690048712
C           49.20056514237783        9.93980204232025       49.95753662799546
S           49.95831568605385       10.94708468163637       48.63709500530707
H           47.35311878431697        8.78872234989034       50.17582729352281
H           47.19234306465971       10.30541410811427       49.26355738213526
H           47.97446410604015        8.91238420398837       48.51266083169930
H           49.05071400352067       10.53851278967637       50.86690495439752
H           49.82216358872360        9.07438519343013       50.22154778024161
C           57.17083970073430        7.18171457675951       47.25691543549809
C           55.85524573121816        6.55995935989899       46.79781637349549
S           54.77463467310478        7.76871503412054       45.95259275288365
H           57.73750292619631        6.50958333067804       47.91073948008944
H           57.79203139751943        7.42338200285411       46.38711185584891
H           56.97042188374004        8.11306449042484       47.79812421119255
H           56.06698135686353        5.75523833384664       46.07839462957828
H           55.34515299630944        6.09625265744542       47.65612403435190
C           57.84404218150288        9.93256809384848       51.49888573078766
C           56.93479566095388        8.74703270471877       51.83173771273097
S           55.18909817743140        9.23138172646496       52.02982583903203
H           57.66952818912317       10.74735335038466       52.20752309635770
H           58.90157504297438        9.65002824831603       51.54595059373606
H           57.62078278352628       10.29786456850312       50.48941685610892
H           57.06438720606714        7.96954326966305       51.06539109649363
H           57.25607613211163        8.31451419711736       52.78973654302242
C           55.70087862211696       16.42572791720059       47.89735080584171
C           55.14507346030231       15.18620618550237       47.19493792365915
S           55.57947484099398       13.71318387533794       48.20729848667985
H           55.33847216734208       16.45861416313958       48.93670099066018
H           56.79359924633439       16.37722317145048       47.92619273417261
H           55.40187772496775       17.35424579266399       47.39605012056787
H           54.06327027498877       15.30186367842919       47.04225886777198
H           55.61454351630059       15.08863989121422       46.20532085259458
C           49.56702164372339       18.04805621769500       51.12202830672293
C           49.81790849694452       17.77058529518649       49.63290977371349
C           50.47552574089144       16.44228783431254       49.45134423138264
N           49.77223935694541       15.26068891106491       49.50547774658826
C           50.67285446269288       14.23694148270633       49.42322459006737
N           51.90011844924420       14.71657570968447       49.34839062493802
C           51.78812915620014       16.08109031262016       49.35985671778084
H           48.91848921100266       17.27879105722955       51.54425877485403
H           50.51130094984678       18.04494274357895       51.67104668366249
H           49.08859119870321       19.01803942079821       51.25208255232393
H           48.86458517075795       17.80370406209306       49.09629912757450
H           50.46219187868088       18.55468852654381       49.22296100389286
H           48.77228726804005       15.18573743156055       49.49923397293001
H           50.36974499755374       13.18841802926713       49.39883466381746
H           52.65617704567362       16.71773591843318       49.28307955575139
Fe          52.23871297966964       10.50515922299363       48.65411864960178
Fe          53.87779424529235       13.69965927733063       49.79039180194284
Fe          54.16313641541102        9.33816726638934       47.53624666243054
Fe          54.30186745529623        9.88097378452224       50.01672849975982
S           55.87777190843227       10.22223699079158       48.56969219809863
S           52.90822507987497        8.49024058848431       49.09705422447652
S           53.15617696882786       11.76157511259501       50.23415958119982
S           53.06624757949294       11.02783796827534       46.71900695931195
Fe          54.39531188165964       11.78118577776110       48.22042535674830
64
 energy: -105.372810093612 gnorm: 0.007167175154 xtb: 6.6.1 (unknown)
C           53.74702940049745       15.87013794049867       53.57006968081099
C           53.58943448594152       16.28829755562195       52.10999959312939
S           54.73903975951523       15.32957061576461       51.06770064518617
H           53.14478531933251       16.49595416898822       54.23793258501018
H           53.44227529221302       14.82730976069250       53.69722547755003
H           54.79608548177462       15.95467777806864       53.86493804141387
H           52.53665029608135       16.17996778811665       51.81531869998887
H           53.84935712893461       17.35168710763947       52.01476845352045
C           47.83870084716017        9.44658419061865       49.45977619700365
C           49.19290165215070        9.93712425303123       49.96564328585070
S           49.95588852105204       10.94016728969630       48.64622813305678
H           47.34095797493563        8.79254163089362       50.18361841164958
H           47.18999985058813       10.30143089836140       49.25665212721985
H           47.97238320116636        8.90015200338198       48.52280954699905
H           49.04006347880437       10.53864238587111       50.87341470953367
H           49.81278953702054        9.07174539197145       50.23730220257544
C           57.19251519237897        7.17308941255179       47.24914305474267
C           55.85555389399048        6.58227300600685       46.79241055306360
S           54.79404608057411        7.80251237866958       45.95242643302048
H           57.75678827024127        6.46809879680932       47.87625439821456
H           57.80136994644319        7.43384919101210       46.38095202144128
H           57.01938728804624        8.09520422088990       47.82747167314240
H           56.05631870130498        5.77537311043684       46.07252299026498
H           55.34638860520585        6.12476116501461       47.65367853907141
C           57.82643240549439        9.92666892227671       51.48678534352582
C           56.92423932056159        8.73992494612574       51.82579268666964
S           55.17677932853188        9.21246216435154       52.02198062119255
H           57.65695893567802       10.73714851134146       52.20269256707399
H           58.88617110225508        9.64501222591307       51.52582571230165
H           57.59790181245037       10.29599580811407       50.47936326383304
H           57.05768599134622        7.95423495820445       51.06557415974530
H           57.24838602823694        8.31720093643052       52.78945853457536
C           55.70098833317312       16.41576776698728       47.86825956446874
C           55.14972668319437       15.16399774785778       47.19629312047260
S           55.58036048332351       13.71532021831753       48.23676633081476
H           55.33149186837958       16.47875452195704       48.90034137773002
H           56.79127273162577       16.37272943326540       47.90570415054591
H           55.40731571985556       17.32349297159047       47.33290084976758
H           54.07040231750584       15.27458060846825       47.04750209721135
H           55.61532325714447       15.04593190261851       46.21141333733031
C           49.56451240197752       18.05073158410260       51.11747247980189
C           49.81736249015134       17.76790566621137       49.63059578250768
C           50.48214029630095       16.44227778051579       49.45065570791183
N           49.78555323217004       15.25789968383899       49.50013218484366
C           50.68925136590463       14.23933706276486       49.41778602484295
N           51.91434298129398       14.72368227569514       49.34464619416131
C           51.79552653346808       16.08905856980777       49.36002858861211
H           48.91565699516956       17.28391341290541       51.54229692306026
H           50.50682237097123       18.05327759473112       51.66800242354888
H           49.08440257947017       19.02075013269174       51.24186283456833
H           48.86452157846775       17.79292401155455       49.09392578566192
H           50.45658091680804       18.55464299358307       49.21845774828336
H           48.78433438851486       15.17784666194740       49.51310809981047
H           50.39259141005154       13.18997654240327       49.39089655057344
H           52.65816912167328       16.73447440971900       49.28506305056934
Fe          52.23653904191656       10.51108134409485       48.65757266138252
Fe          53.88949347201728       13.70994419417047       49.80564100905970
Fe          54.16896320535228        9.35379069283705       47.53907473384409
Fe          54.30106820921656        9.88412076178110       50.01798654464739
S           55.88049203729930       10.22522179855736       48.57205747085563
S           52.90604123010017        8.49721963523822       49.08938143445042
S           53.16829614757525       11.76910562230626       50.24479940124891
S           53.06545020493580       11.05145151911965       46.73083713953928
Fe          54.39543114477762       11.79289461534337       48.23766506521964
64
 energy: -105.373401219819 gnorm: 0.010190351915 xtb: 6.6.1 (unknown)
C           53.74174855865033       15.86662642073338       53.58459755367160
C           53.57507523400829       16.29696213287869       52.12871623243557
S           54.73657410466880       15.36721852331059       51.07236621078318
H           53.13499173380215       16.48013970533695       54.26069554819157
H           53.44732413280044       14.81939831195808       53.70438418639345
H           54.79069294212675       15.95890930259143       53.87807728726474
H           52.52302196392246       16.17571772088842       51.83571646744643
H           53.81756609200671       17.36613488423812       52.04483198064801
C           47.83375365526015        9.44353785591286       49.46548161972038
C           49.18526537179213        9.93644316311552       49.97503783817270
S           49.95207950825856       10.93698228191112       48.65615941493266
H           47.32899719901908        8.79822213829023       50.19270872527570
H           47.18782575780200       10.29752158034873       49.24865773524289
H           47.97150737473810        8.88644833685912       48.53499609698821
H           49.02770324471036       10.54049967457475       50.88072212797075
H           49.80376176410836        9.07174251015815       50.25372516950788
C           57.21224455683968        7.16865077323698       47.24064859396629
C           55.86048094296680        6.60424634363984       46.78550427523156
S           54.82417828836142        7.84143253156482       45.94610420790244
H           57.77589937519879        6.43583702075143       47.83824435949272
H           57.80989471562767        7.44860021012348       46.37153861063521
H           57.05892616473744        8.07577249313462       47.85167325949559
H           56.04825265362514        5.79274193864357       46.06685685396142
H           55.34794731816182        6.15668332175945       47.64993979258907
C           57.80902129788518        9.91824155560166       51.47634652721853
C           56.91435082666219        8.72902714897100       51.82278754484211
S           55.16426309195472        9.18790764154607       52.01967182925964
H           57.64516676511868       10.72669157119939       52.19601048797756
H           58.87055370303836        9.63959749238886       51.50297934131338
H           57.56970075088765       10.28974160503384       50.47203659620013
H           57.05176765974335        7.93800334241790       51.06793582273033
H           57.24275716583001        8.31417414557202       52.78891411899781
C           55.70105865117500       16.40833536488008       47.83313731267395
C           55.15417096461623       15.13688607386970       47.19554942337221
S           55.59254402853332       13.71361109935307       48.26472823969638
H           55.32109165999837       16.50587224061491       48.85890487418344
H           56.79091213329649       16.36505800325689       47.88294942452335
H           55.41447976355115       17.29823418435704       47.26333370396335
H           54.07418580780299       15.23954710078088       47.04814303386321
H           55.61695676909518       14.99526682576555       46.21267160044251
C           49.56060966687904       18.05450406634722       51.11231004383175
C           49.81507200286231       17.76607169426446       49.62709910249418
C           50.48819472923797       16.44378702860447       49.45123019239651
N           49.79852183722043       15.25569679035566       49.49470989688811
C           50.70733943273529       14.24280639314428       49.41430650279690
N           51.92987001120591       14.73364183939845       49.34261786081358
C           51.80366115835659       16.09888164941327       49.36087709726696
H           48.91242346315798       17.28906186611086       51.54041775066051
H           50.50206840660880       18.06226974849556       51.66398325336144
H           49.07836460283691       19.02439329129745       51.23089708373382
H           48.86209069185816       17.78182725178636       49.09035225300532
H           50.44919516462559       18.55496366766989       49.21116460193090
H           48.79778264161254       15.16958118479305       49.52648328440585
H           50.41797468649021       13.19169596297118       49.38525504776337
H           52.66132594663005       16.75167221502613       49.28894341939903
Fe          52.23658777455501       10.52127080150826       48.66506272469280
Fe          53.90084706147608       13.72109149040525       49.82440361094761
Fe          54.17254414951977        9.37170103104513       47.53917678590793
Fe          54.29670314046668        9.88521649483950       50.02373717240590
S           55.88335298146336       10.21968999021542       48.58083007440047
S           52.90407024460187        8.50483483178531       49.08048934635632
S           53.17862348848887       11.77868316087561       50.25850829453545
S           53.06780162945595       11.07976673154797       46.74593535594490
Fe          54.40197127496437       11.79813049687406       48.26258222460086
64
 energy: -105.373973079131 gnorm: 0.008036282937 xtb: 6.6.1 (unknown)
C           53.73511648016152       15.86011319928885       53.60123453972630
C           53.55589502072605       16.30656864289752       52.15107343465235
S           54.73142352380109       15.41420292986857       51.07544997506393
H           53.12268068513592       16.45710759191175       54.28707208242491
H           53.45583695042191       14.80772179298685       53.71012372897015
H           54.78389899063853       15.96377468256197       53.89148307326533
H           52.50480485838988       16.16928219173151       51.86001943228487
H           53.77701270042973       17.38191238181153       52.08207517464238
C           47.82903572825927        9.44118881671737       49.47234872991199
C           49.17730328148440        9.93914919192986       49.98700590657656
S           49.94962470521384       10.93878655203010       48.66996374302165
H           47.31649792833275        8.80751875911586       50.20461028639150
H           47.18660166863576       10.29341518517369       49.23783371122802
H           47.97315487428040        8.86988957838768       48.55137948868786
H           49.01258927894037       10.54569490574155       50.88983359932832
H           49.79495871952567        9.07623371355699       50.27310200774900
C           57.23266005312955        7.16833721509603       47.22869224656088
C           55.86881109548877        6.63132167568308       46.77675459568853
S           54.86349747754326        7.88957676603261       45.93177993443175
H           57.79811958370182        6.41105150309501       47.79107144030704
H           57.81868697731525        7.47065343426622       46.35777918654419
H           57.09623339705357        8.05421771761301       47.87014413817393
H           56.03936458350221        5.81259196688388       46.06136300311017
H           55.34802791724439        6.19820600516767       47.64411229161588
C           57.78944943257216        9.90472956588643       51.46732021214963
C           56.90460624684125        8.71094420169726       51.82318504912401
S           55.15029275595857        9.15237182838718       52.02041278918501
H           57.63188678005169       10.71222197701472       52.18900233242381
H           58.85237820796750        9.63099828913660       51.47718109057797
H           57.53385097952424       10.27674833430357       50.46704419216260
H           57.04691499536871        7.91731767514568       51.07258682410220
H           57.23843062876961        8.30340613822687       52.78989542510321
C           55.69961696866069       16.39821714468014       47.78736996008764
C           55.15909916140995       15.10232688690069       47.18923587546591
S           55.61390627952984       13.71602286996148       48.30115505477284
H           55.30407863191496       16.53734507106704       48.80439058226040
H           56.78969707742890       16.35286690480371       47.85492055246762
H           55.42336660964440       17.26759178621085       47.17860055916645
H           54.07647232203425       15.19227178030943       47.04230030572152
H           55.62085330845686       14.93322096779765       46.20823400126407
C           49.55445641548634       18.06040238727835       51.10502836622302
C           49.81080240776608       17.76427239606722       49.62152842632474
C           50.49495007411824       16.44659835604559       49.45276338141257
N           49.81360461857791       15.25348653695532       49.48893479066522
C           50.73007942313843       14.24749555291800       49.41278173899143
N           51.94924195112472       14.74737258035653       49.34376169078320
C           51.81366427608548       16.11148200739467       49.36311753089148
H           48.90834695657746       17.29546514792911       51.53757598781895
H           50.49574652974610       18.07428258820802       51.65749747553992
H           49.06905178976455       19.02963109534082       51.21711510194891
H           48.85713496581545       17.76802789896911       49.08508903927574
H           50.43814449529242       18.55572640522862       49.19972441603228
H           48.81494060572015       15.15953906268280       49.54094642777152
H           50.44954052553177       13.19391437530422       49.38179331940848
H           52.66634541956015       16.77120434879514       49.29642089105030
Fe          52.23954549905353       10.53645741790107       48.67516141336797
Fe          53.91162702519916       13.73416140517330       49.85388987864047
Fe          54.17963405306638        9.39035927220612       47.54218313983841
Fe          54.28890599582580        9.88254758889778       50.03436822010354
S           55.88512172393463       10.21778741073460       48.59990763242440
S           52.89893461211825        8.51411657106262       49.07057587214216
S           53.18870551108702       11.78862794183184       50.27597436391677
S           53.07819506580633       11.10861051109964       46.76494798797341
Fe          54.41223307380341       11.80521757087920       48.29462936077419
64
 energy: -105.374272050857 gnorm: 0.003584425869 xtb: 6.6.1 (unknown)
C           53.72890017983519       15.85263027955206       53.61378665934387
C           53.53823738412346       16.31225644686617       52.16886468149042
S           54.72054955422495       15.44526697715873       51.07938057278004
H           53.11194961268458       16.43520208399170       54.30712905941598
H           53.46366048860861       14.79625346605215       53.71262673613224
H           54.77748390564514       15.96688583908403       53.90039787163521
H           52.48815309551991       16.16362154586059       51.87933509366630
H           53.74493843769234       17.39059950635028       52.11078771259663
C           47.82873109530925        9.44166350585361       49.47752572548216
C           49.17422366365277        9.94591061321363       49.99607240705593
S           49.94999648744847       10.94520633454142       48.67958085811340
H           47.31115557875417        8.81822932075211       50.21485331807190
H           47.18862662231555       10.29123738386227       49.22791717985297
H           47.97884922852164        8.85778744717296       48.56571377043498
H           49.00270239570941       10.55483377211083       50.89581800818893
H           49.79239014505990        9.08562013570327       50.28773041652876
C           57.24424466344883        7.17472624133034       47.21724391401345
C           55.87640094959130        6.65288475521558       46.76941035495714
S           54.89114480417537        7.92723817538848       45.92082679137467
H           57.81354505698475        6.40365613972325       47.75145666210110
H           57.82226028552362        7.49383468488245       46.34507011108662
H           57.11754117531399        8.04241419438199       47.87815786575789
H           56.03235580372403        5.82938394625963       46.05594104704294
H           55.34831541541657        6.23123717170088       47.63822740970775
C           57.77724616322509        9.88989816683336       51.46636395215910
C           56.89939593996051        8.69179275694567       51.82738115321383
S           55.14112086670005        9.12000237230290       52.02385234172773
H           57.62301613396676       10.69709995959497       52.18842166457773
H           58.84038129135441        9.62030237215534       51.46433197676974
H           57.50957284690623       10.26151776573210       50.46917906936026
H           57.04599567983862        7.89871830699379       51.07829995229687
H           57.23633061614192        8.28809927382256       52.79347353957134
C           55.69622174377444       16.38871441142114       47.74867881735817
C           55.16190328129986       15.07693539723768       47.17762621889493
S           55.62993802756873       13.71791502011634       48.31840947012937
H           55.28889767646905       16.55351085811606       48.75689858127169
H           56.78619841551484       16.34195284034626       47.83033091829700
H           55.42848810423563       17.24364929224922       47.11676367221790
H           54.07710033099931       15.15490610783962       47.02980643516844
H           55.62499939967581       14.88974037181830       46.19921968384928
C           49.54829949072008       18.06636212409088       51.09758382348464
C           49.80616554358724       17.76323113810790       49.61537286851735
C           50.49969258073418       16.44964594416285       49.45432774067640
N           49.82477028546624       15.25243801230783       49.48623502037734
C           50.74798483023049       14.25163344630129       49.41551169533023
N           51.96428348871838       14.75910463538549       49.34915178892844
C           51.82112250487165       16.12171151074564       49.36696450392932
H           48.90501153258619       17.30098381797400       51.53412071704312
H           50.48988396787598       18.08574461594481       51.65019728964809
H           49.05954558013369       19.03443537292549       51.20456124678023
H           48.85174543242780       17.75665003708437       49.07962758005100
H           50.42734690556342       18.55673678923591       49.18789554628651
H           48.82857852970407       15.15213397118466       49.54981954950843
H           50.47369580886166       13.19626091260128       49.38407772349320
H           52.67116113860828       16.78495421773425       49.30523603410867
Fe          52.24398469943966       10.55058936514485       48.68814706383792
Fe          53.91969582241067       13.74506859257663       49.87276510594839
Fe          54.18383095186918        9.40528868699087       47.54493755822845
Fe          54.28331126131313        9.87863198759250       50.04623158306136
S           55.88727632268517       10.21268997602453       48.61928517317051
S           52.89655176581209        8.52167074409491       49.06429114515631
S           53.19682606737936       11.79719624824627       50.29158537960053
S           53.08741355833158       11.13050644529317       46.78253371545510
Fe          54.42434926344214       11.80690041804815       48.32150548338783
64
 energy: -105.374425041725 gnorm: 0.002921951882 xtb: 6.6.1 (unknown)
C           53.72398655893674       15.84466702467265       53.62087797826570
C           53.52607436184411       16.31209960069035       52.17945690173654
S           54.71424920884149       15.46348623314313       51.08163006822979
H           53.10223801874874       16.41525806155917       54.31933120460862
H           53.47115891316980       14.78496694597973       53.71190026956889
H           54.77183760787912       15.96879157788491       53.90579644616928
H           52.47669496323061       16.15626407625162       51.89129256784079
H           53.72291446112537       17.39210306563981       52.12890602898511
C           47.83273186635719        9.44454651162822       49.48113182920924
C           49.17546973776828        9.95526696699374       50.00230255562654
S           49.95339658253743       10.95304718804847       48.68510560186377
H           47.31205588136167        8.82907540004836       50.22270842032616
H           47.19378560324827       10.29107221822523       49.21933113612343
H           47.98810620065868        8.85077628429742       48.57694029378153
H           48.99850144396710       10.56698718532950       50.89886257573239
H           49.79517065994519        9.09804546903642       50.29869552406076
C           57.24952440406445        7.18402822706442       47.20654992030583
C           55.87960152809998        6.67092372982052       46.76294714430099
S           54.89870011062778        7.95195945071525       45.91604230487447
H           57.82471413828267        6.40288572437835       47.71812920037622
H           57.81992871342075        7.51793811441818       46.33354053944657
H           57.13055669065511        8.03793168345326       47.88425002746003
H           56.02609302579773        5.84689113747037       46.04857740236767
H           55.34981893816259        6.25331056141078       47.63214180982208
C           57.77265472455890        9.87505631818367       51.47301274650830
C           56.89767385502208        8.67423924559266       51.83342311098286
S           55.13696310964050        9.09619739148053       52.02702007695934
H           57.61895249958643       10.68143488234725       52.19583656597383
H           58.83535450363522        9.60723708947287       51.46626850594717
H           57.50054291885070       10.24717264525216       50.47751498508449
H           57.04747194537317        7.88254651132261       51.08411269145697
H           57.23426976402578        8.27152285390887       52.79943249645460
C           55.69052080814975       16.38054432149431       47.72108535020884
C           55.16336468632365       15.06004468644815       47.16533628174517
S           55.63746563755592       13.72167264138450       48.32786433093774
H           55.27543954068452       16.55929668056962       48.72249719126221
H           56.77989484533426       16.33457492791029       47.81189669770659
H           55.42842282715014       17.22545011147153       47.07462425501263
H           54.07823639019203       15.13020193340028       47.01415307575408
H           55.62981777765873       14.86236093556213       46.19042901903001
C           49.54308806516016       18.07167681801302       51.09033676779386
C           49.80217111889587       17.76255223359241       49.60931319136792
C           50.50228153370590       16.45189307100382       49.45474761913130
N           49.83137826671702       15.25223714012371       49.48595884666393
C           50.75876565584731       14.25441221823922       49.42029049448510
N           51.97313172948914       14.76646082476988       49.35540790835825
C           51.82521370452338       16.12808976268330       49.37091471965530
H           48.90259018560970       17.30563693135872       51.53002407815648
H           50.48480973220465       18.09614118864543       51.64282359065084
H           49.05105446378634       19.03841082771078       51.19333218288224
H           48.84728872182196       17.74818969527841       49.07439501301669
H           50.41844173641906       18.55749974530733       49.17737102719462
H           48.83660446055932       15.14787626398077       49.55373891358953
H           50.48760995441236       13.19826378934896       49.39032439019817
H           52.67451025464772       16.79250533323209       49.31285889405764
Fe          52.24852445849542       10.56070206121147       48.69903455837835
Fe          53.92203722423427       13.75333183945846       49.88580518310819
Fe          54.18561635169957        9.41375142293509       47.55097251963046
Fe          54.28332503766155        9.87582169584078       50.05482912460009
S           55.88843686924692       10.21432010298825       48.63072279343488
S           52.89472036409521        8.52754246458120       49.06579335884916
S           53.20369686926391       11.80147875477411       50.30270331144698
S           53.09490021002140       11.14210807031946       46.79460869128791
Fe          54.43113745869478       11.81112638096805       48.33759469965153
64
 energy: -105.374585305712 gnorm: 0.004201974692 xtb: 6.6.1 (unknown)
C           53.71866702581698       15.83258023795541       53.62674319241281
C           53.51381455684940       16.30780953583701       52.18897646860712
S           54.70632580726222       15.47520344851831       51.08482614752683
H           53.08967397919658       16.38886046980949       54.32987119777558
H           53.48125151799591       14.76878985647564       53.70914292938986
H           54.76495301902705       15.96943840135836       53.91156614461775
H           52.46537712724643       16.14487149356746       51.90172079374300
H           53.70144730163633       17.38917146564878       52.14485887128090
C           47.84175567982312        9.45046286606049       49.48445285744683
C           49.18046498569206        9.97005215123196       50.00822467519573
S           49.95967009445791       10.96407312102148       48.68848898162875
H           47.31789383757621        8.84377173053595       50.23074390922768
H           47.20344984815210       10.29262520222115       49.20814489003042
H           48.00398178839669        8.84558329685865       48.58915869122858
H           48.99712806399894       10.58641412716490       50.90010912371770
H           49.80296047533745        9.11744168821372       50.31132594820556
C           57.25113466479711        7.19913706687482       47.19168780728689
C           55.88032380183844        6.68902689771879       46.75482336480051
S           54.89410098667923        7.97265544452068       45.91532551426965
H           57.83520127873980        6.41077007912078       47.68025772002159
H           57.81208111556714        7.55120773693821       46.31899787529819
H           57.13844530071449        8.03866175128672       47.88685607504210
H           56.02036401966372        5.86750438197832       46.03720688718364
H           55.35331497960922        6.27127848018021       47.62494456773132
C           57.77314273975536        9.85552445906678       51.48734207739027
C           56.89815324288697        8.65311808914392       51.84303370837000
S           55.13618321883024        9.07423488731670       52.03108756795027
H           57.61810102760214       10.65982615094509       52.21216862711380
H           58.83530480946467        9.58817685508811       51.48039477692738
H           57.50092026397601       10.22987762174717       50.49297590254896
H           57.05073503836470        7.86360823238703       51.09217497194467
H           57.23148801343324        8.24874286927379       52.80925316492053
C           55.68169345999262       16.37279773742908       47.69236044470521
C           55.16421323002404       15.04409365283323       47.15001621763620
S           55.64150612598038       13.72427467616308       48.32975223273933
H           55.25789736439330       16.56328133629799       48.68657532701792
H           56.77017851833689       16.33022472649302       47.79311111530092
H           55.42420063025170       17.20760845304477       47.03215906913627
H           54.07971670116583       15.10576022416114       46.99167187226463
H           55.63685908572030       14.83740442642124       46.18033944576632
C           49.53705335242893       18.07843947735785       51.08094354174257
C           49.79754063257735       17.76221644461941       49.60147968287604
C           50.50394945224353       16.45426709956474       49.45480361152153
N           49.83622527487217       15.25282172970697       49.48787012158683
C           50.76685467807732       14.25707239057099       49.42905526389189
N           51.97980416730326       14.77243507233477       49.36635148272085
C           51.82791066057764       16.13349120226228       49.37655542119168
H           48.90015782970771       17.31155342544914       51.52443152259409
H           50.47873106897512       18.10976679665492       51.63318474544841
H           49.04061334055793       19.04331927407832       51.17902537920526
H           48.84237440043927       17.73942081487406       49.06744974831722
H           50.40869911807999       18.55827037250315       49.16449564278693
H           48.84214484881743       15.14520895256364       49.55431913674565
H           50.49723145142732       13.20063257949002       49.40156574764443
H           52.67737936958768       16.79796709326234       49.32103821065786
Fe          52.25382185160586       10.57125352093378       48.71373728624649
Fe          53.92324320921708       13.76203935369890       49.89123006246798
Fe          54.18652919564600        9.42233908768404       47.55908219032687
Fe          54.28535258654532        9.87495769354228       50.06486982766409
S           55.89239774437119       10.21354016364578       48.64364982687011
S           52.89446095959860        8.53403106394960       49.07095124575249
S           53.21138359181456       11.80732318556372       50.31550386547807
S           53.09924189268963       11.15269274516277       46.80801052518001
Fe          54.43851447626977       11.81289938193505       48.35238176536865
64
 energy: -105.374773893497 gnorm: 0.004643818489 xtb: 6.6.1 (unknown)
C           53.71307644236711       15.81476046047173       53.63158439543000
C           53.50199556824642       16.29846081469970       52.19768318511658
S           54.70271855010063       15.48774620298633       51.08619432735988
H           53.07230772772164       16.35223454103432       54.33909979958444
H           53.49610456569715       14.74554340702712       53.70344055960181
H           54.75624883945125       15.96907219149628       53.91946023797207
H           52.45489508622970       16.12650266884776       51.91058905638115
H           53.67756910402770       17.38229232670518       52.16157256283627
C           47.85626614422032        9.45961323077360       49.48823084260823
C           49.18873343101969        9.99133096311854       50.01547379456018
S           49.96978702008004       10.97753066391487       48.69115865821647
H           47.32781816172136        8.86350874199342       50.23970237803276
H           47.21838811133660       10.29574133354936       49.19296466171971
H           48.02815568677144        8.84118714841402       48.60401320489348
H           48.99710940583596       10.61522458327317       50.90033324533144
H           49.81505854288572        9.14539498217957       50.32932912266424
C           57.25037625170930        7.22059520870453       47.17043182536420
C           55.87847166503663        6.70827864118061       46.74246429122861
S           54.87817295386246        7.99103604575308       45.91635387748049
H           57.84763003212833        6.42631807754915       47.63334752230740
H           57.79692986653380        7.59623778053068       46.29829259568099
H           57.14262188787380        8.04420005470937       47.88570057512370
H           56.01501684165716        5.89170068474123       46.01928373035487
H           55.35987275295227        6.28514113983292       47.61463130357212
C           57.77837722038485        9.82972221844300       51.51067559557196
C           56.89872602694084        8.62785550608731       51.85629109857123
S           55.13692788292447        9.05346556643494       52.03857225483239
H           57.62108906392712       10.63042669146188       52.23925633515876
H           58.84002848033077        9.56043869244727       51.50809853064485
H           57.51152201937332       10.20926083553386       50.51692626464048
H           57.05305126983411        7.84104871382627       51.10261557285713
H           57.22600595795350        8.21828837127623       52.82266050709438
C           55.66782347488419       16.36571831373189       47.65946201037055
C           55.16532323868785       15.02602515946905       47.13159386773250
S           55.64332371184909       13.72914147809556       48.33464280246138
H           55.23227826880188       16.56862638827782       48.64553617229733
H           56.75513329224929       16.33078545880901       47.77307898335457
H           55.41367025850141       17.18844365145819       46.98315806327350
H           54.08229309059461       15.07760725772475       46.96165287807509
H           55.64806236773953       14.80981660231012       46.16925276032197
C           49.52995453150479       18.08751545665804       51.06832704201674
C           49.79237775539627       17.76229728001308       49.59109626009781
C           50.50480924750853       16.45665675503053       49.45413407538691
N           49.83930407083949       15.25419904899364       49.49133470779534
C           50.77196394215054       14.25958454758914       49.44177896025452
N           51.98423673943748       14.77663747126152       49.38176842643426
C           51.82940085240443       16.13783737730136       49.38420286018756
H           48.89764173172722       17.31978451860190       51.51679913991823
H           50.47124499252920       18.12834495727891       51.62038470077618
H           49.02758828196121       19.04995395343374       51.15977787362250
H           48.83722381449915       17.73007304119059       49.05775913135230
H           50.39840209310726       18.55889677262319       49.14830630295806
H           48.84486244411318       15.14443159132504       49.55056141819207
H           50.50246948129447       13.20317348197036       49.41784558718214
H           52.67953835435211       16.80184138160595       49.33001838432514
Fe          52.26091311000484       10.58204763242616       48.73059301143548
Fe          53.92159242754738       13.77203913398195       49.89657953544116
Fe          54.18635516304139        9.42797933239641       47.57225718423527
Fe          54.29223857367526        9.87623900837210       50.07713837007773
S           55.89726984878174       10.21398077028678       48.65484809065196
S           52.89434854956147        8.54210166944073       49.08442196802128
S           53.22189719355716       11.81302154984512       50.33010553925094
S           53.10526305862846       11.16195266098244       46.82306746123786
Fe          54.44583335761423       11.81699205882491       48.36694152814413
64
 energy: -105.374963840296 gnorm: 0.003858990592 xtb: 6.6.1 (unknown)
C           53.70804323470352       15.79319366699968       53.63519999408901
C           53.49193193226321       16.28651271965184       52.20544876392436
S           54.70000855172613       15.49714235743611       51.08740996812386
H           53.05315545192558       16.31004346720485       54.34560068204993
H           53.51300032604262       14.71873282846293       53.69568850925464
H           54.74659910504906       15.96618923594864       53.92933058794314
H           52.44689294946563       16.10540124614323       51.91663930415906
H           53.65591586680659       17.37262238024109       52.17734573857580
C           47.87461453577856        9.47070454807916       49.49288223699530
C           49.19893891615232       10.01679533546773       50.02441508702485
S           49.98252329794338       10.99204869808825       48.69437368492551
H           47.34052100721952        8.88493069677467       50.24834713043646
H           47.23679717257559       10.29946902813130       49.17700494967302
H           48.05826419185327        8.83892135994653       48.62042402475447
H           48.99736220729044       10.65033971126292       50.90032821823317
H           49.82930592713978        9.17910687921560       50.35270716203724
C           57.24698223949195        7.24672968463939       47.14356599568665
C           55.87562472254549        6.72235201872371       46.72637439165634
S           54.85237732517232        7.99986881657934       45.92004757456895
H           57.86061798947703        6.45355922413584       47.58504431330416
H           57.77589133386580        7.64581135101715       46.27192786076706
H           57.13841999451336        8.05636249451259       47.87403784479890
H           56.01377819998354        5.91293159503913       45.99567100866989
H           55.37107388677002        6.28759122145071       47.60139022788761
C           57.78797235730759        9.80033200309388       51.54061507425214
C           56.89862046240799        8.60186785020335       51.87253829270462
S           55.13970838375405        9.04096712748609       52.04912151819340
H           57.62875454310088       10.59676036480243       52.27376217971224
H           58.84880005882347        9.52553838007888       51.54698252721568
H           57.53207763795258       10.18770863172024       50.54676199049113
H           57.05138612997418        7.81874868520546       51.11425375024861
H           57.21780646588916        8.18275695025111       52.83815571673751
C           55.65001970513025       16.36167585577409       47.62796247614061
C           55.16648280208816       15.01045458614461       47.11212262320507
S           55.64351064038573       13.73341265299926       48.33427261910321
H           55.20155696240228       16.57274824160216       48.60598006856695
H           56.73606328422180       16.33951639530568       47.75467486281376
H           55.39556339204999       17.17258908126214       46.93837328247435
H           54.08518556459355       15.04958228044743       46.92813713948239
H           55.66259734878035       14.78714905385161       46.15850647390555
C           49.52286885672772       18.09846526235897       51.05345095303878
C           49.78779421413414       17.76310929715487       49.57899339839670
C           50.50444523923334       16.45858264138527       49.45279262331226
N           49.83938229797565       15.25622359905959       49.49590420988626
C           50.77241117270732       14.26143832526927       49.45762257077797
N           51.98527603824503       14.77795840638723       49.40167134939257
C           51.82927984443231       16.14002809440679       49.39347672925702
H           48.89570406540111       17.33004444916755       51.50786239746934
H           50.46350466133362       18.15075377362871       51.60543665592616
H           49.01358696364709       19.05808521509681       51.13692169813967
H           48.83312832455955       17.72235058589610       49.04562617295552
H           50.39031824015615       18.55892504798334       49.13044711169312
H           48.84359781363740       15.14632488811286       49.54029280336769
H           50.50171029522682       13.20520459913801       49.43713255291735
H           52.68024288161602       16.80322475799510       49.33889999223396
Fe          52.26916064402762       10.59186068638929       48.74815071326093
Fe          53.92093383885079       13.78201993366357       49.89507348888439
Fe          54.18899394171367        9.43175758333352       47.58760411227797
Fe          54.29879215673724        9.87978453181378       50.09154238634845
S           55.90511741306394       10.21184260037823       48.67051269604301
S           52.89527417688088        8.54965669759858       49.09970202837010
S           53.23397112853916       11.82113389097400       50.34456125644910
S           53.11075311886137       11.16805319575262       46.83807544639225
Fe          54.45469644735331       11.81790748197025       48.37967780808372
64
 energy: -105.375110650083 gnorm: 0.003019085237 xtb: 6.6.1 (unknown)
C           53.70384614854103       15.77079652932995       53.63922898924444
C           53.48389237719577       16.27572576223459       52.21401442768449
S           54.70095540509411       15.51168752928263       51.08715567781166
H           53.03510305256322       16.26669423733166       54.35228800716651
H           53.52965875784978       14.69180998338714       53.68733597134650
H           54.73719498812278       15.96096001119250       53.94083388587112
H           52.44122874104089       16.08514042355136       51.92267640061622
H           53.63514166181209       17.36454544348542       52.19640750818211
C           47.89145921327382        9.48050770737795       49.49940368898719
C           49.20675327967186       10.04129131805629       50.03636756357034
S           49.99426207927830       11.00409277333449       48.70055955053269
H           47.35100909703666        8.90383785112303       50.25734052107917
H           47.25368239594810       10.30154330697090       49.16318250620389
H           48.08796600046342        8.83665215934612       48.63838183013326
H           48.99384339829965       10.68513667493635       50.90236911019016
H           49.83998066223007        9.21216136149278       50.38143163316769
C           57.24572074803918        7.27211981530842       47.11426213506277
C           55.87570717967854        6.73162609507829       46.70719168596566
S           54.82832452170545        8.00338827494276       45.92483298842964
H           57.87853613421180        6.48072123557790       47.53461419025070
H           57.75324317387420        7.69497727940044       46.24107126053448
H           57.13330141882214        8.06885965874619       47.86024405034731
H           56.01771420391125        5.93056475782325       45.96748068147448
H           55.38766305172666        6.28125094921806       47.58444785041881
C           57.79666894877486        9.77127513872319       51.57052675606150
C           56.89395602523651        8.57903355340754       51.88828379431461
S           55.13941795504828        9.03506742809070       52.06350368609863
H           57.63813831887165       10.56402455962770       52.30791256514846
H           58.85594502349180        9.48766423750458       51.58534543857593
H           57.55332555362705       10.16748996622092       50.57670382950140
H           57.04204696678001        7.79995825593880       51.12455147312379
H           57.20586770888443        8.14841931995701       52.85174074841784
C           55.63030403370074       16.35989299830420       47.59818126215605
C           55.16915662353968       14.99494167833446       47.09521049356474
S           55.64604311346193       13.73862426477237       48.33967828012020
H           55.16767292657212       16.57964570409374       48.56850710594457
H           56.71506756924652       16.35293319169742       47.73795654072848
H           55.37366530459692       17.15800510037797       46.89312762542480
H           54.08971512136048       15.01973820613697       46.89700007244583
H           55.67956453586692       14.76463764977442       46.15058332514501
C           49.51653270554937       18.11075231936791       51.03733708935962
C           49.78448186031148       17.76459450511574       49.56602342980332
C           50.50370073604229       16.46017054667422       49.45073973463781
N           49.83829039646395       15.25830627927145       49.49900263646357
C           50.77101198190095       14.26314741501107       49.47222855977446
N           51.98493047661968       14.77842932081897       49.42074653090570
C           51.82878178592700       16.14142896934714       49.40274237376050
H           48.89437585225646       17.34211495916691       51.49822686091395
H           50.45627555981847       18.17499487184188       51.58948965429014
H           49.00033567412790       19.06756423474904       51.11197115874194
H           48.83066100019559       17.71682066418217       49.03177032971054
H           50.38546286327319       18.55845066332154       49.11212970930072
H           48.84107966432610       15.14935214284771       49.52719271871686
H           50.49980430502944       13.20672823058843       49.45477323105649
H           52.67983626012172       16.80470147317277       49.34820203399149
Fe          52.27752285797255       10.60015269863514       48.76331403290457
Fe          53.92197629623957       13.79230972171001       49.89736287147546
Fe          54.19082526660326        9.43298272517239       47.60247723372264
Fe          54.30719633113779        9.88459913182579       50.10554170863761
S           55.91212698208977       10.20843790732843       48.68175912025692
S           52.89700528974584        8.55749866355201       49.11745936099938
S           53.24799754239542       11.82906325662500       50.35752289040804
S           53.11843608919185       11.17405132928512       46.85212563529977
Fe          54.46429868288347       11.81980982918144       48.39278299347211
64
 energy: -105.375222616198 gnorm: 0.003546540719 xtb: 6.6.1 (unknown)
C           53.70161529538680       15.75092734185533       53.64174737891828
C           53.48045109315505       16.26674654846443       52.22069232753610
S           54.70249439915747       15.52103627642966       51.08778047379588
H           53.02289195240963       16.23041054951328       54.35574006892235
H           53.54187255034214       14.66992940196089       53.67873485233385
H           54.72999076815077       15.95199421670880       53.95106918537984
H           52.44010983974696       16.07108661747223       51.92572639007114
H           53.62417659776381       17.35644356321055       52.21258658857882
C           47.90517535748148        9.48763545265858       49.50737592981427
C           49.21178524251025       10.06189319146299       50.04974591429926
S           50.00415839337554       11.01274794167470       48.70918138680266
H           47.35981496116963        8.91615291285237       50.26539172399387
H           47.26678816744034       10.30126921729543       49.15588566679553
H           48.11364592014284        8.83628048426546       48.65523677549363
H           48.98791514343559       10.71521312079343       50.90591939287478
H           49.84657720165681        9.24090143656861       50.41117539147321
C           57.24485121190007        7.29422701688745       47.08552561906701
C           55.87908565594623        6.73164545201533       46.68737192654245
S           54.80416865989965        7.99409002854106       45.93041267624783
H           57.89414572170521        6.51532836326421       47.49847425465145
H           57.73527565774646        7.72945062348748       46.21154361239216
H           57.12343164442448        8.08599483393000       47.83298520473722
H           56.02890508687926        5.93989870288960       45.93846555425107
H           55.40871603253489        6.26254494841240       47.56549710699216
C           57.80539348042426        9.74622990317497       51.59786459447481
C           56.88648275392873        8.56291761981689       51.90283540117288
S           55.13886515692096        9.04328479047412       52.07960993828343
H           57.64998962370696       10.53674860467933       52.33819844802380
H           58.86193568948413        9.45066403245326       51.62080134229323
H           57.57546761900583       10.15072865294814       50.60399046311554
H           57.02539653205226        7.78875975899582       51.13227145692075
H           57.19158067567107        8.11896689716941       52.86273489366184
C           55.61117195793008       16.36111612221902       47.57969922012290
C           55.17139461681194       14.98725427093898       47.08232109770972
S           55.64854957397413       13.74279451468231       48.33827275496323
H           55.13928020563230       16.57895335376028       48.54480523462875
H           56.69471713787028       16.37195640725160       47.72612416022731
H           55.34745184241674       17.15104934305012       46.87011446898796
H           54.09383252013305       14.99779555401699       46.87300521450495
H           55.69514008031023       14.75686733966563       46.14547002957961
C           49.51219513388497       18.12303026999478       51.02170498273026
C           49.78335518351403       17.76717625712738       49.55346224832721
C           50.50179317419609       16.46131420020708       49.44785975622805
N           49.83446248453495       15.26068020075473       49.50060320400337
C           50.76571083668762       14.26437324786349       49.48406999488279
N           51.98121776751448       14.77722005435819       49.43744635776738
C           51.82677647260330       16.14089216578038       49.41073850306063
H           48.89416674477965       17.35459469619971       51.48840775245717
H           50.45091720420034       18.19766671221105       51.57412666950066
H           48.99018695998873       19.07732737514682       51.08817416457306
H           48.83082386827704       17.71632207305769       49.01733705186179
H           50.38602383856897       18.55751686767114       49.09579285123973
H           48.83607554968486       15.15428297719012       49.51061802541091
H           50.49395559334705       13.20768718269314       49.46917116477087
H           52.67790936234878       16.80406757206407       49.35676041726943
Fe          52.28496504813495       10.60459585512420       48.77431930154778
Fe          53.92562326593053       13.80026033302110       49.89611558657990
Fe          54.19517654313635        9.42959326770614       47.61586763720338
Fe          54.31307294583963        9.88961547645898       50.11729360872405
S           55.91872595940104       10.20548633364660       48.69286204310230
S           52.89919182352994        8.56240692408636       49.13361177418118
S           53.26022547132571       11.83680625627787       50.36500075265021
S           53.12559861442030       11.17170633694080       46.86145739517962
Fe          54.47284801318592       11.81934620677902       48.39967164574734
64
 energy: -105.375326687074 gnorm: 0.004120927695 xtb: 6.6.1 (unknown)
C           53.69874619407967       15.72923527682979       53.64824914262832
C           53.47385989548670       16.26149721707490       52.23322876610303
S           54.70180777691338       15.54127890617149       51.08923727167056
H           53.00964703763420       16.18843709872363       54.36633595460854
H           53.55593287836472       14.64491634969765       53.66998092759942
H           54.72278821948921       15.94234348900133       53.96376306053413
H           52.43571120674203       16.05884048937283       51.93541584192147
H           53.60647731550388       17.35298811677860       52.23915345216309
C           47.91520112380680        9.49197012571007       49.51882119058144
C           49.21207854433157       10.08170926610919       50.06808364174434
S           50.01139794873557       11.01980619514599       48.72288690482019
H           47.36400195104807        8.92760591708252       50.27835776553746
H           47.27629371795898       10.29731241381614       49.14817056558464
H           48.13784633009485        8.82988401923306       48.67781148647455
H           48.97451462683873       10.74569747609218       50.91265712190676
H           49.84773297808766        9.26982807129668       50.44881058925047
C           57.25164079545068        7.31463884717799       47.05259677878266
C           55.88893083431703        6.73509564417029       46.66370403434289
S           54.78794383771349        7.99110065589543       45.93709320665465
H           57.92208514653049        6.53944283873588       47.44647306810343
H           57.71891463659463        7.77137260647490       46.17459233794104
H           57.12426403767228        8.09587359499161       47.81438446433459
H           56.04277789249424        5.95479119015317       45.90266060338637
H           55.43710675105921        6.24606243231002       47.54132863548931
C           57.80819574534433        9.71911284751967       51.62112598582363
C           56.87395281425455        8.54566280882135       51.91742858163465
S           55.13415994369207        9.05136936706901       52.09849712816626
H           57.66004765655416       10.50804442574942       52.36455525232140
H           58.86100684444519        9.41017799786510       51.64635698599219
H           57.58692223530257       10.13133527214600       50.62854905058628
H           57.00144645515488        7.77616351688663       51.14025176667319
H           57.17370722366483        8.08976458041762       52.87331410175788
C           55.58993150627306       16.36088813250103       47.55526716968932
C           55.17581676015399       14.97331723311871       47.07063891559903
S           55.65683126712621       13.74623509280022       48.34408556814486
H           55.10511077955047       16.58567115739073       48.51375961223663
H           56.67210205287731       16.39010266272247       47.71146534433561
H           55.32022945724590       17.13756263404580       46.83058460144946
H           54.10025621428454       14.96544728535684       46.85013515424347
H           55.71267626811585       14.73849249212640       46.14200917737559
C           49.50753147633332       18.13828161352610       51.00298554607777
C           49.78274294686219       17.77065221760514       49.53842255589593
C           50.50152914305474       16.46380211298958       49.44434746779390
N           49.83398264570513       15.26324777841361       49.49858977297863
C           50.76549046065137       14.26749319037932       49.49286571351657
N           51.98153343126214       14.78022392998726       49.45243697230820
C           51.82701372169177       16.14374152002901       49.41859541046598
H           48.89366934441408       17.37045653017104       51.47622618012508
H           50.44497359175025       18.22414654344978       51.55601932826823
H           48.97945174315244       19.08995950662773       51.05967863425929
H           48.83166706860850       17.71572244587465       48.99976928751370
H           50.38709907722562       18.55732553149749       49.07632285484598
H           48.83551325869273       15.15768347550145       49.49624180409340
H           50.49579570952794       13.20992857032071       49.48004676957045
H           52.67714152343943       16.80844821261582       49.36832550949790
Fe          52.29192604409278       10.61028572283305       48.78825501679496
Fe          53.93411138970114       13.81066010758762       49.90186970048585
Fe          54.20101255070281        9.42970631001711       47.63011727434203
Fe          54.31575594582941        9.89327666378049       50.13127116154179
S           55.92559193566694       10.20146770995044       48.70925313863604
S           52.90095216973967        8.56716853249128       49.14748504536648
S           53.27385901015928       11.84674293141748       50.37540837826977
S           53.13361320209419       11.17331640122979       46.87514212117402
Fe          54.48363758831685       11.81909094738200       48.41336015760687
64
 energy: -105.375448384206 gnorm: 0.003697849652 xtb: 6.6.1 (unknown)
C           53.69845028722862       15.71219105135028       53.65320806803170
C           53.47217027903146       16.25840366949888       52.24355013174565
S           54.70264222711724       15.55579419190244       51.09185743923907
H           53.00466867757110       16.15768477437182       54.37425195751668
H           53.56411305573100       14.62725923543626       53.66207553780341
H           54.71968463121313       15.92956910891744       53.97352308877095
H           52.43518744422314       16.05471771773937       51.94314092458396
H           53.59980253811880       17.34982370632242       52.26194678977838
C           47.91896312752762        9.49114824631607       49.53231234402892
C           49.20776519095497       10.09431477510249       50.08649244865977
S           50.01401144476627       11.02212973573696       48.73801127011583
H           47.36507927761340        8.92963894612852       50.29196176749119
H           47.27840622357636       10.28892375771445       49.14978097141351
H           48.15248784256080        8.82346859576288       48.69919420653896
H           48.95828710119728       10.76676921885865       50.92049622071855
H           49.84304191325394        9.29050054885330       50.48353254313709
C           57.26209403921858        7.32930964354446       47.02314126470105
C           55.90493504060317        6.73290228929814       46.64116430129015
S           54.77907518229598        7.98180086600345       45.94384146622070
H           57.94568549538165        6.56470368944133       47.41221519562757
H           57.71592612328919        7.79222661669695       46.14333548789052
H           57.12835757269238        8.10855753760236       47.78562327022041
H           56.06252402183004        5.96425617140594       45.86860567468802
H           55.46963213851949        6.22530773046575       47.51636110668073
C           57.80825257785811        9.69795036519022       51.63601650959595
C           56.85758032824322        8.53694095607003       51.92880695277115
S           55.12719750376353        9.07091180093904       52.11944062697660
H           57.67087934718158       10.48709094869834       52.38123217876682
H           58.85619936501550        9.37412389952601       51.65953325473052
H           57.59217851493618       10.11581909366610       50.64520669385431
H           56.97004419782667        7.77109535458455       51.14595465857316
H           57.15364089300490        8.07057611969978       52.88015046217753
C           55.57066473098277       16.36190369110594       47.54405631402846
C           55.17871504155003       14.96629943354344       47.06560329260863
S           55.66419986354877       13.74916786994847       48.34828789558922
H           55.07923350087594       16.58530299869331       48.49926519442270
H           56.65151341582558       16.40877355672020       47.70283956261964
H           55.29209142133449       17.13034224637034       46.81389814566829
H           54.10540452533346       14.94262195046432       46.83787927192772
H           55.72574136201946       14.73309183158612       46.14272146488380
C           49.50541286037981       18.15287927207173       50.98572768141117
C           49.78462327034894       17.77572042874663       49.52445734287330
C           50.50109595099510       16.46705167662512       49.43965700161532
N           49.83290276140339       15.26659976857317       49.49254784331075
C           50.76436774114974       14.27134151717643       49.49443820375240
N           51.98045007169159       14.78415071654977       49.45979219700337
C           51.82677170875548       16.14678497727376       49.42278900352046
H           48.89379953156138       17.38629545157997       51.46373748479100
H           50.44151100882007       18.24644963774004       51.53950865269618
H           48.97362677249700       19.10271892926930       51.03436246565638
H           48.83529012510359       17.72066045444934       48.98257335683597
H           50.39319479404563       18.55796452098221       49.05999754522920
H           48.83510449264589       15.16185683708871       49.48268165596693
H           50.49699686587220       13.21295269287536       49.48320422741939
H           52.67617956276625       16.81267869613492       49.37823180826229
Fe          52.29584786707158       10.61065273818513       48.79832306324217
Fe          53.94297690148271       13.81700969183399       49.90971361084216
Fe          54.20339298984806        9.42427966575901       47.64159701478950
Fe          54.31877068485950        9.89640494930431       50.14156799750733
S           55.92920102891594       10.19710543283352       48.71795976656907
S           52.90385950494747        8.56867457133168       49.16311334312897
S           53.28223112660250       11.85284248318775       50.38087281958594
S           53.14009642908366       11.16908209382732       46.88491546514105
Fe          54.49145836399229       11.81833310557536       48.42257150237387
64
 energy: -105.375574225485 gnorm: 0.002948468695 xtb: 6.6.1 (unknown)
C           53.69840120512603       15.69175852474127       53.65951187555798
C           53.46976373272110       16.25427117229039       52.25662628826309
S           54.70176666420135       15.57001310831873       51.09670976415748
H           52.99964020829694       16.12114180131003       54.38548427335309
H           53.57401945686074       14.60547638979738       53.65265418679267
H           54.71764066436994       15.91398247105143       53.98386599234480
H           52.43323933168912       16.05104127430089       51.95410267086338
H           53.59314980505039       17.34529026239258       52.28909723228880
C           47.92130481002167        9.48790284356961       49.54981039803673
C           49.20083714747116       10.10829669979978       50.10839126745693
S           50.01468303793224       11.02443827672678       48.75553710895520
H           47.36594814836568        8.93092262393994       50.31190348295751
H           47.27746463423186       10.27589218890877       49.15234904140367
H           48.16721940616119        8.81167034596788       48.72703265497267
H           48.93721483023951       10.79133572550938       50.92926141197987
H           49.83689318534888        9.31486350447569       50.52430834088379
C           57.27893351109106        7.34679419885467       46.98838596320715
C           55.92675489774338        6.73643102867089       46.61648077767568
S           54.77072837730991        7.97706613822802       45.95255432838898
H           57.97620389841988        6.59076705712050       47.36903938453716
H           57.71987157652260        7.81841703813860       46.10632310709209
H           57.14170757432624        8.12196601282929       47.75409008805734
H           56.08484923757770        5.98282402694463       45.82947160942764
H           55.51087089443575        6.20794465546046       47.48850655833581
C           57.80655890492876        9.67206123646768       51.64805962415744
C           56.83855092036845        8.52570560749781       51.94242301796768
S           55.11985443201188        9.09349458561963       52.14393493617129
H           57.68447467606946       10.46167850731725       52.39567636867462
H           58.84872076780534        9.33178340859306       51.66525292788952
H           57.59147926096880       10.09547493024226       50.65972529193564
H           56.93196182394035        7.76220381388132       51.15512551151741
H           57.13098879461214        8.05007467992415       52.88965913695354
C           55.54722164595780       16.36014049652948       47.53246186907408
C           55.18000586036018       14.95665049371205       47.06078300241282
S           55.67107454467446       13.75071872769459       48.35207418557269
H           55.05021210427939       16.58022972288953       48.48417124905330
H           56.62658867768302       16.42753635749179       47.69339781356847
H           55.25794522564598       17.11960680304405       46.79910023610655
H           54.10931825155143       14.91466198311132       46.82452989306187
H           55.73841799061297       14.72630515112617       46.14406313638443
C           49.50318494696889       18.17115720889449       50.96424041786007
C           49.78730760343883       17.78304023503108       49.50674075888573
C           50.50224254285278       16.47306703893699       49.43300863133607
N           49.83454991581245       15.27197800069403       49.48155939661586
C           50.76698299958095       14.27784816481113       49.49184934961755
N           51.98222993984791       14.79203336432335       49.46504539451206
C           51.82831331591034       16.15335926198680       49.42573123780709
H           48.89336595276833       17.40619219248402       51.44705904894537
H           50.43769155030674       18.27262213811057       51.51925883074051
H           48.96781980001456       19.11926130428646       51.00363528084962
H           48.84005322011397       17.72708763722063       48.96113586658636
H           50.39980512238591       18.56087806204826       49.03970962957098
H           48.83752051223249       15.16632420608016       49.46857283133664
H           50.50191619312150       13.21883659212531       49.48194971235003
H           52.67746140636599       16.82005162396123       49.38936369879438
Fe          52.29799686908614       10.61090296536631       48.81257964366297
Fe          53.95373162633881       13.82237299563331       49.92029349034495
Fe          54.20650308350206        9.41887099823250       47.65814207782020
Fe          54.31798819644489        9.89818221914122       50.15601646013621
S           55.93179251457300       10.19409873066741       48.73467146037365
S           52.90499304222359        8.56881300076323       49.18092539861021
S           53.28661514515467       11.85939725752003       50.38899885105812
S           53.14521125953753       11.16201022954133       46.89823973425203
Fe          54.49793300407939       11.81668494789171       48.43419380004175
64
 energy: -105.375678070282 gnorm: 0.002948585372 xtb: 6.6.1 (unknown)
C           53.69921023711071       15.67182485929832       53.66520523766866
C           53.46857119282532       16.24802587877749       52.26855557224911
S           54.70105276938546       15.57768003812542       51.10232917048772
H           52.99872807660098       16.08928927896746       54.39557712295952
H           53.58061964330633       14.58565243615642       53.64600376399735
H           54.71735177638060       15.89544303156281       53.99236466405748
H           52.43169677287908       16.04764907285885       51.96452936825269
H           53.59055873795788       17.33839037999770       52.31256323693913
C           47.92237647896584        9.48282060306687       49.56794700194820
C           49.19379915351214       10.12031565335038       50.12702738154493
S           50.01235500958187       11.02651950999483       48.76934442439811
H           47.36773854844646        8.93005804465815       50.33354424306258
H           47.27428468185917       10.26081205174122       49.15858243413513
H           48.17769998676580        8.79927363211857       48.75467233970129
H           48.91848516496425       10.81228513973417       50.93602220094233
H           49.83167861109872        9.33714452244523       50.55850017065853
C           57.29767477584718        7.36564357885712       46.95754555671453
C           55.94916683411403        6.74606709896780       46.59526787096487
S           54.76812923087947        7.98061201973867       45.96087858365694
H           58.00250257824972        6.61450976687610       47.33078202372501
H           57.73186916765644        7.84104159432083       46.07485825004695
H           57.16239107591844        8.13743931717327       47.72569791026404
H           56.10371345970395        6.00571149201319       45.79587720470649
H           55.54986601111459        6.20208017061289       47.46467652574909
C           57.80478222733140        9.64700442061233       51.65413023169629
C           56.82158949972963        8.51515244666776       51.95495948617528
S           55.11417556705707        9.11330431748080       52.16662759498357
H           57.69989029944295       10.43747111804639       52.40378960568251
H           58.84160662273155        9.29169089288400       51.66176624898098
H           57.58693287245158       10.07466698570195       50.66820498038489
H           56.89677745276062        7.75106654589192       51.16663617272163
H           57.11169264345976        8.03463107551859       52.90005147190450
C           55.52430401644879       16.35614086759032       47.52485847536003
C           55.17970964826698       14.94538321084851       47.05924740614536
S           55.67379811772780       13.75007234228969       48.35881122702716
H           55.02066851230433       16.57644918757197       48.47372882883307
H           56.60216017517816       16.44017771288279       47.68905258500343
H           55.22644083230022       17.10619282389012       46.78374731806655
H           54.11200017259283       14.88859395463946       46.81341623015125
H           55.74862867100845       14.71724385666306       46.14804281722233
C           49.50143799397826       18.18870150927316       50.94355683156621
C           49.79030471037995       17.79122828422324       49.48943327145364
C           50.50481149598971       16.48078911069675       49.42541672788647
N           49.83822312581295       15.27884321163433       49.46759790962277
C           50.77164810220124       14.28571914620959       49.48441652951893
N           51.98565118840541       14.80151684787582       49.46527702881463
C           51.83118132054705       16.16189662227938       49.42612727541692
H           48.89198666822541       17.42572675333464       51.42987758460344
H           50.43433082942293       18.29579191284954       51.50012157232176
H           48.96407252095121       19.13584171772650       50.97500455350309
H           48.84493357392660       17.73342211753420       48.94077458769171
H           50.40515549825850       18.56593146704492       49.02021198887098
H           48.84155861337744       15.17112409247266       49.45692053127713
H           50.50731590406332       13.22667351390690       49.47489671963777
H           52.68079157900014       16.82849576715899       49.39782592839491
Fe          52.29645213629227       10.61013822100505       48.82776380883211
Fe          53.96095140582080       13.82370872354413       49.93151010861754
Fe          54.20493336395893        9.41428482055466       47.67443680388858
Fe          54.31604985610810        9.89927120973811       50.17069613511865
S           55.93141959609720       10.19029103185543       48.74958390091891
S           52.90444988310398        8.56801359164505       49.19948047373449
S           53.28484176899863       11.86301519189603       50.39898532932521
S           53.14593978780673       11.15720143000268       46.91266571673319
Fe          54.50057165099447       11.81474702517753       48.44685275267064
64
 energy: -105.375770400858 gnorm: 0.003365561999 xtb: 6.6.1 (unknown)
C           53.69992499356962       15.64985188465012       53.66997761593384
C           53.46815820546793       16.23878115958790       52.27907603064645
S           54.70150980555845       15.58151718456215       51.10641084724524
H           52.99650651568741       16.05553668534395       54.40462833599434
H           53.58795798008197       14.56300983326589       53.63908276373285
H           54.71687716264298       15.87590312974105       54.00015342768550
H           52.43099208159664       16.04053367552171       51.97332970192323
H           53.58886291131845       17.32913024738397       52.33312598950088
C           47.92610507977248        9.47849271798044       49.58584694208216
C           49.18930374916510       10.13406466866069       50.14338887170156
S           50.00991233757976       11.02915050653378       48.77895544063004
H           47.37270313631031        8.93129693635205       50.35638461178486
H           47.27297366316424       10.24558723639731       49.16324333985981
H           48.19106393732249        8.78611150431188       48.78292553823199
H           48.90326897850998       10.83541036443245       50.94057225272017
H           49.83080337324234        9.36205665685204       50.58979865488964
C           57.31480391559543        7.38910940420112       46.92891762986397
C           55.96785483382364        6.76179830515692       46.57728507054263
S           54.76402390774849        7.99011899439939       45.96952337238410
H           58.02849113158153        6.63841664330376       47.28973545040255
H           57.73990143963745        7.87255459099649       46.04394753435773
H           57.18331941019397        8.15477834523768       47.70440235996900
H           56.11837443324646        6.03358167025246       45.76666094821322
H           55.58518513186954        6.20376856947147       47.44534075440815
C           57.80594980487933        9.62010912971654       51.66061058694691
C           56.80810964348331        8.50284353262308       51.96907775202050
S           55.11127339797991        9.12836129097349       52.18804953558358
H           57.71837784961058       10.41153810653350       52.41159228722772
H           58.83784186788873        9.25019598639318       51.65933023846246
H           57.58575969662186       10.05157988771159       50.67652176664427
H           56.86723468947394        7.73619294893614       51.18208040241134
H           57.09597747447688        8.01988376480073       52.91372224154099
C           55.50204405069525       16.34921275947283       47.51748815366663
C           55.17616652197216       14.93338012808621       47.05619640674507
S           55.67164314364315       13.74839182777819       48.36326251225897
H           54.99425389559338       16.56463087824481       48.46370955991225
H           56.57813987316950       16.44836271198524       47.68359573384154
H           55.19662707507258       17.09270408324587       46.77591615708474
H           54.11140007556320       14.86391390642004       46.80101112146268
H           55.75544468199164       14.70862724718826       46.15064173891173
C           49.49944685374910       18.20578934980021       50.92252819266672
C           49.79299918422623       17.79961529644526       49.47164648517150
C           50.50811296168718       16.48919099997974       49.41681887846963
N           49.84202823246595       15.28694647567916       49.45284491122055
C           50.77558810027020       14.29388940351654       49.47610741262388
N           51.98894237115498       14.81009145664048       49.46481204021909
C           51.83455059019688       16.17041661926223       49.42570138425706
H           48.88959719697404       17.44509073066993       51.41185457326031
H           50.43061324519108       18.31772724251597       51.48099887728630
H           48.96073681745352       19.15242106311651       50.94638883492016
H           48.84931611186744       17.73822092561696       48.92061841438149
H           50.40860617685037       18.57208262422751       48.99984602192760
H           48.84514240476626       15.17761426460494       49.44394692692753
H           50.50984783506600       13.23532333247332       49.46636817225723
H           52.68531696944136       16.83589519153594       49.40400729397857
Fe          52.29355558311624       10.61013407643541       48.84359573232739
Fe          53.96470116954728       13.82298599836482       49.94020075550144
Fe          54.20157468347463        9.41129045603106       47.69198942612005
Fe          54.31345340593877        9.90053169510363       50.18689818704249
S           55.92944957013756       10.18751031189409       48.76552945043462
S           52.90187374345983        8.56782461462595       49.21863002603061
S           53.28076684206168       11.86569577842232       50.41090827557962
S           53.14403887770377       11.15416890139194       46.92755520778901
Fe          54.50030909602766       11.81295833716393       48.45954184976113
64
 energy: -105.375867440746 gnorm: 0.003166635189 xtb: 6.6.1 (unknown)
C           53.70157550405392       15.62874194608522       53.67389417535421
C           53.47012498392534       16.22775499814532       52.28766809827956
S           54.70233001396611       15.57634409947690       51.11143057433927
H           52.99796919031824       16.02786059762214       54.41177854246230
H           53.59107999550207       14.54220352988530       53.63469291157069
H           54.71825338295885       15.85305804650609       54.00605617978623
H           52.43247387925749       16.03374425213634       51.97998991736218
H           53.59348078331725       17.31758173955751       52.34808808430073
C           47.92977072423492        9.47257093420895       49.60399847302794
C           49.18605426176194       10.14504278753396       50.15593625293381
S           50.00490027909237       11.03042575213557       48.78419654064769
H           47.37959831745599        8.93020374263763       50.38018801376354
H           47.27074197624068       10.22874740623726       49.17145262042727
H           48.20177833955147        8.77305055526487       48.81007891926308
H           48.89275563300346       10.85351288971900       50.94337676883269
H           49.83247876790166        9.38392578979458       50.61289981378847
C           57.33097652812700        7.41528970289433       46.90708851451169
C           55.98308085514865        6.78519026819133       46.56473136246869
S           54.76578084311522        8.00755165708169       45.97440081612620
H           58.04673716063253        6.66397725796683       47.25999307751028
H           57.75147700703985        7.89972761969915       46.02078115294860
H           57.20705111109038        8.17768269661732       47.68549645695674
H           56.12807008117094        6.06368705399002       45.74879621108661
H           55.61258943305260        6.22107359517247       47.43266532253740
C           57.80844247416654        9.59488603168910       51.66102259661916
C           56.79914565527903        8.49194511822300       51.98253221721425
S           55.11175187009962        9.13919164187750       52.20452468250878
H           57.73925636822213       10.38852403320017       52.41132982382336
H           58.83553447951985        9.21161580261866       51.64982523504689
H           57.58424626305865       10.02732641889837       50.67798259291353
H           56.84531416658366        7.71885216830252       51.20139361978215
H           57.08578174753956        8.01288463216716       52.92982245450852
C           55.48211058244893       16.34028817679534       47.51576936691476
C           55.17086426980632       14.92016439664410       47.05711684986016
S           55.66560624648462       13.74318990395007       48.36988201882971
H           54.96926391910879       16.55437498230680       48.46045664543234
H           56.55651087061221       16.44920155344946       47.68529986019510
H           55.17178291802436       17.07786496945189       46.76912515009422
H           54.10908226701856       14.84222015442570       46.79284811877851
H           55.75844495480393       14.69766339789053       46.15633827248566
C           49.49867461781489       18.22104797224338       50.90333235199941
C           49.79640645266660       17.80852007036082       49.45519108859650
C           50.51250420445258       16.49844175551162       49.40705472366304
N           49.84576734226899       15.29671165831575       49.43564495979451
C           50.77815545552074       14.30250683723523       49.46323150639095
N           51.99150408447200       14.81759474657432       49.45955383998461
C           51.83850837412286       16.17869350199208       49.42266421058614
H           48.88616280343595       17.46336680965655       51.39382991421880
H           50.42799176936357       18.33443791883877       51.46427608708188
H           48.96105433592232       19.16837238958075       50.92137769409862
H           48.85411408769282       17.74295752841434       48.90258536939756
H           50.41148689091242       18.57995828263309       48.98135152443817
H           48.84849113770972       15.18672947784329       49.43086146741539
H           50.50879885296830       13.24498470854297       49.45169890694167
H           52.69120433170303       16.84195368899056       49.40665492064082
Fe          52.28721965391239       10.60869199188015       48.85719851240589
Fe          53.96369664364974       13.81769102915560       49.94638746481148
Fe          54.19679861290913        9.41025064895802       47.70707935217926
Fe          54.30789849508601        9.90048035331629       50.20156656958335
S           55.92435365388886       10.18671276589490       48.78088648818623
S           52.89700974533438        8.56612620577349       49.23318376772483
S           53.27167116252776       11.86530701970032       50.42313217868837
S           53.13727231618022       11.15226799784967       46.94077373123903
Fe          54.49467675041162       11.81095659050557       48.47039207421148
64
 energy: -105.375955060910 gnorm: 0.003496542598 xtb: 6.6.1 (unknown)
C           53.70195066014955       15.60015555881469       53.67833859347124
C           53.47123790395744       16.21276062940809       52.29763656155536
S           54.70461154622669       15.57324649360079       51.11514514757113
H           52.99453237836299       15.98833219168373       54.41927880091570
H           53.59650186379985       14.51303625295339       53.62748179075282
H           54.71673485988318       15.82577513319332       54.01534034453979
H           52.43423745719222       16.02108846693750       51.98665291164955
H           53.59478929124987       17.30267297737151       52.36774565085051
C           47.94039069547714        9.46941860542833       49.62444874106391
C           49.18658424593428       10.16426832421820       50.17221578945981
S           50.00364256070910       11.03488453002274       48.79012974740844
H           47.39166957563096        8.93437598220969       50.40689818787621
H           47.27509591150837       10.21170773079914       49.17554076771476
H           48.22409152739147        8.75923283930379       48.84302078941884
H           48.88201263818220       10.88377036598311       50.94671253498107
H           49.83948710537919        9.41726589404143       50.64565191839831
C           57.34343993994781        7.45256615492234       46.87869262075685
C           55.99590995499033        6.81087847141618       46.54821369462082
S           54.75804375554674        8.02466891359229       45.98157989414705
H           58.06965206297798        6.70365778834331       47.21834271047067
H           57.74986308228434        7.94707517590865       45.98971363219199
H           57.22150085519169        8.20826339861041       47.66394203979804
H           56.14057311999505        6.09681243836622       45.72538680964000
H           55.64309996123557        6.23551016239375       47.41806533659673
C           57.81589646122972        9.56040837665975       51.67045957127840
C           56.78995706312239        8.47491126468569       52.00145150358782
S           55.11296833946628        9.14971833052914       52.22439630554328
H           57.76560027635814       10.35675080706891       52.41931870577086
H           58.83703113736105        9.15963759767044       51.65398537404435
H           57.59338221390364        9.99496983611436       50.68772996387256
H           56.82273477481356        7.69480070826188       51.22602229900796
H           57.07325753002766        7.99800677098367       52.95159331247848
C           55.45710308747252       16.33100041462269       47.50790339905987
C           55.16554534414816       14.90380723821757       47.05296066246288
S           55.66097878405900       13.73895136424872       48.37605131002888
H           54.93655457540130       16.54288611639226       48.44940775366732
H           56.52965505182613       16.45397352441787       47.68368515332034
H           55.14098130176028       17.06147341980765       46.75592754781020
H           54.10674616695849       14.81314503535521       46.77722949880948
H           55.76513420264674       14.68220979894413       46.15944149335849
C           49.49690653052329       18.23936325816859       50.87937697258160
C           49.79955806913313       17.81782785476659       49.43478805029167
C           50.51609981431292       16.50728146387481       49.39574026009269
N           49.84637324170513       15.30736486335054       49.41894093008374
C           50.77603284403734       14.31055088086944       49.45441059149496
N           51.99085438905368       14.82214552882220       49.46033993836345
C           51.84128952585603       16.18457827210081       49.42239713802371
H           48.88220609746848       17.48505198326025       51.37242260046996
H           50.42402936027408       18.35645044575793       51.44330710731829
H           48.95934349631089       19.18714051051451       50.88925353700814
H           48.85893399239791       17.74705175913146       48.88021908356171
H           50.41448115534167       18.58724693439957       48.95755860923970
H           48.84851409121354       15.19959098479445       49.40874386850616
H           50.50232267086386       13.25398000002386       49.44138676415708
H           52.69628180841892       16.84512896763711       49.41215174112845
Fe          52.28344778060055       10.60886150339213       48.87265777582122
Fe          53.96166884532179       13.81464960442754       49.95112489772410
Fe          54.19117639605050        9.41054207758848       47.72403693170734
Fe          54.30601820757980        9.90162469144970       50.21781855886304
S           55.92161061411476       10.18404382198940       48.79586320600549
S           52.89294551151191        8.56656798382128       49.25135048527945
S           53.26800582436439       11.86604841900294       50.43764437177195
S           53.13234544373624       11.15364086390021       46.95599523434836
Fe          54.49206490566472       11.80909649366127       48.48358948576548
64
 energy: -105.376030008739 gnorm: 0.004494984843 xtb: 6.6.1 (unknown)
C           53.70406967051314       15.57758013825611       53.67993301288175
C           53.47846353500658       16.19840383292365       52.30237734063018
S           54.70839115777102       15.55630107286155       51.11819449577034
H           53.00026048196868       15.96784523798206       54.42116682495850
H           53.58948031691342       14.49291991210548       53.62445122201230
H           54.71961511485262       15.79266825360734       54.01932819311827
H           52.44109868313057       16.01521862765390       51.98844638927623
H           53.61072980629704       17.28703574842143       52.37669835308269
C           47.94694391758686        9.46177492328900       49.64597577911419
C           49.18671001096995       10.17356936432027       50.18259248828215
S           49.99669845219702       11.03482152792123       48.79186973327419
H           47.40421342665007        8.92879680991693       50.43334178045870
H           47.27466610094032       10.19198732530243       49.19261231409248
H           48.23551184236833        8.74904400140975       48.87141123202253
H           48.87800078142468       10.89733156204462       50.94944594692812
H           49.84588076913784        9.43820812389043       50.66210133692760
C           57.35433007121914        7.48989186851598       46.86733099297745
C           56.00677397374047        6.84148838352970       46.54345962988494
S           54.76300965750760        8.04539332949713       45.98347229459301
H           58.08314508569440        6.74139045945700       47.20227022445280
H           57.75275027667308        7.98523337897496       45.97528493205125
H           57.23456021265713        8.24469285650090       47.65468547766692
H           56.15109190756485        6.12623090390345       45.72226734404097
H           55.66322578842252        6.26662818861714       47.41585064630600
C           57.82383889609008        9.53352486848192       51.66439999389779
C           56.78644920869313        8.46608121447848       52.01619752583872
S           55.11812482155845        9.16001582997924       52.23594379728052
H           57.79394646441405       10.33622225591844       52.40693315021667
H           58.83863815386889        9.11751601896928       51.64112213876871
H           57.59900689629993        9.96315389646356       50.68028424886251
H           56.80960249539918        7.67238635888147       51.25412147279012
H           57.06915776335958        8.00226096689687       52.97335784262249
C           55.44063313904633       16.31946539595040       47.51773410377759
C           55.15360554254072       14.89507644842345       47.05707444212914
S           55.64923069487440       13.72966948822542       48.37698359326951
H           54.92147315989175       16.52075830856163       48.46115018788147
H           56.51135176397601       16.44583116751051       47.69126412513421
H           55.12141597768549       17.05292253670696       46.77313322791439
H           54.09723776947733       14.80186889635839       46.77980259497536
H           55.75629909375661       14.67968625230586       46.16585560671550
C           49.49979542978571       18.25339211419703       50.85980731596700
C           49.80620506988650       17.82831797830920       49.41752904364809
C           50.52048790920762       16.51627751420179       49.38198353544822
N           49.84451356147353       15.31985279017953       49.39705950473128
C           50.76868024240722       14.31800652162918       49.43584586880545
N           51.98625867317700       14.82307135516788       49.45128193323157
C           51.84368430199046       16.18738791350914       49.41655488670193
H           48.87771893495114       17.50414940577205       51.35122274362569
H           50.42469583920319       18.36574034981275       51.42774576504996
H           48.96824938258413       19.20437809101332       50.86571876522206
H           48.86698350230747       17.75588992221190       48.86135267852811
H           50.42211690732465       18.59632776839771       48.93959616671608
H           48.84629296892356       15.21750517727161       49.38350264726240
H           50.48827357462933       13.26294770879174       49.41853463204887
H           52.70206642022183       16.84359840104529       49.41204049445275
Fe          52.27407687148809       10.60293546486287       48.87952214663856
Fe          53.95457928237289       13.80294845143849       49.95231325816469
Fe          54.18213150575092        9.41027239425604       47.73267621866002
Fe          54.30049114726854        9.89910249618497       50.22696033559262
S           55.91385175812933       10.18200793165444       48.80353645104844
S           52.88691551555989        8.56188730165061       49.26051681813333
S           53.25617408298319       11.85972173812125       50.44676453276538
S           53.12032542281981       11.15270145010578       46.96346639569659
Fe          54.48148869302174       11.80458827540381       48.48939883453419
64
 energy: -105.376113811137 gnorm: 0.003767828228 xtb: 6.6.1 (unknown)
C           53.70290278178831       15.55580841504393       53.68408777588655
C           53.47921672417096       16.18991056376375       52.31130277121499
S           54.70891471967134       15.55662020865104       51.12098510740321
H           52.99595315168029       15.93797132381535       54.42866287208218
H           53.59019998803753       14.46990811745260       53.61730809943375
H           54.71799971591228       15.76948559550561       54.02671616253386
H           52.44225992382515       16.00923624240865       51.99494408705288
H           53.61201959855502       17.27830117437322       52.39514921408151
C           47.95549429954850        9.45807700154459       49.66414329408504
C           49.18670778696487       10.18787514619099       50.19821417906665
S           49.99593792848808       11.03650700925880       48.79912582004602
H           47.41377578809342        8.93111094059972       50.45698770118144
H           47.27831209675805       10.17686376877770       49.19573797255894
H           48.25539361139167        8.73555533391693       48.90023654994899
H           48.86788955506785       10.92053741593949       50.95422554683918
H           49.85029865801878        9.46416878149219       50.69182503769987
C           57.36164897627005        7.52160427779583       46.84855897723853
C           56.01762888076908        6.86094784340922       46.53157902176053
S           54.75809309593606        8.05290080808711       45.98301188645723
H           58.09915415876961        6.78087966963538       47.17872356157761
H           57.74869662279745        8.02179362377862       45.95575232699449
H           57.23827129869452        8.27430097064324       47.63664114885434
H           56.16427441409286        6.14664795909124       45.70924262631771
H           55.68517615919390        6.28182282432317       47.40585937510000
C           57.82877777739923        9.50596588262229       51.66781573577757
C           56.77914570519075        8.45377269168958       52.03054168447574
S           55.11860288809879        9.16882181543010       52.24808278559708
H           57.81334514520334       10.31309491270017       52.40634849298969
H           58.83780249137016        9.07583061997952       51.64229671102577
H           57.60524232349749        9.93342840610994       50.68264859723990
H           56.79218459610640        7.65301827794376       51.27502248789584
H           57.05885418405816        7.99469133768697       52.99078903444376
C           55.42327187811302       16.31389816322422       47.51366201120216
C           55.14924179461367       14.88486258701884       47.05530681471611
S           55.64827582456349       13.72622792006693       48.38172383414991
H           54.89954733690772       16.51404738109143       48.45561261761772
H           56.49296226759397       16.44911680126479       47.69116585008114
H           55.09959560741694       17.04370019444645       46.76523090893837
H           54.09441137256827       14.78211438804218       46.77333308104586
H           55.75794382193348       14.66995856497104       46.16785008152129
C           49.50079609152232       18.26742573562615       50.84076916536688
C           49.81099743335139       17.83581473391831       49.40117502827265
C           50.52274207958001       16.52182046458386       49.37229609592563
N           49.84241582884813       15.32755024957459       49.38291225453861
C           50.76327898559826       14.32281830107973       49.42877540457729
N           51.98266028637250       14.82386156510887       49.45322112620667
C           51.84472962677728       16.18860152298196       49.41727602831973
H           48.87517789410195       17.52165738457562       51.33306373607219
H           50.42390972726203       18.37996463810930       51.41168525520839
H           48.97138885838715       19.21975663642435       50.84084282180308
H           48.87331223017441       17.76267061662270       48.84243706660990
H           50.42952818826866       18.60096120180685       48.92186764795424
H           48.84412950630637       15.22968851008506       49.35964993106467
H           50.48075241829857       13.26810287583563       49.40994258548505
H           52.70476936620361       16.84282390761823       49.41955711039746
Fe          52.27275082956654       10.60135992080456       48.88743040492117
Fe          53.95523645679233       13.80075923545009       49.95781454341603
Fe          54.18016203707884        9.40879094284287       47.74045971861506
Fe          54.29930078462990        9.89666418121699       50.23502540814867
S           55.91221920148176       10.17971208804047       48.81214104853212
S           52.88469830898512        8.56008811720287       49.26833314817946
S           53.25662188067641       11.85881660149963       50.45427532067465
S           53.11808301245024       11.15082384504686       46.97128878701390
Fe          54.48060389775622       11.80198601435306       48.49616552810541
64
 energy: -105.376220072016 gnorm: 0.003679419397 xtb: 6.6.1 (unknown)
C           53.69964485933104       15.53557953302016       53.68822270202927
C           53.47959975342057       16.18269545188498       52.32055441560261
S           54.70694170467252       15.55499927650108       51.12559819340133
H           52.99334521523747       15.91432898536247       54.43484945682627
H           53.58183532771218       14.45085468870720       53.61157128530503
H           54.71532022489104       15.74153728296836       54.03383808467023
H           52.44262965198212       16.00879668842044       52.00160117158888
H           53.61661734818193       17.26897405789491       52.41453530683173
C           47.96481524755955        9.45348595188814       49.68528963255725
C           49.18739508167759       10.20085329808922       50.21591561756578
S           49.99559991173564       11.03800805110117       48.80930101096880
H           47.42493003155807        8.93017256138661       50.48174364461278
H           47.28326629219833       10.16069173870760       49.20619328488625
H           48.27447066454481        8.72546279517124       48.93055118186631
H           48.85834958381346       10.94110405871105       50.96091340527074
H           49.85434666522436        9.48919082834340       50.72297127432697
C           57.36630189933559        7.55662651016786       46.83136450827445
C           56.03087610862676        6.87495718403874       46.52178069249962
S           54.74796594278071        8.04874394492179       45.98287128550138
H           58.12009702918744        6.83018409673371       47.15828845557341
H           57.73775738658910        8.06642240919961       45.93696829508973
H           57.23063893085168        8.30767407010070       47.61958294152846
H           56.18525651212611        6.16143950791218       45.69826502790714
H           55.71151063596127        6.28970341679706       47.39860837515115
C           57.83258462735053        9.47731217314705       51.66862446544004
C           56.77068346172237        8.44229893497142       52.04477967148714
S           55.11811475212284        9.17966677550095       52.25653202784337
H           57.83068771847288       10.29149405710850       52.39947376740687
H           58.83473570513082        9.03260179180113       51.64409961556721
H           57.61126652442476        9.89879329423153       50.68055958695906
H           56.77281099808722        7.63332678435072       51.29780629250985
H           57.04626874032975        7.99029969112738       53.00905946880666
C           55.40828725193737       16.31168071891982       47.51327251865737
C           55.14491476616903       14.87977970973136       47.05504190603025
S           55.64934120432282       13.72389028994114       48.38452493071922
H           54.88159083974126       16.51068102724427       48.45495847865927
H           56.47767497045263       16.45430955916150       47.69340687843054
H           55.07943244782486       17.03994312450222       46.76248476322326
H           54.09066319950767       14.76795147078623       46.77136706805626
H           55.75724415845448       14.66551855347806       46.16927337211708
C           49.50462030182305       18.28149150304786       50.82063042026981
C           49.81865594361634       17.84377204488896       49.38363227379991
C           50.52376771368292       16.52579767658909       49.36154293114827
N           49.83733479633169       15.33438802414224       49.36819750446067
C           50.75346543584872       14.32587308287063       49.42248994982910
N           51.97493594942586       14.82160618862644       49.45756755663356
C           51.84381751744349       16.18597769626199       49.41944373465113
H           48.87363331794633       17.53999229143652       51.31258416476355
H           50.42593233922304       18.39153066983468       51.39520668319640
H           48.97948145941386       19.23621324206988       50.81532326134681
H           48.88300700288328       17.77448637014402       48.82079601332769
H           50.44366881910620       18.60411465328579       48.90470865043368
H           48.83904707133474       15.24358910314305       49.32804279238982
H           50.46985853609581       13.27124257583178       49.40259235927951
H           52.70560066499706       16.83782663753166       49.43087805086810
Fe          52.27250089668569       10.59725836340925       48.89222100722423
Fe          53.95797468254394       13.79766850739147       49.96359478316136
Fe          54.17779500059147        9.40548774632820       47.74307528838970
Fe          54.30055789639974        9.89126426161122       50.23725845671448
S           55.91180977557966       10.17633033120791       48.81413256454649
S           52.88447697869785        8.55581874808587       49.27230687882950
S           53.26007747066365       11.85529122761787       50.45748428326933
S           53.11650216121290       11.14643557323540       46.97543292242886
Fe          54.48135477279465       11.79841338756285       48.49907041682249
64
 energy: -105.376338699880 gnorm: 0.004354469770 xtb: 6.6.1 (unknown)
C           53.69372091470208       15.51573921353795       53.69214494386116
C           53.47967081178908       16.17697057872018       52.33004783172417
S           54.70374933894028       15.55428321547751       51.12749878029649
H           52.99137721760706       15.89571275822999       54.44264852445252
H           53.56414962715959       14.43240468303944       53.60603438177966
H           54.71261356510141       15.70782346211769       54.03829057483016
H           52.44123584865756       16.01331483611744       52.00983761025716
H           53.62299868915628       17.26142141318762       52.43602292187215
C           47.97332110359157        9.44419815649981       49.71124342126902
C           49.18729785401464       10.21051314998545       50.23533982820011
S           49.99215529222251       11.03482418614986       48.81878303527452
H           47.43682333722893        8.92629135941032       50.51435739519940
H           47.28604025038162       10.13831215327531       49.21935206381465
H           48.29313821698207        8.70791389484236       48.96729168659506
H           48.84837019512214       10.95906757382546       50.96789680814343
H           49.85847091255420        9.51269300890296       50.75615469909379
C           57.37083535314348        7.59711891742739       46.82185663716437
C           56.04767643381054        6.89171140541716       46.51909538370676
S           54.74713110037131        8.04358539449567       45.97732396747144
H           58.14009286100320        6.88816407570801       47.14956754499743
H           57.72876175965874        8.11210782385777       45.92654948121027
H           57.22176428441661        8.34886581534478       47.60808646844811
H           56.21014427092256        6.17376909340023       45.70007452468811
H           55.73734133127131        6.30905518675728       47.39971175551948
C           57.83320467700330        9.44781175048834       51.65758359518008
C           56.76231216304308        8.43190164133127       52.05715854746865
S           55.11708575581813        9.18686897932451       52.25745594041781
H           57.84685426336821       10.27361008779301       52.37518351040316
H           58.82789093414797        8.98945507832648       51.63300196339465
H           57.60994786638008        9.85608613373671       50.66432331910769
H           56.75463915602652        7.60879384107411       51.32622451011026
H           57.03462889097273        7.99690265509759       53.02976156496462
C           55.39924917784963       16.30901549910904       47.51981274984346
C           55.13566002216580       14.87946828249593       47.05915707266266
S           55.64709544561657       13.72015139701025       48.38521832557405
H           54.87629724017238       16.50508558179455       48.46412844161662
H           56.46871658416881       16.45100936846231       47.69676844201397
H           55.06816618021600       17.04113450461829       46.77338059160138
H           54.08098462043615       14.76531871191587       46.78101589696640
H           55.74429806275345       14.66695589854216       46.17057703746210
C           49.51295318891382       18.29510745347386       50.79968131312268
C           49.83077744897712       17.85313047739150       49.36483908374335
C           50.52569741063741       16.52967953762172       49.34853456303358
N           49.83181436847636       15.34182345962783       49.34909672787708
C           50.74153852524353       14.32843438830105       49.41181101796415
N           51.96509411172859       14.81761636531109       49.45994411182699
C           51.84292097959827       16.18126378301196       49.42079033069128
H           48.87227706039260       17.55971155375001       51.28854796268397
H           50.43236125259167       18.39653471465190       51.37930158982687
H           48.99695422994048       19.25476078218785       50.79058858860795
H           48.89761067227403       17.79174098974858       48.79650737697629
H           50.46526326134450       18.60764794598385       48.88866585678909
H           48.83386061849194       15.25983035509873       49.29042739550128
H           50.45630556569187       13.27410578067889       49.39025211823545
H           52.70701711041438       16.82961945665713       49.44385248948026
Fe          52.26975338760761       10.59031799545073       48.89347662167366
Fe          53.96159911572713       13.79003720287282       49.97201579216456
Fe          54.17124407508860        9.40228217953125       47.73762161277202
Fe          54.30130590490027        9.88127900339436       50.23289704344607
S           55.90889418889411       10.17172938793001       48.80782690091052
S           52.88377030209947        8.54821872389414       49.26912551213435
S           53.26120129250137       11.84669994852634       50.45804346811042
S           53.11067322948476       11.14314309407483       46.97589425782327
Fe          54.47889096861658       11.79375890416313       48.49915349547317
64
 energy: -105.376450173007 gnorm: 0.004135130789 xtb: 6.6.1 (unknown)
C           53.68672683690092       15.49297569026920       53.69558461560847
C           53.47968162831363       16.16876592108983       52.33979824645981
S           54.69931631709884       15.54741215129072       51.13351599626789
H           52.99176826495943       15.87673250240077       54.45016842663635
H           53.54173739414935       14.41270047047027       53.60120123673717
H           54.70904799786054       15.66750562661925       54.04188320449398
H           52.43955124083163       16.01838364526650       52.01695974239838
H           53.63316765022884       17.25025943211464       52.45630137511940
C           47.98201902026486        9.43285829683230       49.74157212100619
C           49.18709543868773       10.22004545898183       50.25595707573329
S           49.98754554593428       11.03259504918397       48.82990275496479
H           47.45058759243094        8.91894631136583       50.55015004299418
H           47.28806944604621       10.11255540568673       49.24172504830729
H           48.30920147320099        8.69188587602461       49.00769323550885
H           48.83904930750496       10.97606347949885       50.97538654863097
H           49.86359666273727        9.53770235920426       50.78917413313096
C           57.38073344541403        7.64063274618592       46.80848294135681
C           56.06899120581365        6.91049305885684       46.51745063608613
S           54.74369944032312        8.03776099755864       45.97709377451852
H           58.16720038743540        6.94821543813881       47.13385499064456
H           57.72227371028475        8.16065216906787       45.90910192024212
H           57.22263693497812        8.39208620638294       47.59443943611279
H           56.23787757171686        6.19168065669565       45.70047001593259
H           55.77381393001873        6.32651120856674       47.40311218679537
C           57.83286645035454        9.41383695917924       51.64408644477555
C           56.75030804426459        8.41977254648088       52.07040448624878
S           55.11441770154421        9.19804755637155       52.26131687022556
H           57.86571001404314       10.25239936448093       52.34757543500932
H           58.82039693746463        8.93964357784767       51.61706398957093
H           57.60570127032170        9.80868631563687       50.64578192816435
H           56.72996419611220        7.58011055109553       51.35785060766171
H           57.02079056171380        8.00363018572161       53.05206165592886
C           55.38891367727171       16.30708016731379       47.52859066807434
C           55.12467304183148       14.87954759847294       47.06519216783491
S           55.64146349142914       13.71617682751382       48.38569126909758
H           54.87038881073846       16.49926586735652       48.47578184499233
H           56.45896671915999       16.44976424813138       47.70133175821572
H           55.05439543181051       17.04237887578845       46.78758509261881
H           54.06943733817962       14.76411060003039       46.79065965499963
H           55.73019398287926       14.67033335235291       46.17359206940800
C           49.52193831750162       18.31093444465090       50.77536024643722
C           49.84451084437470       17.86399024189695       49.34304099244793
C           50.52857890400201       16.53504684907294       49.33364503485139
N           49.82771366379848       15.35091643098687       49.32647049433573
C           50.73066970974804       14.33244923345251       49.39845284611598
N           51.95588434075722       14.81495927116628       49.46114106861956
C           51.84287674019897       16.17836875160456       49.42143392606290
H           48.87033170143471       17.58271489025389       51.26084587811953
H           50.43897221146084       18.40268159197191       51.36055029558979
H           49.01648451803291       19.27618809633298       50.76219806217665
H           48.91450218778994       17.81071553417109       48.76849762150630
H           50.48914368894422       18.61211181917333       48.87006641899582
H           48.83019479256651       15.27639454332320       49.25164863111585
H           50.44152258461684       13.27910203854196       49.37549138683964
H           52.71017649940057       16.82198290520373       49.45627464512623
Fe          52.26433421075750       10.58345720780091       48.89668983736998
Fe          53.96488744288452       13.77942020178751       49.97969534931141
Fe          54.16395999694802        9.39970084384035       47.73576757163912
Fe          54.29937412093678        9.87275136074041       50.23157257888536
S           55.90337346541894       10.17121262982995       48.80530767849974
S           52.88151088304621        8.54091246807991       49.26837077652232
S           53.25708515387442       11.83809902278695       50.46043547470320
S           53.10152510983153       11.13877005018398       46.97749987825822
Fe          54.47216267899447       11.79081907179417       48.49885466747311
64
 energy: -105.376576902846 gnorm: 0.003836990323 xtb: 6.6.1 (unknown)
C           53.67610435085412       15.47013747221978       53.69891226884060
C           53.47750019936078       16.15910175071268       52.34952460460458
S           54.69407214701022       15.53994052081176       51.13924370829713
H           52.99202709522243       15.86182855132578       54.45866330817332
H           53.51051028976337       14.39412872217006       53.59847203000777
H           54.70291835310265       15.62299567424117       54.04304912967144
H           52.43542717088020       16.02389752290838       52.02418372632538
H           53.64223416806161       17.23775654909987       52.47602750402191
C           47.99056421972427        9.41966340765882       49.77480592749556
C           49.18680480684955       10.22797025126962       50.27654810016968
S           49.98028424301661       11.02841782413985       48.83930486811172
H           47.46455103040890        8.91294882512501       50.59147683806871
H           47.28936228861469       10.08385985667532       49.26491913555229
H           48.32533318451259        8.67064367221319       49.05301449868717
H           48.82980300312655       10.99146553181260       50.98222773746799
H           49.86976541956167        9.56227770911218       50.82102164595808
C           57.39482087155411        7.68486347893571       46.79844903486855
C           56.09342406109980        6.93333137688640       46.52280109137619
S           54.74994615315052        8.03767306624267       45.97775186442747
H           58.19528078914532        7.00611659067445       47.11911871390728
H           57.72024613325223        8.20733555342676       45.89351940789999
H           57.23369123978969        8.43532117388638       47.58489770318091
H           56.26525007703815        6.21134068405152       45.71064615934977
H           55.81151222618411        6.35472244039721       47.41524693236335
C           57.82630140252208        9.37854962696758       51.62213734528223
C           56.73932932531862        8.40425145149030       52.08043455261188
S           55.11089290204660        9.19748866524766       52.25866413388160
H           57.87454543095933       10.22994777223619       52.30803766558926
H           58.80835752117662        8.89521354456698       51.59362533047549
H           57.59153360040430        9.75597424765195       50.61811353556680
H           56.71009079677098        7.54622738186160       51.39086292871660
H           57.01172129322126        8.01355701408396       53.07270185268492
C           55.38398438390336       16.30573323681346       47.53764485303052
C           55.11083880015087       14.88080509499132       47.07326993162702
S           55.63226902366333       13.71320434872936       48.38752766528833
H           54.87228327019523       16.49800098286051       48.48802440523487
H           56.45551842777835       16.44345872780022       47.70434015770056
H           55.04885404039482       17.04372236045784       46.80085372473577
H           54.05364367580862       14.77018886019502       46.80485585457136
H           55.70926245324793       14.67232534344562       46.17635819378510
C           49.53303815609355       18.32617320098926       50.75093009399847
C           49.86023254925467       17.87494768070448       49.32092349476879
C           50.53289940613075       16.54068179106124       49.31827720030898
N           49.82598196080428       15.36043629380939       49.30220489678199
C           50.72192864158794       14.33689004953145       49.38391797011799
N           51.94788310177080       14.81283272866542       49.46118811677203
C           51.84384134654875       16.17640132356982       49.42137784163342
H           48.86820457185291       17.60652490038531       51.23148715660107
H           50.44737543814733       18.40499426333651       51.34249225558106
H           49.04107655445272       19.29844635860334       50.73478365200718
H           48.93381591070576       17.83007244801832       48.73983134682143
H           50.51519467046408       18.61661530923369       48.85200445076077
H           48.82943615689784       15.29162390816979       49.21591314851441
H           50.42685554356372       13.28521622117405       49.36029901664605
H           52.71492789422082       16.81399928831824       49.46749287339023
Fe          52.25577336377973       10.57799841754241       48.89959906498695
Fe          53.96686383063776       13.76643440147057       49.98859932063254
Fe          54.15316040510066        9.39977630295666       47.73275124748997
Fe          54.29463930398499        9.86422416178462       50.22926543087468
S           55.89510556644198       10.17160473568516       48.80146241675123
S           52.87618936126886        8.53437040153042       49.26541548644488
S           53.24855472232697       11.82836896763266       50.46439008789274
S           53.08935049219318       11.13914824740023       46.97937598753249
Fe          54.46250106248586       11.78973598319862       48.49959638258942
64
 energy: -105.376626783716 gnorm: 0.001924341913 xtb: 6.6.1 (unknown)
C           53.67413420083800       15.46880323185927       53.69832359471358
C           53.47765386936804       16.15772827590462       52.34854821948077
S           54.69571490179601       15.53886217162983       51.13961798885743
H           52.99004943684251       15.86180554442766       54.45797814481158
H           53.50721559221598       14.39281594289689       53.59816071306499
H           54.70044431629396       15.62102160327531       54.04251554632127
H           52.43647544297443       16.02204305312599       52.02182080033099
H           53.64197587960344       17.23675596463420       52.47440159781182
C           47.99209690945750        9.41894546442959       49.77683448721397
C           49.18658459270815       10.22983597078664       50.27684022686073
S           49.97917356100466       11.02780772921104       48.83804992755727
H           47.46568132508221        8.91505138153455       50.59449893105192
H           47.29049883875340       10.08028519587543       49.26426210167741
H           48.32861397770915        8.66813835070749       49.05803700978934
H           48.82793707293932       10.99423090266899       50.98063658698291
H           49.87068850058741        9.56676623454476       50.82294509464794
C           57.39793559297003        7.68515103084873       46.79652370510073
C           56.09561434440485        6.93320683817453       46.52472327605820
S           54.75014588250595        8.03633853920401       45.98368574914431
H           58.19824901474625        7.00476805389399       47.11107816674866
H           57.72057482413837        8.20779211522109       45.89130464510151
H           57.24206071550562        8.43412167302454       47.58446046318910
H           56.26641741523797        6.21218831247492       45.71175119439760
H           55.81679559410131        6.35311436054213       47.41708523106201
C           57.82332479539843        9.37662689357116       51.61963483692469
C           56.73742572936542        8.40234254305030       52.07883125775922
S           55.10873112327641        9.19510789267492       52.26088259111282
H           57.87088147357149       10.22857761372749       52.30435206713033
H           58.80735024910059        8.89495375229620       51.59226080399539
H           57.58801191246949        9.75343636792700       50.61597305022119
H           56.70675016659995        7.54409488074934       51.39057475027702
H           57.01298980282655        8.01126451646323       53.06948312166796
C           55.38692704340780       16.30756859253292       47.53815490881603
C           55.10870494268017       14.88275075747979       47.07358865448995
S           55.62948754510095       13.71489984712633       48.38706890354990
H           54.87631067785749       16.50190586432716       48.48869554598468
H           56.45949088061393       16.44240103412669       47.70228167989187
H           55.05223570148632       17.04420105806041       46.80022044188051
H           54.04988909070357       14.77721437385940       46.80699581615136
H           55.70522249626571       14.67288449733775       46.17581203718487
C           49.53306825493593       18.32626065156500       50.75002885659816
C           49.86062049798234       17.87464161955870       49.32032001496874
C           50.53320359361966       16.54044336588743       49.31826071516138
N           49.82642562118396       15.36056395658177       49.30211167771816
C           50.72216730800135       14.33694564256633       49.38461060180740
N           51.94802551098757       14.81251753017045       49.46239910571270
C           51.84399104736357       16.17661311668176       49.42197067969856
H           48.86799733463703       17.60738089610589       51.23061973114223
H           50.44684501852424       18.40529879282549       51.34193887575808
H           49.04152113314918       19.29851612153320       50.73350032574342
H           48.93467490626001       17.82919549943226       48.73905412148266
H           50.51568623932219       18.61593705166654       48.85137511377403
H           48.82959543030696       15.29062093469444       49.21744660684344
H           50.42533387545154       13.28574455305526       49.36213332809267
H           52.71565119153376       16.81353662095728       49.46641574782830
Fe          52.25485724580099       10.57958610479065       48.90016111945441
Fe          53.96498230388567       13.76677753087337       49.98756358668346
Fe          54.15405335197734        9.40012446385070       47.73589858715097
Fe          54.29310328164777        9.86662792069493       50.23207978897718
S           55.89470476060622       10.17278036918074       48.80502303591697
S           52.87486783345710        8.53642183310001       49.26719257588030
S           53.24722347678677       11.82975529212785       50.46596471322294
S           53.08909506449614       11.13923678251913       46.97992946064939
Fe          54.46153016513566       11.79056917354282       48.49996477022894
