31
 energy: -3.604222080166 gnorm: 282.172104177329 xtb: 6.6.1 (unknown)
Fe           0.91005181000000        0.88866377000000        0.89486125000000
Fe           0.90183630000000       -0.89713345000000       -0.89204973000000
Fe          -0.90158894000000        0.89662212000000       -0.89054479000000
Fe          -0.91015541000000       -0.88795556000000        0.89302353000000
S           -1.20765493000000        1.21281473000000        1.20903818000000
S            1.20739189000000       -1.21258369000000        1.20783801000000
S            1.21864198000000        1.20158480000000       -1.20504301000000
S           -1.21849567000000       -1.20159661000000       -1.20668218000000
S            1.95473105000000        2.28583323000000        2.29628027000000
C            3.76189980000000        2.14263635000000        2.15070892000000
H            4.20092894000000        2.85416210000000        2.85371610000000
H            4.11972369000000        2.39180938000000        1.14769751000000
H            4.12177830000000        1.14299615000000        2.41037565000000
S            1.93630196000000       -2.30130957000000       -2.29412009000000
C            3.74405895000000       -2.16130781000000       -2.15236485000000
H            4.10453437000000       -1.15909811000000       -2.40103269000000
H            4.18059311000000       -2.86505461000000       -2.86473812000000
H            4.10389162000000       -2.42271415000000       -1.15313677000000
S           -1.93605960000000        2.30182531000000       -2.29211831000000
C           -3.74388342000000        2.16039460000000       -2.15167698000000
H           -4.10338314000000        1.15820743000000       -2.40186049000000
H           -4.18074909000000        2.86476119000000       -2.86331650000000
H           -4.10438947000000        2.42007710000000       -1.15223343000000
S           -1.95478210000000       -2.28625150000000        2.29386393000000
C           -3.76210991000000       -2.14180525000000        2.15064917000000
H           -4.20096356000000       -2.85295674000000        2.85422910000000
H           -4.12124828000000       -2.39077011000000        1.14805159000000
H           -4.12090021000000       -1.14185106000000        2.41058473000000
C           -2.19938417000000       -2.14577387000000        2.15626630000000
O           -2.19938417000000       -1.32376702000000        2.97474339000000
O           -2.19938417000000       -2.96778072000000        1.33778921000000
31
 energy: -67.091341450995 gnorm: 5.232503075477 xtb: 6.6.1 (unknown)
Fe           0.91006407348217        0.88865780095620        0.89485742898704
Fe           0.90184870660195       -0.89712955438575       -0.89204379327312
Fe          -0.90159973498781        0.89662656951053       -0.89054909206349
Fe          -0.91018719629147       -0.88799512341609        0.89306310107689
S           -1.20766818155980        1.21283508512178        1.20904260627080
S            1.20740168687796       -1.21258666019276        1.20784095978365
S            1.21865202932798        1.20158891209300       -1.20504726583831
S           -1.21850923714785       -1.20160115125958       -1.20670250366730
S            1.95472707586328        2.28584261450525        2.29629200088359
C            3.76189943334953        2.14263503877764        2.15070676668741
H            4.20093104685942        2.85416345584366        2.85371755076816
H            4.11972525859170        2.39180959938118        1.14769574132004
H            4.12177947649045        1.14299462293708        2.41037596242991
S            1.93629792741691       -2.30132122624826       -2.29412945400731
C            3.74405861287712       -2.16130567464689       -2.15236354071494
H            4.10453594618327       -1.15909638289176       -2.40103291734730
H            4.18059518113189       -2.86505605788178       -2.86473946518955
H            4.10389279724878       -2.42271447593550       -1.15313528061469
S           -1.93605709114656        2.30182675786084       -2.29211974014889
C           -3.74388405332012        2.16039404087384       -2.15167638687579
H           -4.10338401928007        1.15820634374062       -2.40186048045250
H           -4.18075131711923        2.86476244222761       -2.86331775003368
H           -4.10439036941795        2.42007709438373       -1.15223236666128
S           -1.66515715883334       -2.45238513546130        2.45665505456829
C           -3.76261352633350       -2.14176196812820        2.15060658108516
H           -4.20095305234238       -2.85295300679445        2.85422520579011
H           -4.12126111753261       -2.39076899633293        1.14805666506076
H           -4.12091350101663       -1.14185619401311        2.41058367922808
C           -2.48796165390258       -1.98001893109344        1.99391846099482
O           -2.19963064390340       -1.32141783421747        2.97669973255378
O           -2.19963986816709       -2.96977357531367        1.33541143939965
31
 energy: -67.394764474445 gnorm: 4.697212295188 xtb: 6.6.1 (unknown)
Fe           0.91251875396738        0.89041033046146        0.89782431375511
Fe           0.90431102313678       -0.90005147334914       -0.89369841193888
Fe          -0.91815352960848        0.89968301702418       -0.89363699122728
Fe          -0.90284703577997       -0.91265787866377        0.91783512618101
S           -1.21025930167042        1.21979009646445        1.20436644102305
S            1.21773492438037       -1.21369396335948        1.20904602098600
S            1.22486180485793        1.19972846214753       -1.20332107869451
S           -1.22112989515202       -1.19709283670214       -1.21355451897056
S            1.95342125304954        2.28920002400774        2.29798673960338
C            3.76156092952679        2.14221754514933        2.15071489646759
H            4.20153640806947        2.85416090100386        2.85402069226654
H            4.11990188553610        2.39164738083148        1.14757220538267
H            4.12192297696934        1.14245189649437        2.41065175192213
S            1.93517542799313       -2.30307853017943       -2.29723761931529
C            3.74389678687925       -2.16134469443251       -2.15165550679615
H            4.10485647599105       -1.15901649991143       -2.40064275782988
H            4.18140814127578       -2.86542054285239       -2.86437656026623
H            4.10418083873545       -2.42293393623419       -1.15228051525847
S           -1.93488486492109        2.30503331736962       -2.29555551722394
C           -3.74333550304889        2.16027626836956       -2.15186047555751
H           -4.10331101333961        1.15794095609117       -2.40211051829486
H           -4.18119176119174        2.86489244184123       -2.86381616146868
H           -4.10437839163908        2.42007737865104       -1.15231597523948
S           -1.60863874576115       -2.46324330776971        2.46785852480231
C           -3.84216809808765       -2.13010772269032        2.14066169335946
H           -4.20932399169607       -2.86233981896929        2.86334100442872
H           -4.17383671642515       -2.39136468222098        1.14179965541363
H           -4.17354905115783       -1.13498631994291        2.41281185100254
C           -2.43641805457408       -1.98180503872075        1.99356400525033
O           -2.15840959976079       -1.26087986118962        3.02467338918085
O           -2.16360454655573       -3.01481447871959        1.27013319705661
31
 energy: -67.780742558313 gnorm: 3.623159137995 xtb: 6.6.1 (unknown)
Fe           0.91146402433618        0.89929635736702        0.89956747564984
Fe           0.90317637495059       -0.90180433227310       -0.90264932424332
Fe          -0.93229176828152        0.89804680857879       -0.89194194954749
Fe          -0.89814563191253       -0.94545134934572        0.95052705358019
S           -1.20710758501270        1.22153227794166        1.19795490253623
S            1.22674559081955       -1.21618223056153        1.21144037460465
S            1.23128703917741        1.19783970475136       -1.20138877157708
S           -1.21786931549855       -1.19067228194648       -1.21537124495301
S            1.95356120552651        2.28885870572286        2.29606531803397
C            3.76201096505181        2.14273208757355        2.15016084370682
H            4.20194726890890        2.85498828693270        2.85344601398612
H            4.11930371686801        2.39229543870929        1.14683994718419
H            4.12192736186952        1.14297788838226        2.40987833281967
S            1.93527059392240       -2.30112223218001       -2.29697789456204
C            3.74428937380862       -2.16080502628762       -2.15228192324680
H            4.10421099654362       -1.15830146683028       -2.40138469493463
H            4.18172062276654       -2.86484387320698       -2.86533564282901
H            4.10413587384762       -2.42220303558833       -1.15293834908395
S           -1.93638911118929        2.30490248317791       -2.29533138732369
C           -3.74486651605375        2.16013756975553       -2.15160209410903
H           -4.10371521180121        1.15738903278600       -2.40137560200289
H           -4.18313277291423        2.86460122964939       -2.86338224998045
H           -4.10477598149629        2.41943483321321       -1.15164168086305
S           -1.56247115850402       -2.49064294833653        2.49973980446995
C           -3.92073787460283       -2.10908826035834        2.11880440766077
H           -4.20280769902350       -2.86015852024194        2.86130476614454
H           -4.19388307250568       -2.39124941076317        1.13209515533968
H           -4.19391518972935       -1.12545614789106        2.41100162822754
C           -2.41257339567049       -1.99335566914722        2.00267583685848
O           -2.13958559792599       -1.15205322871038        3.10884906559430
O           -2.14493559627390       -3.09896426087210        1.16205078285975
31
 energy: -68.130545095343 gnorm: 2.505868823320 xtb: 6.6.1 (unknown)
Fe           0.90900750654834        0.90161060309397        0.89310171007776
Fe           0.90063985901385       -0.89528324907682       -0.90495723950561
Fe          -0.91857081056635        0.88879977782287       -0.88266957051956
Fe          -0.90148218034220       -0.95409315360458        0.95897046165263
S           -1.20025659206924        1.22244939554212        1.20022112359309
S            1.22783491638701       -1.21348724352925        1.20867484427776
S            1.22703558636707        1.20003702621392       -1.20355970787003
S           -1.21110824991647       -1.19284338095291       -1.21637552090121
S            1.95545248335022        2.28405611473280        2.29565299073591
C            3.76250773906804        2.14351499771495        2.14936374533315
H            4.20145333897235        2.85523974147674        2.85251374365294
H            4.11846167415503        2.39279635283500        1.14651205096598
H            4.12117259655338        1.14407809817912        2.40908450710508
S            1.93704661794644       -2.30063868066821       -2.29237441347261
C            3.74466186362050       -2.16000990346491       -2.15330234480472
H            4.10326696942679       -1.15797351183584       -2.40208142157462
H            4.18104001353133       -2.86388308981562       -2.86587882481306
H            4.10327879375746       -2.42147749664564       -1.15430592149949
S           -1.94008685018517        2.29896203640627       -2.28918894395823
C           -3.74731926862776        2.16047460326653       -2.15167782496688
H           -4.10360107514388        1.15750147820480       -2.40079556046154
H           -4.18435452771116        2.86425988110723       -2.86272975532031
H           -4.10463667172436        2.41905143629501       -1.15147349439950
S           -1.50812534156932       -2.52181828238166        2.54084756066735
C           -3.98630976285326       -2.09339673208735        2.10110969131436
H           -4.19367056740111       -2.85543525049519        2.85681597117113
H           -4.21671874276036       -2.39582894129006        1.11935445828935
H           -4.21655415693054       -1.11345480275709        2.41438593803809
C           -2.40550594046874       -2.01143365902133        2.01365129307900
O           -2.12478409656717       -1.00201758279433        3.22470828862112
O           -2.12792759385403       -3.21707815246734        1.01520106549201
31
 energy: -68.306006335182 gnorm: 1.773117961825 xtb: 6.6.1 (unknown)
Fe           0.91006765447182        0.89654754850774        0.89646569406853
Fe           0.90158875499662       -0.89866953895511       -0.89998475767563
Fe          -0.91993455612855        0.88728792227012       -0.88107785004601
Fe          -0.89634422435785       -0.94749922024060        0.95262545991369
S           -1.19229268388130        1.22133127054089        1.19454930342594
S            1.23186113904070       -1.20571264386579        1.20076566653775
S            1.21727068118111        1.19853376586137       -1.20199553579671
S           -1.20329769752964       -1.18717669562552       -1.21518773926342
S            1.95570150986327        2.27918172479922        2.28905187444329
C            3.76221429633728        2.14290592283690        2.14854450717917
H            4.19958699772990        2.85489226990049        2.85145701404092
H            4.11723535331918        2.39285370734915        1.14658245779407
H            4.12061837040259        1.14434737945229        2.40845569863999
S            1.93716163170869       -2.29391658618831       -2.28769818068548
C            3.74421840665564       -2.15921714393930       -2.15298350171328
H            4.10192045666666       -1.15807126316723       -2.40238798498730
H            4.17893858448414       -2.86282577714599       -2.86588838530293
H            4.10260431672865       -2.42095772706757       -1.15489995875369
S           -1.93897525741051        2.29392120803035       -2.28392154093878
C           -3.74670047150936        2.15907893373215       -2.14997325474381
H           -4.10347890159734        1.15749777222811       -2.40049694432771
H           -4.18219136001655        2.86324126358814       -2.86132604713614
H           -4.10447091527401        2.41898990088427       -1.15114268771283
S           -1.45838229020655       -2.54289061699260        2.57773751930163
C           -4.01642484804607       -2.08509517064235        2.09092862446186
H           -4.18914445388564       -2.84860366441361        2.85000580339233
H           -4.25102023976401       -2.39984568022214        1.10447744570162
H           -4.24972481065853       -1.10043484344733        2.41696593646316
C           -2.40904599672227       -2.03307659015824        2.02185411872637
O           -2.10847273373621       -0.88776392757332        3.32226144134953
O           -2.10923918285371       -3.31617507033228        0.90503470364336
31
 energy: -68.414607820524 gnorm: 1.198818901736 xtb: 6.6.1 (unknown)
Fe           0.91116045333841        0.89398885930645        0.89977577806296
Fe           0.90262389266366       -0.90209207086582       -0.89753513955549
Fe          -0.92517137044804        0.88669517645378       -0.88035036850354
Fe          -0.90053389739265       -0.94203235682807        0.94831679380206
S           -1.18626565974598        1.21752939604114        1.19098005372540
S            1.23986843081090       -1.19926212493127        1.19418156334738
S            1.21194197124591        1.19958312558228       -1.20310339633486
S           -1.19745565701579       -1.18366618939347       -1.21108150002359
S            1.95595527528785        2.27301109194771        2.28162966140246
C            3.76204434897711        2.14166387574360        2.14738449504873
H            4.19676000669623        2.85431845983380        2.85082646730498
H            4.11660611886795        2.39260508898369        1.14618764978294
H            4.12027474790891        1.14386637709623        2.40805024662141
S            1.93734301723761       -2.28638093540381       -2.28170745385918
C            3.74395539944962       -2.15811510467352       -2.15193707899030
H            4.10122791047254       -1.15774444782581       -2.40232761050860
H            4.17593030477119       -2.86223824561354       -2.86556367220205
H            4.10219269781066       -2.42066922291882       -1.15464188916818
S           -1.93679369809071        2.28825124685300       -2.27812988801774
C           -3.74548883743656        2.15752827731583       -2.14820743636842
H           -4.10301849071606        1.15719694445207       -2.40040087398253
H           -4.17833090734181        2.86268474572362       -2.86050236141852
H           -4.10397965581417        2.41905614228289       -1.15061495675503
S           -1.40421673639820       -2.54991566312841        2.61073006722087
C           -4.02247089605018       -2.08135440690425        2.08525496774313
H           -4.19151100656198       -2.84109640734805        2.84193265561224
H           -4.29451130174315       -2.39863522324704        1.09805207224294
H           -4.28925270048676       -1.09568238410213        2.41471747385905
C           -2.42078397419021       -2.05869121212746        2.02152399203992
O           -2.08793703653133       -0.78427653662780        3.41053950645362
O           -2.08831521956652       -3.40344784567276        0.80481908141775
31
 energy: -68.486401893406 gnorm: 0.750967119601 xtb: 6.6.1 (unknown)
Fe           0.91357262336347        0.89397723330123        0.89912551969845
Fe           0.90513300151556       -0.90182043181183       -0.89743565329511
Fe          -0.92873486118119        0.88359185368388       -0.87706363617464
Fe          -0.91354801396030       -0.94488213690242        0.95291763708862
S           -1.18205204721060        1.21191456610243        1.19263061052955
S            1.24567720746230       -1.19356929543596        1.18862838269957
S            1.20657872555932        1.20227916551035       -1.20610655149090
S           -1.19311864939582       -1.18506494159666       -1.20530217310047
S            1.95601304332523        2.26603262067307        2.27548442830822
C            3.76163820653305        2.14011328202473        2.14575457532992
H            4.19254957688106        2.85375374892457        2.85029825856664
H            4.11652459045946        2.39218305010728        1.14535125296629
H            4.12016384028059        1.14309421249154        2.40767449424708
S            1.93779617316816       -2.28019389106570       -2.27468992586874
C            3.74388484517348       -2.15645132546514       -2.14998518217204
H            4.10145128502061       -1.15688434395933       -2.40158401278532
H            4.17209191819874       -2.86169282626119       -2.86453425284954
H            4.10235628764896       -2.42018183276153       -1.15342909997898
S           -1.93464787742542        2.28097631058266       -2.27126327605152
C           -3.74409776739632        2.15570082267368       -2.14673421347816
H           -4.10241314464018        1.15637915668484       -2.40051145669628
H           -4.17276811405364        2.86209121931503       -2.86034373965197
H           -4.10346368141740        2.41882081115967       -1.15020213747576
S           -1.34616975776900       -2.53882037207443        2.63721655002987
C           -4.00789807322550       -2.08013138244914        2.08341057959041
H           -4.20022159804851       -2.83609490786938        2.83623983179959
H           -4.34341204339851       -2.39029525342460        1.10086205725099
H           -4.32663203580601       -1.09767875077065        2.40941641873963
C           -2.44223914468054       -2.08991033392545        2.00674120127237
O           -2.06182786706193       -0.68847867762851        3.48950088330488
O           -2.07033911791001       -3.47607891982861        0.70673152964731
31
 energy: -68.534028486359 gnorm: 0.429649064194 xtb: 6.6.1 (unknown)
Fe           0.91559673808340        0.89477313793718        0.89528834976525
Fe           0.90798808158045       -0.89864127965697       -0.89790436733926
Fe          -0.93166342331075        0.87614809650204       -0.86937477705923
Fe          -0.92870028331115       -0.95839845600738        0.96653727346725
S           -1.17889872192414        1.20257196459423        1.19947690623657
S            1.25099117351432       -1.18823472778950        1.18384917097189
S            1.19786157976566        1.20611112676565       -1.21048521485801
S           -1.18880854228392       -1.19115715598261       -1.19757740290762
S            1.95530870610227        2.25856042443738        2.26941161295223
C            3.76057721071629        2.13882589152735        2.14385577178254
H            4.18646142175644        2.85395181648038        2.84968708121834
H            4.11634455594307        2.39206931553688        1.14431713756425
H            4.12020849960085        1.14278948683551        2.40720832450103
S            1.93891428565895       -2.27419495614669       -2.26660588995781
C            3.74445807883191       -2.15396826152003       -2.14669894832269
H            4.10266213373283       -1.15522286853790       -2.39965824603287
H            4.16813757777907       -2.86053503035047       -2.86235803518386
H            4.10368782295978       -2.41871586446041       -1.15088988668209
S           -1.93272392144161        2.27082462139285       -2.26279406063859
C           -3.74254335443304        2.15257147707543       -2.14550033180890
H           -4.10212107023202        1.15432015621012       -2.40090380408048
H           -4.16525423362383        2.86038933235352       -2.86091257810777
H           -4.10359237085609        2.41743404384771       -1.15024622071986
S           -1.28904039120324       -2.51067569803997        2.65368474812469
C           -3.97974754799753       -2.07847433162329        2.08584389197455
H           -4.21809008068950       -2.83206633194811        2.83324817568044
H           -4.39320390582644       -2.37156255718095        1.11398275162596
H           -4.34888553340892       -1.10209128299819        2.40627882465895
C           -2.47294091478004       -2.12845154175465        1.97234130644428
O           -2.02676486092927       -0.60870348859441        3.55555079623646
O           -2.06437117976236       -3.52756862889890        0.61014654049429
31
 energy: -68.564400551545 gnorm: 0.257515818294 xtb: 6.6.1 (unknown)
Fe           0.91636709888662        0.89481309360985        0.88952444133722
Fe           0.91149191822717       -0.89335778436346       -0.89812877605184
Fe          -0.93575921116111        0.86353833953102       -0.85692314138328
Fe          -0.93807327996212       -0.98008838537439        0.98109490085122
S           -1.17694624360350        1.18642722254168        1.21241063303246
S            1.25845388907055       -1.18418130465963        1.18012120841163
S            1.18426927161410        1.21145464162297       -1.21614430286734
S           -1.18309623902872       -1.20310906982745       -1.18941408617231
S            1.95304273381208        2.25139136981599        2.26333900882006
C            3.75817027945685        2.13830832078131        2.14184726965039
H            4.17772927944988        2.85551159102516        2.84905460066961
H            4.11534369313425        2.39289722155146        1.14329575794359
H            4.12009155156036        1.14363779175625        2.40675107766442
S            1.94135544550062       -2.26812327895221       -2.25840969465745
C            3.74630289506148       -2.14980167931716       -2.14156114086611
H            4.10519187330762       -1.15179650140993       -2.39594450864445
H            4.16526651998372       -2.85763734537942       -2.85837873842063
H            4.10676614613645       -2.41519150099470       -1.14648421075773
S           -1.93119440982150        2.25590113002195       -2.25119954430770
C           -3.74119955497098        2.14688815604503       -2.14428868740894
H           -4.10292796322102        1.15004916884867       -2.40167844800828
H           -4.15551866321766        2.85660363211572       -2.86233052114722
H           -4.10544846421668        2.41386238767543       -1.15089860610308
S           -1.24202300652599       -2.47453374257334        2.65494381789791
C           -3.95216810375281       -2.07261448159408        2.09320119720629
H           -4.24587564054814       -2.82421806016328        2.83304730745508
H           -4.44097646112348       -2.33946248236493        1.13712175592046
H           -4.34333251027980       -1.10016129984652        2.41266054778592
C           -2.50540365165424       -2.17164795058306        1.91820169760700
O           -1.97897345028021       -0.56439581387751        3.59764614477710
O           -2.07907821181619       -3.54828495565219        0.52632193976550
31
 energy: -68.593970661516 gnorm: 0.213606241529 xtb: 6.6.1 (unknown)
Fe           0.91579973930259        0.89351093300418        0.88471037540848
Fe           0.91591904045606       -0.88792116456226       -0.89805847658164
Fe          -0.93992135922742        0.84868425073507       -0.84436482889073
Fe          -0.94196844444847       -1.00559728538086        0.98804285651342
S           -1.17683039070643        1.16578497892426        1.22573506345225
S            1.26665654932317       -1.18194091624639        1.17729995828772
S            1.16937716066768        1.21644234889387       -1.22045339631486
S           -1.17542918249781       -1.21735588982570       -1.18568277957626
S            1.94921182720207        2.24551300949810        2.25862545723198
C            3.75435952369271        2.13869948868154        2.14078899821743
H            4.16741078732315        2.85803722097373        2.84934151269199
H            4.11323892253734        2.39461212767027        1.14324571969328
H            4.11913172388722        1.14550193258953        2.40710602627997
S            1.94546347295570       -2.26250403456700       -2.25196511331528
C            3.74971097768508       -2.14424361165352       -2.13520439679792
H            4.10903718374904       -1.14667737759332       -2.39049707183268
H            4.16512146389687       -2.85296131927951       -2.85279620576684
H            4.11100579360609       -2.40984485021692       -1.14052597640875
S           -1.93069505841184        2.23899640588400       -2.23809256036740
C           -3.74054666089944        2.13952657376582       -2.14349841960550
H           -4.10473066308384        1.14426149419755       -2.40320925278554
H           -4.14518802989010        2.85136404841030       -2.86454462110282
H           -4.10907144962102        2.40863137177146       -1.15235515777624
S           -1.20516768093856       -2.43244189494098        2.64510073235451
C           -3.93392455341087       -2.06390734619568        2.10665505443236
H           -4.27860601328561       -2.81216795812972        2.83927997729222
H           -4.48893019960523       -2.29998740075652        1.16989682884431
H           -4.31352151226419       -1.08830968626533        2.42926573853659
C           -2.53561354186556       -2.22152650082500        1.84505513975282
O           -1.91493728549217       -0.56175697846950        3.61294895686831
O           -2.11451461060977       -3.53774354007720        0.46694876126370
31
 energy: -68.658984582190 gnorm: 0.256199491680 xtb: 6.6.1 (unknown)
Fe           0.91458420156663        0.89319457313698        0.88128336744692
Fe           0.91859484289337       -0.88282266099024       -0.89643820323132
Fe          -0.93990712743012        0.83808503200184       -0.83668321440293
Fe          -0.95164999838440       -1.03410082755228        0.99742547284334
S           -1.17847564613179        1.15141947774268        1.23208261107837
S            1.27010550847507       -1.17944327252341        1.17659695617839
S            1.15918996700601        1.21812673361647       -1.22195731755914
S           -1.16847747024095       -1.22639539688897       -1.18221500329791
S            1.94583221939869        2.24193879054386        2.25660214517086
C            3.75088010715663        2.13927337260887        2.14123472538263
H            4.15894175182861        2.85995899601628        2.85076789298234
H            4.11140793009688        2.39601793024324        1.14446300387698
H            4.11774525347117        1.14707812917090        2.40847785900833
S            1.94920960707058       -2.25865517392919       -2.24788723773261
C            3.75290350158822       -2.14008786304362       -2.12991032948133
H            4.11264811080396       -1.14270571708151       -2.38554792686434
H            4.16575986773850       -2.84933292848909       -2.84795654615117
H            4.11459107729789       -2.40566446237191       -1.13533421129851
S           -1.93144524949365        2.22693643758047       -2.22892079712000
C           -3.73963586079729        2.13448753047807       -2.14396269067039
H           -4.10543927771191        1.14025341154768       -2.40526243720334
H           -4.13720472796568        2.84746681376162       -2.86676495876461
H           -4.11146958176224        2.40483098520304       -1.15446500052022
S           -1.16050660795143       -2.33027418023347        2.65606516926154
C           -3.91883941085552       -2.07059224173772        2.12226679073517
H           -4.31916667686564       -2.80941468274623        2.85029747662015
H           -4.53225297955028       -2.27743278241866        1.21291246340352
H           -4.27247682986459       -1.08309358597551        2.43043907277332
C           -2.58417128710340       -2.30957680003876        1.71993500767808
O           -1.82285725858986       -0.60005803967529        3.60569086971233
O           -2.16657042566200       -3.47673916793882        0.46556389014414
31
 energy: -68.779655829580 gnorm: 0.249369698738 xtb: 6.6.1 (unknown)
Fe           0.91479365272053        0.89423081930009        0.87725604483334
Fe           0.91853906585923       -0.87792065575318       -0.89613457151500
Fe          -0.93816235454754        0.83482544947697       -0.83373523853089
Fe          -0.96787691945048       -1.05441270943655        0.99513665755035
S           -1.18050381451005        1.14780133775087        1.23583082093608
S            1.26500049022472       -1.17989126325482        1.17669613421804
S            1.15504618919206        1.21946881714682       -1.22259440283761
S           -1.16440946385659       -1.22745877440075       -1.18720181885680
S            1.94358946249885        2.24151162983890        2.25738562964329
C            3.74883138388001        2.13944427026167        2.14292250790631
H            4.15478335366041        2.86058377066706        2.85287890311160
H            4.11064119283548        2.39651669439202        1.14638524956859
H            4.11686100506836        1.14749479453967        2.41037107857523
S            1.95158024478941       -2.25883944233987       -2.24712209800798
C            3.75510886438186       -2.13831997195404       -2.12668647345843
H            4.11519346679316       -1.14071086079913       -2.38229116670400
H            4.16708244547858       -2.84767186552435       -2.84489643781547
H            4.11692126040234       -2.40380828280653       -1.13191497804815
S           -1.93218981879617        2.22327978847354       -2.22699380221622
C           -3.73798781266869        2.13303540491976       -2.14527878425631
H           -4.10493111445358        1.13896847794581       -2.40703806133762
H           -4.13318291604328        2.84596957101314       -2.86848082352872
H           -4.11214151821168        2.40333953448468       -1.15636236062175
S           -1.11985767328006       -2.15269992091154        2.71834711478768
C           -3.91675121179057       -2.09587738958965        2.12498591483382
H           -4.34614286456876       -2.81616955047310        2.85536576851986
H           -4.55599680615422       -2.27481821121935        1.24081485741132
H           -4.23050938973130       -1.08827930242906        2.41093175375249
C           -2.64909564043932       -2.44869338568040        1.54184653278060
O           -1.70889347003533       -0.72084380120637        3.56314523661836
O           -2.23349175921585       -3.33737654241466        0.59522971268660
31
 energy: -68.735433094439 gnorm: 0.662699526799 xtb: 6.6.1 (unknown)
Fe           0.91973876799897        0.89788192615924        0.86946608039947
Fe           0.91468039454381       -0.87363011435788       -0.89949604815458
Fe          -0.93649471909614        0.83437655179159       -0.83668324092366
Fe          -0.99384262430612       -1.05927806316523        0.92645241019143
S           -1.18793114739441        1.13696664555189        1.24479578864776
S            1.23697613732220       -1.19021156089369        1.17723516663405
S            1.15817572260710        1.22563019139897       -1.22521839829161
S           -1.16943491745153       -1.22890218003977       -1.22638395803606
S            1.93929578061895        2.24530103287558        2.26575180488713
C            3.74590920279825        2.13880701330225        2.14855024899461
H            4.15301558240339        2.85976293126084        2.85910034896680
H            4.10979747916886        2.39638356063099        1.15192124547785
H            4.11564851040643        1.14644886828194        2.41521729033857
S            1.95586838380836       -2.26637444844827       -2.25253374512915
C            3.75931440901098       -2.13630630132985       -2.12333440797325
H            4.11973009175567       -1.13745388655110       -2.37749600965920
H            4.17472168882061       -2.84488022108460       -2.84113061132201
H            4.12054837743237       -2.40168309938599       -1.12751753364711
S           -1.93147824362372        2.22843856210996       -2.23098176540872
C           -3.73741752199628        2.13385809637876       -2.14723205956697
H           -4.10477549748952        1.13926266664491       -2.40971120255253
H           -4.13241035773905        2.84726253178334       -2.87135956915571
H           -4.11434725071038        2.40271482988783       -1.15819637265772
S           -1.10696675527362       -2.04262050697494        2.78823664110552
C           -3.93010843491703       -2.10857710107734        2.11657734309620
H           -4.32929253362288       -2.81404302757756        2.85538825372914
H           -4.59046249109006       -2.26617321642235        1.24533987201409
H           -4.17388306353078       -1.08613396586232        2.41022166476253
C           -2.66967236769053       -2.53901778263710        1.44343624525919
O           -1.63002794461500       -0.84981388896799        3.52258910257622
O           -2.28302712811817       -3.22531761326473        0.75579431539614
31
 energy: -68.823160335793 gnorm: 0.164375891458 xtb: 6.6.1 (unknown)
Fe           0.92078339556703        0.89879598231399        0.86873452476955
Fe           0.91294958165969       -0.87435263083236       -0.90084973317733
Fe          -0.93759815449820        0.83452102027504       -0.83712519794523
Fe          -0.99449888957079       -1.05000702544351        0.90804583606318
S           -1.18946972532088        1.13225941545315        1.24783585799220
S            1.22901712169856       -1.19278935402736        1.17774894143853
S            1.15972990951192        1.22753773333155       -1.22790851579730
S           -1.17263850344507       -1.23047135005453       -1.23631914950834
S            1.93902253925698        2.24588204036578        2.26745713649645
C            3.74599843533802        2.13785443455360        2.14899351246431
H            4.15403014514829        2.85867870904356        2.85965484507742
H            4.11021118178262        2.39543828076944        1.15234720901802
H            4.11604532725771        1.14538136598873        2.41542264818625
S            1.95614939835152       -2.26873882768094       -2.25457705373621
C            3.75962588522156       -2.13659818630842       -2.12329815429101
H            4.12017422023869       -1.13751686961986       -2.37702460122950
H            4.17630664221737       -2.84498253355300       -2.84093933504196
H            4.12078606987316       -2.40188576533463       -1.12724294704502
S           -1.93051189216776        2.23012650910701       -2.23159399890011
C           -3.73798685116951        2.13435070768613       -2.14665459745200
H           -4.10544689316317        1.13992660772060       -2.40950939997572
H           -4.13245541406452        2.84838858862113       -2.87135284210121
H           -4.11516499929208        2.40320102912229       -1.15772245530735
S           -1.12439156592108       -2.12588521784662        2.76002830660912
C           -3.94191757059495       -2.10115985679445        2.11443726420428
H           -4.31677078190601       -2.81190169212928        2.85603150085905
H           -4.59663911227172       -2.26484177294439        1.24014876067297
H           -4.16323990693938       -1.08124714767263        2.42224928208273
C           -2.63405064748105       -2.45981848756043        1.53968961824341
O           -1.68517534632715       -0.79249050517776        3.54996721925755
O           -2.24102606895817       -3.29497677135421        0.68212441807118
31
 energy: -68.838619732546 gnorm: 0.136848692025 xtb: 6.6.1 (unknown)
Fe           0.92504861636834        0.89827539000060        0.86645032824702
Fe           0.90292982907324       -0.87932706381829       -0.91592984589871
Fe          -0.94432274726472        0.83103637648921       -0.84310112686213
Fe          -0.99024983067110       -1.05952994528604        0.88072982194332
S           -1.19270165771753        1.10292791518285        1.24881796314530
S            1.21811278109369       -1.20049509032205        1.16145287406762
S            1.15565707708606        1.22882138624150       -1.23025346057645
S           -1.18059578010968       -1.22843772488029       -1.26467818276580
S            1.93489972016586        2.24839669995216        2.27010800683272
C            3.74304589625130        2.13851207519373        2.15263886520307
H            4.15376000570463        2.85861682159191        2.86299012874195
H            4.10753885606862        2.39557498885160        1.15577626764790
H            4.11320884439233        1.14560192132753        2.41808323607216
S            1.96523518672733       -2.27582837698406       -2.25878168467550
C            3.76814330883105       -2.13497706589974       -2.12003045237012
H            4.12532257844905       -1.13379633585544       -2.37113388782757
H            4.19350172729954       -2.84100362632621       -2.83530731788878
H            4.12596067544785       -2.39802074167227       -1.12197258313313
S           -1.93305481624540        2.23675387960880       -2.23418075645370
C           -3.74175942631386        2.13358410186501       -2.14721464304713
H           -4.10771246564148        1.13849010185819       -2.41064963013950
H           -4.13766601879956        2.84697754736870       -2.87236060252591
H           -4.12149183525157        2.40076933506156       -1.15856388343091
S           -1.14476056743960       -2.15468016328232        2.77125143081241
C           -3.96014407439263       -2.08401278917076        2.10095970574046
H           -4.29120959096100       -2.80315811519571        2.84662067552336
H           -4.61924044208163       -2.22409170091514        1.22645073433016
H           -4.11495898136598       -1.06014454528387        2.45353407279361
C           -2.61368112892155       -2.44325438667100        1.57230370478843
O           -1.68933711439814       -0.84090756288071        3.56008344313139
O           -2.24763109533565       -3.27999487612482        0.70470569856898
31
 energy: -68.857136838993 gnorm: 0.074940210634 xtb: 6.6.1 (unknown)
Fe           0.92882534770277        0.89521853551567        0.86261000436021
Fe           0.89478098911214       -0.88441185675675       -0.93289309353670
Fe          -0.95418683201170        0.82484927080042       -0.85785165091469
Fe          -0.96567929413544       -1.07287434118822        0.84737441210701
S           -1.19517024376843        1.06100739058179        1.24382302810704
S            1.21451723685936       -1.21145096124176        1.14233086333076
S            1.15048534450621        1.23347222090055       -1.23148699141083
S           -1.18010018379253       -1.22473566525435       -1.30470920052121
S            1.92943871454162        2.24959120153806        2.26339897162480
C            3.73982555181601        2.14133737776384        2.15467261454098
H            4.15186491670970        2.86155407030228        2.86483543258556
H            4.10454524322318        2.39784259058223        1.15771773006286
H            4.10964476346420        1.14818097859535        2.42005981731661
S            1.97698799691185       -2.28285665172113       -2.26735035626636
C            3.77887344017014       -2.13252330656502       -2.11588478487654
H            4.13197006651314       -1.12906534888380       -2.36443624444735
H            4.21550116581694       -2.83606457387017       -2.82768114018699
H            4.13161459785896       -2.39288493754555       -1.11493889845555
S           -1.93925067162131        2.24696483125820       -2.23662896582803
C           -3.74972348879952        2.13154684832438       -2.14879059263960
H           -4.11049755269697        1.13421868216929       -2.41170871403382
H           -4.14978852688480        2.84283186912818       -2.87419320318686
H           -4.13085328640754        2.39615703698932       -1.15998842628083
S           -1.19918469278913       -2.21832263109808        2.79617929471867
C           -3.99812321420043       -2.04742474133778        2.06214196829012
H           -4.25681047155312       -2.79012977164148        2.81393593510253
H           -4.64520358896332       -2.13989505723995        1.19633098407052
H           -4.04224687929302       -1.04296747179209        2.50190974772682
C           -2.56842221889532       -2.39969917460271        1.64749299311390
O           -1.70562360561831       -0.96668871840042        3.58886509426032
O           -2.26616309370131       -3.23009926527415        0.75366227125639
31
 energy: -68.861569147110 gnorm: 0.055175583790 xtb: 6.6.1 (unknown)
Fe           0.92680178132052        0.87445174789483        0.85795783704731
Fe           0.89575953462985       -0.88721087698013       -0.96204710717471
Fe          -0.96189867548662        0.82357123126936       -0.86545334121872
Fe          -0.95289067082199       -1.10950870074142        0.82116800205829
S           -1.19822821887116        1.01789055079622        1.24409606700485
S            1.22489245067238       -1.23469631773202        1.10955007393986
S            1.14293777924340        1.23449325403753       -1.23526449216399
S           -1.17651882504444       -1.22082291262744       -1.34608325764141
S            1.91707631178604        2.24731636761830        2.25502176428697
C            3.72886830642811        2.14445358502709        2.15806823803500
H            4.13558695594429        2.86585198569317        2.87007743115525
H            4.09877903658850        2.40155718619802        1.16334575664805
H            4.09990552642652        1.15269556068288        2.42634664446934
S            2.00062215315219       -2.28559599122014       -2.28059117065098
C            3.79967993219684       -2.12678919156799       -2.10528180957436
H            4.14909635500640       -1.12122899661262       -2.34968590193322
H            4.25024452502620       -2.82767088119611       -2.81095465774943
H            4.14117645022704       -2.38420259755415       -1.09964098291299
S           -1.94966740100294        2.25555168047734       -2.23453608368348
C           -3.75974617559745        2.12693405122785       -2.15377109826192
H           -4.11233004063013        1.12709975640464       -2.41776716523809
H           -4.16337230148358        2.83487006115203       -2.88003584215053
H           -4.14532285507523        2.38879247557619       -1.16602197497692
S           -1.20942209555791       -2.27150310396450        2.77802222677776
C           -3.99650896510443       -1.99956605982474        2.08438768785628
H           -4.27137100665768       -2.75684793804987        2.81499734840364
H           -4.69132364683008       -2.02943741951155        1.22189322235714
H           -3.98899420430400       -1.00954442475737        2.58146735043074
C           -2.55505932483836       -2.40856432931987        1.65414360752630
O           -1.64848250588134       -1.04834325656570        3.62946662227059
O           -2.32844265535053       -3.21131806577739        0.70592390504626
31
 energy: -68.865508907419 gnorm: 0.042337657785 xtb: 6.6.1 (unknown)
Fe           0.91917536028867        0.84938342069881        0.84953992800153
Fe           0.90270431936751       -0.89307791361985       -0.99409128875571
Fe          -0.97180450091877        0.81221313499949       -0.88343212016544
Fe          -0.94361558095247       -1.14506808414207        0.79256548368876
S           -1.20746841395060        0.97864174936463        1.23012644798395
S            1.23235543435479       -1.26210957401389        1.07617033683022
S            1.13452166644172        1.23233460976712       -1.24200810208644
S           -1.16585393137813       -1.22937250153024       -1.38843098311110
S            1.90559064501984        2.23164810491019        2.24566247372585
C            3.71864584910796        2.13819178312621        2.15983356195551
H            4.11785305645960        2.86085504220896        2.87480300292519
H            4.09426533796853        2.39806970464792        1.16803159007366
H            4.09264481213121        1.14834086484660        2.43034318266443
S            2.02715497884915       -2.28095103041401       -2.31280598779255
C            3.82270158371651       -2.11962199038640       -2.09804112889697
H            4.17300352766031       -1.11268426078398       -2.33436209154753
H            4.29147272294213       -2.81775763838902       -2.79483459466861
H            4.14505249854535       -2.37649688663248       -1.08558769443880
S           -1.96491513516624        2.27570591639954       -2.21925979985089
C           -3.77434592499725        2.12868485600863       -2.15169745550338
H           -4.11597956481490        1.12593403876468       -2.41915693460938
H           -4.18218475962768        2.83338926938602       -2.87854621680516
H           -4.16765496736448        2.38532180945939       -1.16556920654705
S           -1.22183790480794       -2.28765050433591        2.79311854289669
C           -3.98626657386542       -1.95804796776392        2.10030508767241
H           -4.30139634756529       -2.72083300570055        2.80842725238554
H           -4.66885941031503       -1.95483703939982        1.24665954394719
H           -3.96799253346114       -0.99795794564364        2.60237198296987
C           -2.54705376030530       -2.40065340122171        1.67599486655210
O           -1.61669937903372       -1.09750719015721        3.67793608190310
O           -2.37136557416528       -3.18140894037806        0.70473313857523
31
 energy: -68.869034892203 gnorm: 0.035593666406 xtb: 6.6.1 (unknown)
Fe           0.91336018892207        0.82065553704374        0.83563454947162
Fe           0.91068421022028       -0.90289070525512       -1.02342786468395
Fe          -0.98073219026041        0.79170345262119       -0.90220190023332
Fe          -0.94165497781777       -1.17943811831797        0.76375105514145
S           -1.21225525573664        0.94253831078451        1.21147623369429
S            1.23671452585379       -1.29147550484871        1.04578507654268
S            1.12505815265800        1.22394693701865       -1.25515800726448
S           -1.15490350143520       -1.24813501432596       -1.42052349912546
S            1.88844731225211        2.20483631993035        2.23374687863807
C            3.70267217508767        2.12802446442282        2.15885457701247
H            4.08985521591756        2.85422824947052        2.87713150391942
H            4.08393916088999        2.39227523094355        1.17028192245146
H            4.08392828621357        1.14167532137262        2.43207167273338
S            2.06045896549819       -2.26051687778124       -2.35453273467711
C            3.85147237693898       -2.10857855784465       -2.08793661944101
H            4.21020256053642       -1.10218598823343       -2.31326140552820
H            4.33829829028744       -2.80648094418115       -2.77278516296765
H            4.14538579265534       -2.36811081305090       -1.06677893949624
S           -1.98201582559321        2.29062223332093       -2.19352023051505
C           -3.79093499158658        2.12701938326877       -2.14690396552697
H           -4.12137439245071        1.12197704222065       -2.41985012686623
H           -4.19898055358504        2.82947470598192       -2.87623357402597
H           -4.19658641179051        2.37850955469001       -1.16415785751930
S           -1.22748259143222       -2.29497979925526        2.79740248363505
C           -3.96366761755526       -1.91492228998331        2.12555331918269
H           -4.34221666005040       -2.68964335495577        2.80081633662835
H           -4.64177333287504       -1.85919106740830        1.27372988973036
H           -3.92708315976098       -0.96883474083207        2.64812901444989
C           -2.55344172500545       -2.40320036967121        1.67762864554258
O           -1.57361943247471       -1.14183862401286        3.74367754854885
O           -2.42990706429057       -3.14438554302734        0.67040008050714
31
 energy: -68.871351955432 gnorm: 0.032379717715 xtb: 6.6.1 (unknown)
Fe           0.91145735865361        0.79599008375098        0.81977428511474
Fe           0.91627701780917       -0.91424110459293       -1.04717772024153
Fe          -0.99105664661601        0.77269830746247       -0.91345515500499
Fe          -0.93630252181746       -1.20928712041504        0.74187806596854
S           -1.21440103581523        0.90921901994802        1.20030068852330
S            1.24662815392470       -1.31345280898669        1.02114027371560
S            1.11299656611288        1.21192092631935       -1.27266844735093
S           -1.14600939376748       -1.26910581695190       -1.43700206330779
S            1.87203034305393        2.17426260854021        2.22446148515572
C            3.68626407980089        2.11208943974018        2.15210885758415
H            4.06355891776089        2.84157299992715        2.87210991283392
H            4.06887298753745        2.38069146464250        1.16518838894915
H            4.07596900692637        1.12918355727759        2.42628916142818
S            2.09466177567111       -2.22601871829636       -2.40099280654422
C            3.87999584369390       -2.09640469396631       -2.07966755438827
H            4.25514977655738       -1.09268280792863       -2.29147838341244
H            4.38012102761894       -2.79697551877051       -2.75187720838551
H            4.14035557916466       -2.36254615120382       -1.05048508948029
S           -1.99865400170799        2.29479945729336       -2.16999755283097
C           -3.80697225417743        2.12280598778233       -2.13523543061025
H           -4.13157983656688        1.11758282520171       -2.41339830582182
H           -4.21290370449819        2.82582275382012       -2.86568313847364
H           -4.22225910257375        2.37035874141650       -1.15539100771980
S           -1.24230849582274       -2.28338999761767        2.81599934301419
C           -3.94242189465371       -1.88409506336085        2.13088709689150
H           -4.37596281739300       -2.66009084554829        2.77814620180994
H           -4.59467540885390       -1.78379211668018        1.27177609674211
H           -3.88793604893434       -0.94560486558869        2.67191157480296
C           -2.56465418671294       -2.39069244507609        1.68913363630658
O           -1.56583309283057       -1.16905656405664        3.80783059341749
O           -2.46856046123584       -3.09888310394246        0.66437310125769
31
 energy: -68.875985585606 gnorm: 0.010863612389 xtb: 6.6.1 (unknown)
Fe           0.91577446954358        0.79125005832356        0.81430786232474
Fe           0.92016398923406       -0.91363328886082       -1.05509699991075
Fe          -0.98872071786358        0.76880887663111       -0.91876662031005
Fe          -0.93019668019027       -1.22033722024034        0.70780615027830
S           -1.20943451712650        0.89404015358353        1.19531978757949
S            1.24838779191181       -1.31697382706767        1.01495203857081
S            1.11210561524397        1.21371386682377       -1.27780133851367
S           -1.14084733808296       -1.27004109143553       -1.46097419282733
S            1.86950063950603        2.16625512034696        2.22529480990877
C            3.68346909514157        2.10678977429534        2.14811906905646
H            4.06137747556528        2.83628844984151        2.86751206568977
H            4.06275880363026        2.37579438210337        1.15998130494850
H            4.07498310899520        1.12416250260800        2.42057595127404
S            2.10406613449686       -2.21075192180739       -2.41567304695044
C            3.88522533259273       -2.09240772895676       -2.07824357101312
H            4.26837044680674       -1.09075490839946       -2.28484096572615
H            4.38596429451120       -2.79532174162723       -2.74702842144077
H            4.13465142231370       -2.36145285664374       -1.04858596613139
S           -2.00307792453606        2.29285303895004       -2.16476458306569
C           -3.81133033453835        2.12051126162193       -2.12852510807723
H           -4.13653403919323        1.11579587427911       -2.40782931049415
H           -4.21658309153006        2.82488908000852       -2.85792287206105
H           -4.22611780181873        2.36693935761514       -1.14830600005917
S           -1.22963071625972       -2.22126106440521        2.79293863518188
C           -3.93159661001820       -1.87306457484567        2.12531200651800
H           -4.35661931589370       -2.63304122538427        2.78841548897943
H           -4.58693397020084       -1.77459277029718        1.26184408249767
H           -3.86998170374242       -0.93032877060068        2.66428595166127
C           -2.55928139810323       -2.37045935448262        1.68241052366839
O           -1.66344890532505       -1.22969042682252        3.89832696468046
O           -2.46461602476265       -3.13130059501553        0.69575520370637
31
 energy: -68.877253353267 gnorm: 0.031066156006 xtb: 6.6.1 (unknown)
Fe           0.91985764545478        0.77933378637410        0.80211820429143
Fe           0.91687975848866       -0.91321411436632       -1.07855048217098
Fe          -0.98958706734765        0.76214972950351       -0.93574468333476
Fe          -0.92822429040291       -1.20684759128253        0.71819888848008
S           -1.20549910247103        0.90948856738127        1.17486723327159
S            1.26575264949686       -1.32878728163819        0.97941519536575
S            1.10876264294016        1.21850305556111       -1.28702784955353
S           -1.14807480638906       -1.28781165031524       -1.44411162970849
S            1.86353595574024        2.14833196687979        2.22392531318084
C            3.67737121451373        2.09616052839618        2.14057953419957
H            4.05514943850271        2.82618303040763        2.85921667084188
H            4.05166286216021        2.36718198077215        1.15115591624536
H            4.07310175696671        1.11458404241920        2.41047874819592
S            2.12161610925524       -2.18421108645440       -2.44157813979539
C            3.89688055250633       -2.08533591015768       -2.07568879361102
H            4.29356352616269       -1.08698560641145       -2.27329574835683
H            4.40062294206563       -2.79143740745020       -2.73857222115068
H            4.12703583608146       -2.35956710525603       -1.04352860938764
S           -2.01028241153788        2.29249538156657       -2.16238050438693
C           -3.81798287138482        2.11656976762606       -2.11666363462007
H           -4.14340820756416        1.11227955328720       -2.39698983487405
H           -4.22581426138350        2.82230631506837       -2.84307330330008
H           -4.22929638580088        2.36057334984851       -1.13446539726315
S           -1.23448561935939       -2.18254924722210        2.79725458878509
C           -3.91419846426527       -1.85246750264331        2.10917125594204
H           -4.34758565953614       -2.59509313780198        2.78084600428602
H           -4.56510302146779       -1.74754916703827        1.24037410506327
H           -3.84168637026865       -0.90675085150125        2.64727633237410
C           -2.55074392198739       -2.36563023980388        1.68353419901664
O           -1.77724654367598       -1.30175356540321        3.99201330136701
O           -2.44072635518748       -3.16747116020671        0.73004424055055
31
 energy: -68.878116001562 gnorm: 0.016716711229 xtb: 6.6.1 (unknown)
Fe           0.92313426197193        0.77376937528200        0.79350006718399
Fe           0.91514054888986       -0.91986075644518       -1.08111027390004
Fe          -0.99508239805138        0.75601123808493       -0.93357284490858
Fe          -0.92943134576434       -1.20781897097856        0.72664966688846
S           -1.20043460192984        0.90750581426186        1.17803025524519
S            1.26751691322488       -1.33351354714503        0.97652783308938
S            1.09880446107935        1.21363119125441       -1.29667691902451
S           -1.15042979110898       -1.29393684128433       -1.43976412741195
S            1.86037768161922        2.13489494798964        2.22476028275490
C            3.67391629592368        2.08819556392031        2.13716198519833
H            4.05100983774406        2.81795059652575        2.85629828471341
H            4.04470558145874        2.36187499464311        1.14722600653112
H            4.07240124976748        1.10705619885660        2.40443592912509
S            2.13152795434052       -2.16262168810050       -2.46146104941598
C            3.90326877695384       -2.07676278420903       -2.07344728307240
H            4.30956812396739       -1.08052242071539       -2.26334526110248
H            4.41034449523656       -2.78393901569441       -2.73267664118381
H            4.11991763981357       -2.35598594781408       -1.03940531758125
S           -2.01520932738101        2.28718355560266       -2.16024629404347
C           -3.82295417536140        2.11405286713969       -2.10650781559446
H           -4.15028971386451        1.11064198616101       -2.38744105457379
H           -4.23301253479497        2.82156754034525       -2.82990665091858
H           -4.22983948712972        2.35645436511067       -1.12205765243180
S           -1.25026544744271       -2.18968604196496        2.82101588630669
C           -3.90710311108590       -1.83758034392795        2.09370244781009
H           -4.35501157639007       -2.56739168565198        2.77081095456704
H           -4.55036287623911       -1.73165492853056        1.21964465876267
H           -3.82513925695908       -0.88792035896148        2.62411059851099
C           -2.54779001097053       -2.37424524330189        1.68885267698610
O           -1.78405250160965       -1.28217213363712        3.97659255161322
O           -2.43337813560383       -3.20249909667676        0.75709799982013
31
 energy: -68.879018139526 gnorm: 0.009256602770 xtb: 6.6.1 (unknown)
Fe           0.92101915021984        0.75614497016028        0.78390823194655
Fe           0.90216546628425       -0.93504615307471       -1.08647552264008
Fe          -1.00770456512214        0.74069089846296       -0.92983768532647
Fe          -0.92759085458614       -1.18741116746856        0.74815884697608
S           -1.20107982502577        0.91907048897502        1.18352495405941
S            1.26693059369434       -1.35028019426826        0.97250397987860
S            1.08034737116508        1.20219399491769       -1.30446154963785
S           -1.16731635188548       -1.31426577266639       -1.41980852050943
S            1.85624136711362        2.10633248081204        2.22207369930256
C            3.66910180210337        2.07055307214099        2.12576071788268
H            4.04514825129859        2.79961681236557        2.84588460456178
H            4.03265807450081        2.34950624077265        1.13480260742022
H            4.07300698080798        1.09025681785822        2.38766612294790
S            2.14976311864310       -2.12092510554435       -2.49508568342634
C            3.91405952286784       -2.06118177669908       -2.06380877312718
H            4.33927418063868       -1.06928472801840       -2.23795961506053
H            4.42857221767253       -2.77067827813438       -2.71507071455760
H            4.10284935437843       -2.34955185626804       -1.02614481246032
S           -2.02782371731391        2.27111285363090       -2.15778047910448
C           -3.83578420039720        2.10686593496275       -2.08457539804068
H           -4.16945647231757        1.10565703230410       -2.36546379745996
H           -4.25073119503986        2.81849792501008       -2.80116653217957
H           -4.23063757308115        2.34726598705698       -1.09464918268940
S           -1.25487753983158       -2.17816370325530        2.84621285623320
C           -3.88536603282387       -1.80842036554999        2.05593285192378
H           -4.36977178465990       -2.51156670923244        2.73982733608386
H           -4.51124176968965       -1.69662538988811        1.17071475611945
H           -3.78559498603017       -0.85104840149197        2.57037323541206
C           -2.53037127193512       -2.38992175472842        1.69410701243994
O           -1.81527866099624       -1.27165750008220        3.97254233675781
O           -2.40866312035170       -3.25505822292141        0.79709301621803
31
 energy: -68.879800154674 gnorm: 0.012896031488 xtb: 6.6.1 (unknown)
Fe           0.91999229842816        0.74871013488429        0.77526960791891
Fe           0.88184329228017       -0.94847709119357       -1.09655610617238
Fe          -1.02344916867637        0.72784075115639       -0.92153401630114
Fe          -0.90595567963788       -1.17020717252864        0.77944407838112
S           -1.20165834976025        0.92623191680386        1.19175909526532
S            1.28066404889855       -1.35417156023056        0.96096676377104
S            1.06031617919903        1.18964896306934       -1.31084342788593
S           -1.19291889308470       -1.33177620166748       -1.38642535047830
S            1.85670009643777        2.08032169899017        2.22501914002285
C            3.66815338681660        2.04965906317705        2.10924157426911
H            4.04795021043902        2.77601339814273        2.82978393537683
H            4.02090166382875        2.33452847245268        1.11611405834264
H            4.07678225700598        1.06908274492329        2.36255609807018
S            2.16395887058740       -2.08670436120888       -2.51820377323726
C            3.91904725139525       -2.04617910270589       -2.04511668747095
H            4.35884305565788       -1.05774963275602       -2.20312974424106
H            4.44304086194942       -2.75642873106081       -2.68831840691918
H            4.08085256993345       -2.34195387196116       -1.00498013132119
S           -2.04557671500458        2.24915491856565       -2.15731887534379
C           -3.85366850746268        2.09675767680648       -2.05573986501117
H           -4.19782612824352        1.09859543550325       -2.33491294425426
H           -4.27508931410729        2.81344558912290       -2.76355887043178
H           -4.23114633396648        2.33645782412977       -1.05867083564747
S           -1.25691484094166       -2.15626368487246        2.87021271669713
C           -3.85779189483835       -1.77768072725826        2.00320067811671
H           -4.38615785157289       -2.44897260909283        2.69133889344804
H           -4.45726271450506       -1.66324770986534        1.10034202287425
H           -3.74059460830163       -0.81065017597075        2.49632674670791
C           -2.50596653909755       -2.40577155946993        1.69152336274223
O           -1.86261288327221       -1.26310685768591        3.97360013615253
O           -2.38260809008770       -3.31442910806172        0.83740902650344
31
 energy: -68.880651623143 gnorm: 0.012127865938 xtb: 6.6.1 (unknown)
Fe           0.91963560426197        0.75251443468552        0.76615127235598
Fe           0.86410224292329       -0.95575739328867       -1.09116283294573
Fe          -1.03566314776369        0.71593676218235       -0.90974319693799
Fe          -0.87722979927564       -1.14441570318112        0.81452300560572
S           -1.19957391847448        0.94765154633591        1.20138793784931
S            1.29219201177874       -1.34852445538480        0.96720473221604
S            1.04496575089346        1.18065929232599       -1.31926219519804
S           -1.21111685380376       -1.34792570417475       -1.34866578054169
S            1.86615348259457        2.06477832020694        2.22546329500706
C            3.67556914135203        2.02941954220283        2.08793688995512
H            4.06526571428746        2.75071338324040        2.80816988772143
H            4.01632937578516        2.31856447887298        1.09199727954938
H            4.08435039402774        1.04620938406676        2.33050431530467
S            2.16619075397101       -2.06482329643507       -2.52148841271862
C            3.91173974772913       -2.03548132395079       -2.01558399791146
H            4.35881581707771       -1.04885729447105       -2.15960478010223
H            4.44540378889304       -2.74427131143932       -2.65257134840909
H            4.05283289653950       -2.33627702707910       -0.97495860989339
S           -2.07023117335780        2.22011391047385       -2.15303932594822
C           -3.87804359663259        2.08457340375950       -2.02159720289871
H           -4.23526723092585        1.08985428988039       -2.29707373334019
H           -4.30491273090664        2.80656417956639       -2.72068147108318
H           -4.23545086725391        2.32541174745951       -1.01734226697425
S           -1.25033023276824       -2.13127636659463        2.87988456887631
C           -3.82569477544154       -1.75321977363452        1.93892154449582
H           -4.39410443259404       -2.39413158467464        2.62478627295913
H           -4.39413930862122       -1.64214573329810        1.01536083742153
H           -3.69674952185905       -0.77753046236643        2.41023582608432
C           -2.47677358597772       -2.42086080442267        1.67677920125217
O           -1.91296456206772       -1.25961050959990        3.96704023171730
O           -2.36345345409937       -3.36517750112670        0.86522695647611
31
 energy: -68.881595440574 gnorm: 0.009385382053 xtb: 6.6.1 (unknown)
Fe           0.92365565143850        0.77608928420967        0.76014830772149
Fe           0.85119220650439       -0.95003660225157       -1.07807563667366
Fe          -1.04234887609170        0.71428003306971       -0.89539455477485
Fe          -0.83869101848283       -1.12519492463862        0.85115205583625
S           -1.19170386705865        0.96937106892899        1.21075116734676
S            1.31372033889100       -1.32389028977180        0.97861222624718
S            1.03819976675191        1.18003324030827       -1.32670618215730
S           -1.22292643234361       -1.35427712822780       -1.30457799598651
S            1.88736590387272        2.07367435214894        2.22277011204399
C            3.69404796698947        2.01333852775552        2.06272003204740
H            4.10244321268599        2.72579291544547        2.78177922826646
H            4.02481762746982        2.30318760376405        1.06397907423439
H            4.09351936062246        1.02351658803782        2.29381442605459
S            2.15415964302813       -2.06208982086462       -2.50365109266615
C            3.89061614497233       -2.03173691754090       -1.97527062755836
H            4.33642326891892       -1.04399191447321       -2.10808064556522
H            4.43424224072470       -2.73605245852646       -2.60865520285363
H            4.01850408075769       -2.33613801539817       -0.93559293584649
S           -2.10137117412186        2.18860924438098       -2.14782602756495
C           -3.90777974936195        2.07038333869978       -1.98195510173955
H           -4.27953250832596        1.07915700454648       -2.25121532884079
H           -4.34013158647103        2.79678017004424       -2.67272159409823
H           -4.24361733741536        2.31421860779752       -0.97117541671931
S           -1.24660755706603       -2.11249643885187        2.88113217404121
C           -3.79324667746985       -1.73579688001867        1.86311009861504
H           -4.39038910654219       -2.34884208196768        2.54402308387847
H           -4.32881649737401       -1.64148577323586        0.91767024277307
H           -3.66213466705474       -0.75073695958606        2.31083284038951
C           -2.44796717526853       -2.43301019604193        1.64818988325094
O           -1.96787523703261       -1.26087196199330        3.95269723915916
O           -2.35592041586160       -3.41910518561234        0.88631505108391
31
 energy: -68.882365536697 gnorm: 0.008117509887 xtb: 6.6.1 (unknown)
Fe           0.92781144912207        0.80414443766705        0.76045969029313
Fe           0.85125997893413       -0.93362918567758       -1.05779141128912
Fe          -1.04484972330839        0.72003630233990       -0.87741560839765
Fe          -0.81464520176356       -1.10540685531779        0.87727437751415
S           -1.18101494755697        0.99574374919650        1.22503309325318
S            1.33188528471335       -1.29642322884218        0.99605367894145
S            1.03562792433327        1.18902516009522       -1.32951213409817
S           -1.22020406331633       -1.35173951620159       -1.26928425653812
S            1.91521640809833        2.10649458336861        2.20881537587397
C            3.71953280476595        2.00677141835261        2.03821817386675
H            4.14935941376965        2.70851303004888        2.75610546983518
H            4.04889039340109        2.29264946201802        1.03841652874578
H            4.09968740473309        1.00761233862226        2.26253063504774
S            2.13203278560211       -2.07559957103589       -2.47679752466948
C            3.86232858348188       -2.03601994303239       -1.93299888423224
H            4.30170982153433       -1.04437532230464       -2.05759605250016
H            4.41585269279827       -2.73378729394606       -2.56497010509955
H            3.98271941497121       -2.34414051686965       -0.89356532916781
S           -2.13306398529780        2.16050684598806       -2.13874973152658
C           -3.93691438273213        2.05576737997689       -1.94411558147930
H           -4.31985420547741        1.06682836458925       -2.20572653846263
H           -4.37424064291200        2.78416805031830       -2.62921083708316
H           -4.25510586612817        2.30330192773821       -0.92903006304695
S           -1.24427423811809       -2.11355422618854        2.87383731204609
C           -3.76688857155692       -1.72720864266655        1.78981684796716
H           -4.38440078221262       -2.31779643596395        2.46794225339190
H           -4.27568366100742       -1.65576691780116        0.82720735298268
H           -3.63976364779948       -0.73218199816012        2.21512132763581
C           -2.42566642861071       -2.44481951939214        1.61559896705646
O           -1.99856340314219       -1.26719482050741        3.92939017859291
O           -2.35693307903858       -3.45924062627589        0.89374169449147
31
 energy: -68.882943040287 gnorm: 0.009245371406 xtb: 6.6.1 (unknown)
Fe           0.93239844427437        0.83406499972052        0.76247217078277
Fe           0.85384739827997       -0.91292203227153       -1.04466577032653
Fe          -1.04776704721297        0.73114069645848       -0.85853703929877
Fe          -0.80020993021570       -1.09428622751782        0.89485086914781
S           -1.16881683265300        1.01073128597552        1.24383889383419
S            1.34996913790377       -1.26496305703062        1.00611664428854
S            1.03035451540367        1.20436289910578       -1.33121293956969
S           -1.21925041958578       -1.34312030819160       -1.24249768455599
S            1.94499463566906        2.15042396449708        2.18784161911875
C            3.74712332706311        2.00467715517355        2.01510678896468
H            4.19679822767619        2.69426874962286        2.73299341336746
H            4.08204406626176        2.28429730926516        1.01544395110621
H            4.10210056894129        0.99531851343752        2.23708505126498
S            2.11018111523064       -2.09589149190458       -2.44972006194246
C            3.83664547706159       -2.04403472072882       -1.89366336189855
H            4.26822162901948       -1.04732399582832       -2.01055915812782
H            4.40038735269005       -2.73471315242405       -2.52431611407120
H            3.95059650840293       -2.35623309690488       -0.85360731514448
S           -2.16338352911495        2.14007130852060       -2.12751846274002
C           -3.96387956308734        2.04163883190340       -1.90485516472899
H           -4.35413918013979        1.05363198230870       -2.15836909554233
H           -4.40868151941747        2.76984134223797       -2.58534427074276
H           -4.26687264954978        2.29225856050005       -0.88609907729949
S           -1.25204744362323       -2.12455875972068        2.87524119779784
C           -3.74320897541976       -1.71839296414203        1.71485291534580
H           -4.38054672214981       -2.28531949789845        2.39740595676963
H           -4.23060977911643       -1.67185859215583        0.73939325374128
H           -3.61924471163732       -0.71144336147212        2.11594113021822
C           -2.40708959980934       -2.45995000258075        1.58636249989790
O           -2.02926060696117       -1.26960714375858        3.90857926634370
O           -2.34880636390979       -3.50943076406049        0.90623879394423
31
 energy: -68.883173536599 gnorm: 0.020769049411 xtb: 6.6.1 (unknown)
Fe           0.93354026124212        0.86815157481225        0.77209616291912
Fe           0.86286772415864       -0.88770061475220       -1.02972041093734
Fe          -1.04607515398921        0.75293074840700       -0.83932668593501
Fe          -0.79729164744272       -1.08234640874543        0.90431320831792
S           -1.15955203698426        1.02735320577432        1.26553561268255
S            1.36131920879228       -1.22799360177836        1.01974242362377
S            1.03010823775344        1.22446212002945       -1.32620549558420
S           -1.21398311828521       -1.32220124866557       -1.22570890163089
S            1.97943375146272        2.21673266601138        2.15414585646775
C            3.77944758872176        2.01396027454265        1.99487074679821
H            4.24646885011402        2.69069926741071        2.71340162113803
H            4.13137289021177        2.28169371612506        0.99725266402888
H            4.10073828434859        0.99393350159890        2.22269197166172
S            2.08241547381325       -2.13841397490833       -2.40534607468890
C            3.81086687746523       -2.06399919878338       -1.85806376925708
H            4.22707736647218       -1.06037517978183       -1.97508889434236
H            4.38090574276814       -2.74730856320672       -2.49019895558663
H            3.93077830342849       -2.37650142411465       -0.81812328539772
S           -2.18922663238465        2.13150849437769       -2.11424158095394
C           -3.98495059551584        2.02731224726920       -1.87138754710480
H           -4.37503194437043        1.03723667248316       -2.11498185172751
H           -4.43918771379714        2.75044701835170       -2.55109246650987
H           -4.27900210983962        2.28182185801778       -0.85173968462919
S           -1.26420493428368       -2.15401079224046        2.86581094088975
C           -3.73168881630198       -1.72700415035867        1.65485018346176
H           -4.37240425929562       -2.28742868072951        2.33507867865877
H           -4.20993016288620       -1.70003903872160        0.67757064734861
H           -3.61526854060226       -0.71630453813741        2.04499594540961
C           -2.40040275274453       -2.46769094054472        1.55498564006101
O           -2.03293913202616       -1.27318016930833        3.88107390667484
O           -2.34435347973328       -3.50306641029804        0.88160829408794
31
 energy: -68.883588200814 gnorm: 0.007309525222 xtb: 6.6.1 (unknown)
Fe           0.93143217027121        0.87407948107138        0.76895460404570
Fe           0.85705620332648       -0.88722512265101       -1.02523777004168
Fe          -1.05151702627653        0.75414817734215       -0.83143498739014
Fe          -0.79014786304134       -1.06618936895804        0.91992864700558
S           -1.15962765771889        1.04108285918926        1.27485226487388
S            1.36336171409844       -1.22029952331039        1.02558491535026
S            1.02009421944206        1.22630592766381       -1.32958309297045
S           -1.22130753309911       -1.32192258302853       -1.21228462096118
S            1.99288154649704        2.22573448604604        2.13752082313443
C            3.79088966616585        2.00698270389591        1.98141425937283
H            4.26272393770292        2.67799090034781        2.70155278866468
H            4.14680089335051        2.27175351671819        0.98410581975679
H            4.10185190731025        0.98421379450509        2.20894114952051
S            2.07862742948752       -2.13486770957625       -2.39888011426955
C            3.80534115456762       -2.06623429629432       -1.83941550602476
H            4.22483160437716       -1.06317060299448       -1.95046123831056
H            4.37896650061756       -2.74810774895832       -2.46964780519290
H            3.91751794916439       -2.38226147133611       -0.79905516586807
S           -2.20630321013613        2.12615442427867       -2.10350314332587
C           -4.00025361112067        2.01957245587913       -1.84291723783656
H           -4.39108217994965        1.02855372702564       -2.08239943605963
H           -4.46312181567654        2.74158108733849       -2.51864753570136
H           -4.28458742360998        2.27436432363906       -0.81973600061301
S           -1.27124493275606       -2.14048518176155        2.87438028271535
C           -3.71520183996573       -1.72021162803838        1.60787247533218
H           -4.37321214960130       -2.26303684003038        2.29345099155094
H           -4.17906465544774       -1.70242529527855        0.62101508462429
H           -3.59543353049732       -0.70249036377642        1.98223736382960
C           -2.38565807398008       -2.47809002901650        1.54422885676129
O           -2.06699878124740       -1.25284774271527        3.86907052718031
O           -2.31576708198855       -3.53997392708035        0.89689170079203
31
 energy: -68.883805944921 gnorm: 0.006944725515 xtb: 6.6.1 (unknown)
Fe           0.93360724651818        0.88457489183801        0.76405503535054
Fe           0.85500006455892       -0.88293062548688       -1.02479105088781
Fe          -1.05313819938521        0.75968740526764       -0.82962195529893
Fe          -0.78977393891163       -1.06158642072289        0.92210821145067
S           -1.15647214994828        1.04408867611136        1.27688401233917
S            1.35893898688558       -1.20972321821854        1.02897688318109
S            1.01507205873461        1.23107278956814       -1.33501584855253
S           -1.22326333652713       -1.31471080087546       -1.21234551706056
S            2.00373301684741        2.23800986316859        2.12227194232230
C            3.79941084179967        2.00383661662740        1.97299103342767
H            4.27335708520373        2.67091666173124        2.69460160219600
H            4.16190555946529        2.26398662224769        0.97645803243042
H            4.10088749150073        0.97966391892890        2.20255933351495
S            2.07740779291381       -2.13825758005915       -2.38702878854640
C            3.80502559785735       -2.07393462248552       -1.82663440407831
H            4.22685809218383       -1.07208966181897       -1.93647397864136
H            4.37754036026363       -2.75621642522957       -2.45690147538835
H            3.91580396306540       -2.39104742866218       -0.78654910335074
S           -2.21789477659014        2.13428033541744       -2.09034045890664
C           -4.00938976319023        2.01363133707631       -1.81838311287607
H           -4.39392280102108        1.01914462562234       -2.05377533020318
H           -4.48262302555759        2.73110591028803       -2.49209852638150
H           -4.28922576815086        2.26791383330893       -0.79374019737289
S           -1.28342162886185       -2.12441466874589        2.87726952802414
C           -3.71104033976644       -1.72430635458472        1.58004277204601
H           -4.37174315317485       -2.26220155005498        2.26548791650211
H           -4.16807887286482       -1.71453004720764        0.58971756226960
H           -3.59295220499308       -0.70412398967293        1.94657707027415
C           -2.38148798998197       -2.47732997106273        1.53728699364412
O           -2.08638792112524       -1.22282576743561        3.85583090254020
O           -2.29188475748443       -3.54900592474266        0.89937981597721
31
 energy: -68.884123841328 gnorm: 0.009366629343 xtb: 6.6.1 (unknown)
Fe           0.93645188975375        0.89803994646928        0.75525418566145
Fe           0.85007235944728       -0.87717939994427       -1.02700264362844
Fe          -1.05395069304505        0.76983518075675       -0.83062083504056
Fe          -0.78810726855135       -1.04829959105868        0.92904815682608
S           -1.15374667441310        1.05805884199147        1.27442182220333
S            1.35724317751440       -1.19737958491810        1.02987852074482
S            1.01129430210151        1.23703111636252       -1.34373100373309
S           -1.22847938114401       -1.30335086080232       -1.21123003390533
S            2.01752291798058        2.25386797796138        2.09798953890647
C            3.80935702972721        1.99595174801351        1.95965814264185
H            4.28717574664362        2.65767245108224        2.68339222143979
H            4.18194780162078        2.24895278775958        0.96455973825675
H            4.09672442449468        0.96936373384945        2.19174904624878
S            2.07972430490337       -2.14041252854162       -2.37262676228768
C            3.80798180213424       -2.08725901220360       -1.80718282451938
H            4.23710564963017       -1.08874377270199       -1.91490119365332
H            4.37707676758026       -2.77245371979886       -2.43720902040352
H            3.91440711284295       -2.40616339495936       -0.76715320165116
S           -2.23763916985198        2.15188292493558       -2.06870256585485
C           -4.02473141678706        2.00153676579449       -1.77520092351610
H           -4.39527365517037        0.99953246802928       -2.00278018090217
H           -4.51856518106385        2.70894351016190       -2.44541373471155
H           -4.29657968875426        2.25484273226261       -0.74780226856617
S           -1.30301199613160       -2.09416482748508        2.88451544285190
C           -3.70697383319704       -1.73323132725952        1.53691852015598
H           -4.38055755382966       -2.26235775249265        2.21947185763943
H           -4.14708175341581       -1.73483783403396        0.53670995923737
H           -3.59582120964071       -0.70834188860364        1.89073164979631
C           -2.37329699074384       -2.47463131313120        1.53214051680703
O           -2.11497358255983       -1.16905283310018        3.83663298467968
O           -2.24344770781645       -3.54497411425953        0.89728378822169
31
 energy: -68.884405908417 gnorm: 0.010001998887 xtb: 6.6.1 (unknown)
Fe           0.94278660724653        0.91485094889593        0.74444841236192
Fe           0.85149385884329       -0.86772072040389       -1.02915000399380
Fe          -1.05060187883521        0.78396270847292       -0.83301879775551
Fe          -0.78669676676893       -1.03140528199002        0.92762929898288
S           -1.14627595593726        1.07685342061042        1.26992850244031
S            1.35727594183810       -1.18229417702089        1.02959212206798
S            1.01369402725769        1.24485007876218       -1.35583278956163
S           -1.22607103469418       -1.28758449092153       -1.21521364742962
S            2.03078959524250        2.27401268810835        2.07565821389139
C            3.81901416844355        1.98610285993907        1.94606735720611
H            4.30469981059542        2.64164188009627        2.67115155483244
H            4.20080142361869        2.23219533632330        0.95252399253120
H            4.08927944100084        0.95464620907243        2.18001224090602
S            2.08415735132001       -2.14339287532777       -2.36189465103018
C            3.81028771767368       -2.10289858221234       -1.78515168206663
H            4.24791133082653       -1.10786449003726       -1.89015347400579
H            4.37694901214832       -2.79275241857414       -2.41293919538021
H            3.90864161535422       -2.42288766125031       -0.74441543785303
S           -2.26146467215767        2.16952185582512       -2.04533326012455
C           -4.04254899753308        1.98491738611703       -1.72714151196317
H           -4.39610814182025        0.97421828978223       -1.94510564148311
H           -4.55964721923355        2.67960827946006       -2.39346827619388
H           -4.30480202536939        2.23748462681878       -0.69692916202135
S           -1.32318978868546       -2.05997900647302        2.88636703302396
C           -3.70630700467490       -1.74252968782644        1.49466793197818
H           -4.38610477977933       -2.26781968538164        2.16874490481556
H           -4.12914248712929       -1.76265414357192        0.48731267498311
H           -3.61143784261821       -0.71228116192717        1.83625477921278
C           -2.36577674979373       -2.46324881978247        1.52575828701183
O           -2.14100221083372       -1.11558422706242        3.81604503282737
O           -2.19875681529110       -3.52929070838575        0.89238409173526
31
 energy: -68.884681683040 gnorm: 0.009078186098 xtb: 6.6.1 (unknown)
Fe           0.95062457917145        0.93696571212170        0.73163628908170
Fe           0.85292748392878       -0.85251454457942       -1.03289119704444
Fe          -1.04716724981211        0.79987064459300       -0.83703874269806
Fe          -0.77850962003432       -1.01129765389536        0.92927709312139
S           -1.13518463268699        1.09969976626361        1.26315699511550
S            1.36540561955531       -1.16018987606707        1.02583816520975
S            1.01673126784159        1.25722878948715       -1.37029261979524
S           -1.22490704140090       -1.27293391399563       -1.21168884565936
S            2.04839861562047        2.29192864648475        2.05793312790113
C            3.83216056645393        1.97216790632889        1.92922183606554
H            4.32942537535024        2.61970232033791        2.65465737205496
H            4.21788727062285        2.21230915731860        0.93609260267888
H            4.08434169005570        0.93512952222210        2.16280884768662
S            2.08865778424818       -2.14286180026079       -2.35232133615341
C            3.80814914483385       -2.11767824100716       -1.75599531613094
H            4.25582811590902       -1.12655248105827       -1.85607848490194
H            4.37531796371534       -2.81321766741206       -2.37784267034915
H            3.89221413935553       -2.43829634055076       -0.71423673059490
S           -2.29252719729598        2.17951480733062       -2.02332830350274
C           -4.06529410517182        1.96164727197653       -1.66974601327629
H           -4.40326927016740        0.94296599782727       -1.87598071833481
H           -4.60832785835066        2.64271696591056       -2.32959671872413
H           -4.31228254788206        2.21430873295281       -0.63545172899841
S           -1.34130200004808       -2.02316204306621        2.88869932766708
C           -3.70171862392476       -1.74722108552275        1.44003948212478
H           -4.40027653760708       -2.26178879241414        2.10511559037786
H           -4.09570234675455       -1.79097629587551        0.42002383654925
H           -3.62721495052206       -0.70730823077391        1.76205518362674
C           -2.35265242536810       -2.45353336615060        1.51805101041423
O           -2.17427253347814       -1.06682218997296        3.79313105139347
O           -2.15561314590904       -3.51712328841836        0.89355051504140
31
 energy: -68.884954444549 gnorm: 0.008226815345 xtb: 6.6.1 (unknown)
Fe           0.95847345260036        0.95192201421432        0.71816948187965
Fe           0.85810200839456       -0.83656159450634       -1.04377124303665
Fe          -1.04088110614611        0.81652931216643       -0.84765900189498
Fe          -0.77076270695469       -0.98873498631964        0.91909322373748
S           -1.12461817720262        1.12514865591213        1.25025840992680
S            1.37668069991687       -1.14441690680770        1.01313363751668
S            1.02250503093739        1.27204648786660       -1.38432108837534
S           -1.21952063915936       -1.25756931348005       -1.21777245489957
S            2.06261829990580        2.29545294861164        2.04986720621507
C            3.84163463438693        1.95688177752075        1.91613565491044
H            4.34794394919711        2.59831981817469        2.64031641535972
H            4.22509424835284        2.19343294357452        0.92220397087780
H            4.08255004725704        0.91732945680667        2.14870942780250
S            2.09902436692511       -2.13295771415264       -2.35510429017698
C            3.80759951993261       -2.13096195269099       -1.72893371005570
H            4.27075655447136       -1.14579643518984       -1.82304259033049
H            4.37659723163544       -2.83495471226837       -2.34045622147178
H            3.87026069057931       -2.45127012565870       -0.68520096807816
S           -2.32226844964158        2.18549230478626       -2.00785878252556
C           -4.08399506006317        1.93641426635872       -1.61601040837606
H           -4.40642746526299        0.91063532303773       -1.81035681770047
H           -4.65275214402571        2.60354675831344       -2.26729212471567
H           -4.31372501246699        2.18956965009296       -0.57774654392771
S           -1.35800742102183       -1.97653855027632        2.88458724064971
C           -3.70125356979946       -1.75135003384131        1.39942299106869
H           -4.40738226430669       -2.26495183093166        2.05106234473603
H           -4.07045183743750       -1.81762285213042        0.37492383136232
H           -3.65112462641254       -0.70577166499754        1.70752931157582
C           -2.34286347611724       -2.43238319007859        1.51063684925982
O           -2.20904474042983       -1.02252543359528        3.77154366319890
O           -2.12291450780116       -3.49567599037752        0.89673148543486
31
 energy: -68.885214631087 gnorm: 0.010127996232 xtb: 6.6.1 (unknown)
Fe           0.97010711397188        0.97618300440543        0.70385794771679
Fe           0.86194976418107       -0.81636433254137       -1.05277851291918
Fe          -1.03560832792678        0.83675585843110       -0.85385967776103
Fe          -0.76387336630017       -0.96458645479744        0.91297783154321
S           -1.10935150823207        1.15111824139025        1.24339498659049
S            1.38340771655595       -1.11918584067543        1.00390742953799
S            1.02434516908963        1.29147865387900       -1.40141826542790
S           -1.21578240141946       -1.23884835765035       -1.21823132350424
S            2.08338683246382        2.30850894848693        2.04232621253810
C            3.85756593088025        1.93799921562111        1.89875664162234
H            4.38014022205870        2.56968174891292        2.62081926674809
H            4.23943222320331        2.16949841762686        0.90326018504605
H            4.08119257553355        0.89291747629937        2.12876779194734
S            2.10478555596104       -2.11962896662407       -2.35668589895694
C            3.79911967515226       -2.14303447425481       -1.69425600343847
H            4.27814628076961       -1.16413753482037       -1.77929438923483
H            4.37206272060877       -2.85486913611097       -2.29303130778039
H            3.83555582146974       -2.46323721258253       -0.64890021888467
S           -2.35829429116238        2.18238691703581       -1.99643747708077
C           -4.10564294864196        1.90699499024732       -1.55457053075682
H           -4.41648887117860        0.87513028859408       -1.73383570203577
H           -4.70349864041059        2.56081933486318       -2.19365449465846
H           -4.31091203679368        2.16183313929301       -0.51093392039554
S           -1.37300264468317       -1.92244616757106        2.88499640381365
C           -3.69369325982216       -1.75443875871463        1.34115144529383
H           -4.41476828651814       -2.26072247993399        1.98304450661643
H           -4.02733908835290       -1.84867960517429        0.30514187099730
H           -3.66696047173926       -0.70037433324010        1.62729895723506
C           -2.32699039996284       -2.42112628267371        1.50143156731356
O           -2.26231036059768       -0.97245626199270        3.74241183789405
O           -2.08483316792090       -3.49449160559541        0.91314174032864
31
 energy: -68.885472870503 gnorm: 0.005658797445 xtb: 6.6.1 (unknown)
Fe           0.97777995098249        0.99260396190054        0.69013176119189
Fe           0.86226253623800       -0.79757897559416       -1.06896938843198
Fe          -1.02995998664737        0.85243393447702       -0.87109104040572
Fe          -0.76211002458673       -0.94807449973114        0.89697948754252
S           -1.10118609848955        1.16853622423268        1.22652104639173
S            1.38523684691071       -1.10169355743375        0.98810352902674
S            1.02661992110096        1.31254512570517       -1.41576692260663
S           -1.21513210569401       -1.22615554127574       -1.22896696657537
S            2.09726726721038        2.30168396544788        2.04902453224170
C            3.86740670026507        1.92154216398196        1.89128386807295
H            4.39964812386898        2.54782070141830        2.60939902091628
H            4.24210572023706        2.15113030472175        0.89266797642821
H            4.08523976281193        0.87563485881261        2.11890702006321
S            2.11588358712351       -2.09498598810778       -2.36703443811124
C            3.79258500817299       -2.14823723423918       -1.66889813510548
H            4.28897202756183       -1.17752398271944       -1.74537076670530
H            4.36757860456598       -2.87026166983480       -2.25244817927129
H            3.80091495983727       -2.46533650720608       -0.62294419446801
S           -2.38447690958240        2.17765866649062       -1.99691640837993
C           -4.11370748352567        1.88199082144579       -1.51311401154430
H           -4.41479960745512        0.84606525755847       -1.67993289808468
H           -4.73475378503046        2.52436604793856       -2.13905546816151
H           -4.29770831833370        2.13913549599196       -0.46705836087659
S           -1.38069692734979       -1.87385191507829        2.87773063857690
C           -3.69015315844247       -1.75583307479570        1.31338620979042
H           -4.41788344901374       -2.26611918038724        1.94726357290335
H           -3.99715950401653       -1.86554458473058        0.27486449967851
H           -3.67925017021469       -0.69984584752506        1.58639434153971
C           -2.31925952627033       -2.40682261878284        1.49635621829997
O           -2.29982597060845       -0.94124516225898        3.71378416102636
O           -2.06959046139280       -3.49135876029006        0.93356819498620
31
 energy: -68.885636140563 gnorm: 0.010027605665 xtb: 6.6.1 (unknown)
Fe           0.97891027385267        1.01255326071977        0.67561119788751
Fe           0.85761056686125       -0.77728777885457       -1.08387527146629
Fe          -1.02807200327204        0.87431234078564       -0.88716666612565
Fe          -0.75865889379737       -0.92074501830897        0.88995758300240
S           -1.10072220891118        1.19845983888339        1.20975948311746
S            1.39045953614501       -1.08161068053397        0.97382546292964
S            1.02570508248422        1.33427821202104       -1.42929951778259
S           -1.21996456844644       -1.20726534276236       -1.23582679884216
S            2.11742694357966        2.30675386476061        2.03543328121318
C            3.88275231053972        1.90288354650633        1.87830925274332
H            4.42508834785824        2.52098621963848        2.59497591795535
H            4.26065422179450        2.12660678629817        0.87892495078221
H            4.08538839463857        0.85377576691078        2.10647598405827
S            2.12287407544345       -2.06841365020954       -2.37471059309544
C            3.78304764971297       -2.15907464616772       -1.63504574330946
H            4.30195746843700       -1.19820122016634       -1.70018114820750
H            4.35714722970622       -2.89296326026986       -2.20410018504253
H            3.75916007015708       -2.47637239193584       -0.58798273037076
S           -2.41433473044445        2.18232804802128       -1.99933801413997
C           -4.12424273406926        1.85545107861889       -1.45743915573303
H           -4.41219423012784        0.81163868379410       -1.60621994912507
H           -4.78094091769361        2.48168907550191       -2.06877068956392
H           -4.27999822589310        2.11558447106809       -0.40614542068890
S           -1.39617182531439       -1.81631901545924        2.87860033462810
C           -3.68136031108106       -1.76430568839416        1.26619467969569
H           -4.40889059070431       -2.27944896644248        1.89259112725127
H           -3.96230235708498       -1.89763965574502        0.22258131182442
H           -3.69060801800076       -0.70510342109099        1.52389732043892
C           -2.30460409075156       -2.39254300755516        1.48682358322735
O           -2.35428687135781       -0.88657621153946        3.67697495026609
O           -2.02898206403217       -3.49075280796098        0.95396436242140
31
 energy: -68.885799596558 gnorm: 0.006697801670 xtb: 6.6.1 (unknown)
Fe           0.97950310474881        1.02671465019763        0.66568545058951
Fe           0.85378372260371       -0.76747595259446       -1.09125048835297
Fe          -1.02729087316404        0.88687128369735       -0.89422455412206
Fe          -0.76514292723490       -0.90785571919203        0.88279081551297
S           -1.10225124502466        1.21148243577824        1.20258142051430
S            1.38207774699893       -1.06919610477942        0.96923111121699
S            1.02441923244444        1.34481367352576       -1.43987078859091
S           -1.22222337441102       -1.19288542461611       -1.24650070463619
S            2.12493870912195        2.31415614442935        2.02478182957296
C            3.88819628277842        1.89534837335446        1.87501396059937
H            4.43366326878897        2.50970356891423        2.59204153575551
H            4.27286152464900        2.11456820378098        0.87645712182867
H            4.08205277691514        0.84478846018110        2.10549561847708
S            2.12608274440112       -2.05140649916393       -2.37746904287334
C            3.77570341980023       -2.16427658887867       -1.61975294374512
H            4.30701402196996       -1.21092193630859       -1.68081499113593
H            4.34399605871474       -2.90792615968156       -2.18082133010526
H            3.73555948591559       -2.47828654000140       -0.57337771165199
S           -2.42730850605982        2.18683248247743       -2.00133837848388
C           -4.12275356342508        1.84587725324820       -1.43821468005720
H           -4.40185005952197        0.79831559479854       -1.57954725488037
H           -4.79194086491914        2.46299201475810       -2.04235861711812
H           -4.26729295583667        2.10971798739667       -0.38788373323036
S           -1.39906196473150       -1.79389675935519        2.87529254473071
C           -3.67523136730066       -1.77356501148514        1.25447214154363
H           -4.39698416535395       -2.29785507376221        1.88084340777145
H           -3.94956589288336       -1.91477711421217        0.21088887511519
H           -3.69396857048461       -0.71445180850994        1.50784408569663
C           -2.29808209912192       -2.38977125325034        1.48380435598174
O           -2.37452379643635       -0.86631789239410        3.65223167671088
O           -2.01253234371437       -3.48863785822111        0.96276816731565
31
 energy: -68.885962192101 gnorm: 0.004664771007 xtb: 6.6.1 (unknown)
Fe           0.98250956546839        1.05179221669738        0.64754800988750
Fe           0.84779179045241       -0.74864089819398       -1.10454119063838
Fe          -1.02809291823228        0.90458829121386       -0.90733770522874
Fe          -0.76717813664760       -0.88680925448775        0.87811986443623
S           -1.09966486990417        1.23418183255479        1.18758600306056
S            1.37715363898194       -1.04592038321290        0.95855007115249
S            1.02153756735608        1.36327214547028       -1.45812609454236
S           -1.22783487915940       -1.17557213758544       -1.25347710750573
S            2.13749655981995        2.32904055214342        2.00298228309518
C            3.89578900286544        1.88385576911289        1.86770100351419
H            4.44419879226862        2.49210686666136        2.58787797986322
H            4.29174328142306        2.09511831726771        0.87147856387792
H            4.07388843458316        0.83120415150284        2.10153175849510
S            2.13036838613211       -2.03227668437112       -2.37914217356920
C            3.76484042705596       -2.17714389615796       -1.59362996797603
H            4.31648120278531       -1.23557038639153       -1.64892361249759
H            4.32585586039463       -2.93541124355749       -2.14322759916000
H            3.69966889159024       -2.48580868651664       -0.54716694040338
S           -2.44803151412779        2.19644057710990       -2.00535264262282
C           -4.12456391217366        1.83167739389135       -1.40011555978046
H           -4.38955126374996        0.77860561803378       -1.52971244299353
H           -4.81930355527879        2.43345046466786       -1.99175344453086
H           -4.24780643381485        2.09931015010110       -0.34751253161566
S           -1.40939616098008       -1.76075431738488        2.87548561834447
C           -3.66589787484974       -1.79067079853264        1.22634114739546
H           -4.38919686946376       -2.32288097435062        1.85045755951231
H           -3.92854122257284       -1.94274453118135        0.18043152525789
H           -3.70502563574769       -0.73024025374874        1.47263326263680
C           -2.28338598843794       -2.38270456675535        1.47887854786285
O           -2.40257810433540       -0.83000107400474        3.61963571546478
O           -1.97142653147724       -3.47881582986393        0.97157899915773
31
 energy: -68.886113452935 gnorm: 0.006454323086 xtb: 6.6.1 (unknown)
Fe           0.98312441499549        1.07899752813210        0.62702396358728
Fe           0.84290042205546       -0.73013503859106       -1.11858540226846
Fe          -1.02964252282088        0.92340051486150       -0.91999233896425
Fe          -0.76611611955201       -0.85892107412862        0.87529761250280
S           -1.09788099462914        1.26435188278548        1.17200863607270
S            1.37895765406041       -1.01930818053330        0.94565045256084
S            1.01837412663131        1.38003775287074       -1.47900656194003
S           -1.23334864952410       -1.15718046716256       -1.25666172401725
S            2.15018939619627        2.35097002883886        1.97279502225869
C            3.90202370473729        1.87370527609946        1.86101262656646
H            4.45099057007684        2.47518107309233        2.58736219309967
H            4.31415754134491        2.07521134411140        0.86931284544170
H            4.05933318018778        0.81840709343545        2.09971031371056
S            2.13160588369652       -2.01856730963325       -2.38091679447248
C            3.74791568993881       -2.19528674011502       -1.56652675253761
H            4.32165905672643       -1.26740391613512       -1.61660981758786
H            4.30009416960092       -2.96942208852023       -2.10389312095997
H            3.65696512434637       -2.49606583416911       -0.52035038894044
S           -2.47074415244677        2.20675314970523       -2.00340201506675
C           -4.12622060439094        1.82490258465045       -1.36513883165238
H           -4.37679045155541        0.76847494985837       -1.48587388260078
H           -4.83905260058218        2.41241925449051       -1.94322303862757
H           -4.23160685855377        2.09676833874947       -0.31330302893419
S           -1.41954908594509       -1.72159971260432        2.87757520075828
C           -3.65215549091776       -1.81852122203714        1.19898981354354
H           -4.36804791777840       -2.36269231440190        1.82213401903455
H           -3.91022448925439       -1.98009142251792        0.15394096821035
H           -3.71887408469622       -0.75755994709034        1.44133326424107
C           -2.26086792661892       -2.37612900182337        1.47222496752205
O           -2.44167880375703       -0.79028617827238        3.58680063882234
O           -1.91364265135016       -3.46773189381421        0.97911006058737
31
 energy: -68.886216168244 gnorm: 0.002862106052 xtb: 6.6.1 (unknown)
Fe           0.98438183794276        1.08210804506464        0.62483344977472
Fe           0.84422884038973       -0.73025367906179       -1.11827798419208
Fe          -1.02881621328080        0.92606284159630       -0.91948770712923
Fe          -0.76181558158643       -0.85433395401889        0.87290915402967
S           -1.09473449920657        1.26825756571558        1.17269450430037
S            1.38341386212497       -1.01460618351162        0.94474354771803
S            1.01906759071629        1.37881864410405       -1.48221914211127
S           -1.23254235619888       -1.15482418102062       -1.25421814702411
S            2.15142805840368        2.35914113237369        1.96963023077409
C            3.90016964299766        1.87373787449995        1.86198114143557
H            4.44954847750428        2.47331710862874        2.58973106776466
H            4.31470555264854        2.07325475213492        0.87158508224709
H            4.05130595342303        0.81839609854921        2.10095508767803
S            2.13075229438826       -2.01760381320757       -2.38502791105401
C            3.74280365873362       -2.19953994197806       -1.56459712001325
H            4.31958048230484       -1.27326581999743       -1.61331876793092
H            4.29530503568133       -2.97417381964589       -2.09994030056659
H            3.64915019160999       -2.50001637717445       -0.51841013276756
S           -2.46919411976815        2.20487368430572       -2.00590362893735
C           -4.12834847975235        1.83009617374397       -1.36664772657996
H           -4.38342669593493        0.77421309824919       -1.48405182498751
H           -4.84133108240803        2.41959256127703       -1.94506013212580
H           -4.23234558703361        2.10238217987953       -0.31391051694308
S           -1.41958503135619       -1.71478092370850        2.87193983176662
C           -3.64910394001383       -1.82621523765180        1.20137233419694
H           -4.36106259193447       -2.37167705228111        1.82582729432215
H           -3.91039482868658       -1.98576582245007        0.15562980714454
H           -3.72005375009953       -0.76575533758485        1.44405133634492
C           -2.25254316431083       -2.37588529637782        1.46776548846732
O           -2.44802721015133       -0.79646744219248        3.58734605810821
O           -1.90066881692419       -3.46640844812776        0.97687452623983
31
 energy: -68.886307079043 gnorm: 0.002198025142 xtb: 6.6.1 (unknown)
Fe           0.98456598236364        1.09036681755164        0.61987623423718
Fe           0.84402379188287       -0.72414389658513       -1.11959084499161
Fe          -1.02883412027284        0.93065439252194       -0.92326530640538
Fe          -0.75863049311925       -0.84511430806197        0.87098306685810
S           -1.09196187356803        1.27794345241682        1.16845654029642
S            1.38738962067700       -1.00472478534470        0.94210901329073
S            1.01927954016326        1.38348965796690       -1.48809606024720
S           -1.23235598519178       -1.15153833923807       -1.25058097811571
S            2.15303695951608        2.37342422134817        1.96116544974252
C            3.89718783150621        1.87357367569338        1.86397954068828
H            4.44741811395032        2.46882694052395        2.59484308256093
H            4.31855824457158        2.06926620110665        0.87628920150841
H            4.03703300443254        0.81759044085570        2.10398056288769
S            2.12759915474372       -2.01485105497129       -2.38777582731149
C            3.73351464958013       -2.20880463084593       -1.55993563143512
H            4.31691848578350       -1.28612925031005       -1.60528006424544
H            4.28451611437216       -2.98630059264004       -2.09200114224751
H            3.63324683988653       -2.50861125311243       -0.51399074635896
S           -2.46930934963069        2.20498201861483       -2.01207714791497
C           -4.13209565167355        1.84117500657848       -1.36867490830400
H           -4.39454903996547        0.78646797912849       -1.48223552285432
H           -4.84300086834493        2.43441422987251       -1.94786811730362
H           -4.23283565153123        2.11635937150210       -0.31556089242467
S           -1.41508930966787       -1.70657758429223        2.86619242279935
C           -3.64204364852132       -1.84263196916760        1.20424124985573
H           -4.34646369897694       -2.39358696244860        1.83031908570558
H           -3.90756612225777       -1.99983231525842        0.15791788006558
H           -3.72171041630417       -0.78305963530162        1.44843435027418
C           -2.23740591442120       -2.37851781024346        1.46522161482524
O           -2.45370180853217       -0.80642624711221        3.58765475048687
O           -1.87488685122664       -3.46500534061531        0.97406804402685
31
 energy: -68.886400232988 gnorm: 0.004041668134 xtb: 6.6.1 (unknown)
Fe           0.98279544736570        1.10473774080704        0.61185082911076
Fe           0.84306822938226       -0.71592818844093       -1.12275299977087
Fe          -1.03094440520534        0.93905167609707       -0.92700972466740
Fe          -0.75598069331812       -0.83514249767790        0.86807577325350
S           -1.09188407650475        1.28831218710923        1.16494389240647
S            1.39087113754274       -0.98860808315336        0.93875096747888
S            1.01649877911531        1.39012004876823       -1.49730242951365
S           -1.23336916377859       -1.14320148814157       -1.25096445971676
S            2.15444058190350        2.39068126529491        1.94927633926861
C            3.89373509604761        1.87286302164157        1.86663156201174
H            4.44448978857377        2.46243193429193        2.60190433119027
H            4.32524648445343        2.06401314793382        0.88249688466615
H            4.02024716452732        0.81564839861233        2.10799999933187
S            2.12381421609744       -2.01030570108505       -2.38975818084404
C            3.72217617094843       -2.22134976841215       -1.55263002899379
H            4.31527495935138       -1.30430097296616       -1.59342841389897
H            4.26922402095516       -3.00373584495254       -2.08146105995600
H            3.61264815394759       -2.52075677055384       -0.50732339126003
S           -2.47208149771022        2.20744140076217       -2.02134819741750
C           -4.13657075284720        1.85644663616538       -1.37090201149655
H           -4.40659541382966        0.80319737114054       -1.48042920325606
H           -4.84477528672008        2.45333472738550       -1.95027630217337
H           -4.23198065012990        2.13581705058588       -0.31812714602071
S           -1.40656929854953       -1.69873840497301        2.86229763888665
C           -3.63226105973028       -1.86458866674612        1.20693098542136
H           -4.32777602824341       -2.42430049298774        1.83444685570136
H           -3.89975760035390       -2.02201620632811        0.16064170984361
H           -3.72370836226169       -0.80604243435456        1.45251382413547
C           -2.21899174004385       -2.38305017229521        1.46504130021724
O           -2.45628789343544       -0.81488911372220        3.58586177641027
O           -1.84314877732401       -3.46446336967168        0.97284777960056
31
 energy: -68.886569741330 gnorm: 0.005397145540 xtb: 6.6.1 (unknown)
Fe           0.97830740268571        1.13060355646768        0.59834875996320
Fe           0.83938405390025       -0.69845553626435       -1.13168849599114
Fe          -1.03665201390319        0.95117463018248       -0.93577095335423
Fe          -0.75258764886795       -0.81821012969873        0.86458750535212
S           -1.09542050434911        1.30614855631450        1.15579215661715
S            1.39516782590261       -0.96148420796120        0.92954470804395
S            1.00886700609608        1.40657496647888       -1.51170083452074
S           -1.23659941433337       -1.13167365556963       -1.25210463660304
S            2.15691914872120        2.41903793669664        1.92766406813056
C            3.88854674956007        1.87101407859561        1.87106862125475
H            4.43952030147880        2.45116221709980        2.61391509516624
H            4.33789273710494        2.05433166574763        0.89299523158889
H            3.99305728120155        0.81152776856567        2.11467413308942
S            2.11834863800105       -1.99978709961506       -2.39148355807006
C            3.70368236570326       -2.24351162904694       -1.53837202254024
H            4.31473105456814       -1.33740934139477       -1.57102879744568
H            4.24173910976001       -3.03533937244710       -2.06275317345930
H            3.57746781972120       -2.54265664516588       -0.49459618602169
S           -2.47850950834155        2.21560364143568       -2.03464198008229
C           -4.14386594170197        1.88313133527447       -1.37401212671584
H           -4.42422442362035        0.83213598335129       -1.47797454450986
H           -4.84812431882124        2.48476420551972       -1.95297722066656
H           -4.23064364504807        2.16866315986905       -0.32227732269141
S           -1.38998436003660       -1.68756350783986        2.85921167243818
C           -3.61460716209672       -1.90194614843115        1.21039289694923
H           -4.29598355557132       -2.47794367477995        1.83910224570118
H           -3.88162886284976       -2.06277042027927        0.16458548872529
H           -3.72739453783923       -0.84543607962925        1.45805077087803
C           -2.18850548312421       -2.39056490419537        1.46653950993222
O           -2.45674404844544       -0.82525537773752        3.58187327438283
O           -1.79030853522564       -3.46318754140782        0.97183461440689
31
 energy: -68.886840407420 gnorm: 0.006530077143 xtb: 6.6.1 (unknown)
Fe           0.96890283801951        1.17372453622065        0.57480737728240
Fe           0.83265951144136       -0.66994566754804       -1.14883704670625
Fe          -1.04865993087029        0.97206738825338       -0.94828421577278
Fe          -0.74829167296900       -0.79304229780911        0.85745907522463
S           -1.10412455180018        1.33129175808014        1.14310736711954
S            1.40041946952556       -0.91679995928438        0.91286064986900
S            0.99251139312063        1.43444792399310       -1.53637515196994
S           -1.24274050018095       -1.11068620942001       -1.25807714315815
S            2.16003567006877        2.45969723345880        1.89412351104802
C            3.87987154773346        1.86682219959622        1.87787908132266
H            4.43007123268967        2.43342392460497        2.63194868338530
H            4.35607822577150        2.03756128395156        0.90918172486150
H            3.95159168889224        0.80436092036304        2.12478099480223
S            2.11221977084890       -1.97954134295891       -2.39458417619638
C            3.67448561026571       -2.27981300451748       -1.51317460477834
H            4.31534355826716       -1.39293799425241       -1.53134139639401
H            4.19610498958800       -3.08747014730025       -2.03126342914390
H            3.51917408421115       -2.57893523739531       -0.47269443358010
S           -2.49034931704136        2.23282932506655       -2.05368416215635
C           -4.15494352246624        1.92693151974683       -1.37855163934529
H           -4.44952828294031        0.87928270891501       -1.47476097649501
H           -4.85388680720432        2.53457525036605       -1.95637415576493
H           -4.22921978966415        2.22100873600791       -0.32871067053621
S           -1.36024881852003       -1.66955454339944        2.85700430634355
C           -3.58382370618602       -1.96193196105416        1.21484766944534
H           -4.24392779688808       -2.56374654544232        1.84422846692670
H           -3.84606228312366       -2.13176768765789        0.16997622022824
H           -3.73209894088708       -0.90928658724492        1.46448956288601
C           -2.14001980285980       -2.40253348482226        1.47071591347078
O           -2.45242917693015       -0.83558376620669        3.57425674639587
O           -1.70726715967716       -3.46176984217249        0.97384475133219
31
 energy: -68.887110658200 gnorm: 0.007745623603 xtb: 6.6.1 (unknown)
Fe           0.95768769412859        1.21914019335074        0.54970889912412
Fe           0.82327946489068       -0.63834113330903       -1.17142812582854
Fe          -1.06351459801216        0.99279972119994       -0.96358944381927
Fe          -0.74348785478745       -0.76667110618461        0.84904002182593
S           -1.11564636110919        1.35708857196839        1.12693035586700
S            1.40570428982970       -0.87039408710326        0.88991758452654
S            0.97248168593003        1.46707493264496       -1.56186249474793
S           -1.25121793302286       -1.09060450005749       -1.26509902785646
S            2.16207952722376        2.49656471328171        1.86188064366053
C            3.86868263098306        1.86126489868647        1.88504484338953
H            4.41633015524055        2.41528756343651        2.65021208181796
H            4.36978062873117        2.01915575104283        0.92606854903155
H            3.90891076574261        0.79697182869252        2.13412522246464
S            2.10760171725202       -1.95726586579995       -2.39696945557438
C            3.64147743391690       -2.31973183797648       -1.48307219223370
H            4.31362352390316       -1.45519678567337       -1.48402857096741
H            4.14399106666106       -3.14403165641808       -1.99512297455131
H            3.45275185319642       -2.61835557508273       -0.44736060168501
S           -2.50375598428761        2.25636460217306       -2.06998959946345
C           -4.16680365372936        1.97686260141796       -1.38330469040775
H           -4.47530423970315        0.93275859719137       -1.47229154978534
H           -4.86037760675280        2.59022969333712       -1.96008452267030
H           -4.22984672410645        2.27853023014737       -0.33555327084081
S           -1.32515154528997       -1.64898697179613        2.85614783621528
C           -3.54555208206711       -2.02729339720817        1.21868962759809
H           -4.18299516764315       -2.65552308880001        1.84819294090275
H           -3.79984982212874       -2.20956429323265        0.17479326111198
H           -3.73283988464944       -0.98017634941901        1.46878324444827
C           -2.08568141742952       -2.41463480613297        1.47521551147548
O           -2.44295712117796       -0.84054270938373        3.56427579350950
O           -1.61755291149153       -3.46010130485182        0.97952900340698
31
 energy: -68.887358318933 gnorm: 0.006466317250 xtb: 6.6.1 (unknown)
Fe           0.94731983306608        1.25283935432015        0.52725470340013
Fe           0.81458621207645       -0.61532280401355       -1.19277689680283
Fe          -1.07761205737976        1.00888372985786       -0.97558029867059
Fe          -0.73967225320158       -0.74861774729215        0.83993360301896
S           -1.12613219874669        1.37358295907037        1.11445009667136
S            1.40899214011343       -0.83569516709485        0.86821019993675
S            0.95338809463096        1.49196769988874       -1.58463102598076
S           -1.25924453689468       -1.07491722624274       -1.27374922392048
S            2.16085868185529        2.51847897074888        1.83704765492128
C            3.85607294553556        1.85590645252829        1.89113964885338
H            4.39781373060069        2.40107384102842        2.66651868491119
H            4.37504814470165        2.00560145537861        0.94080519969154
H            3.87514826305900        0.79143204209694        2.13962831129998
S            2.10541428182426       -1.94237268412850       -2.39705479555436
C            3.61169304820796       -2.35164218268552       -1.45566539957962
H            4.30606199623150       -1.50640141060900       -1.44134697381037
H            4.09845706514414       -3.18797306867468       -1.96324004123477
H            3.39473696006467       -2.64825964362306       -0.42524043992324
S           -2.51523848295038        2.27896064829898       -2.08014345056658
C           -4.17643190872597        2.02177989082950       -1.38662645534478
H           -4.49665507001993        0.98089834795729       -1.47027229479417
H           -4.86532559216033        2.63977837030855       -1.96292655997309
H           -4.23209722525628        2.32878773870619       -0.34066078028974
S           -1.29286997017137       -1.63076858033016        2.85645318047609
C           -3.50672223061705       -2.08068372498203        1.22018227006877
H           -4.12626907504376       -2.72643134790290        1.85006902198890
H           -3.75176541287637       -2.27670291246556        0.17722812723046
H           -3.72520930819474       -1.03967585037280        1.46721373075503
C           -2.03887270988974       -2.42488132272378        1.47943086998042
O           -2.42851101434072       -0.83617363810742        3.55279162148311
O           -1.54511482039549       -3.46077375962578        0.99035661170090
31
 energy: -68.887582264021 gnorm: 0.004954439571 xtb: 6.6.1 (unknown)
Fe           0.93952313825645        1.27541908475581        0.50745221938318
Fe           0.80552255112780       -0.60225560576657       -1.21249979921005
Fe          -1.08993241736114        1.01774131395165       -0.98738982809050
Fe          -0.73456264232274       -0.73368127535233        0.83118574054316
S           -1.13350514849730        1.38634278741027        1.10144155285089
S            1.41261164107668       -0.81191312955215        0.84705171833627
S            0.93750862778852        1.50648538040906       -1.60481592016183
S           -1.26781945505833       -1.06771826966623       -1.27961588420552
S            2.15612423334625        2.53584470932899        1.81438033349316
C            3.83966617350785        1.85025870836770        1.89656847273598
H            4.37421783020417        2.38742907115379        2.68218656812285
H            4.37564897707771        1.99448861128346        0.95554227153719
H            3.84089382022206        0.78570344423743        2.14292334868551
S            2.10590568574901       -1.92807225606635       -2.40272207156478
C            3.58032002059402       -2.37659693019948       -1.43049709129477
H            4.29399579875650       -1.54996813122022       -1.39854358800468
H            4.05608338034301       -3.22202989041984       -1.93159123411348
H            3.33472804688393       -2.67064758151644       -0.40623095778778
S           -2.52368793087556        2.29778055701574       -2.08653579891536
C           -4.18486566148851        2.06581265268881       -1.38865370645680
H           -4.51920829955782        1.02856648256249       -1.46660028763694
H           -4.86853385623863        2.68951811495960       -1.96539634772446
H           -4.23520156646153        2.37757423247975       -0.34386940955309
S           -1.26255496420040       -1.60938197498221        2.85618798399557
C           -3.46542922829208       -2.12769619548068        1.22055781735155
H           -4.06900821733442       -2.78601640255368        1.85147311649769
H           -3.70071764256236       -2.33745434552648        0.17810021260493
H           -3.71319284045214       -1.09301387685511        1.46109066053750
C           -1.99335726903006       -2.43273195347889        1.48238685845977
O           -2.41428892987868       -0.82639466934437        3.54147145707272
O           -1.47503632507045       -3.46071423247661        1.00376049245360
31
 energy: -68.887767311237 gnorm: 0.005969584165 xtb: 6.6.1 (unknown)
Fe           0.93179600973904        1.29692512114098        0.48290289398732
Fe           0.79449611955918       -0.59123612252239       -1.23198392403375
Fe          -1.10348682342442        1.02593627371760       -0.99890493877604
Fe          -0.72716114446769       -0.71776278241380        0.82162587776124
S           -1.13824910263469        1.39942046601969        1.08880486941259
S            1.41896185185024       -0.78764791390562        0.82550177487538
S            0.92068062745168        1.51668571072826       -1.63051730256597
S           -1.27738746968561       -1.06118721792691       -1.28332539664923
S            2.14958605282802        2.55530763511998        1.78886548168572
C            3.81999823777946        1.84378276691128        1.90257914423268
H            4.34767863864453        2.37102397115902        2.69963972751364
H            4.37644922834468        1.98231620336226        0.97252611127738
H            3.79985063777437        0.77840052020027        2.14594020112510
S            2.11029536547373       -1.90631653661508       -2.41326927731386
C            3.54616543498383       -2.40136466148611       -1.40511678793620
H            4.28246976180237       -1.59520346186521       -1.35149507512585
H            4.01125451611052       -3.25862622056520       -1.89602618336274
H            3.26571289978836       -2.69119117888869       -0.38783526563762
S           -2.53090562526083        2.31290537238231       -2.09654578333608
C           -4.19311412708786        2.11317735336878       -1.39013929127340
H           -4.54644730620993        1.08088410520618       -1.46023334745281
H           -4.86999729247531        2.74502085373861       -1.96761813301214
H           -4.23579457310358        2.43135574541566       -0.34614567751147
S           -1.23275739017555       -1.58373679451868        2.85474110538975
C           -3.42104626843800       -2.17830766051298        1.22133136091888
H           -4.00709094472030       -2.84948996082734        1.85450708827872
H           -3.64759295722874       -2.40086640869741        0.17901455238894
H           -3.70061582825604       -1.14987310178376        1.45355522757573
C           -1.94294266138624       -2.44034436179345        1.48539781939133
O           -2.40329254067568       -0.81741319472468        3.53071398858301
O           -1.39566579664237       -3.45989608927382        1.02030805952972
31
 energy: -68.887904160737 gnorm: 0.005648793075 xtb: 6.6.1 (unknown)
Fe           0.92483734445560        1.30908112705934        0.45945318057956
Fe           0.78326110582391       -0.58960141592561       -1.24841515316245
Fe          -1.11642414430664        1.02513699485099       -1.01251641878904
Fe          -0.72071730889571       -0.70762305417749        0.81245607755113
S           -1.14169117621399        1.40746527888356        1.07308270240387
S            1.42404729511446       -0.77134080653267        0.80646900183437
S            0.90554554604304        1.51640383137620       -1.65505358624012
S           -1.28618350808708       -1.06445605467192       -1.28463476422205
S            2.13991009472488        2.56527464804207        1.76910694486431
C            3.79730961172489        1.83614944366951        1.90860415833734
H            4.31655210453985        2.35502791949225        2.71627124332197
H            4.37067083753994        1.97174240767285        0.98966210137296
H            3.76132180890131        0.77082440038330        2.14632496340717
S            2.11988758915592       -1.88900244729227       -2.42183476658239
C            3.51525313424158       -2.41701950877726       -1.38465777157029
H            4.26466757974590       -1.62803563090804       -1.31222343327202
H            3.97249859628668       -3.28357411261518       -1.86534780718515
H            3.20605616658978       -2.69802879987600       -0.37518985037672
S           -2.53513700188629        2.32459542191326       -2.10324955257282
C           -4.19851202041346        2.15760604367320       -1.38988879548419
H           -4.57063892711919        1.13152289119188       -1.45273867441084
H           -4.86715615475491        2.79852630788900       -1.96868896356003
H           -4.23318472744777        2.48116824761597       -0.34647366083998
S           -1.20940008775980       -1.55986585673578        2.85404854662850
C           -3.37721326846353       -2.22010649341751        1.22112465599267
H           -3.94944107726482       -2.89669721492269        1.85790723580982
H           -3.59537237422985       -2.45482047776757        0.17890485388607
H           -3.68067638057144       -1.19800392752290        1.44156125770832
C           -1.89797806959286       -2.44627005490086        1.49032464274793
O           -2.39199665193569       -0.80311903251314        3.51968428009286
O           -1.32824840568318       -3.46028164500442        1.04472625166805
31
 energy: -68.887970092330 gnorm: 0.009142159815 xtb: 6.6.1 (unknown)
Fe           0.91503750665399        1.33782463917275        0.43050236441695
Fe           0.77302899716784       -0.57598126457358       -1.26873945732939
Fe          -1.13162585944516        1.03208602633262       -1.03060613674319
Fe          -0.71508963999869       -0.68704268754520        0.80106969993328
S           -1.14882763778273        1.42702541009295        1.05276276902085
S            1.42903254967657       -0.73826903734424        0.78448552860708
S            0.88632911606999        1.52856209098237       -1.68546607369098
S           -1.29425694090652       -1.06019318557636       -1.28807753327865
S            2.13461284994759        2.59684629179447        1.73254604418284
C            3.77452206875494        1.82756974067314        1.91576552799804
H            4.28584672586434        2.33211507839295        2.73868297512966
H            4.37615865607093        1.95393423798646        1.01122246130628
H            3.70788790302917        0.76092982043812        2.15054580063232
S            2.13202262583470       -1.85164842841177       -2.43956831379990
C            3.47701400410983       -2.44562319682507       -1.35751039204593
H            4.25853616630522       -1.68366847071337       -1.25859147554808
H            3.91784340269175       -3.32903835399082       -1.82605717314728
H            3.12547549288023       -2.72121112321502       -0.35726072197342
S           -2.54362053760207        2.34025190929701       -2.11750555118335
C           -4.20714957671657        2.21202843158258       -1.39099792641417
H           -4.60082199199832        1.19308482049648       -1.44423136628529
H           -4.86652474266187        2.86339854177316       -1.96975970334493
H           -4.22783739621974        2.54350380494724       -0.34896723633361
S           -1.17938207030396       -1.52966631674102        2.85146310760250
C           -3.32928309679265       -2.28136645823341        1.22450860995937
H           -3.88059779462576       -2.97463760296254        1.86409093187244
H           -3.53874514384110       -2.52841582491581        0.18253027138946
H           -3.66850022245422       -1.26604608422172        1.43738310273380
C           -1.83992794234700       -2.45620903690040        1.49849495984488
O           -2.38531612481914       -0.79929102476085        3.50910288930646
O           -1.23399381627405       -3.45817431687591        1.06698091711910
31
 energy: -68.888064067381 gnorm: 0.004715269916 xtb: 6.6.1 (unknown)
Fe           0.91349745187484        1.33602603513603        0.43085354466914
Fe           0.77428057140086       -0.57822485005119       -1.26720100232469
Fe          -1.13185936920073        1.02982994391145       -1.03018417414133
Fe          -0.71673299114228       -0.69076293561291        0.80094626351760
S           -1.15084924181077        1.42364637458753        1.05352121513663
S            1.42759894252448       -0.73955679313848        0.78655796844186
S            0.88603057178200        1.52631527375060       -1.68527029039294
S           -1.29281232677983       -1.06252406637609       -1.28854866015690
S            2.13452562156924        2.59437295727414        1.73278703031601
C            3.77384523408847        1.82675292391275        1.91523903150249
H            4.28419530954676        2.33152620349528        2.73803017623222
H            4.37412827996970        1.95338650004777        1.01101589656709
H            3.70844208953556        0.76061498149595        2.14892900153542
S            2.13535666052737       -1.85481017677252       -2.43509830904436
C            3.48135077189607       -2.44174364388951       -1.36110024073286
H            4.25820275813649       -1.67820577137742       -1.26463849676742
H            3.92225824158524       -3.32296152411584       -1.83174103109221
H            3.13548402450740       -2.71614774810394       -0.36139251182116
S           -2.54216096150742        2.33778090079483       -2.11990764865366
C           -4.20368760885921        2.20918315888003       -1.39044831727541
H           -4.59686527337769        1.19110170125724       -1.44355947894101
H           -4.86285247272470        2.86049716036981       -1.96819526754277
H           -4.22173274004858        2.54057225628217       -0.34880931120817
S           -1.18489743423377       -1.53058042463347        2.85112077034513
C           -3.33267577123831       -2.27687674791165        1.22600998441880
H           -3.88591148137308       -2.96886746546714        1.86513825331539
H           -3.54167415829110       -2.52225342663034        0.18409334781959
H           -3.66783458755323       -1.26146066314954        1.43996870717118
C           -1.84461815530219       -2.45571749042315        1.50171270353341
O           -2.38929955183651       -0.80107807426722        3.50968113925732
O           -1.24088487339822       -3.45715613912023        1.06928860625296
31
 energy: -68.888153347351 gnorm: 0.002475142315 xtb: 6.6.1 (unknown)
Fe           0.90524909196329        1.34620353455778        0.41977227855943
Fe           0.77197819824399       -0.57692397798837       -1.27397581524005
Fe          -1.13825444629914        1.02659649191300       -1.04045293534116
Fe          -0.71811468519307       -0.68869081789146        0.79601209759577
S           -1.15962881112170        1.42591099906780        1.04230737085408
S            1.42658778015814       -0.72698193724142        0.78026014733519
S            0.87787216820882        1.52756612673549       -1.69685905550365
S           -1.29366209438502       -1.06721491877255       -1.29171086562686
S            2.13173695269030        2.60173770335978        1.71812946136717
C            3.76083524763461        1.82173220211007        1.91660556628454
H            4.26487392041810        2.32017642547990        2.74653977697167
H            4.37065870196498        1.94534174445611        1.01997667391689
H            3.68426211756283        0.75635741966893        2.14539033035111
S            2.15269388969465       -1.83107306080011       -2.44296849286078
C            3.47130203684993       -2.44807979926497       -1.35488481728098
H            4.25988474261728       -1.69833636163792       -1.24572702715217
H            3.90277224484661       -3.33478535771748       -1.82319330342251
H            3.10801176622250       -2.71911636416981       -0.36105238444675
S           -2.54367682549494        2.33788205982386       -2.13192469019641
C           -4.20110452837003        2.23028579964008       -1.38955309414719
H           -4.60593119386664        1.21727517017935       -1.43693421970917
H           -4.85543928578055        2.88772637338537       -1.96447588363274
H           -4.20611777183061        2.56546248281273       -0.34944318947048
S           -1.18174000971084       -1.51769849037488        2.85084182091631
C           -3.31469053713321       -2.29791413772900        1.23102869444813
H           -3.86250724812130       -2.99369242226738        1.86986408175564
H           -3.51758859837667       -2.54674915319467        0.18928207281672
H           -3.65833719051760       -1.28621967997932        1.44325433843664
C           -1.82586495971868       -2.45973414483826        1.51296292446588
O           -2.39373045473461       -0.79985649986875        3.50384315469149
O           -1.21048268815275       -3.45450897929796        1.08588388320116
31
 energy: -68.888225432203 gnorm: 0.004151241597 xtb: 6.6.1 (unknown)
Fe           0.89308529880297        1.36713577760331        0.40073375243328
Fe           0.76622357600144       -0.56975044341575       -1.28792965215973
Fe          -1.14948373406430        1.02604367118020       -1.05718259896267
Fe          -0.71963113079773       -0.67831020642875        0.78635391485777
S           -1.17234484187656        1.43497860211664        1.02439269142057
S            1.42536901040031       -0.70352554007364        0.76694640041898
S            0.86335592740722        1.53533108395609       -1.71644062507829
S           -1.29647809769019       -1.06966108461778       -1.29877436746076
S            2.12831458441543        2.62875394182247        1.68248791589347
C            3.73817429009818        1.81252434074102        1.91976332435639
H            4.23302105252342        2.29645499343734        2.76445053087604
H            4.37364120588456        1.92805363214097        1.03801912975062
H            3.63364825922467        0.74676309023621        2.14251454901839
S            2.17584355525017       -1.79885679430431       -2.44798132691030
C            3.45210265203697       -2.46505814666462       -1.34125421903502
H            4.25767963553368       -1.73832151709775       -1.21207349600789
H            3.86598572261915       -3.36057093447267       -1.80821116175908
H            3.06225996529123       -2.73064351215441       -0.35702558705127
S           -2.54826376872325        2.34062798218764       -2.15158498513966
C           -4.19942090650874        2.27100674885860       -1.38797812259996
H           -4.62577393169634        1.26607342472255       -1.42538703800978
H           -4.84640356933091        2.93976852092607       -1.95779605294348
H           -4.18309099788101        2.61174242251581       -0.34988437756890
S           -1.17121013397570       -1.48827861526974        2.85057564373801
C           -3.28120671210857       -2.34261279607368        1.23871256535988
H           -3.81588935116244       -3.05016552824673        1.87668970897630
H           -3.47304976209485       -2.59928096041576        0.19692628608479
H           -3.64964927854975       -1.33726470716308        1.44753188870442
C           -1.78722682518337       -2.46592792501527        1.52921693148203
O           -2.40432542976792       -0.79663171372071        3.49256992456333
O           -1.14340873380523       -3.44771937715223        1.11041735268843
31
 energy: -68.888269180350 gnorm: 0.004478856586 xtb: 6.6.1 (unknown)
Fe           0.88319885290247        1.37967917660769        0.38998818384160
Fe           0.76567157585097       -0.56802063723320       -1.29380001912084
Fe          -1.15568856654364        1.02175549678201       -1.07020675238242
Fe          -0.72189603027126       -0.67278583650896        0.78145848447918
S           -1.18306696892065        1.43900359236857        1.01063975814139
S            1.42332164959689       -0.68982247355244        0.76256044627781
S            0.85575483449237        1.53785396628498       -1.72747909454163
S           -1.29457590751386       -1.07542833797153       -1.30377547582085
S            2.12540336805008        2.63873746600686        1.66505271574877
C            3.72221787487646        1.80709533523157        1.92016610125037
H            4.21027366367037        2.28263607971602        2.77327491087037
H            4.36939173664975        1.92009663301686        1.04765273611278
H            3.60478373966622        0.74209499295219        2.13553801038782
S            2.19814694455370       -1.76373583096072       -2.45858336223070
C            3.44206017264347       -2.47452297578264       -1.33467676390948
H            4.26526055460769       -1.76782632798339       -1.18541137092531
H            3.84182978072251       -3.37613944639105       -1.80293075540985
H            3.02942795432128       -2.74110500179549       -0.35834945018291
S           -2.55143168293150        2.34035695513660       -2.16291394273409
C           -4.19646458389302        2.29580095777062       -1.38538956792104
H           -4.63701326406115        1.29663320089135       -1.41703858215791
H           -4.83920487411778        2.97280839143484       -1.95069903300388
H           -4.16566503678337        2.63770396373204       -0.34838350351389
S           -1.16835740524304       -1.46799663807725        2.85232236580460
C           -3.26027252024167       -2.36914264248565        1.24464460491299
H           -3.78660368830688       -3.08293581400092        1.88270845675831
H           -3.44462860390832       -2.63189847735805        0.20299703745867
H           -3.64399425108005       -1.36836230370297        1.44954474483392
C           -1.76515945885347       -2.46800596670983        1.53980718454694
O           -2.41417013572384       -0.78908220255264        3.48161439106435
O           -1.10670219393582       -3.44276686470609        1.12846644130028
31
 energy: -68.888308058096 gnorm: 0.003004977450 xtb: 6.6.1 (unknown)
Fe           0.87872854976568        1.38276289418132        0.39053923421717
Fe           0.76880131668635       -0.56916814888986       -1.29158691353745
Fe          -1.15556580669256        1.01798034799272       -1.07504734730980
Fe          -0.72519333891264       -0.67140117763043        0.78140205094001
S           -1.18875113293819        1.43884930835706        1.00580783736203
S            1.42050229837973       -0.68728649198573        0.76628291237434
S            0.85642691976794        1.53754491968646       -1.72674374540608
S           -1.29035247389967       -1.07946250979864       -1.30611810097872
S            2.12520398508324        2.64428252622383        1.65809415160394
C            3.71612217869757        1.80537732999337        1.91851661893826
H            4.20205255472410        2.27655786163040        2.77491344833170
H            4.36800027000900        1.91808242835440        1.04974068994186
H            3.59362482745303        0.74038326611286        2.12959370192997
S            2.20938454799133       -1.75128045295661       -2.45708636335099
C            3.44655380029708       -2.47540206262092       -1.33771349431109
H            4.27303544789288       -1.77632994476246       -1.18249691874348
H            3.84028993405839       -3.37615763780010       -1.81214010605467
H            3.03071575111523       -2.74523047652164       -0.36411463767982
S           -2.55230136642401        2.33529592665794       -2.16718832357798
C           -4.19205549649839        2.29939790646151       -1.38197971858954
H           -4.63807103664091        1.30263305142696       -1.41226232346436
H           -4.83491310959296        2.98018829698693       -1.94315720296610
H           -4.15452563315350        2.63886084930896       -0.34484550440616
S           -1.17424753319681       -1.46001516592540        2.85444669948241
C           -3.25852684514477       -2.37372779248846        1.24764547252487
H           -3.78259582757106       -3.08839350137743        1.88615049116652
H           -3.44078938667814       -2.63854403179022        0.20620237576240
H           -3.64631177922475       -1.37473054300164        1.45050551137211
C           -1.76448165733131       -2.46574978603696        1.54263249079182
O           -2.42465839991081       -0.78348714942057        3.47497901401835
O           -1.10425402783592       -3.43915161020817        1.13382689955384
