64
 energy: -106.416125160290 gnorm: 0.113999582377 xtb: 6.6.1 (unknown)
C           53.65400000000000       15.46600000000000       52.98900000000000
C           53.30600000000000       15.90700000000000       51.57600000000000
S           54.40799999999999       15.20800000000000       50.34600000000000
H           53.14091799999999       16.11619875000000       53.71287045999999
H           53.33135297999999       14.42501389000000       53.13815370000000
H           54.74147557999999       15.53776370000000       53.13815370000000
H           52.27782448000000       15.58781922000000       51.35021530000000
H           53.40904170000000       17.00131908000000       51.53300970000000
C           47.99200000000000        9.74300000000000       49.34300000000000
C           49.41500000000000       10.23700000000000       49.55700000000000
S           50.13500000000000       10.74300000000000       48.00500000000000
H           47.51125352000000        9.57610698000000       50.31820743000000
H           47.42340686000000       10.49633687000000       48.77803504999999
H           48.01250752000000        8.79939307000000       48.77803504999999
H           49.40183620000000       11.09340287000000       50.24721796999999
H           50.01724608000000        9.42014245000000       49.98131519999999
C           56.66600000000000        7.22600000000000       47.92700000000000
C           55.37700000000000        6.78300000000000       47.18700000000000
S           54.79300000000000        7.98600000000000       45.92999999999999
H           56.50277298000000        7.16990258000000       49.01337470999999
H           57.49664117999999        6.56176575000000       47.64623659000000
H           56.91281412999999        8.26053115000000       47.64623659000000
H           55.57779309000000        5.82571321000000       46.68372658000000
H           54.58428252000000        6.70223514000000       47.94533768000000
C           58.20800000000000        9.85100000000000       51.88000000000000
C           56.99500000000000        8.95700000000000       51.56400000000000
S           55.46800000000000        9.78700000000000       52.09100000000000
H           58.32552829000000        9.93762019000000       52.97026787999999
H           59.11541429000000        9.40405536000000       51.44775031000000
H           58.04969413000000       10.85004928000000       51.44775031000000
H           56.95294280000000        8.76726867000000       50.48130281000000
H           57.09550428000000        8.00330598000000       52.10285676000000
C           57.05000000000000       16.49800000000000       47.53900000000000
C           55.96300000000000       15.53400000000000       47.12600000000000
S           56.24199999999999       13.87700000000000       47.83100000000000
H           57.10171191000000       16.54386042000000       48.63682635000000
H           58.01588271000000       16.15412930000000       47.14047329999999
H           56.82402814999999       17.49805659000000       47.14047329999999
H           54.99345122000000       15.91485811000000       47.47944343000000
H           55.97265509000000       15.45005683000000       46.02925011000000
C           49.43899999999999       17.61400000000000       51.59800000000000
C           49.32899999999999       17.40500000000000       50.09100000000000
C           49.92699999999999       16.11500000000000       49.69800000000000
N           49.31800000000000       14.92300000000000       50.02300000000000
C           50.11900000000000       13.92800000000000       49.70699999999999
N           51.23900000000000       14.43200000000000       49.22500000000000
C           51.15600000000000       15.79800000000000       49.23799999999999
H           48.98824420000000       16.75756398000000       52.12081598000000
H           50.49882465000000       17.69926770000000       51.87995944999999
H           48.90925487000000       18.53588338000000       51.87995944999999
H           48.26773115000000       17.41395602000000       49.80181455000000
H           49.87055497000000       18.21551028000000       49.58130274000000
H           48.38397117000000       14.82593407000000       50.44616468000000
H           49.89319583999999       12.85787833000000       49.82469493000000
H           51.94193333999999       16.50400505000000       48.93162495999999
Fe          52.30300000000000       10.70700000000000       48.60400000000000
Fe          53.13799999999999       13.74500000000000       49.03900000000000
Fe          54.30500000000000        9.66500000000000       47.56600000000000
Fe          54.35699999999999       10.29400000000000       50.10200000000000
S           55.82800000000000       10.84600000000000       48.57999999999999
S           53.13799999999999        8.66500000000000       49.20900000000000
S           52.88100000000000       11.98400000000000       50.31200000000000
S           53.23400000000000       11.24500000000000       46.62800000000000
Ni          54.83100000000000       12.39800000000000       47.33100000000000
64
 energy: -106.441840121261 gnorm: 0.044825122679 xtb: 6.6.1 (unknown)
C           53.65751595463061       15.46363078987612       52.98393862568435
C           53.30104617711689       15.91175273342292       51.56810082056812
S           54.36873849720608       15.18907402723480       50.29613366956210
H           53.15312627934090       16.09934292294181       53.72090359461708
H           53.34534851057460       14.42692422205089       53.14408970476605
H           54.73815952345079       15.53323761982122       53.14009506723010
H           52.25714150375121       15.63452135966416       51.37900615183627
H           53.38936487869469       17.00567562718438       51.52479720980205
C           47.98925347000782        9.73868314833258       49.34643721457264
C           49.41566424433965       10.22507861758210       49.56616008940041
S           50.13487338571009       10.77003192679283       48.00282338940906
H           47.49162205765447        9.56319279220644       50.30614320266779
H           47.42370425396651       10.48703131021511       48.78358034341394
H           48.00017860734759        8.80748543478124       48.77370138152807
H           49.38615711273689       11.05871314016079       50.27959973866383
H           50.00722436533010        9.41417408555844       50.01079449214244
C           56.66772087250789        7.21550292440032       47.92022102656532
C           55.37519543613491        6.78704277908803       47.19203982053487
S           54.81967819795708        8.02701165442680       45.96645627731215
H           56.52430676859851        7.15926190212770       49.00418175350270
H           57.50764724116724        6.56928386679556       47.64699876527057
H           56.92193292613685        8.24906218275885       47.65979853260164
H           55.55543757381383        5.83298836349743       46.68036377953793
H           54.58232192116080        6.65431105165592       47.94034536910092
C           58.20335944624229        9.84378083437506       51.87519218723967
C           56.98346846615049        8.96953144201280       51.56207001015034
S           55.44893415415839        9.79870424911991       52.08911798006357
H           58.32128280109645        9.94255328320120       52.95822849396134
H           59.12040362561816        9.41086938084598       51.45822182215704
H           58.05586194241759       10.84217012077002       51.45196203466610
H           56.97035607733789        8.75806225266708       50.48493577639446
H           57.09022534312523        8.01537827952190       52.09765380035599
C           57.04706263514615       16.49545102055805       47.53861712474931
C           55.95015232371154       15.53601474858451       47.10870051066884
S           56.28368516170460       13.89228044479188       47.83433384980592
H           57.10491825330413       16.54318375901454       48.63109160155945
H           58.01479775855965       16.16108390916414       47.15219847821819
H           56.84231816984595       17.49944041033890       47.15076923333734
H           54.98547131231358       15.92553392806256       47.45824884951713
H           55.94610042146726       15.47292478953917       46.01313529973881
C           49.43518305369762       17.62181903580188       51.60257554532252
C           49.31964252242908       17.41862322990852       50.09054872084328
C           49.92684856913298       16.12036383628610       49.70781908634716
N           49.31542998709697       14.92983767175772       50.01357322288035
C           50.15600335794254       13.93057946848249       49.69213178393601
N           51.29293286826667       14.42940416695829       49.22507110841946
C           51.15886561672482       15.79454636855434       49.22933461980473
H           48.98980548570962       16.77343921538310       52.12867282455434
H           50.48747448406034       17.70160208646436       51.88995171504101
H           48.91419529047449       18.53485476346147       51.89453944559475
H           48.26397072532693       17.43613145098234       49.79960365798818
H           49.84874462601174       18.22625151657536       49.57397122856854
H           48.39631119765818       14.83022843093308       50.42254554979637
H           49.92606632175622       12.87831665144156       49.80165436532462
H           51.93494621899107       16.48112436916405       48.91299258587765
Fe          52.32827001837545       10.69408375636607       48.59587637257602
Fe          53.18686486990554       13.66733101519578       49.09682156728026
Fe          54.31367250206575        9.65362081831226       47.56184853211870
Fe          54.35551366464325       10.28857729501302       50.08594386927084
S           55.81400944517864       10.79728590418079       48.57648009322445
S           53.13472503771817        8.73411490573999       49.17604145086072
S           52.88718976908928       11.93095367292652       50.29709391376119
S           53.20520062023265       11.25999236743925       46.60895940352272
Ni          54.78206597597693       12.41084491752797       47.40961927421120
64
 energy: -106.450764623602 gnorm: 0.022195219282 xtb: 6.6.1 (unknown)
C           53.66636943117702       15.46059209386199       52.97586131484192
C           53.28535206517615       15.92120797309809       51.56576887474276
S           54.31988471208483       15.16205658390027       50.26583948233784
H           53.16869485410948       16.08336130137865       53.72567003812512
H           53.36280745518057       14.42444403001246       53.13890789861284
H           54.74439869871811       15.53130041506343       53.13037707346792
H           52.22281121892078       15.68872512759752       51.41215522365663
H           53.38722687343923       17.01310251512340       51.51562066098278
C           47.97906665448342        9.72878188605870       49.34754991493179
C           49.40365791548707       10.21225866330341       49.59645390265879
S           50.13201516397571       10.80309412538116       48.03416112512681
H           47.46257075145069        9.53973934119600       50.29236771967893
H           47.42324014119094       10.48336759422156       48.78904339646943
H           47.98683433276477        8.81007146023467       48.75988770244620
H           49.36525034163594       11.02684726728512       50.33179873831492
H           49.99003359545046        9.39878257058758       50.04153410380237
C           56.67713829469032        7.19450377380231       47.92150015516169
C           55.38471903372464        6.78917340668760       47.19334855424049
S           54.84556504942489        8.05624983024914       45.99642320680754
H           56.55169167704226        7.13058241500078       49.00552739307222
H           57.51991293267486        6.56034374775340       47.63943273379520
H           56.93612382336598        8.22941619338112       47.67867862045681
H           55.54531455422653        5.84336231748291       46.65914971803112
H           54.59164184150150        6.60572511750447       47.93426942884820
C           58.19458445104075        9.84630982235939       51.87461813716522
C           56.97689025871153        8.97930272457993       51.55566384947015
S           55.43196577726788        9.81428157488188       52.05448471986558
H           58.30894403660088        9.95333002545666       52.95467264891983
H           59.11664468373372        9.41382613230590       51.47248914946673
H           58.06220759656663       10.84407308236812       51.45056860061295
H           56.98709661249310        8.74625783463452       50.48284567985373
H           57.07293695467702        8.02719108331529       52.09827082464517
C           57.04782186415233       16.51032839761996       47.53390607398471
C           55.94744791286477       15.55133288815579       47.09400231902962
S           56.36727040009492       13.92349056919470       47.81929371655693
H           57.10122844931125       16.54328505314901       48.62449698397894
H           58.01502997342860       16.17068695493447       47.15873255791582
H           56.86267200198098       17.52074710145131       47.15804839175836
H           54.98071620642165       15.93246308779466       47.44498468363994
H           55.92609076443221       15.50402343931166       45.99801486315341
C           49.42889453019878       17.63493233464952       51.60694182756168
C           49.30951697243484       17.43387562304254       50.09079082484310
C           49.92412188849715       16.13031650156302       49.71242787813054
N           49.31261225132811       14.93594880072046       49.99839897935612
C           50.18815416085506       13.93897715145537       49.67191195782856
N           51.32709674776419       14.44510676566452       49.21346003869294
C           51.15671314689319       15.80718131786163       49.22132252831788
H           48.98570547340545       16.79025486238016       52.13326390692799
H           50.47780586287155       17.70788978334597       51.89612382673011
H           48.91539519628983       18.54356098002254       51.90911793842623
H           48.25649962636849       17.45675400070698       49.80083389987551
H           49.82607608924329       18.24329657421924       49.56973067380827
H           48.40395212053644       14.82954687300764       50.39715404052825
H           49.95611744541075       12.89524681289897       49.77061106323490
H           51.93128454483436       16.47711989120991       48.89462095497363
Fe          52.35394213629044       10.66822847248362       48.60114694399742
Fe          53.20683643667488       13.60666607943786       49.21516773939209
Fe          54.30796801170709        9.59642973519382       47.58011294751840
Fe          54.34029896537338       10.26146381532735       50.03549065494743
S           55.79414331756087       10.75909840073568       48.53486885424373
S           53.09245687950413        8.74226287322331       49.14386845894891
S           52.89168309413898       11.86519351166657       50.34285515417297
S           53.21666880571659       11.27253430286146       46.61902529799482
Ni          54.79987682043015       12.45399926464536       47.40919043892384
64
 energy: -106.455077983969 gnorm: 0.018901355723 xtb: 6.6.1 (unknown)
C           53.67387158637600       15.45961623846412       52.96748235941526
C           53.26818369453075       15.93296798933754       51.56836343649960
S           54.27425488995915       15.14629253200511       50.25515060609844
H           53.18390258730282       16.07215372256233       53.73172018531316
H           53.37762594939063       14.41953709267692       53.12355037028705
H           54.75440267725703       15.53317771284382       53.10724010168366
H           52.19424002981205       15.72959477656926       51.43743225831120
H           53.39981186489474       17.02195411687319       51.51069765886321
C           47.96140478832977        9.71610221717950       49.35075619203357
C           49.38081014272021       10.19749895477130       49.63608690741452
S           50.11210159010135       10.83818195790632       48.08726984179461
H           47.42649280564078        9.50582937759923       50.28253599121680
H           47.41741447578357       10.48502746930631       48.79828962647505
H           47.97846916183164        8.81022665954709       48.74106254826093
H           49.33406871533624       10.99363546177081       50.39316751068057
H           49.96886981075666        9.37430950550753       50.06187129387268
C           56.69423121712471        7.16683273103386       47.92355525769960
C           55.40197055287626        6.77783616964467       47.18825167419340
S           54.86450733829756        8.06588293379178       46.01532728383308
H           56.57563918365560        7.08408928853414       49.00804708891070
H           57.53606707632449        6.53801909309039       47.62414448577322
H           56.95364153004822        8.20682577447734       47.69854729260663
H           55.55786490279849        5.84520687703609       46.62661741119012
H           54.60966455171720        6.57008987427133       47.92593142918837
C           58.18753494072402        9.85280976043674       51.87718466273864
C           56.97491338784334        8.98312814772997       51.54921033897202
S           55.42408764339958        9.82090049791458       52.02584310379098
H           58.29092505838048        9.96564824895272       52.95860562984313
H           59.11289064370290        9.41404073639658       51.48758447042069
H           58.06381266757962       10.84883057503604       51.44453152695259
H           56.99757823195451        8.73790483477773       50.47843357548938
H           57.05834543367811        8.03614109982796       52.10375827662259
C           57.05116723549130       16.53203939969900       47.52771912135881
C           55.95539178095720       15.57035248668304       47.08037561695341
S           56.40383570683667       13.93740334463413       47.77190785219565
H           57.09604887267027       16.54778683254934       48.61967761420514
H           58.01807070976496       16.18486664910671       47.15770120019426
H           56.87718083224237       17.54913319618379       47.16243819720595
H           54.98575269335245       15.93541743556930       47.44346917210569
H           55.91773570968205       15.53946786785048       45.98263096628228
C           49.42529636323826       17.64493633573871       51.60704276574413
C           49.31080666191752       17.43884935392700       50.08955798173643
C           49.93749815038564       16.13756015852899       49.70852900927399
N           49.33095836571785       14.93651043877628       49.98226050201005
C           50.21917997847014       13.94627118424214       49.65110207871597
N           51.35381084568459       14.46214231981692       49.19889313785836
C           51.17166273767948       15.82423493212043       49.21609011519170
H           48.97919800326741       16.80140494147187       52.13399907668850
H           50.47399026682936       17.71639693194460       51.89910426829896
H           48.91313963682364       18.55503168966633       51.91114041227714
H           48.25626447876849       17.45881829638828       49.80174120582044
H           49.81672049006810       18.25590621509735       49.56861484131093
H           48.41787345554037       14.82171564939514       50.37273756880376
H           49.98226412204482       12.89963437220163       49.72868233591861
H           51.94476472190432       16.49332308175950       48.87851806925691
Fe          52.34960190027940       10.68482547607292       48.59211900423418
Fe          53.21219478021891       13.53179776955931       49.24232771427677
Fe          54.30369298916704        9.61477482151648       47.57771636106879
Fe          54.33488917952270       10.23232875590931       50.00837695683937
S           55.81127518764483       10.74589789546618       48.52978609749095
S           53.06791264066680        8.71680641711185       49.09921034964341
S           52.88243869063951       11.81039992628217       50.40589327239583
S           53.20406567585999       11.31098785320796       46.62369648331780
Ni          54.74140788653815       12.48658979365349       47.53354726488437
64
 energy: -106.458915176131 gnorm: 0.014666462175 xtb: 6.6.1 (unknown)
C           53.68030632679542       15.46004601048787       52.95949471604078
C           53.26082220781557       15.94404151338963       51.57045636549433
S           54.26155823295656       15.13744509514597       50.26594138444996
H           53.19712201781260       16.05974528300041       53.73950681535560
H           53.39485048517062       14.41393883571738       53.10293530635055
H           54.76369188192974       15.53901926656845       53.08176658499168
H           52.18163068566988       15.76410967048136       51.45325624475095
H           53.42049105635839       17.02958521775821       51.50641130472943
C           47.93795323268325        9.70240770524758       49.35749644105378
C           49.35035428913925       10.18124285594477       49.68264935592860
S           50.08264914722465       10.88708689387747       48.15672190069652
H           47.38134273070080        9.46180436715363       50.27212827253419
H           47.40501974979520       10.48743202478995       48.81424716437962
H           47.97177853394087        8.81390259236788       48.71949060697171
H           49.29075323179239       10.95148656176644       50.46790465386555
H           49.94137109641003        9.34494716922945       50.08073114706457
C           56.71655165143774        7.13244109923338       47.92092921395727
C           55.42365178513022        6.76305685784779       47.17308560743063
S           54.89528590728948        8.06395302457236       46.00926996049901
H           56.59835189353867        7.02171114762245       49.00419490420398
H           57.55672200356054        6.50749197514224       47.60479304669836
H           56.97971837902817        8.17849720327688       47.72170805676071
H           55.58297874310134        5.84367085683085       46.59025513352283
H           54.63011803859387        6.54089714553103       47.90487025914400
C           58.18005469805141        9.85890185978197       51.88044529541258
C           56.97166276693778        8.98534491529514       51.54533154957781
S           55.41792992236655        9.82162213693828       52.01272614525676
H           58.26813751999575        9.98062455132195       52.96331806220263
H           59.11062233072635        9.41530132261115       51.50610810287630
H           58.06130300102285       10.85138290355148       51.43659404380708
H           57.00426487581269        8.73230405923851       50.47643227817300
H           57.04858538583150        8.04422212168118       52.11015931543127
C           57.05514401917591       16.56013633034479       47.52336074769241
C           55.96357016364973       15.59742018235058       47.06981286279548
S           56.42361170085174       13.95706803854479       47.72598629907639
H           57.09347811914773       16.56491613785878       48.61641510174328
H           58.02274314409657       16.20934937709527       47.15626796796553
H           56.88866669024007       17.58136753263692       47.16561269485940
H           54.99152862398267       15.94501623886532       47.44720022341079
H           55.91416356997155       15.58235630495630       45.97054787299815
C           49.42185086408555       17.65488682764994       51.60572808555698
C           49.30992997749691       17.44490271822763       50.08823262509198
C           49.94566937140256       16.14829131579400       49.70126453786142
N           49.34418640367387       14.94075791833623       49.96532647753315
C           50.23424603068437       13.95723968439939       49.62794334685135
N           51.36174136419573       14.48238699514437       49.18214144945220
C           51.18111352853904       15.84471033928727       49.20967899361042
H           48.97067100568341       16.81384891767109       52.13480762477893
H           50.47073559764569       17.72584454041752       51.90100611959409
H           48.91070198175565       18.56851903918178       51.90672693939009
H           48.25337728712331       17.45804659702194       49.80251724521477
H           49.80777347698664       18.26846819362995       49.56738998583545
H           48.42455610051837       14.81847502970635       50.34806564660697
H           49.99399657651013       12.90501065645767       49.67773262822224
H           51.95579827867633       16.51578945227022       48.86913917581644
Fe          52.32927295370971       10.68299721694403       48.60049136506912
Fe          53.19667473009468       13.48801934996326       49.28867667590605
Fe          54.28720591677629        9.62418691426229       47.55595497401305
Fe          54.32823657862317       10.21077559652835       50.01629338553843
S           55.81204883653356       10.71169458450093       48.53539340805280
S           53.06369014984835        8.70114800418564       49.07479197861587
S           52.85811737070236       11.75866170710972       50.45604062474054
S           53.18151447794483       11.36884420573903       46.67443857284978
Ni          54.79204118105829       12.46310405951989       47.53851213365080
64
 energy: -106.462160839925 gnorm: 0.014389970487 xtb: 6.6.1 (unknown)
C           53.68916217108253       15.45921383997961       52.95182516846975
C           53.26412767678847       15.94682344872294       51.56966722175998
S           54.25589549158160       15.10651547095736       50.28071199118150
H           53.21129395267530       16.04471809769809       53.74579483749872
H           53.41579439029542       14.40749922868326       53.08118463683698
H           54.77418375844272       15.54557904412868       53.05824273858583
H           52.18116291472570       15.79576724943014       51.46389867052330
H           53.45410025538604       17.02753406208676       51.49594122780529
C           47.90673446583489        9.68663529611412       49.36831883811069
C           49.30962080529591       10.16210001644193       49.73806643035347
S           50.05218208921479       10.92820017555185       48.24397673003014
H           47.32674594146619        9.41080729245586       50.25980989759094
H           47.38311575046237       10.48673935204937       48.83742553517301
H           47.96256339921165        8.81988323418584       48.70034078268569
H           49.23671171388428       10.90357803130938       50.54915831184113
H           49.90238680755984        9.31322529746867       50.10759372979189
C           56.74474387118295        7.09072493559857       47.91314255447406
C           55.45220195752088        6.74781552193119       47.14748848371755
S           54.93668239024780        8.06886926666641       45.99720073092114
H           56.62272694695096        6.94015737720918       48.99261122123388
H           57.58261350932504        6.47140577721627       47.57797348937987
H           57.01337488322523        8.14303177056794       47.75022522247507
H           55.61665530165275        5.84166319672097       46.54714902068011
H           54.65569636360193        6.51473521910300       47.86980522065282
C           58.16921089141548        9.86590487582409       51.88488221892709
C           56.96761257352070        8.98470932826946       51.54339989342440
S           55.40899537406779        9.81599281640172       51.99948090303693
H           58.23815364224227       10.00151929870655       52.96804450265537
H           59.10680206548517        9.41906304053939       51.53127655286864
H           58.05464781789223       10.85237183244901       51.42613648728457
H           57.00926711406071        8.72710542672378       50.47668112344184
H           57.04290813881511        8.04886101487115       52.11549390152246
C           57.05907663286763       16.59063278400811       47.52020372326437
C           55.97722174445217       15.62069140681386       47.06005141606732
S           56.49510725689645       13.97057763810274       47.65941656260712
H           57.09609396466134       16.59032859706030       48.61333446604326
H           58.02991172536270       16.24892446724279       47.15194362523705
H           56.88848080848168       17.61240790169215       47.16949972830390
H           55.00402033328739       15.94150070543914       47.46437789265151
H           55.91121733851607       15.63691998990916       45.95937845804730
C           49.41865903114971       17.66544256875415       51.60278897375147
C           49.30777915825239       17.45191748227796       50.08639278337248
C           49.95116331646572       16.16163263438080       49.69216982852073
N           49.35447321939444       14.94835454256028       49.94546280996489
C           50.24000995665146       13.97152695290297       49.59630942843476
N           51.35802347401419       14.50448252281489       49.15064552415635
C           51.18713041386432       15.86711442657604       49.19887621112736
H           48.96103085947085       16.82911153164330       52.13505626632414
H           50.46711631692604       17.73574179462919       51.90159873006134
H           48.90907642916091       18.58363728187237       51.89562758761626
H           48.24983354559046       17.45421704254441       49.80252379604249
H           49.79780628889677       18.28050467380920       49.56483724300450
H           48.43104198083601       14.81985965169968       50.32076441397747
H           49.99503146063425       12.91364819975512       49.60643295522274
H           51.96520608972497       16.54058231460404       48.86591612548242
Fe          52.30880855012139       10.66005117917426       48.63849353016439
Fe          53.16595978578462       13.45604096293904       49.33399712922250
Fe          54.26616573188875        9.61665503348881       47.55034691097752
Fe          54.31448310325603       10.18408869545798       50.02523330643169
S           55.78991511059721       10.71280784373127       48.52838263569296
S           53.05111437260799        8.68317381116293       49.06375448514326
S           52.85265652804425       11.72854454652725       50.49153071554802
S           53.17047819957565       11.42643819502284       46.75719701541706
Ni          54.83352272745703       12.48759703534563       47.54936445719731
64
 energy: -106.465149018306 gnorm: 0.015365579478 xtb: 6.6.1 (unknown)
C           53.70277028802327       15.45407226069820       52.94245374248420
C           53.27623584731010       15.94027523916492       51.56238194910971
S           54.24728923338604       15.06459939760312       50.28052557178245
H           53.22546477519420       16.02924038062582       53.74273841042544
H           53.43835890827904       14.39952182983018       53.06375141188456
H           54.78730978416679       15.54789236744981       53.04340865669085
H           52.19003157235434       15.81736302174911       51.46455229019354
H           53.49214803081074       17.01561050034477       51.47862050186036
C           47.86976281323964        9.66758190602346       49.38279569573260
C           49.26356533716365       10.13642067162623       49.79042445854205
S           50.02172254502160       10.92893655960538       48.32526592420927
H           47.27294787471365        9.36295448913956       50.25174234566934
H           47.35296116620970       10.47992973737434       48.86480264284004
H           47.94529144996439        8.82175552295702       48.69135342197820
H           49.18009839846058       10.85644188554798       50.61559606049520
H           49.85441311638287        9.28043230198765       50.14321689756925
C           56.77300524198021        7.05197146239813       47.90174661177214
C           55.48111535781919        6.73925295083313       47.11868763681821
S           54.97386844662391        8.09594419748387       45.99982731050703
H           56.64689311733650        6.85766732395938       48.97524094312431
H           57.60896384798806        6.44143406061538       47.54504176576664
H           57.04492487757896        8.10900746852502       47.77798012262202
H           55.64682957149777        5.84689655057461       46.49816054218092
H           54.68086247771747        6.49412973146672       47.83108567825759
C           58.15676695927893        9.87279916821145       51.89003493107292
C           56.96458159956101        8.97979668980594       51.54466107538664
S           55.40047252997466        9.80070302215263       51.99595529649042
H           58.20774624298445       10.02463734589541       52.97206422931950
H           59.10127928046098        9.42491418965528       51.55769970876357
H           58.04433295941116       10.85179404876575       51.41504829063945
H           57.01067878362218        8.72146869825095       50.47924141330874
H           57.04470110744356        8.04667391202984       52.11877212537821
C           57.06454222963995       16.62164288306910       47.52016234282151
C           55.99510698784390       15.64078691003154       47.05359325107128
S           56.55647397870796       13.97871336931724       47.58878119177114
H           57.10317124079440       16.61953922394663       48.61285897624609
H           58.03976855261028       16.29550365425261       47.14865362420868
H           56.88072356755960       17.64227511245355       47.17398213279957
H           55.02230658566236       15.93231457039106       47.48395283059156
H           55.91098656326263       15.68803315303450       45.95430840094694
C           49.41605233902108       17.67544653163104       51.59903692405755
C           49.30773319267546       17.45826646584205       50.08401463311488
C           49.95981274119953       16.17506759736060       49.68408107915776
N           49.36566285014262       14.95773258583147       49.92313174556768
C           50.24516892648037       13.98712220829027       49.56109451815413
N           51.35939521486539       14.52509410022072       49.11701397862268
C           51.19631911028647       15.88791715155250       49.18704057983780
H           48.95304909884794       16.84390950870081       52.13383594025084
H           50.46348029047929       17.74460455126532       51.90118432524856
H           48.90805362006773       18.59740643245447       51.88322175142990
H           48.24949580201778       17.44849729417783       49.80081803481099
H           49.78987078343211       18.29105385434589       49.56197711910738
H           48.44018735281656       14.82463348712257       50.29014031414145
H           49.99434503998285       12.92570221695574       49.52754168734405
H           51.97512380088649       16.56550179490095       48.86575318025344
Fe          52.28311271647959       10.63072508665342       48.69285391294776
Fe          53.14120815875605       13.42878404108765       49.33035782795454
Fe          54.25123475779111        9.63772261314149       47.55610660838612
Fe          54.29633400835936       10.16029827915119       50.03727576401472
S           55.76871787935453       10.73343268191845       48.54697331942031
S           53.04934729586079        8.66424775196123       49.04601918666528
S           52.86043843713905       11.72460380949718       50.51491479434510
S           53.14533632671883       11.49260744211671       46.85338188583854
Ni          54.85573688830269       12.51259899497692       47.59591748600907
64
 energy: -106.468635875647 gnorm: 0.014928904663 xtb: 6.6.1 (unknown)
C           53.72256228284363       15.44339108290214       52.92872822019524
C           53.29954840468485       15.92630973627788       51.54597804748558
S           54.24759320485048       15.03068091851381       50.26286001850192
H           53.23834912427504       16.01177563721398       53.72748842634536
H           53.46598599186611       14.38772087009049       53.04780809801377
H           54.80457924813371       15.54638226021988       53.03619284041220
H           52.21296072366012       15.82519868260751       51.45067095125227
H           53.53202715379214       16.99581261075758       51.45507485169164
C           47.82220478929937        9.64162126106666       49.40301655819687
C           49.20729968585442       10.10050756305974       49.84130535838609
S           49.98368063821399       10.89651001850199       48.40343337010762
H           47.21420646479421        9.30985353355959       50.24902863964699
H           47.31072321577746       10.46646312068733       48.90148405601377
H           47.91566398292507        8.81944336951687       48.68918415470236
H           49.11246271980816       10.80395559252645       50.67453094756927
H           49.79094150581128        9.24029456240817       50.18860704378721
C           56.80023840815017        7.01855850309807       47.88548653134476
C           55.50782335112206        6.74246805713558       47.08805180542146
S           55.01164554442104        8.14005406645493       46.00876900416347
H           56.67071022020407        6.77856456044308       48.94914039179469
H           57.63397342163008        6.41943572845965       47.50597873658853
H           57.07627876907113        8.07674758908010       47.80423173482674
H           55.67037556567671        5.86608009162892       46.44392112989851
H           54.70131071527376        6.48378208108915       47.78786838195610
C           58.14269911461777        9.87899565390860       51.89579178276094
C           56.96241840485037        8.96982144067100       51.55068147251873
S           55.39080524304762        9.76875880820809       52.01100171880018
H           58.17582281252216       10.05078252128014       52.97492904479326
H           59.09498824606133        9.43364960293540       51.58605025468892
H           58.02901483540938       10.84822858375223       51.40216132922757
H           57.00844843933660        8.71547418864444       50.48490682011496
H           57.05762641160022        8.03636234844723       52.12070200884604
C           57.07246474044943       16.65595004958903       47.52251398127272
C           56.01876263337089       15.66022145528420       47.05060520292136
S           56.62324065782884       13.99362470474025       47.52461719266778
H           57.11641961751540       16.65472687625817       48.61449184102861
H           58.05306401211545       16.35275344764210       47.14507858864427
H           56.86452592385182       17.67342109566225       47.17848357782881
H           55.04824573166179       15.91838348581981       47.50543573538386
H           55.91474431417130       15.73482031595545       45.95655377450054
C           49.41410749425556       17.68561401302791       51.59420263520261
C           49.30920343280455       17.46495948995260       50.08045680757272
C           49.96927074985545       16.18853597135679       49.67607231475449
N           49.37238419226832       14.96976288937599       49.89497405628224
C           50.24305955013451       14.00311167356177       49.51805002185003
N           51.36169210722762       14.54220067272204       49.08040448898002
C           51.20595372207851       15.90489000805793       49.17360609796300
H           48.94653540839429       16.85883161599856       52.13079916182741
H           50.46023049326911       17.75224441447734       51.89924592599545
H           48.90864263356737       18.61059190617465       51.87117232246788
H           48.25164437564399       17.44387498248041       49.79715358886011
H           49.78370344216032       18.30111505632219       49.55826945215200
H           48.44635512876312       14.83499350529864       50.25478553027065
H           49.98880452565840       12.94139856157652       49.44619808677221
H           51.98383720347827       16.58831779539609       48.86779516696208
Fe          52.24326238130620       10.59800144453102       48.75582428670537
Fe          53.11763808806045       13.40610560332931       49.29692072663759
Fe          54.23277956083375        9.66398724768823       47.57427603143394
Fe          54.28739803847131       10.14058175895531       50.05355712226049
S           55.74803970087754       10.76299983575718       48.57342146984818
S           53.04987711827798        8.64268297413489       49.04266087453333
S           52.87252997573902       11.72693720620793       50.53118505321704
S           53.12773267587571       11.57612165671178       46.97895168240532
Ni          54.90457161044917       12.54845789080693       47.64203048076070
64
 energy: -106.472789926046 gnorm: 0.015422663022 xtb: 6.6.1 (unknown)
C           53.74575527380763       15.42706307415000       52.90863734409631
C           53.32709477420228       15.90517951411268       51.51972819175639
S           54.24294327609290       14.99076884472458       50.22618348782218
H           53.25021580672834       15.99511663072866       53.69963690255322
H           53.49428721769748       14.37188591477703       53.03223485413854
H           54.82486023860130       15.53847970506148       53.02953364459763
H           52.23775004964123       15.82376753973575       51.42950483480347
H           53.57588789202669       16.96949463528963       51.42393636149750
C           47.76932882490231        9.61058238286525       49.42282129657844
C           49.14690842590375       10.05899610298117       49.89056287803165
S           49.95045806627251       10.86682681866190       48.48424140155202
H           47.15236346868268        9.24466222963393       50.24561168659915
H           47.26150504434595       10.45157626425493       48.94525052648655
H           47.87817936660338        8.81771332679467       48.67989349576376
H           49.03724207688774       10.74594773232299       50.73662597255948
H           49.71780064709525        9.19135964164589       50.23743517393712
C           56.82162112423447        6.99502247403550       47.86649573664044
C           55.52750128930350        6.76016884167793       47.06051339121242
S           55.04022741037088        8.19723306727056       46.02772746507064
H           56.69242406852160        6.70965209938706       48.91735024001032
H           57.65199470906652        6.40886804706183       47.46176430585952
H           57.10342640361412        8.05141869756372       47.82987480066794
H           55.68179230116112        5.90196575770877       46.38918903034107
H           54.71605428489467        6.48466246370280       47.74877073247657
C           58.12903721938649        9.88416864378785       51.90144688411399
C           56.96334427103682        8.95515833436684       51.55988198826047
S           55.38176891387424        9.72436983715117       52.03623853232467
H           58.14436258134697       10.07865763812539       52.97644122942888
H           59.08988088831989        9.44418371865407       51.61485656509903
H           58.01157009608942       10.84183235859593       51.38699362913825
H           57.00592904336885        8.70744166063972       50.49200832235555
H           57.08057119893385        8.01904094038882       52.12261149391522
C           57.08172892777291       16.69038993346444       47.52529677469322
C           56.04602654078951       15.67617670617044       47.05029625114584
S           56.69541423027618       14.01155762832753       47.46321681384624
H           57.13387273270688       16.68810250077085       48.61658092764956
H           58.06726128504496       16.41455719932030       47.13943825416803
H           56.84343677833465       17.70447294148507       47.18460280971855
H           55.08022249380421       15.89904501992413       47.52915091186483
H           55.91839159178303       15.77656556462009       45.96358717302141
C           49.41402926318226       17.69421304135950       51.58816403695123
C           49.31337672225164       17.46943955949081       50.07495890312246
C           49.97975282084706       16.19714559205879       49.66877522962936
N           49.37412027865030       14.97950437922742       49.86217405475350
C           50.23628075549170       14.01332480383856       49.46926043425047
N           51.36685730267441       14.55035450386687       49.04381612877000
C           51.21599341391246       15.91233094041021       49.16052592981780
H           48.94233678077131       16.87179369668756       52.12587955775896
H           50.45879106310459       17.75742444229776       51.89600710319400
H           48.91175270084955       18.62136678510361       51.86014225879407
H           48.25705622801286       17.44017701717118       49.79106664102099
H           49.78068401835275       18.30856651946990       49.55284487972946
H           48.44851836365950       14.84625980288207       50.21722242378684
H           49.98155379437684       12.95532193869417       49.37578243159541
H           51.99241936597703       16.60196217387623       48.87069553126407
Fe          52.20771385738327       10.57236272169350       48.82956729594706
Fe          53.09862818063482       13.38113814245786       49.22157364451891
Fe          54.21719014061424        9.70164047171455       47.59931555540283
Fe          54.27763443494813       10.13241734878094       50.07974289000261
S           55.73331425877961       10.79082508805846       48.61899052576789
S           53.05425265326095        8.62944564554248       49.04182821502967
S           52.88795785458247       11.74401345141989       50.54220707916453
S           53.11058575947532       11.68045446241439       47.13070054203479
Ni          54.97444903467336       12.58828928953566       47.69744340191446
64
 energy: -106.475861876523 gnorm: 0.020238458537 xtb: 6.6.1 (unknown)
C           53.76740421252519       15.40619000493949       52.88239332806011
C           53.35345041083558       15.88127377623673       51.48628985933697
S           54.24316667923588       14.96492211860224       50.17779245342084
H           53.25699581279368       15.98034426023748       53.66134056346888
H           53.51887363308784       14.35159949331585       53.01478757555083
H           54.84406064023653       15.52513741191273       53.02009270869435
H           52.26290008943008       15.80737346331932       51.40007376447284
H           53.61038725333260       16.94238921020042       51.39045552135293
C           47.71884517497679        9.57994838237972       49.43827464094834
C           49.09278445701074       10.01473146453135       49.92994098252592
S           49.93105735472508       10.82448204493591       48.54978380328598
H           47.09903591108660        9.18243030416380       50.24228783477233
H           47.21092687110545       10.43558870107645       48.98764477124252
H           47.83571593415731        8.81602547484677       48.66895385967334
H           48.97037809293739       10.69629600712365       50.77996187713877
H           49.64690363910245        9.14006861230753       50.28776679839735
C           56.83047809486131        6.98857057182313       47.84766564753676
C           55.53260141797251        6.79513367714617       47.04172116957586
S           55.05481593001928        8.26714373664553       46.05877575645385
H           56.70638194571644        6.66037330649323       48.88428037698486
H           57.65646716333242        6.41625124202292       47.41536029468271
H           57.11920910749794        8.04184351252759       47.85553262229515
H           55.67476832830015        5.95647523724247       46.34217829201061
H           54.72024824408419        6.50159108385206       47.72289320727004
C           58.11848547008969        9.88745542734306       51.90563419608326
C           56.96750084453516        8.93855602179339       51.57105108434226
S           55.37587550809920        9.67285358389487       52.07279923744480
H           58.11844838206927       10.10397965418080       52.97581206187326
H           59.08762869755719        9.45498223481029       51.63908721535059
H           57.99503853533685       10.83304309495432       51.37076780914050
H           57.00229063924473        8.69921282281111       50.49951991890024
H           57.11079008392934        7.99842482955404       52.12436363903178
C           57.09090804847040       16.71731174005105       47.52741057725496
C           56.07201284684816       15.68493242399768       47.05193695496321
S           56.75921847855287       14.02749696163678       47.40766078198624
H           57.15394095225706       16.71018061083157       48.61817489827789
H           58.07923841000893       16.46950384774737       47.13049424830131
H           56.82212925976835       17.72845471874834       47.19396607117852
H           55.11376031761586       15.87515246351960       47.55418246386844
H           55.91803357926278       15.80727601771018       45.97273992908026
C           49.41765441785678       17.69845635254165       51.58036621675112
C           49.32177310854971       17.47020003035069       50.06642899307582
C           49.98940154962892       16.19712775858634       49.66182452168921
N           49.36781322377411       14.98484030787131       49.83031787083503
C           50.22254069647881       14.01362908036210       49.42768078197332
N           51.37073518110279       14.54280473287320       49.02025660389433
C           51.22463600878664       15.90360174578195       49.15212020810996
H           48.94217313534327       16.87900687891838       52.11830110103796
H           50.46134791540827       17.75823261027712       51.89132370398120
H           48.91821998834754       18.62693317138834       51.85026526234861
H           48.26655930116405       17.43864969715276       49.78142521808773
H           49.78527868996620       18.31098046461281       49.54484863375848
H           48.44128100352874       14.85791831591659       50.18284762318477
H           49.96655934053609       12.96127532060278       49.33658765007743
H           52.00219055343589       16.59708375513811       48.87610482167961
Fe          52.19170264495236       10.58105410941021       48.89400873923015
Fe          53.08756865791902       13.35607515742280       49.12534477986467
Fe          54.20588266944824        9.75452680430713       47.62969226375083
Fe          54.27550306805396       10.13221545903986       50.11351024578306
S           55.74059570958792       10.80402564941419       48.67844841075758
S           53.04730849982787        8.63936613487503       49.04430319865020
S           52.90578806010922       11.76500008113512       50.55334150415602
S           53.10284038810313       11.79642041194776       47.27393946230335
Ni          55.05717961606715       12.61948066859338       47.75972039880659
64
 energy: -106.477531311417 gnorm: 0.017559670275 xtb: 6.6.1 (unknown)
C           53.77898442834343       15.39446498974377       52.86379584267075
C           53.36748802701014       15.87704550632759       51.46923690336961
S           54.26907888920861       14.97821269756530       50.16330801754252
H           53.26206465458791       15.96755160101105       53.64143895056161
H           53.53360825777878       14.33751492444080       52.99248949150781
H           54.85536889521315       15.51664762329708       53.00545895588907
H           52.27775644639938       15.80063167691119       51.38137085280133
H           53.62503018592209       16.93861611776508       51.37841222433818
C           47.68789470934073        9.55971510358098       49.44584381674827
C           49.06084516777695        9.98588137400159       49.95985265985247
S           49.92068106501453       10.81821929627656       48.59412016687633
H           47.06189972158352        9.13761519330691       50.24013354356801
H           47.18172681906854       10.42788096865560       49.01331685729747
H           47.80791819129671        8.81381697599229       48.65337809718385
H           48.92960843494334       10.66215320759588       50.81832082158189
H           49.60503351038516        9.10222680937566       50.31805036742993
C           56.83236881100500        6.98972950348893       47.83718552685210
C           55.52912631772962        6.82547775499568       47.03014125526949
S           55.06303904982547        8.31748500040068       46.07298306003409
H           56.71444614140368        6.62943293114751       48.86808543972477
H           57.65397954187419        6.42520019933576       47.38150027608155
H           57.12719335138350        8.04559547181412       47.87703357304761
H           55.66214344527892        6.00003945197008       46.31016316139322
H           54.71904058260665        6.51966763247814       47.71022238756012
C           58.11224009071494        9.89002465485449       51.90842401936442
C           56.97187076360084        8.92707340153526       51.57758186618285
S           55.37220111110148        9.63804075211728       52.09088057118037
H           58.10301236754479       10.11977603527019       52.97712036950576
H           59.08809714553174        9.46251748134633       51.65302049294994
H           57.98325991765498       10.82831272846237       51.36074710857169
H           57.00337710228931        8.68887159664479       50.50514083991964
H           57.12906502679704        7.98778465420139       52.12930468835625
C           57.09519134567027       16.73065599083067       47.52634909503654
C           56.08530287737986       15.68845905593086       47.04997730076061
S           56.79745668160478       14.02341342967809       47.35280361104732
H           57.16693825419950       16.71172025244048       48.61709444326660
H           58.08329143154605       16.49940272186817       47.11867998794981
H           56.81296257857923       17.74279842168438       47.20719171817208
H           55.13060107535080       15.85674004182730       47.57477145087535
H           55.91036081087314       15.83232009115162       45.97130099790813
C           49.42122808503351       17.69961922290677       51.57256904305931
C           49.32638024626705       17.47162021912633       50.05756829304782
C           49.99063879183198       16.19579713938894       49.65266934738061
N           49.35942899592819       14.98595599964383       49.80954387078485
C           50.21454818403640       14.01134581595483       49.40957416713374
N           51.36890328625825       14.53749054701655       49.01747916433259
C           51.22677260441797       15.89739931504066       49.15047770550969
H           48.94249706555429       16.88107914820451       52.11023900213991
H           50.46496825783003       17.75708548427318       51.88549085896189
H           48.92366867631618       18.62959370676019       51.84286090873875
H           48.27091281909405       17.44307860108484       49.77182209368734
H           49.79149942421142       18.31254382808680       49.53694274514450
H           48.42851075465779       14.86209449614105       50.15707939813510
H           49.95265193847820       12.95854819684746       49.32087528760658
H           52.01085553210206       16.58811444487176       48.88042432898987
Fe          52.20114890578899       10.60415645037213       48.90167091791299
Fe          53.09276720183558       13.36630843344453       49.13838989030531
Fe          54.21668796940447        9.78172367470050       47.65584033563579
Fe          54.27151926543381       10.12964884561345       50.14511463682318
S           55.75580949478792       10.80466020065285       48.72779324255473
S           53.03898396531982        8.65315374644759       49.04755977117829
S           52.90805589910318       11.76667522791168       50.56725035968338
S           53.12073604412234       11.82113866950574       47.29022201243486
Ni          55.08496324675131       12.61633951466622       47.79916881860485
64
 energy: -106.478940581098 gnorm: 0.015886422915 xtb: 6.6.1 (unknown)
C           53.79242052206489       15.37730000124316       52.83659546274914
C           53.38325444332446       15.87759412843492       51.44735777638710
S           54.29633662473610       15.00902346189976       50.13167347155049
H           53.27230027269505       15.95083408119792       53.61547900311059
H           53.54290442285914       14.31896850611234       52.95708951457127
H           54.86961965444225       15.49440832343524       52.98056912816806
H           52.29260365363965       15.78728469641729       51.35792593639489
H           53.63351556684584       16.94353994786967       51.37345078082321
C           47.65663913875178        9.53645327876143       49.45431854381270
C           49.03226923723165        9.94905063697086       49.97590398046741
S           49.91553719322381       10.78052320065154       48.61219984869848
H           47.03694115972419        9.10805846496441       50.24581245943452
H           47.14433519991818       10.40702847469343       49.03929817590122
H           47.76722463478244        8.80204396558224       48.65676165062655
H           48.89643827322981       10.63714452574713       50.82421952355185
H           49.56207705833231        9.06005968243269       50.34987681094639
C           56.82213336635446        7.01545196872408       47.81915216843790
C           55.51074649875333        6.88061477360650       47.02366796588953
S           55.06699523870358        8.38558931426573       46.09208913865584
H           56.71200286305717        6.63797012602668       48.83921408143179
H           57.63711963074657        6.45926165615533       47.34557408610689
H           57.12440271126931        8.06479279766765       47.87883197464861
H           55.62743714188098        6.06788513675819       46.29131920602173
H           54.70472301478608        6.57545433867511       47.70491543321187
C           58.10473743554527        9.89153067246914       51.90980387029899
C           56.97945275277708        8.90849390971183       51.58841339886230
S           55.36696716854759        9.58147595249908       52.12005291576317
H           58.09002914231504       10.13372671186020       52.97547766158817
H           59.08760197813215        9.47474051378263       51.66132180825993
H           57.96492760223656       10.82054863251827       51.34907346945598
H           57.00365999039134        8.67375472886250       50.51419917001618
H           57.15911469410356        7.97059448193545       52.13644890211235
C           57.10248988432735       16.73355746522471       47.52823689891206
C           56.09578068799613       15.68826940200040       47.05340706170592
S           56.78552618165825       14.02926529049290       47.33215853769504
H           57.18567043063884       16.70320928962991       48.61836102487172
H           58.08719450326942       16.51803552729522       47.10772842302365
H           56.80924094098942       17.74531611410940       47.22610565310436
H           55.14984001391598       15.85014105827634       47.58253454245754
H           55.90787433813104       15.83134882992733       45.98057096184424
C           49.43044276520767       17.69409802070191       51.55882551471961
C           49.33697280012351       17.47034734568590       50.04151697258877
C           49.99039505023542       16.18653216160176       49.63824089928895
N           49.34276524603418       14.98333393382487       49.78511423619521
C           50.20210057564607       13.99957588858083       49.40287516871755
N           51.36703143232189       14.51653583653147       49.03656587425268
C           51.23046790425740       15.87607531547157       49.15830372722362
H           48.94834133228125       16.87435005358549       52.09381380601493
H           50.47444106252031       17.74885986806096       51.87429419204771
H           48.93425185615187       18.62470262859381       51.83288958808932
H           48.28110986472629       17.45359186270753       49.75348678353769
H           49.81152226482824       18.30888478588941       49.52412791645259
H           48.40434607000559       14.86747937923196       50.12492483473521
H           49.92956608498871       12.94602704896436       49.34185743349648
H           52.02692849869393       16.55813237013587       48.89361474296296
Fe          52.22411986081167       10.65068943448013       48.90628029480896
Fe          53.11579802724275       13.38331928585100       49.14979148962099
Fe          54.24008196508535        9.81372263142441       47.69741432732792
Fe          54.26949696846543       10.13731760381894       50.19484489959923
S           55.78412850808595       10.80362859218637       48.79891438586684
S           53.03527453435354        8.68656367035023       49.06720006798998
S           52.91475318943328       11.78893367312757       50.58811198062818
S           53.15824292181140       11.82219438378084       47.27747101701423
Ni          55.12302583033671       12.59866440650228       47.81718643526200
64
 energy: -106.480294315110 gnorm: 0.015066852640 xtb: 6.6.1 (unknown)
C           53.80836768509830       15.36384472421475       52.80799694744935
C           53.39286470842649       15.88432838580834       51.43185131741900
S           54.29883745561010       15.01690711038790       50.10481720980425
H           53.29820856360636       15.92350968710076       53.60337655396705
H           53.55811535009954       14.30263199874534       52.90801847907453
H           54.88760542503780       15.47510203852846       52.93902507929453
H           52.29898161768736       15.80020479359081       51.34887331991490
H           53.65020513065793       16.95208965999824       51.36862168634462
C           47.62184428740507        9.51211780819173       49.46907703005338
C           48.99336482595218        9.91664848437019       50.00874837947079
S           49.88169414307559       10.75866675704911       48.64955683093208
H           46.99746440297864        9.06429700055834       50.24918942748841
H           47.10790134227050       10.39008998180306       49.07239154505545
H           47.73639532081789        8.79445887437208       48.65379362549355
H           48.85417416825160       10.60265483664221       50.85463889480212
H           49.51747635953958        9.02173023292787       50.37706877128307
C           56.82638644416642        7.02153746555437       47.80006866639894
C           55.50928170359710        6.92066235310024       47.00169118664470
S           55.09573711432481        8.45338758839925       46.09732889490674
H           56.71929306459536        6.60282326517942       48.81118739106005
H           57.63467630260160        6.47689121987194       47.29800778402200
H           57.13409983405630        8.07162790894844       47.89608403009862
H           55.61401228929225        6.12348169069826       46.25182653885780
H           54.70279588836399        6.61617518957445       47.67916263375215
C           58.08951769060707        9.89676840807909       51.91307995210208
C           56.98102790062539        8.89138945773196       51.59781277779429
S           55.35593830372277        9.52963377857457       52.13642239084544
H           58.06432610477694       10.15414151364381       52.97662007695898
H           59.08063619067714        9.48831496179993       51.67710807349820
H           57.94066393032174       10.81548503500868       51.33586746291617
H           57.00517483422392        8.65508791624413       50.52517345149479
H           57.17850683360506        7.96031706230434       52.14857200088559
C           57.11066265322614       16.74975756224126       47.52996553301642
C           56.10710980806856       15.70299594275828       47.05383346703678
S           56.84150651417858       14.03363005248559       47.26212494140078
H           57.20917521602296       16.70012019604729       48.61909032174096
H           58.09219218323762       16.55211014410857       47.09034240060430
H           56.80433713268117       17.76353527548138       47.25310869650544
H           55.16595955039722       15.83854154030244       47.61441387306869
H           55.89504456586019       15.87372298693071       45.98265648411691
C           49.43840422762813       17.69218148787072       51.54159649674757
C           49.34603449123243       17.47179380616976       50.02384395771838
C           49.99301909830024       16.18511703307689       49.61725276179632
N           49.34028075965927       14.98300988092751       49.75818322968972
C           50.20267406408870       13.99635595244773       49.39279468394609
N           51.36460325720297       14.51016325060756       49.04095635644897
C           51.23930955461045       15.87165063313322       49.16074066533434
H           48.95047613642627       16.87371569037805       52.07532831952179
H           50.48221597540641       17.74414862012101       51.86041036876936
H           48.94399838646982       18.62575707949554       51.81417289561854
H           48.28919788017429       17.46116348559595       49.73441417409389
H           49.82780645742825       18.30917356090663       49.50917108491541
H           48.39364840755807       14.86977296943957       50.08324288091929
H           49.91499784967884       12.93633784894879       49.32727807950054
H           52.04853702519274       16.54397156548039       48.90188347883014
Fe          52.20497612282601       10.64080125769577       48.95479339276832
Fe          53.12066076225398       13.36650182970615       49.17889053757887
Fe          54.24130711022121        9.83203638188760       47.73479388148500
Fe          54.25830967328427       10.13207972853426       50.24248641714671
S           55.78629735283404       10.81003801469649       48.84943001040127
S           53.05040428509805        8.68547628951226       49.09654308874691
S           52.91789931412500       11.80128596291691       50.63199235399718
S           53.17008867716573       11.85486343595319       47.33255995600756
Ni          55.16898017136032       12.60508759511365       47.83350381045247
64
 energy: -106.481246085681 gnorm: 0.011553446552 xtb: 6.6.1 (unknown)
C           53.82209533075545       15.34991441592995       52.78832652466910
C           53.40145493582230       15.88924874765651       51.42106848495844
S           54.30584872124145       15.04431947777146       50.07800596590153
H           53.31843518972874       15.90060053727414       53.59321036554162
H           53.56591397385938       14.28931475622521       52.87502894905013
H           54.90221435678215       15.45405816492631       52.91703913293483
H           52.31163444779239       15.79683984216341       51.33294709522618
H           53.64651037592940       16.95845236016864       51.37094525291497
C           47.60887334566465        9.49798180451844       49.47567608945339
C           48.97805065493085        9.90460763982017       50.01562255203516
S           49.87857580443315       10.75228667228589       48.66278776303288
H           46.98548688147696        9.02906949984817       50.25058138579546
H           47.09055168808653       10.38348367377909       49.09694144990881
H           47.72677418325440        8.79476643899310       48.64192584564000
H           48.83609189691995       10.58577252165265       50.86917702184437
H           49.49821411755846        9.00710933845654       50.38117695394466
C           56.82067618946527        7.04231229072811       47.78368110975823
C           55.50099999782095        6.95896348761875       46.99055574755326
S           55.09458108802482        8.50882694288710       46.11297688374332
H           56.71591589536530        6.60546442129084       48.78563354740725
H           57.62493826558040        6.50704392432257       47.26705748259611
H           57.12977149463040        8.08854732866593       47.89725780572006
H           55.59368202319934        6.17081191625554       46.22879633666788
H           54.69264835802743        6.65587254948110       47.66839194186756
C           58.07803854693055        9.89839350282048       51.91329330961702
C           56.98185165733916        8.87612336048663       51.60961112792269
S           55.35246137243104        9.48868084717589       52.16426462082568
H           58.05287950680739       10.16322546119162       52.97340465165963
H           59.07179701579993        9.50054967561964       51.67802286321130
H           57.91739734668446       10.80986467944608       51.32893664667778
H           57.00027454884196        8.64053611304174       50.53681236966970
H           57.19888489081875        7.94824793408772       52.15919557493319
C           57.11621564928092       16.74385862009409       47.53554634072517
C           56.10727676091535       15.70309914861011       47.05873936475578
S           56.83917405037654       14.03176921746196       47.23707705622763
H           57.23109980712655       16.68192197171594       48.62277509770066
H           58.09258657191454       16.55645587695017       47.07963310764749
H           56.80011376934262       17.76042915630069       47.27586779085709
H           55.17435568902687       15.83647442938595       47.62789452724040
H           55.88636276267641       15.88512062619317       45.99235832202775
C           49.44679384947091       17.68529095802793       51.52465317438532
C           49.35348239836681       17.46883906994544       50.00682263963706
C           49.99038509040549       16.17763775660330       49.60026249664309
N           49.33226796056437       14.97910700272909       49.74026604316278
C           50.19578722661883       13.98677051862643       49.38973534846492
N           51.36284092060996       14.49392808699614       49.04907234824996
C           51.24115019137368       15.85712949043775       49.16020800280349
H           48.95780351271062       16.86673176150413       52.05598584831327
H           50.49040997126279       17.73384365755775       51.84305421108577
H           48.95471892625654       18.61887991194251       51.79954126874713
H           48.29764015659674       17.46859454288318       49.71590571783823
H           49.84445422823821       18.30189469991397       49.49439027631247
H           48.38581045013218       14.87194577487812       50.06038332993639
H           49.90848616064259       12.92953393181083       49.35046293286259
H           52.05738634460968       16.52188101191331       48.90861820584777
Fe          52.20830242653376       10.64032248466853       48.99346952124598
Fe          53.13776108788804       13.36561915510304       49.17575246682621
Fe          54.25818447291709        9.85136543109661       47.77506974440697
Fe          54.26096062904415       10.13939892794840       50.27244522999521
S           55.79200244641069       10.84412601137962       48.89049407919674
S           53.05736499858507        8.69521218434328       49.12988004963211
S           52.92631866370392       11.81680351995557       50.65165432443219
S           53.16997810279561       11.84996232778156       47.37049182148271
Ni          55.17469050156351       12.60866665861934       47.83799346863067
64
 energy: -106.482104584090 gnorm: 0.008850292617 xtb: 6.6.1 (unknown)
C           53.83963110851399       15.33138890063018       52.76773645590699
C           53.40877556055155       15.89845194269980       51.41561335255543
S           54.31144564764767       15.07811014411457       50.05379156393860
H           53.35191677574876       15.86742371576833       53.59039027700076
H           53.57351668909400       14.27210659346487       52.83341997713409
H           54.92214129191269       15.42222206803738       52.88689207337325
H           52.31975359787660       15.80314989832634       51.32504710491608
H           53.64636626187824       16.96969743880495       51.38253836727139
C           47.60388127974566        9.48838710181305       49.48228237621638
C           48.97357932451312        9.89466035965508       50.01850028635410
S           49.88524320499685       10.73059703254555       48.66856081861552
H           46.98595928883461        9.02105243424490       50.25475290509439
H           47.07969215666513       10.36795819057274       49.10727788419552
H           47.71917784278732        8.78767553488834       48.65586234216797
H           48.83300030859876       10.57517975917469       50.87181753850536
H           49.49337676805958        9.00052096170755       50.38541492496964
C           56.81401714998317        7.06912617372078       47.76078037392399
C           55.49230432907943        7.00483677509102       46.97252510622592
S           55.09415534418515        8.57016088711237       46.12073218868793
H           56.71195650145184        6.60937356329185       48.75189819511895
H           57.61469530327401        6.54679216435154       47.22776657010661
H           57.12371403709910        8.11238383879112       47.89762121007162
H           55.57202673086220        6.22503389096134       46.20144193832699
H           54.68016745704571        6.70508315394233       47.65125577883227
C           58.06261136700479        9.90061601864248       51.91244395375113
C           56.98139065789429        8.85761703614249       51.62698202416377
S           55.35182326717752        9.44700453745227       52.19610487907185
H           58.03681836762537       10.17766919627235       52.96944239706104
H           59.06108794420852        9.51657141231441       51.67744935785315
H           57.88284559377099       10.80189223876522       51.31751664304399
H           56.99296712980255        8.61501600174381       50.55565203467692
H           57.22049211183098        7.93749411313197       52.18023434939837
C           57.12315662243745       16.73218149383466       47.54383723972290
C           56.10097767622057       15.70623373245241       47.06295455249936
S           56.82094812534345       14.03269869277571       47.21603758384172
H           57.25976687024600       16.65007030311969       48.62748162971734
H           58.08990462318118       16.55121961102130       47.06636769354803
H           56.80313103115912       17.75474976815855       47.30933177778024
H           55.17700358130035       15.84073718120161       47.64282410270983
H           55.87178206953551       15.90307833817303       46.00265915885209
C           49.45616600252440       17.67673177574724       51.50027396320518
C           49.35881249814994       17.46746341141488       49.98265406887568
C           49.98176115227799       16.17051197109069       49.57824411634217
N           49.32001683257948       14.97540017196233       49.72285887506113
C           50.18451726979838       13.97660443909919       49.39330960864509
N           51.35583074117648       14.47672778615503       49.06343147425579
C           51.23792564457720       15.84238720880009       49.15821541079186
H           48.96672735202508       16.85745285238850       52.02813702419405
H           50.50028535443231       17.71919856817193       51.81564997780355
H           48.96848530078175       18.61011894081905       51.78014617901866
H           48.30448371177933       17.48181326763537       49.69018519082618
H           49.86298049168484       18.29337134197113       49.47209152829411
H           48.37214052020891       14.87476153203804       50.03187831805985
H           49.89779440057963       12.92133609311574       49.37640402035792
H           52.06173517622920       16.49621558026223       48.91229252035445
Fe          52.21825797644711       10.64728014843192       49.03988839331082
Fe          53.15615101557125       13.36678618110188       49.19555021478994
Fe          54.26264416686397        9.86053859608240       47.81725977392414
Fe          54.26379457050553       10.14762604704372       50.31169313035031
S           55.78996180769379       10.86872925777375       48.93336408383212
S           53.07044870952066        8.69880411754405       49.17453358869989
S           52.94135523795096       11.82983270011117       50.68714621290184
S           53.16523022651801       11.83183402788938       47.39789105459098
Ni          55.17098272093650       12.60615603439841       47.84051929430994
64
 energy: -106.482760812987 gnorm: 0.009392787458 xtb: 6.6.1 (unknown)
C           53.86096315580076       15.30895319366786       52.74724832519192
C           53.41817305013880       15.90498485773850       51.41246668735786
S           54.30830793742069       15.09782190387263       50.03092175588288
H           53.39218980028064       15.82845687309106       53.59037408822952
H           53.58671156549163       14.25042016597876       52.79059296367951
H           54.94645039664785       15.38661356857159       52.85104557235537
H           52.32602416094031       15.81724690104189       51.32779769305017
H           53.66112428895742       16.97665712643906       51.39401845131659
C           47.59959630644070        9.47900760789533       49.49074088136363
C           48.96901797366740        9.88125529803606       50.03825125728235
S           49.88693771441932       10.72658231926896       48.69961174057565
H           46.98252533537832        8.98822434241874       50.25521690697569
H           47.07308024203213       10.36767711637560       49.13178385283329
H           47.72022481533863        8.79413841213733       48.64378394361312
H           48.82777416109307       10.55092030403913       50.90036497677353
H           49.48879534260794        8.98270406238445       50.39367643128197
C           56.81182278191326        7.08915295827384       47.73170369722791
C           55.48646830940938        7.04631687105745       46.95062875767201
S           55.09422379944034        8.62830073612842       46.12771973827567
H           56.71541345729480        6.60587486907828       48.70963444272265
H           57.61097828994696        6.58421579350441       47.18161777714952
H           57.11937007562111        8.12703345963552       47.89293537656678
H           55.55466053754176        6.27564264651937       46.17128233412399
H           54.67366566924331        6.74994972512811       47.63027488161691
C           58.04542108399203        9.90616970703373       51.91076362808554
C           56.98132008652063        8.83864547572079       51.64927206992339
S           55.34969152516651        9.40387180187381       52.22777729885716
H           58.01744804218866       10.20088586232693       52.96388431537432
H           59.05078696034184        9.53773237581498       51.67861494028755
H           57.84317673090555       10.79407331011644       51.30098613539824
H           56.98617483927802        8.58173404408927       50.58089180337770
H           57.24420253090494        7.92935714628272       52.21003443086087
C           57.13204648108768       16.72622159941789       47.55189514584097
C           56.09563479393852       15.71619407521714       47.06603226317846
S           56.80145008098037       14.04161960113125       47.19392208419174
H           57.28909197053610       16.62027125083218       48.63046059802515
H           58.08808299145934       16.55014377781290       47.05255450656354
H           56.81321607309273       17.75514750477528       47.34487477495048
H           55.17939934099755       15.84901275223593       47.65589740881592
H           55.85659459208096       15.92870092440100       46.01410680692415
C           49.46340166259123       17.67270361866431       51.47204983020606
C           49.36125115408826       17.46938556042824       49.95458459413479
C           49.97249679475682       16.16699790645477       49.55530991059808
N           49.30620562365733       14.97501372740607       49.70418188602783
C           50.17003967011262       13.97077528030137       49.39510049671754
N           51.34588458855545       14.46438558874539       49.07506382830208
C           51.23302651985765       15.83185322626011       49.15350150878506
H           48.97185760580545       16.85348770275335       51.99735141040691
H           50.50890603587838       17.70661323003548       51.78334360171471
H           48.98245223380738       18.60738526649913       51.75729882036538
H           48.30802540894926       17.49660448281008       49.66116938239686
H           49.87700523680812       18.28827424372001       49.44448082838701
H           48.35157975312728       14.88008686517312       49.99371567996364
H           49.88059364386347       12.91569199678841       49.37959444348099
H           52.06364262972716       16.47611204493160       48.91113748737167
Fe          52.22264031034573       10.64923743521674       49.08831583607094
Fe          53.16320325952378       13.35887601728808       49.22086257508081
Fe          54.25571398131046        9.86634794621146       47.85836963527092
Fe          54.26902821772487       10.14746771463957       50.35360339653354
S           55.78687258415954       10.88344676171989       48.97626336496847
S           53.07628466674642        8.69834730670300       49.21928094450050
S           52.95805923021789       11.83552339428032       50.72873638075940
S           53.15928216757401       11.82911638995309       47.43466493982623
Ni          55.17999961022117       12.60223822160550       47.85121548434955
64
 energy: -106.483418976264 gnorm: 0.009396583476 xtb: 6.6.1 (unknown)
C           53.88346109111989       15.28150998569935       52.72946442750599
C           53.42931768374310       15.90693380456877       51.41259417711359
S           54.30223019804821       15.11354122634029       50.01118145500805
H           53.43261102970239       15.78562952496232       53.59097966314812
H           53.60213681418151       14.22393227599625       52.75279907692126
H           54.97173292174251       15.34755394241421       52.81690462145943
H           52.33518202570134       15.82776057125580       51.33663369860734
H           53.68131157848347       16.97713087819715       51.40770344560100
C           47.60308795669034        9.47274918950586       49.50195944792163
C           48.97284547985033        9.86733853391340       50.05498158588279
S           49.89385979683503       10.72645644913671       48.73078054802338
H           46.98979848770086        8.97701197193145       50.25921011639463
H           47.07408155355109       10.36107748203329       49.14945974490415
H           47.72572460730473        8.79647997783150       48.65343585746297
H           48.82814207563354       10.52622249813829       50.92371960130101
H           49.49102372941731        8.96356018981658       50.40219500203873
C           56.80904126823101        7.10891630146546       47.69900082753114
C           55.47867227267867        7.08628560460703       46.92862215789734
S           55.08181897265226        8.68259911894060       46.13933495490163
H           56.72377635326625        6.58845320092708       48.66209422752213
H           57.60832507045474        6.62825386393615       47.12317874452189
H           57.11150630866046        8.14416618243867       47.89735607659455
H           55.53712435436578        6.32811001526446       46.13485923702766
H           54.67032679129225        6.78405916180462       47.61158094785859
C           58.02808665851097        9.91358137102701       51.90747187920705
C           56.98240171032653        8.82010919105953       51.67692969529813
S           55.34647261558091        9.36100101104238       52.26050700350574
H           58.00149884488240       10.22691441240409       52.95486675242022
H           59.03922173549906        9.56318796971348       51.67464561093531
H           57.80110181220979       10.78576816165721       51.28282936444838
H           56.98039396779858        8.54231681456543       50.61256657183476
H           57.27028500216257        7.92469213916452       52.24931591954324
C           57.14042061351571       16.71895389433654       47.56232820160235
C           56.08696028290959       15.72646557008844       47.07369334872707
S           56.79018237463653       14.03960774892364       47.15066613768736
H           57.32131876115137       16.58094934047963       48.63420150793457
H           58.08367113434906       16.54943598490530       47.03509490404947
H           56.82446523112813       17.75624679221945       47.38979362159791
H           55.17972957108555       15.85362555281615       47.68355096812598
H           55.82982686574274       15.96910176232463       46.02921704106018
C           49.46801874414322       17.67336388663765       51.44023145966105
C           49.36126284841922       17.47384324598605       49.92247195188809
C           49.96199725579837       16.16505878058688       49.53146906100515
N           49.28871327143188       14.97719718791512       49.68521881352298
C           50.15049393324212       13.96683703883421       49.39665248844685
N           51.33322709178407       14.45291316088137       49.08463148080327
C           51.22555225071459       15.82110869448427       49.14689992358625
H           48.97284612796268       16.85470567924413       51.96348062486025
H           50.51561626789766       17.69645027492439       51.74678678969053
H           48.99593755380136       18.61035658806107       51.73206481617280
H           48.30891109018914       17.51349020561694       49.62838368013639
H           49.88733167058972       18.28588542497273       49.41196096479362
H           48.32523428049407       14.88901245184372       49.95169526123656
H           49.85985591598378       12.91251152514840       49.37848676628732
H           52.06208411057509       16.45849660831524       48.90716212732912
Fe          52.22586734837127       10.64990972330900       49.13068091791280
Fe          53.16555453322772       13.35225434175836       49.24263063780091
Fe          54.25473457057331        9.87709792618184       47.89730856349700
Fe          54.27459885074083       10.14562014390541       50.39528210125604
S           55.78897641431878       10.89674264010254       49.02435706983377
S           53.07828707220030        8.69990510098297       49.25762797679042
S           52.96795127044579       11.83875308863005       50.76560587407694
S           53.15225051077352       11.82946777689040       47.47238766246911
Ni          55.18721129346454       12.59523308688170       47.87367182580435
64
 energy: -106.484091647556 gnorm: 0.009670693557 xtb: 6.6.1 (unknown)
C           53.90429779403323       15.25145147133455       52.72018070613900
C           53.43921876827294       15.90264573267358       51.42137203564413
S           54.29058310523779       15.12096678636090       50.00274708841651
H           53.47136826646894       15.74149827274080       53.59756730080559
H           53.61679029467584       14.19559271749654       52.72752678192063
H           54.99453844491608       15.30824895508262       52.79000247727639
H           52.34399665330786       15.83759621439345       51.35733452695305
H           53.70586483768641       16.96853552042567       51.42706866536039
C           47.62402792050119        9.47240134305654       49.51303275461411
C           48.99310389773804        9.86026474887860       50.07273952447758
S           49.90725501194214       10.74481204091629       48.76529284163301
H           47.00815141750459        8.96843821774220       50.26174029134540
H           47.09663065171916       10.36269870458294       49.16502003670588
H           47.75070160718978        8.80533967890836       48.65868716913522
H           48.84518840641777       10.50192569938368       50.95343491716373
H           49.51247557856866        8.94951431148648       50.40424770445721
C           56.80654476310008        7.12342070944653       47.66525690288044
C           55.47109787358348        7.10910217660119       46.90684349769446
S           55.06849149998035        8.71473573519874       46.14282797821384
H           56.73384537622707        6.57354348078813       48.61218111650854
H           57.60757240476914        6.66871867452588       47.07282645334941
H           57.10246189677736        8.15409469774808       47.89496618928607
H           55.52419359110641        6.36149607610282       46.10236400111972
H           54.67027590061576        6.79489206953289       47.59340611202528
C           58.01299950522809        9.92322264838347       51.90062431761027
C           56.98474089054298        8.80762289061736       51.70583896412010
S           55.34448764655857        9.33593817605937       52.28021765293137
H           57.99131326697321       10.25775500161411       52.94175286049491
H           59.02772341087251        9.58848930075164       51.66297908649489
H           57.76191865115301       10.77720068599629       51.26012930504923
H           56.98056831832076        8.49755593637825       50.64872481136580
H           57.28950782593159        7.93281476161004       52.29998527352423
C           57.14866886413881       16.70825280401091       47.57212870037777
C           56.07295645814345       15.73875713621974       47.08269790327196
S           56.75647911023123       14.04390832110740       47.13234707540769
H           57.34573664951732       16.54357577294211       48.63427604039066
H           58.07858437658785       16.53575067361118       47.02591469301203
H           56.84899516148595       17.75184730317111       47.42786245130423
H           55.17245108794665       15.87013435272568       47.70035292179195
H           55.80884972620545       15.99791411948633       46.04781093349320
C           49.46712282507745       17.68280663601050       51.40809637976207
C           49.35559246133898       17.48330606407450       49.89010003655299
C           49.94857601824916       16.16839572412059       49.50929831949554
N           49.26975731109207       14.98460051954153       49.67361142803124
C           50.12743071606982       13.96879251444176       49.40274911247683
N           51.31398081671745       14.44745458889510       49.08852569553213
C           51.21286851283709       15.81525472127493       49.13840864503894
H           48.96650441203169       16.86634510731654       51.93108692666375
H           50.51704706975742       17.69391051807871       51.70965165680629
H           49.00555334214088       18.62354966758995       51.70516114993841
H           48.30359172028154       17.53144381973822       49.59623307633381
H           49.88848754464047       18.28912387379961       49.37690135076920
H           48.29932580082350       14.90296886939311       49.91782108879160
H           49.83742485250993       12.91451041580545       49.37338662623473
H           52.05317593917223       16.44932536272098       48.89864542634368
Fe          52.22744063832479       10.64768435485565       49.15995105000332
Fe          53.15472910662101       13.34413571991937       49.27138396548359
Fe          54.25227457962064        9.87615290624612       47.92548397883582
Fe          54.27349308528395       10.13760628917845       50.42447978908357
S           55.78664321247793       10.89834272579198       49.05683599346971
S           53.07917851104489        8.69192580963512       49.28360521635219
S           52.96916184224877       11.83517117119015       50.79799087800116
S           53.14960521676286       11.82518636095727       47.49687760140726
Ni          55.18206743263035       12.59323658927331       47.90626155481311
64
 energy: -106.484759511203 gnorm: 0.011085121853 xtb: 6.6.1 (unknown)
C           53.92671858546663       15.21416384000593       52.71084284024592
C           53.45187452730261       15.89283510471697       51.42922725529221
S           54.27260327828510       15.12787618145012       49.98604083619190
H           53.50847511259332       15.69282377419908       53.60146001337367
H           53.63135286516327       14.16039641300842       52.70435413421710
H           55.01762040547050       15.26211636614972       52.76818140785404
H           52.35451138190250       15.84680167202267       51.37874806120652
H           53.73713576648629       16.95340851783594       51.44970742472416
C           47.64474998091421        9.46501867639517       49.52593536284826
C           49.01202715861371        9.84270495597367       50.09563403268346
S           49.92143085468057       10.74830301234240       48.80508553458602
H           47.02437582899699        8.94736496924891       50.26408287549121
H           47.12130039967334       10.36493607382110       49.19137762873534
H           47.77403913751099        8.81333906253883       48.65726295213565
H           48.86235472483711       10.46830258049770       50.98576700086766
H           49.53147958940382        8.92692922793483       50.41393282712246
C           56.80511090539241        7.13400585353435       47.63032375712812
C           55.46220264663516        7.13028707844426       46.88374030885646
S           55.05557847039429        8.74769754805612       46.14914461143203
H           56.75095022755405        6.54579282316994       48.55712454983024
H           57.60729095712296        6.71326100670053       47.01067470209097
H           57.08845353346600        8.15935267254373       47.89729643574788
H           55.50807541748829        6.39600754963456       46.06676071639281
H           54.67069467405175        6.79889337452019       47.57166854278424
C           57.99645923800936        9.93709040387397       51.89093311376716
C           56.98931119359151        8.79560813127483       51.73805727435374
S           55.33737273989200        9.30278490100306       52.30620885623903
H           57.98053997512927       10.30024703208989       52.92390080538519
H           59.01570686398429        9.61657579480908       51.65029155297771
H           57.72065987558105       10.76780089324508       51.22848783705658
H           56.98609437538003        8.45082867804866       50.69057045190890
H           57.31422176775561        7.94563643077597       52.35908870654275
C           57.15920639125794       16.69625607734954       47.58302871644802
C           56.06226543933307       15.74984135122151       47.09435488515482
S           56.72561897394741       14.04362221322268       47.10064359846020
H           57.38072003438899       16.49437299059905       48.63606716312225
H           58.07429039167870       16.52868646404012       47.00596663262387
H           56.86677053703026       17.74887239419658       47.47835913254689
H           55.17304818992097       15.88156188649025       47.73435360401275
H           55.77908805583139       16.03420531042830       46.06731257656327
C           49.46280764185667       17.70196758802172       51.37410461592179
C           49.34930645625519       17.49809687554628       49.85597602073999
C           49.93564430427352       16.17642948504114       49.48581886084899
N           49.24646051244621       14.99897620124741       49.65875379126555
C           50.09940995366205       13.97527947195798       49.40536210725976
N           51.29273764143123       14.44309916677534       49.09152626074863
C           51.20065526869026       15.80979968558831       49.13096865657606
H           48.95410449061431       16.89065403491894       51.89869293640430
H           50.51356365553702       17.70198169419324       51.67403693997071
H           49.01153856677394       18.64778427368694       51.67104288216522
H           48.29745102795216       17.55063462755895       49.56155043770005
H           49.88668181179865       18.29839180947936       49.33872563631059
H           48.27212950469819       14.92651324330989       49.88556762313745
H           49.80853450833570       12.92105621451157       49.37500494355053
H           52.04552218186658       16.44094922295591       48.89169635699183
Fe          52.23285796678502       10.65906454501731       49.18377744514041
Fe          53.13670303363644       13.33130200828790       49.28855992125649
Fe          54.25437234632211        9.88188040780391       47.95646448761409
Fe          54.27089186255103       10.12802704717041       50.45607401937336
S           55.78922781377485       10.89544044294510       49.09408853240177
S           53.07505325095151        8.69551372549852       49.30378850016039
S           52.97156446339348       11.83373834418181       50.82991891590577
S           53.15587021856870       11.82848520530032       47.52155179985257
Ni          55.19082092563255       12.59222964152346       47.93980659968837
64
 energy: -106.485442535544 gnorm: 0.009969951570 xtb: 6.6.1 (unknown)
C           53.94262770004528       15.17487193604973       52.71042501622923
C           53.46238526706310       15.87885487969797       51.44378412811213
S           54.25120899291974       15.13371456350194       49.97663369815021
H           53.53504740051714       15.64502382514268       53.61108071804522
H           53.63895809068398       14.12294514892609       52.69236827052782
H           55.03334504791415       15.21522454932664       52.75968644609114
H           52.36408602708936       15.85384254079139       51.40658654266205
H           53.76682983493174       16.93324499955441       51.47955771739164
C           47.67451300847735        9.45642734075711       49.53577364028577
C           49.03929697208265        9.82573457016960       50.11136832867871
S           49.93317728163019       10.76516062211046       48.83412212297440
H           47.05016808115201        8.93486564671926       50.26636634762029
H           47.15576889640390       10.36341611751859       49.21281582527499
H           47.80318203954776        8.81567005548782       48.66028855091817
H           48.88917970796037       10.43245753011543       51.01582350146790
H           49.56361148875280        8.90669005523058       50.41133793543282
C           56.80561086977884        7.13711923008512       47.59922776168160
C           55.45520235208856        7.13287236460579       46.86409630016796
S           55.03790063960069        8.75627644105398       46.15261198941147
H           56.76965193803248        6.52060712494781       48.50423381195734
H           57.60824309864840        6.75106824287395       46.96113567825562
H           57.07236034063160        8.15584219247618       47.89486768249695
H           55.49743337691481        6.40972638266518       46.03857548376234
H           54.67403564423348        6.78503874184293       47.55269198821134
C           57.98252904560463        9.95224617090918       51.87693217121607
C           56.99367124554929        8.79218746083533       51.76783049384350
S           55.33118522927801        9.28969917578441       52.32331089367460
H           57.97671896322602       10.34173677847346       52.89998187048123
H           59.00285256850072        9.63988624671060       51.62938066143365
H           57.68797213756238       10.75927056547983       51.19605534413942
H           56.99665607859919        8.41123085482345       50.73376819463491
H           57.32881076825588        7.97082054849912       52.42003031010775
C           57.16836385298133       16.67979907191177       47.59250567700910
C           56.05030507483163       15.75715977404861       47.10848627712436
S           56.68442330084543       14.04064546586715       47.08241095920314
H           57.40622297526672       16.45348935143132       48.63439178676214
H           58.07026897518731       16.51197843145598       46.99691094237848
H           56.89018217593389       17.73602336724106       47.51560630355075
H           55.17116911947856       15.89759825754481       47.75838202395681
H           55.76039032236272       16.05316687524412       46.08937108172367
C           49.45227713670902       17.73270373625316       51.34452147465156
C           49.34000125434761       17.51757383129281       49.82740694630299
C           49.92380610054978       16.19081367430247       49.46757023312895
N           49.22518881208342       15.01927315738552       49.64972272641792
C           50.07383102033011       13.98814978146893       49.40937008481335
N           51.27222084610599       14.44586527035204       49.09457264442835
C           51.18827000897548       15.81121774421969       49.12532227987355
H           48.93412610035681       16.93018036042171       51.87392484851154
H           50.50188380013233       17.72531354272400       51.64685919797878
H           49.00898951636422       18.68482613598341       51.63276724124312
H           48.28802160271330       17.56705366472631       49.53201890712077
H           49.87710035622105       18.31397039571999       49.30385021511202
H           48.25001184794139       14.95513449914315       49.86699805931924
H           49.78130587910309       12.93361637121247       49.38672452448839
H           52.03551529085284       16.44057849066606       48.88434418544252
Fe          52.23465121680449       10.65311968433761       49.19546425674228
Fe          53.11518489306486       13.32433300588723       49.30325765748113
Fe          54.26125755873983        9.88913092691402       47.97240524557727
Fe          54.26830185137001       10.11602377324991       50.47371310618240
S           55.79637212406285       10.88886027469375       49.11629805474423
S           53.07970911958945        8.69286199219736       49.31224028011722
S           52.97290915879814       11.82870374820058       50.84184152810113
S           53.15801334604117       11.83512441356458       47.53796985236696
Ni          55.19119510809841       12.59584227710349       47.97487898279531
64
 energy: -106.485981509212 gnorm: 0.015471740126 xtb: 6.6.1 (unknown)
C           53.95866249593442       15.12982138261208       52.70620806987754
C           53.47500270536261       15.86843575156661       51.45827022049792
S           54.23266221423400       15.15008706812139       49.96285035978831
H           53.56348784104491       15.58721192748129       53.62132230232652
H           53.64319430590878       14.07998236878849       52.66854689177370
H           55.05046664286009       15.15717530739994       52.74724919188523
H           52.37722972119800       15.86232053644218       51.43239707784306
H           53.79447704561343       16.91754367253449       51.51496137129600
C           47.69655679583519        9.43860173565619       49.54838683659113
C           49.05906454584195        9.80000166293167       50.12948873239031
S           49.94210780138423       10.77167518621119       48.86469917595861
H           47.06689698447223        8.90483556025991       50.26944592436215
H           47.18067357169792       10.35150171375943       49.24145659366707
H           47.82646192433882        8.81347271888239       48.66073097616874
H           48.91037906623906       10.38826790433906       51.04740460832436
H           49.59036329472965        8.87879332693684       50.40793583094634
C           56.80638856355024        7.14155461356501       47.56346304169002
C           55.44968277102510        7.14332316681636       46.83660063082920
S           55.02507995120858        8.78013483554818       46.15658809022710
H           56.79130138102393        6.46819987464031       48.44220446876826
H           57.60998447811961        6.80367135440586       46.89110504314991
H           57.05178531855331        8.16026421782306       47.91429379902985
H           55.48972570106987        6.43738794651869       45.99417657401435
H           54.67587369367078        6.77637169111689       47.52491654309976
C           57.96480991998185        9.96923858716938       51.86081517729473
C           56.99770909407736        8.78533391700376       51.80277515673222
S           55.32705028932157        9.27253105279461       52.34647189952552
H           57.96753927103567       10.39441138159783       52.87144213441550
H           58.98774494852987        9.66500813819104       51.61003774809657
H           57.64628462412003       10.74690095042039       51.15309174730373
H           57.00336903967060        8.36393407563629       50.78493276864263
H           57.34782945333423        7.99736770732992       52.48892592395224
C           57.18139084597279       16.65943884804184       47.60258976851059
C           56.04051274512982       15.76497249762742       47.11990177179884
S           56.63842306015792       14.03806307421036       47.04961299769364
H           57.44293305573239       16.40323983190649       48.63323565764264
H           58.06774605609198       16.49724017079976       46.98190398466792
H           56.91305276009103       17.72076253823025       47.56195852743498
H           55.17494156979866       15.91232734302853       47.78299466591525
H           55.74199472077575       16.07666992803127       46.10979424904524
C           49.44147852125814       17.76895517310240       51.31038209460785
C           49.33222933823065       17.53946064787888       49.79556596569967
C           49.91216045773149       16.20742508272786       49.44690585850517
N           49.20411040018418       15.04197924518508       49.63590907592911
C           50.04921734820897       14.00223370652593       49.41164839494087
N           51.25220299531362       14.44873397288469       49.10333358071742
C           51.17769395037184       15.81465863550580       49.12171966239196
H           48.91288170949414       16.97790611959454       51.84611381192904
H           50.48892411900309       17.75530165872150       51.61802114075672
H           49.00536260852355       18.72863379364573       51.58459551880286
H           48.28047358637435       17.58646646647503       49.49809442741554
H           49.87093286886984       18.33066519609828       49.26531532982724
H           48.22576400895069       14.98698722279576       49.84292181376237
H           49.75126344144513       12.94811055422275       49.41058742970845
H           52.03069052536068       16.43681823258387       48.88192567990183
Fe          52.24316804203458       10.65710855997523       49.22196105856112
Fe          53.09956496090622       13.31896033454906       49.32439645734205
Fe          54.27044944070191        9.89449611021377       47.99988616583762
Fe          54.26861235082691       10.10483954144793       50.50039648097248
S           55.80100852626799       10.89289956408281       49.14512959925988
S           53.08438892850232        8.69247479907123       49.33170772985238
S           52.98691409735493       11.83106201451864       50.87040163735396
S           53.16127874618583       11.83081663055698       47.56123269728680
Ni          55.19407863907392       12.59883542118574       48.00151886544777
64
 energy: -106.486522468147 gnorm: 0.005749552710 xtb: 6.6.1 (unknown)
C           53.95546479016595       15.12743362125159       52.70792972930290
C           53.47538700471272       15.86884085712380       51.46185960667533
S           54.23708963534835       15.15274502983028       49.96728529034174
H           53.55922130846642       15.58175647408683       53.62269482085709
H           53.63738432106813       14.07982930385885       52.66680234194125
H           55.04761476875528       15.15187231794606       52.75131427687395
H           52.37712749814155       15.86130636060393       51.43356807315436
H           53.79394624614583       16.91794280802626       51.52118582496912
C           47.69316523350611        9.43493749684714       49.54971745879823
C           49.05821557119653        9.79811382843780       50.12667066606330
S           49.93817626192743       10.76495487030276       48.85556125625172
H           47.06841197324928        8.89922462247453       50.27175127293406
H           47.17427922046965       10.34627985810225       49.24489852909063
H           47.82162046900458        8.81095388708902       48.66219088835321
H           48.91412318833610       10.38704311873225       51.04411728528518
H           49.59273238024633        8.87828806385666       50.40148362181948
C           56.80703781954863        7.13834158174398       47.56276902380336
C           55.45150863616939        7.14119630612459       46.83722188635608
S           55.02394787378383        8.77595822639877       46.15523089927301
H           56.80056660617480        6.45738860959295       48.42381586979671
H           57.61143297198150        6.82275881161319       46.89051962912600
H           57.04613837202980        8.14507330216843       47.92626960911998
H           55.49501659995226        6.43529873563115       45.99608432233631
H           54.67372425674846        6.77767608584594       47.52329252194434
C           57.96451678577456        9.96970475215953       51.85746574442010
C           56.99691279456392        8.78805841172433       51.80754827891956
S           55.32642085865248        9.27493530881962       52.34909965623277
H           57.96347339692409       10.40310599239803       52.86196793207849
H           58.98776015691566        9.66508041088086       51.60978840229792
H           57.64503323736160       10.74011243730097       51.14582529217471
H           57.00275112618913        8.35924874396456       50.79464192937686
H           57.35132593504431        8.00656868128551       52.49532992753584
C           57.18289391026788       16.65493379847143       47.60302077940485
C           56.04085780603060       15.76358119141332       47.11970336515185
S           56.63703853419957       14.03828315037419       47.03341146180745
H           57.44664757020767       16.39695340503771       48.63211488401079
H           58.06683745497293       16.49798109481340       46.97944425719982
H           56.91307138847932       17.71572653830934       47.56540271055721
H           55.17794480869074       15.90478440361175       47.78774582428250
H           55.74084093586532       16.08416983560580       46.11151082118149
C           49.43913245618654       17.77531701667537       51.30897348877713
C           49.33209127040844       17.54079523265974       49.79546016376997
C           49.91296089942330       16.20915753807376       49.45010516867581
N           49.20587824919408       15.04329902376679       49.63526179523479
C           50.05074444662969       14.00432434853492       49.40850091217426
N           51.25393802821362       14.45120647552288       49.10752371861652
C           51.17849228221062       15.81839718538119       49.12314112620503
H           48.90967212292179       16.98726178863757       51.84678045683493
H           50.48601713749174       17.76301802289525       51.61895967501596
H           49.00275838605863       18.73617289324664       51.57825663350958
H           48.28093077246479       17.58715199585253       49.49676130138322
H           49.87097655454717       18.33079675645231       49.26411807067610
H           48.22771906455893       14.98786045622739       49.84681077840086
H           49.75051171481363       12.95121383420474       49.41597983774012
H           52.03273134830651       16.43779959666541       48.88672602396722
Fe          52.24402828457654       10.65508082862947       49.22442219518930
Fe          53.10658939510695       13.32309620282272       49.32388963876129
Fe          54.26583613468134        9.89023850657800       47.99598966984579
Fe          54.27479425105680       10.11042127251099       50.49890877482434
S           55.79920564827946       10.89539668882097       49.13724577177776
S           53.08662915450695        8.69187327205818       49.33798730338633
S           52.99024641565580       11.83222008892608       50.86825536616054
S           53.16113604228936       11.83011677970645       47.56798219809102
Ni          55.19501011306198       12.60324611121756       47.99856096987060
64
 energy: -106.486905375747 gnorm: 0.007323379568 xtb: 6.6.1 (unknown)
C           53.94816777605156       15.12102782121748       52.71227480193376
C           53.47542375881309       15.86756682259388       51.46812830008301
S           54.24237534542696       15.15347718738908       49.97465833838149
H           53.55051496016402       15.57188928534558       53.62693561909058
H           53.62564491751246       14.07613121241529       52.66515574543838
H           55.04065947194231       15.14025878238601       52.75988116344170
H           52.37675993029241       15.86001367758838       51.43511231975068
H           53.79344789667247       16.91648954575840       51.53184467943236
C           47.68809373233886        9.42747679921095       49.55259433684423
C           49.05749777633006        9.79350654281714       50.12105051166373
S           49.93489633070337       10.75840881316215       48.84573844357007
H           47.07169964247921        8.88780927987660       50.27733576981640
H           47.16370177926630       10.33696275080916       49.25322474122100
H           47.81338362511553        8.80612049816312       48.66377152005520
H           48.91940317221203       10.38250498128634       51.03838886490598
H           49.59536956990289        8.87470689478354       50.39043300756650
C           56.80913987216860        7.13400877206739       47.56198356277928
C           55.45492620386081        7.13667007963450       46.83783131847231
S           55.02342740673119        8.77127048550641       46.15815852785096
H           56.81588565352034        6.42619222371860       48.39159108817950
H           57.61448532088165        6.86083876543281       46.87855396997664
H           57.03014467204927        8.12648135202906       47.95657819451887
H           55.50015673095754        6.43070044337737       45.99778057676251
H           54.67499799477375        6.77628972740654       47.52335698062944
C           57.96310580273520        9.97340355286354       51.84942358504044
C           56.99848812191033        8.79025284587022       51.81739624531225
S           55.32902429516157        9.28304110516776       52.35125815843463
H           57.95703858408267       10.42347925251576       52.84453134348452
H           58.98696090048863        9.66593164081787       51.60952949462869
H           57.64392153665479       10.73023297412110       51.12566056648676
H           57.00298432179411        8.34675621008640       50.81218563842289
H           57.35613641156698        8.02046558227042       52.51397693966252
C           57.18589102728383       16.64569033015112       47.60411788163227
C           56.04046791786926       15.76060423202513       47.11897631752622
S           56.62273163928440       14.03333226919047       47.00793503467256
H           57.45430206393761       16.38235242175382       48.63013584419902
H           58.06568272205102       16.49539628755599       46.97473312925444
H           56.91513437824106       17.70652648415122       47.57404831099434
H           55.18274231313013       15.89559228813617       47.79465061899431
H           55.73541409670675       16.09666740113830       46.11580650623559
C           49.43400267032371       17.78889209726464       51.30582729989409
C           49.33242665300070       17.54333147205068       49.79423688984791
C           49.91615765092792       16.21141546674078       49.45738474368882
N           49.21001503623304       15.04497494223339       49.63528747467161
C           50.05553824396168       14.00704149211237       49.40672290558582
N           51.25821871556167       14.45451865866690       49.11312890700802
C           51.18238709929648       15.82369548507669       49.13020924491349
H           48.90241302147724       17.00637188691860       51.84828171085375
H           50.47967707582087       17.77936999807232       51.62046615040548
H           48.99712112923493       18.75232527036228       51.56504955960480
H           48.28226566482518       17.58761544791438       49.49234281096918
H           49.87189745860297       18.33089022192474       49.26021678137396
H           48.23251808660704       14.98903106613278       49.85322324440914
H           49.75018512526996       12.95635223212808       49.42372584354364
H           52.03907817138740       16.43909948921448       48.89819897288313
Fe          52.24746846654150       10.66408457668664       49.22609427033523
Fe          53.11984320918410       13.32396645294736       49.31670918567524
Fe          54.26998911522336        9.90326949838635       47.99238764011922
Fe          54.27917487205542       10.11937608034521       50.49766037169851
S           55.80676751734477       10.90091919644255       49.14133438953767
S           53.09130415986912        8.70091404060160       49.33370057050131
S           52.99639168346204       11.83932918320587       50.86889201199682
S           53.14956134852283       11.83196761070895       47.56081148470214
Ni          55.19105803211434       12.58862476199803       47.98623654842298
64
 energy: -106.487560423827 gnorm: 0.013654183593 xtb: 6.6.1 (unknown)
C           53.93223880555659       15.10607035977693       52.72201878850759
C           53.47560803811630       15.86352920756759       51.48070517054231
S           54.25622405902817       15.15516016050143       49.99026079939196
H           53.53138056613498       15.55118392562523       53.63660232284205
H           53.60093407604064       14.06573272851210       52.66277590554561
H           55.02516637030985       15.11490554317759       52.77883910745299
H           52.37643283210839       15.85744493616971       51.43671661079270
H           53.79323547364239       16.91188752183734       51.55400554810407
C           47.67936868052747        9.41227979491755       49.55841787793311
C           49.05692055765673        9.78379373506364       50.10998972644776
S           49.92773249704089       10.75095150494455       48.82982351522152
H           47.08004875297958        8.86380200107050       50.28920516594946
H           47.14312224745917       10.31849814312249       49.27185303107051
H           47.79736989084515        8.79680276890740       48.66570353795378
H           48.92904795819427       10.37126477246014       51.02825415571716
H           49.60041297815318        8.86599206866525       50.36833386430912
C           56.81385679215691        7.12549685007735       47.55951260658467
C           55.46184339786792        7.12649418874326       46.83712376898833
S           55.02899547285888        8.75885759164451       46.15264033670725
H           56.85006804402180        6.35069995748820       48.32221016338746
H           57.62356478540663        6.94704469741268       46.84729667025550
H           56.99117671821713        8.09145341421940       48.02946510726735
H           55.50876663097711        6.41803686930103       46.00063347104115
H           54.67920306228147        6.77264812297080       47.52351460665551
C           57.96040359078128        9.98260435172987       51.83121383149428
C           57.00164670647503        8.79517887543266       51.83804730433164
S           55.33356495900781        9.30067465148426       52.35527284032334
H           57.94450510219747       10.46919398963384       52.80756586233850
H           58.98593882797233        9.66834354883881       51.60916141130647
H           57.64311010203198       10.71053153535562       51.07885019224717
H           57.00412697981950        8.31917351804181       50.84854455849780
H           57.36400526628464        8.05013183230425       52.55664342352635
C           57.19358647184642       16.63124734211863       47.60595189520757
C           56.04196036377614       15.76039487764572       47.11268951171920
S           56.61890935110120       14.03818969501804       46.93499110023237
H           57.47169273109145       16.35104038129357       48.62454672992590
H           58.06523676905210       16.49492525938409       46.96395149001582
H           56.92067456574939       17.69221619267541       47.59635735967444
H           55.19502087169649       15.87453790539441       47.80635140941074
H           55.72230867591762       16.13012796502005       46.12285574495554
C           49.42261374736904       17.81893355635384       51.29916477404198
C           49.33209860786626       17.55012727507163       49.79128057564378
C           49.92101204347602       16.21694661509030       49.47254802474875
N           49.21573289624438       15.04964357069357       49.63592111302360
C           50.06263056363421       14.01340901757054       49.40422024237081
N           51.26316563454989       14.46229796897454       49.12125464637198
C           51.18838630161198       15.83483430840203       49.14526204215100
H           48.88624364514610       17.04767414628174       51.85146958530264
H           50.46580725287701       17.81477296578225       51.62304432872074
H           48.98497362264442       18.78784115551839       51.53748060358457
H           48.28395167358363       17.58947740469356       49.48239205740816
H           49.87324245942009       18.33202259318390       49.25091319924261
H           48.24020638876207       14.99301906558209       49.86686205377630
H           49.74696018733717       12.96768285115654       49.43663189899873
H           52.05100313030343       16.44235585641626       48.92231860999514
Fe          52.25098509999165       10.67262243584348       49.22788276063234
Fe          53.13805559859840       13.32898924253386       49.31450563422703
Fe          54.25753844176300        9.87210262387938       47.98786022507691
Fe          54.28524172995809       10.13154799067650       50.49349550430232
S           55.79293932888353       10.91191306914551       49.11803764986681
S           53.08094471457409        8.70294245913984       49.35379102674029
S           53.00265863915997       11.84646896285299       50.86999661802204
S           53.16812673889841       11.82623854930714       47.56781162152141
Ni          55.21176141087810       12.61149778023005       47.97181569034287
64
 energy: -106.488215582675 gnorm: 0.017632680402 xtb: 6.6.1 (unknown)
C           53.91702279649206       15.08879807736997       52.73158478318229
C           53.47674524743810       15.85652988013482       51.49050546446200
S           54.27363603225054       15.15863374089546       50.00224447230392
H           53.51180464736785       15.53134126221838       53.64588473158080
H           53.57852019691217       14.05085236398802       52.66251018448177
H           55.00964341789123       15.08931734611133       52.79806864002280
H           52.37786066960246       15.85462652885611       51.43480455272571
H           53.79588773379538       16.90376624010076       51.57424119395150
C           47.67663907030019        9.39976612095679       49.56285122246709
C           49.05896437373560        9.77448563917723       50.10249657366470
S           49.91995572593408       10.75474362810033       48.82425778024021
H           47.09162114059342        8.84203019710209       50.29885595888810
H           47.12908135048616       10.30413288483292       49.29080869395814
H           47.78615752804895        8.79058375989712       48.66432994660407
H           48.93602484884745       10.35663926320234       51.02451414247813
H           49.60600849369035        8.85585399166733       50.35075464022751
C           56.81671603084230        7.11870224417142       47.55435258722942
C           55.46309139551171        7.11817829610753       46.83729836871658
S           55.03150246946241        8.75241584589874       46.15546303165631
H           56.89286602980729        6.26483142313081       48.24792161540534
H           57.63508948859116        7.04419888130582       46.81343793201033
H           56.94576043597970        8.05773790177541       48.11740377033445
H           55.50946593760010        6.40926210929190       46.00104693053321
H           54.68420451238669        6.76314498433587       47.52709085543378
C           57.95898884512243        9.99189857342270       51.81132651890839
C           57.00223042493248        8.80167029671414       51.85760397852690
S           55.33222972861068        9.31648037213994       52.35855651502322
H           57.93454269706614       10.51673243721449       52.77015809545915
H           58.98736144573490        9.67211754589994       51.60845555159644
H           57.64397319045955       10.69052931972180       51.02733092195226
H           57.00720544900412        8.29041360584085       50.88362577325492
H           57.36721598680577        8.08182186860850       52.60281727622433
C           57.20074602070180       16.61636987083174       47.60690458956942
C           56.03864621112557       15.76171294801970       47.10826176460193
S           56.59689225119713       14.03823437483096       46.88002202801542
H           57.48778305389884       16.31702231187793       48.61807686942069
H           58.06561095760418       16.48841759827487       46.95354386182809
H           56.93133568698739       17.67886561678722       47.61952125621379
H           55.20098063919909       15.86486413118614       47.81482775766816
H           55.70754191970333       16.15709229024578       46.13127138504066
C           49.41198622720019       17.84848046799155       51.29208632514633
C           49.33239005664429       17.55690331026089       49.78726277686353
C           49.92645536790248       16.22163097090563       49.48554411739941
N           49.22072961998930       15.05392664746879       49.63874327821144
C           50.07009814545724       14.01852034199037       49.40745799922950
N           51.26953156694631       14.46887760731333       49.13015732820919
C           51.19473201649194       15.84276680435411       49.15957903847730
H           48.87051072982447       17.08693498010155       51.85322371953479
H           50.45267991847638       17.84903263781361       51.62414639243011
H           48.97341209220041       18.82198796955355       51.51129162416490
H           48.28595918978009       17.58976951256527       49.47126337073208
H           49.87476911223720       18.33336971871195       49.23993278627410
H           48.24721574334158       14.99691265057610       49.87722429730261
H           49.74682075438893       12.97631598611107       49.44142163934662
H           52.06205309063323       16.44618936355144       48.94330076558665
Fe          52.24716316980738       10.67294093534059       49.22354153495998
Fe          53.16018141104229       13.33794701755172       49.31099316218967
Fe          54.25971522380518        9.87342487707256       47.98627438041340
Fe          54.28699559504774       10.14251865939510       50.49129546987833
S           55.79806870315618       10.91746320485693       49.11471470699686
S           53.08676865215989        8.70793097667963       49.35586729185930
S           52.99905314215307       11.85293621732613       50.86179889096152
S           53.16747151780892       11.82858100676383       47.56921078037028
Ni          55.22337475169797       12.60372661342776       47.95349311758931
64
 energy: -106.488826982609 gnorm: 0.012914105094 xtb: 6.6.1 (unknown)
C           53.91044447019507       15.07731969021187       52.73605422125561
C           53.47748086122839       15.84861232972158       51.49213049115742
S           54.27752984152509       15.15210896383454       50.00497735084318
H           53.50224173270372       15.52315556534050       53.64962680620025
H           53.57019463348766       14.03814631778396       52.66613263644987
H           55.00198869296984       15.07607488127183       52.80705300489362
H           52.37987664063633       15.85316279008525       51.43177914354560
H           53.80159349284749       16.89418395494874       51.57994671169359
C           47.68312670229382        9.39704410939161       49.56292637456822
C           49.06339443092539        9.76979416352230       50.10339535904353
S           49.92216453980838       10.76574252060957       48.83636510004699
H           47.09964164348411        8.83464399821027       50.29881218824018
H           47.13273046319013       10.30275214280900       49.29899617697293
H           47.78836993306077        8.79186238137430       48.65942237952070
H           48.93655440417500       10.34496452671156       51.03057955275799
H           49.60898752141608        8.84872265105368       50.34897287245570
C           56.81518800040077        7.11833555587296       47.54849579655625
C           55.45770153999287        7.11714277279230       46.83722699557079
S           55.03599992418422        8.75487579588451       46.15670042775437
H           56.91069263767387        6.25359587826698       48.22804650835669
H           57.63324420959942        7.06466373386056       46.81318438538105
H           56.93758711538857        8.04500883879044       48.13570717982507
H           55.49680385185555        6.40449061385461       46.00189665842260
H           54.68685890727698        6.76113036345300       47.53494429414624
C           57.95900478207065        9.99687411364144       51.80007592774052
C           57.00070059393534        8.80624093392360       51.86498092122918
S           55.32688596551901        9.32332688035739       52.35847088596801
H           57.93422816067658       10.53851635644696       52.75231714202564
H           58.98905056406161        9.67541784551862       51.60628672330135
H           57.64645634367067       10.68290766454260       51.00048741120340
H           57.01037467320317        8.27839426484624       50.89766457984804
H           57.36307858218450        8.09735869236562       52.62609442051614
C           57.20342856264012       16.61089865344613       47.60678590101261
C           56.03263238444740       15.76659786033776       47.10663759584762
S           56.57686758994920       14.03940780877164       46.86963486904259
H           57.49340672576566       16.29800108954137       48.61387726119407
H           58.06648186077016       16.48054102109236       46.94944000433944
H           56.94262169657485       17.67549071814012       47.63296170918908
H           55.19727509771447       15.87339978964059       47.81362264761285
H           55.69965557044461       16.16494993497970       46.13576565778136
C           49.40797236859489       17.86080759396785       51.28830532639751
C           49.33301147933177       17.56048378706452       49.78422230825833
C           49.92929389306349       16.22342473834282       49.48859969094185
N           49.22143605524389       15.05628315305787       49.64340311933771
C           50.07251806324036       14.01986894989006       49.41675112640993
N           51.27279552972809       14.47041830143581       49.13464595475183
C           51.19787900454453       15.84226075626797       49.16620468417478
H           48.86385553958059       17.10163733745751       51.85180557611012
H           50.44747788865985       17.86279112843557       51.62276293384785
H           48.96874204979756       18.83502071252230       51.50141188554843
H           48.28699736060310       17.58861865010510       49.46508379617742
H           49.87544860090739       18.33491138927811       49.23338433119798
H           48.24857704136075       14.99958035816341       49.87768064091291
H           49.75033440974810       12.97665917759497       49.43423439690602
H           52.06516143762194       16.44893554551447       48.94923236746133
Fe          52.24531836661009       10.67782054443564       49.21532246238508
Fe          53.16310391649663       13.33390831271465       49.31147743797096
Fe          54.26954561929402        9.88594606213227       47.98713652387639
Fe          54.28134680116218       10.13970622629034       50.49064463817732
S           55.80659938668333       10.91629173913849       49.12196895788033
S           53.08936163430761        8.71364419576373       49.34405146739203
S           52.99221274284802       11.85218594513299       50.86121808524078
S           53.16763009035782       11.83345558746859       47.55769146904758
Ni          55.22652525618042       12.59338589050598       47.94914155607473
64
 energy: -106.489404930248 gnorm: 0.010756773584 xtb: 6.6.1 (unknown)
C           53.89821263349641       15.05663000913890       52.74385769478096
C           53.48032825768264       15.83472271069414       51.49684771656485
S           54.28687913361854       15.13910690079568       50.01329357166664
H           53.48361823709567       15.50503131589734       53.65473308339875
H           53.55295922111085       14.01806988322953       52.67081305724633
H           54.98851009600894       15.05012660281911       52.82472201917358
H           52.38414375696473       15.84863127754127       51.42782304302298
H           53.81289810692549       16.87719315526263       51.59248542646446
C           47.69283224221218        9.39153743542570       49.56409002331210
C           49.07163519874398        9.76155851165478       50.10477635070996
S           49.92526985027533       10.77465815910367       48.84874746728205
H           47.11202124780910        8.82014705926497       50.29676851507882
H           47.13862240901984       10.29870432281683       49.31220143635007
H           47.79359226499525        8.79492072194167       48.65331722170475
H           48.94265098958434       10.32539334510173       51.04020138237877
H           49.61911304360696        8.83870109696069       50.34272561747743
C           56.81536961048235        7.11414778884992       47.54256808744535
C           55.45357968022797        7.11505197687790       46.84123181491172
S           55.04361526223114        8.75404757818059       46.15707868902524
H           56.93594213596291        6.23409389399614       48.19529537939956
H           57.62931079721306        7.10585268153751       46.80565206813033
H           56.92191531468274        8.01988144144488       48.15890635482310
H           55.48146735451263        6.39780892350030       46.00773988676621
H           54.68846531775964        6.76339459947949       47.54745777893694
C           57.95689669654336       10.00574015634633       51.78164674376744
C           56.99844753749625        8.81579888785401       51.87904165946773
S           55.32040162945574        9.33753500699654       52.36024786990408
H           57.93250847088414       10.57445511895700       52.71952520231982
H           58.98763122712480        9.67940617629306       51.59990135815745
H           57.64771504275507       10.66998065662001       50.96081165863023
H           57.01167138506965        8.26195514917142       50.92521162210806
H           57.35944102760973        8.12634642091083       52.66066187381889
C           57.20768569836353       16.59723998264896       47.60762810361430
C           56.02205913075366       15.77367318925870       47.10403686893423
S           56.54418911367512       14.04165325308959       46.84269925796549
H           57.50375172829891       16.26104522105035       48.60638466975631
H           58.06451053863746       16.46636270521420       46.94063215762186
H           56.96162042516973       17.66473111250784       47.65681349930729
H           55.19291356240718       15.88302765288060       47.81782296676860
H           55.68743564126699       16.18627634264928       46.14242429984179
C           49.40101899885445       17.88293814099956       51.27976983096167
C           49.33392101099248       17.56757656405262       49.77797642240139
C           49.93391445120799       16.22860579995480       49.49304225568653
N           49.22401767456353       15.06198802641943       49.65087054542261
C           50.07599277469488       14.02437273365157       49.42917442277408
N           51.27811788830507       14.47478588142956       49.14436699517583
C           51.20286339860706       15.84400083844824       49.17520221885276
H           48.85284422240042       17.12914535376345       51.84767248100675
H           50.43836297934734       17.88830860926585       51.61975948281492
H           48.96018349940034       18.85885639523416       51.48058017247050
H           48.28896296880552       17.58840149265341       49.45404307680968
H           49.87605268937708       18.33851219058101       49.22157334101786
H           48.25121930807838       15.00542138736763       49.88136388626405
H           49.75740708981088       12.97830554071855       49.43043879765543
H           52.06869826781992       16.45507143627659       48.95778672843819
Fe          52.24684261790477       10.68250625552175       49.20588418216710
Fe          53.16873891493790       13.32848293527581       49.31327039875259
Fe          54.27826224915476        9.89748956306742       47.98332696741948
Fe          54.27781627238860       10.13570773334546       50.48701670926663
S           55.81154732501717       10.91993052924680       49.12331582360682
S           53.09234028679619        8.71739407812760       49.33049743188117
S           52.98715451877766       11.84886906938374       50.86102880981522
S           53.17121717096043       11.83840810290906       47.54813510089766
Ni          55.22636228397722       12.59418716827163       47.94993743039688
64
 energy: -106.490004916040 gnorm: 0.011443092425 xtb: 6.6.1 (unknown)
C           53.88052313874508       15.02748422629706       52.75514489570691
C           53.48537872825150       15.81627468037688       51.50628849627321
S           54.30105611714770       15.12339841113293       50.02717941330631
H           53.45701368471711       15.47605952830539       53.66207036595630
H           53.52704248323305       13.99192553142689       52.67419666536274
H           54.96953594224008       15.01161942692149       52.85065636978715
H           52.39050891459032       15.84198403183557       51.42483385634379
H           53.82850858220709       16.85441861913022       51.61273519326397
C           47.70472045198382        9.38296932975821       49.56685116014615
C           49.08364831099161        9.75053193376060       50.10627037051350
S           49.92692238404016       10.78199066621385       48.85889009118871
H           47.12824926995742        8.79888815659264       50.29350099624292
H           47.14619089067006       10.29163675853732       49.33019410102810
H           47.80251817719669        8.79949448937325       48.64705877683408
H           48.95600198106966       10.30054632796856       51.05113324586185
H           49.63644320540066        8.82688107166610       50.33096167511549
C           56.81680871944750        7.11018481400713       47.53601783459137
C           55.45094166759769        7.11185225012018       46.84617776674785
S           55.05322607830782        8.75094447315771       46.15641790060317
H           56.96698076135930        6.20118588225876       48.14195623964968
H           57.62181846848637        7.16688225698273       46.79301436312061
H           56.90060404263117        7.98455050420080       48.19856253781188
H           55.46617831167418        6.38920416115061       46.01620102164547
H           54.68951277254548        6.76980076397979       47.56165449067451
C           57.95271388876488       10.01754574700101       51.75782476514912
C           56.99611873897696        8.82991362077611       51.89849881577327
S           55.31504590712663        9.35855686019723       52.36491894070186
H           57.92871211330623       10.62101434402074       52.67403518303060
H           58.98329742460994        9.68455059300348       51.58912871624331
H           57.64512967726574       10.65145229690106       50.91254201155454
H           57.00984987834489        8.24302887111913       50.96445065763304
H           57.35919736553908        8.16832216618304       52.70315649570513
C           57.21475371717908       16.57752591968531       47.60951109967973
C           56.00869914996077       15.78599933571000       47.10063369131110
S           56.50050903611456       14.05023200253478       46.80146474417199
H           57.51793803098598       16.21019652518466       48.59592090008373
H           58.06108728918222       16.44760517127375       46.92840893007949
H           56.98832886473419       17.64792323498023       47.68891979101912
H           55.18801140128652       15.89452866082091       47.82485927936339
H           55.67294083976657       16.22145854946976       46.15009814516202
C           49.39149302827193       17.91348461535242       51.26584125842425
C           49.33496025802670       17.57764941633672       49.76804039605633
C           49.93968842236205       16.23693223246987       49.49854088670356
N           49.22845969787423       15.07069895506210       49.65957535938301
C           50.08000436631820       14.03190845346356       49.44325759720228
N           51.28416554502730       14.48148713998793       49.15837721250332
C           51.20923341440604       15.84862081289658       49.18572475630999
H           48.83847351423049       17.16812071096263       51.84031605813159
H           50.42592607282654       17.92430691249871       51.61403157860931
H           48.94862993580127       18.89211074286566       51.44884993259744
H           48.29167484998407       17.59004734001831       49.43819710042160
H           49.87674812774455       18.34381048004429       49.20465056772053
H           48.25512893682845       15.01425070250983       49.88779790411400
H           49.76700506219817       12.98263055025828       49.43666242840924
H           52.07276078953124       16.46366034644962       48.96829549754450
Fe          52.24972810770792       10.68315745410964       49.19864896712557
Fe          53.17635989900464       13.32350816988169       49.31751041456586
Fe          54.28116631054253        9.90250842126566       47.97673861509594
Fe          54.27774754771067       10.13234198164604       50.48239836337047
S           55.81227097930078       10.92548941518237       49.11976541200575
S           53.09627862672389        8.71701120192709       49.32109381603071
S           52.98347790784676       11.84298052013343       50.86112629343381
S           53.17305734176141       11.84115755243430       47.54547694839111
Ni          55.22858473024959       12.59546792815831       47.94159965140435
64
 energy: -106.490439756747 gnorm: 0.013403713214 xtb: 6.6.1 (unknown)
C           53.86176790091007       14.99205334755571       52.76692669856322
C           53.49329967689584       15.79325799223701       51.51797033875245
S           54.31370382521143       15.10183381229947       50.04270658437997
H           53.42772872069304       15.43910136277164       53.66873869559922
H           53.49929577149522       13.96110180653053       52.67508813955844
H           54.94899477958262       14.96487208782763       52.87986902249182
H           52.39995124335965       15.83464986634859       51.42456582026003
H           53.85049667425426       16.82527116148247       51.63558892815268
C           47.72379644361929        9.37651957190457       49.56927544444918
C           49.10171125941527        9.73980645027830       50.11282832950820
S           49.93091689004342       10.79025339643856       48.87353552709352
H           47.14653819469520        8.77828567171186       50.28291586596361
H           47.16569275050511       10.28818674617692       49.34674252500970
H           47.82491906967311        8.81070012411719       48.63963515331167
H           48.97628703155397       10.27377311118103       51.06751168012836
H           49.66180497149163        8.81650715169314       50.32094367332105
C           56.81752549720355        7.10866828221395       47.53046512211446
C           55.44672812612908        7.11322962710363       46.85339007312544
S           55.06156748230435        8.75033740678714       46.15329661625056
H           56.98737507458068        6.19534649352582       48.09869699038669
H           57.60335418990828        7.20760303978163       46.79128015714971
H           56.89472905715049        7.95005877708717       48.21321203008891
H           55.44821449381488        6.38435562099414       46.02894802618946
H           54.68667797217392        6.78560941058592       47.57768887438408
C           57.94685283686211       10.02917404523065       51.73496560348790
C           56.99306085912382        8.84857715748117       51.91581605459146
S           55.31084509788290        9.38274856405195       52.37124428549858
H           57.92787125223741       10.65905739637058       52.62775966300008
H           58.97544562152012        9.69115045217148       51.57155259388696
H           57.63644016243227       10.63431841589459       50.87577532296724
H           57.00330784273475        8.23546106388291       51.00344076017217
H           57.36076962419293        8.21514226883321       52.73555896990219
C           57.22162217392504       16.55474292034722       47.61236620855739
C           55.99188523929127       15.80393450716756       47.09977415981218
S           56.44441647855743       14.06491447374638       46.76706700811645
H           57.52777395246712       16.15398525018459       48.58353853463360
H           58.05542007794495       16.42240981652267       46.91733138350857
H           57.02317818948496       17.62710706333305       47.72212720503711
H           55.17775798926935       15.91663433236278       47.83112875345928
H           55.66293181886539       16.26235208561799       46.15788942355081
C           49.38378039818409       17.94189121467798       51.24612777130159
C           49.33661622527192       17.58867688591029       49.75324943222953
C           49.94479186293309       16.24709670560503       49.49798496127498
N           49.23306818996358       15.08161102638014       49.66952717895974
C           50.08145320763700       14.04084581953686       49.46120715124808
N           51.28847206975008       14.48740395861255       49.17429169650616
C           51.21483080483328       15.85234536055191       49.19091493143544
H           48.82714021151612       17.20410751205802       51.82564352720988
H           50.41541506460724       17.95877050676030       51.60179588819209
H           48.93887876738533       18.92195933697618       51.41329189193102
H           48.29499823073397       17.59410607261216       49.41918278667895
H           49.87771687435764       18.35068412999139       49.18408978071323
H           48.25741091895908       15.02587214797998       49.89138881074270
H           49.78081965873450       12.98633293476682       49.45597329461813
H           52.07262800724679       16.47350977053352       48.96982783044985
Fe          52.25361776061558       10.67617375845565       49.19379293563528
Fe          53.17676135015666       13.31525685851793       49.32763057558052
Fe          54.27831475035951        9.90439940313073       47.96775276876888
Fe          54.28127717816643       10.12623355076594       50.47623683958707
S           55.80977430392792       10.93095602348687       49.11167478884255
S           53.10294735312148        8.70944027550965       49.31355721489398
S           52.97824555347844       11.82894742470272       50.86416161944096
S           53.17022734825660       11.84184027135570       47.54978776341927
Ni          55.22384747626394       12.60235116922070       47.93660932391932
64
 energy: -106.490970349075 gnorm: 0.014581469709 xtb: 6.6.1 (unknown)
C           53.83813246765286       14.95465720555856       52.78107985077597
C           53.49959769922828       15.77299484724320       51.53487023497961
S           54.32750127640703       15.08442402037435       50.06284144114579
H           53.39474081193092       15.39675730212152       53.67967872529401
H           53.46369176609804       13.92987659648569       52.67221136793057
H           54.92381777952748       14.91211689662062       52.91262435790341
H           52.40739632948438       15.82952054292874       51.42711722567260
H           53.86866999671189       16.79935031600984       51.66660602288401
C           47.73526490643008        9.36351444117526       49.57429650077218
C           49.11637201117782        9.72617870654363       50.11324227702365
S           49.93159793946262       10.79460852150492       48.87966307820334
H           47.16680034710481        8.74903498022124       50.28068849945003
H           47.17108165601918       10.27613967277611       49.37074346596432
H           47.83592263132414        8.81570524381132       48.63419628989615
H           48.99782341251279       10.24699337431166       51.07533617984692
H           49.68422565566106        8.80351744029146       50.30207030921462
C           56.81860703655767        7.10363013351306       47.52370859940481
C           55.44397102496200        7.11035809029749       46.85838137522097
S           55.06538384580739        8.74625352915838       46.15171161921087
H           57.03283202345997        6.13202954474573       48.00965626785175
H           57.59624108626059        7.31005588118601       46.76793873537019
H           56.85933251166308        7.89764437148878       48.28798795460842
H           55.43981969898868        6.37839051882254       46.03800631490886
H           54.68577588204752        6.79145979361781       47.58863307580645
C           57.94117919457758       10.04309954091590       51.70601745505682
C           56.99270693828741        8.86588113397731       51.94208313222221
S           55.31052201979636        9.41303613296173       52.37879986466955
H           57.91938418714755       10.71746844372925       52.56880148754658
H           58.97021934579486        9.69808969860718       51.55804094239921
H           57.62831681276946       10.60647103088812       50.81643666000710
H           56.99994194708267        8.21086186520758       51.05666663508969
H           57.36670816619383        8.27086713041892       52.78913406636423
C           57.23104006255652       16.52724672020069       47.61601971408790
C           55.97913163843259       15.81714168521961       47.09748689704313
S           56.38943845812939       14.07693554411388       46.70191358122230
H           57.54357349970053       16.09165903047066       48.57072945385836
H           58.05060741289542       16.39986019540251       46.90370197968766
H           57.05527787963257       17.60086103024206       47.76026061023643
H           55.17527673982065       15.92536804117560       47.84154076730964
H           55.64911903542468       16.31154083615758       46.17012208791857
C           49.37245406010395       17.97971137378163       51.22504969759788
C           49.33856580109396       17.60044772345781       49.73800440276389
C           49.95186912721260       16.25729264330547       49.50441998922627
N           49.24015010870826       15.09237730022003       49.67706429606083
C           50.08703171317475       14.05070455468987       49.47528143323272
N           51.29498809636567       14.49488698238954       49.19191747184806
C           51.22295962349282       15.86064129710215       49.20182998707504
H           48.81056716801933       17.25369709330854       51.81375818480500
H           50.40066770101284       18.00411149591099       51.59093798433819
H           48.92590372725957       18.96358101871057       51.36918703438408
H           48.29929494282425       17.59851009830535       49.39673202897902
H           49.88061840169112       18.35594372552586       49.16107975262486
H           48.26379229943758       15.03743314331759       49.89958046517790
H           49.78901421412124       12.99606936243827       49.48267963756260
H           52.08025257817399       16.48127528120821       48.98214249006125
Fe          52.25866113947422       10.68112790767790       49.19164185223701
Fe          53.18652033620512       13.30755594363938       49.33336054930130
Fe          54.27304882635917        9.90007258702064       47.96046318468966
Fe          54.28732187264247       10.13049236577655       50.46986155493320
S           55.80729081203248       10.94141669558847       49.09922510905960
S           53.10455396450076        8.71025925290712       49.31458415853272
S           52.97687961331530       11.82261720953549       50.87150382370814
S           53.16983386549467       11.84106316103868       47.54919493896164
Ni          55.22640675247908       12.61101600258059       47.92431187877473
64
 energy: -106.491281727317 gnorm: 0.007263993689 xtb: 6.6.1 (unknown)
C           53.83424334148193       14.94628679563735       52.78314502878891
C           53.50085312760440       15.76973177019316       51.53957563289469
S           54.33019403481921       15.08485379886802       50.06610534567037
H           53.38968166707131       15.38565891188721       53.68251649378986
H           53.45815627910498       13.92275365760855       52.66828725927399
H           54.91914200443284       14.90066281529261       52.91732525504954
H           52.40904519867019       15.83059754040526       51.43035417588225
H           53.87270286183370       16.79444790370366       51.67521405438543
C           47.73901326714393        9.36188802568538       49.57468400448442
C           49.12019230116524        9.72439914338750       50.11434637560573
S           49.93170950787230       10.79788180049735       48.88241821007983
H           47.17168446355953        8.74452561910022       50.27909843384845
H           47.17377272172183       10.27473443591568       49.37449524338098
H           47.84091236978264        8.81791660078281       48.63264650157635
H           49.00213847228798       10.24316203806735       51.07694640543319
H           49.68869570003756        8.80197571885009       50.29972700364923
C           56.81775304906827        7.10577518547005       47.52169682844605
C           55.44217320155041        7.11240247970049       46.85687696197542
S           55.06219701219370        8.74848229119980       46.15093611850864
H           57.02946682687778        6.14169811788803       48.00550402591283
H           57.59169917667162        7.30386980761320       46.77418598796358
H           56.86613975939306        7.89513189379263       48.28227244039036
H           55.43753808389746        6.38002363886910       46.03716944229622
H           54.68477902288706        6.79419540970625       47.58775571502952
C           57.94111417654930       10.04466231299107       51.70109868418722
C           56.99354021017083        8.86875247758822       51.94606336201092
S           55.31222093895062        9.42013585599516       52.37976166445011
H           57.91883748418398       10.72520202795302       52.55939058204666
H           58.97080743019589        9.69981860431641       51.55423709681094
H           57.62575020415936       10.60126283413137       50.80730789337654
H           57.00045454347720        8.20681931792226       51.06534889168258
H           57.36846670959746        8.28045809737798       52.79780798007054
C           57.23156532335290       16.52200649080165       47.61786585492830
C           55.97683144448001       15.81984005369297       47.09888863383411
S           56.37791286477816       14.08085421247481       46.69774323288860
H           57.54292777673929       16.08236907105477       48.56989731705126
H           58.04918127378452       16.39452508115227       46.90377194562216
H           57.06063756869302       17.59474529191636       47.76534958997565
H           55.17366843495558       15.92927950322454       47.84336874608071
H           55.64893354154398       16.31780294218130       46.17340604295332
C           49.37248520796331       17.98307387362060       51.21917055410621
C           49.33952378580700       17.60169800280864       49.73276931990513
C           49.95238125555623       16.25806896679289       49.50255319581542
N           49.24101940992528       15.09382023935968       49.67858363046540
C           50.08792619616420       14.05171528081135       49.48001854720348
N           51.29530787500008       14.49471590766849       49.19510973170868
C           51.22356530085675       15.86130149745956       49.20091223675082
H           48.81047616539252       17.25779875204018       51.80857069512824
H           50.40053413137003       18.00819024788960       51.58529607764252
H           48.92596065730260       18.96690644687960       51.36182568889360
H           48.30050476959856       17.60017716651488       49.39059134810122
H           49.88278779033075       18.35597913287188       49.15536317111136
H           48.26433467332187       15.03978616001966       49.89928908960440
H           49.78841031022665       12.99831668243064       49.49451380875949
H           52.08171470741421       16.48020728835014       48.97990930095469
Fe          52.25577894096471       10.67689624294460       49.19404229779023
Fe          53.18846782696538       13.31016738499192       49.33373226421717
Fe          54.27246713476514        9.90208987965026       47.96071134615246
Fe          54.28833095132806       10.13342401799816       50.46909309892758
S           55.80730139605087       10.94460291513323       49.09838743311433
S           53.10853433456209        8.70926557285551       49.31557233355156
S           52.97541807683403       11.82285641961862       50.87008831012448
S           53.16336219625267       11.84019472775604       47.55250275483580
Ni          55.22236340922417       12.61106186857117       47.92166031284517
64
 energy: -106.491633659057 gnorm: 0.004529991096 xtb: 6.6.1 (unknown)
C           53.81716977519708       14.91416759331707       52.79172333191868
C           53.50512084447078       15.75569489655380       51.55528179070578
S           54.33644065018675       15.07761136129558       50.07909967893664
H           53.36690781119744       15.34619892997158       53.69185018159983
H           53.43298695916259       13.89557269219777       52.65875626746884
H           54.89974808573107       14.85610962028296       52.93786062090405
H           52.41488992961906       15.83253420051751       51.43831850088530
H           53.88870703074554       16.77432762451117       51.70463242332576
C           47.75089344095360        9.35337745945081       49.57768033961344
C           49.13262024003729        9.71519452482514       50.11762255912586
S           49.93450600583545       10.80489988515552       48.89331467242808
H           47.18899477901123        8.72387214163391       50.27514847537471
H           47.18124003640870       10.26670327893431       49.39169761750937
H           47.85422373307264        8.82381779852426       48.62772293070731
H           49.01735536578217       10.22435988585725       51.08471774138176
H           49.70497392740326        8.79336372810943       50.28950587571507
C           56.81564290722440        7.10672397457429       47.51564348042492
C           55.43653349447509        7.11517978466261       46.85676730704144
S           55.05563036125382        8.75183376021091       46.15160244312113
H           57.04535938633527        6.13213505534436       47.96034497205860
H           57.58093838252134        7.34182399419004       46.77386289710649
H           56.86108436514571        7.86732784209156       48.30072975114508
H           55.42973789374523        6.38341371694405       46.03719573446018
H           54.68224464844273        6.79762400442667       47.59005579326804
C           57.94038776041612       10.05198724523383       51.68141207746757
C           56.99470496193884        8.88324938427614       51.96300968060212
S           55.31487345510682        9.44461633660160       52.38615779044127
H           57.91875072395004       10.75368051468648       52.52045365615619
H           58.97086383306525        9.70758986858080       51.53915687216833
H           57.61905982792109       10.58394625635081       50.77620702445984
H           57.00013033634831        8.19706477909501       51.10170782998713
H           57.37343816766321        8.31975845891446       52.82874827527418
C           57.23631763170899       16.50058120190435       47.62297137106247
C           55.96674473462158       15.83050319112258       47.10052898164662
S           56.33194299953597       14.09383250642641       46.66518553440905
H           57.54780042718678       16.03725692813376       48.56300338298556
H           58.04509430169296       16.37422493250216       46.89913767102234
H           57.08498176249377       17.57262123358438       47.79240700014829
H           55.16896544320706       15.94093903591446       47.85051073879450
H           55.64279705961192       16.34903311315954       46.18540360558820
C           49.36912146234081       18.00387555268932       51.19768807031471
C           49.34308417774565       17.60871399685588       49.71480572994001
C           49.95654845163123       16.26307734792905       49.50009665726859
N           49.24520684159418       15.10085802510440       49.68497048628862
C           50.09198712126410       14.05698833127190       49.49645038185199
N           51.29892987368544       14.49634640971641       49.20949787300970
C           51.22828397502899       15.86457938938590       49.20323939045523
H           48.80480407562160       17.28413511092680       51.79142707243821
H           50.39554161225315       18.03296365495677       51.56788189657929
H           48.92194575194294       18.98868891230429       51.32919476845620
H           48.30554929369184       17.60519761734955       49.36784007731222
H           49.88963988480491       18.35763815431701       49.13344628996241
H           48.26749242876080       15.04950147235015       49.90107829321619
H           49.78900512299047       13.00612890383305       49.52690313495257
H           52.08852102423095       16.47921814967219       48.97923467548748
Fe          52.25481900010085       10.67913306224849       49.19837547952312
Fe          53.19342068084905       13.30789218641394       49.33623124941011
Fe          54.26870508427649        9.90600757905298       47.96015593007782
Fe          54.29228801147462       10.14117808374727       50.46704990613507
S           55.80575212181041       10.95609956975920       49.09234795969802
S           53.11287759865987        8.71237015957487       49.31946958547807
S           52.97387721103166       11.82294620439419       50.87554367926796
S           53.15242758987166       11.83951664669345       47.55211519041587
Ni          55.21505800383016       12.61609698931828       47.91267635401615
64
 energy: -106.491988079364 gnorm: 0.005303135745 xtb: 6.6.1 (unknown)
C           53.79317730019163       14.86890464566616       52.80193629462472
C           53.51032840460466       15.73800248897362       51.57740461251996
S           54.34438107916018       15.07388267990481       50.09511388518223
H           53.33534373902179       15.28925927248947       53.70412102234140
H           53.39759317573805       13.85775608916084       52.64339332001605
H           54.87246652023306       14.79302308857004       52.96359526681211
H           52.42273091010696       15.83751934332783       51.44998699718933
H           53.91063446826014       16.74730930784828       51.74858449218979
C           47.76471006246525        9.34023262505387       49.58273450613598
C           49.14684009431861        9.70183890941076       50.12215158310318
S           49.93623520308257       10.81383524876827       48.90934890889132
H           47.21167156408080        8.69348255259144       50.27120417595618
H           47.18752239059595       10.25279786730385       49.41666786493897
H           47.86821612109019        8.82983417749289       48.62236640242840
H           49.03447972407618       10.19703267496619       51.09635671681718
H           49.72534548330543        8.78110952952418       50.27608849718367
C           56.81259209375722        7.10808602627998       47.50500780237228
C           55.42953618649899        7.11883362885895       46.85377277466860
S           55.04423581613578        8.75739422107013       46.15482174382647
H           57.06909035686617        6.11304698458608       47.88984404402398
H           57.56754773666166        7.40246033812341       46.76999652589846
H           56.84765133803243        7.82632065837161       48.33379665993726
H           55.42093947424645        6.39111072558750       46.03092789766094
H           54.67980048293048        6.79701073323955       47.58907018882421
C           57.94104761800649       10.06201486858728       51.65535217763544
C           56.99908400283060        8.90311635321604       51.98714783250444
S           55.32110414134822        9.47916266952079       52.39448348300746
H           57.92075429584092       10.79839420294473       52.46619494066292
H           58.97212989707820        9.71554545571930       51.52082685518985
H           57.61329047650139       10.55699194583966       50.72989264877743
H           57.00211121413069        8.18132709342036       51.15418981942284
H           57.38209992128620        8.37564402866730       52.87423003773413
C           57.24308432814704       16.47010034278689       47.63127065758374
C           55.95326519743989       15.84420734748711       47.10370416945695
S           56.26771925970651       14.11154488002393       46.61482049577477
H           57.55422527264304       15.97327788106930       48.55447757716842
H           58.04060330594180       16.34635691215322       46.89472184059620
H           57.11830068352078       17.54068921858957       47.83242689035428
H           55.16416168253090       15.95435119930337       47.86323317960912
H           55.63372064853684       16.39522592525853       46.20536322771639
C           49.36599873728591       18.03198537543050       51.16597101349337
C           49.34949106848482       17.61822172599761       49.68796474741701
C           49.96263093459442       16.26918166884163       49.49534264037422
N           49.25034157832508       15.11039623823714       49.69367494698173
C           50.09758436529113       14.06341250804168       49.51998186376305
N           51.30405282034092       14.49761523012653       49.23050929209403
C           51.23490516364210       15.86770574122902       49.20652804410756
H           48.79838987047388       17.31948142595533       51.76516416874352
H           50.39021649899559       18.06603742666953       51.54170560147789
H           48.91777463965646       19.01806135959025       51.28240727037435
H           48.31429342168098       17.61241582488691       49.33384221200346
H           49.90169178063807       18.35880390523835       49.10118297683345
H           48.27131434089003       15.06349856493120       49.90388525106432
H           49.78669883860984       13.01681316175890       49.56994425695230
H           52.09960713537618       16.47434676916493       48.97824379516247
Fe          52.25284531832416       10.68416811756821       49.20561200352697
Fe          53.20116328446859       13.30949685216053       49.33881256785355
Fe          54.26200452446250        9.91061274437188       47.96275010770816
Fe          54.29655591687855       10.15572371557257       50.46733810635906
S           55.80233187652640       10.97378302979337       49.08395338348809
S           53.11731645619144        8.71862256979117       49.33093567120780
S           52.97098661689374       11.82814204412121       50.88219316817312
S           53.14050871399346       11.84032727650771       47.55436318396671
Ni          55.20721430694572       12.62701683219332       47.90192272013439
64
 energy: -106.492222297614 gnorm: 0.008689014108 xtb: 6.6.1 (unknown)
C           53.77401318279348       14.82897263774551       52.80532611218550
C           53.51241384481820       15.72791827600622       51.59900684810558
S           54.34019614051452       15.08032145062635       50.10433760037983
H           53.31261545340940       15.23432882652019       53.71305620769414
H           53.36907451703880       13.82597442893753       52.62092026169758
H           54.84975336686288       14.73608392316222       52.97524147963647
H           52.42822980074543       15.85029727172762       51.46776821786632
H           53.92916540138685       16.72637565984528       51.79290880642920
C           47.77275141327369        9.32769396749548       49.58831648077499
C           49.15376766460741        9.69058161294587       50.12868327601013
S           49.93730961468093       10.81885893416692       48.92839786361277
H           47.22776596946263        8.66693808714799       50.26883408530139
H           47.18818374688717       10.23728262212351       49.43789289771116
H           47.87622425113657        8.83240663786451       48.62084253750655
H           49.04161541983466       10.17501915641373       51.10778666228435
H           49.73709004412697        8.77195220460033       50.27048934773266
C           56.80704362895220        7.11171189541157       47.49351843838424
C           55.42187070223922        7.12505739893725       46.84507946776433
S           55.02183342632682        8.76774707934088       46.16353562814389
H           57.08276622431951        6.10693459417282       47.83231742737890
H           57.55691513761912        7.44908286813552       46.76721080880672
H           56.83631577846379        7.79699746345610       48.34761109946045
H           55.41927698210734        6.41032233604440       46.01073123760779
H           54.67610777901460        6.78477542564078       47.57552061783819
C           57.94798070794925       10.06649104850356       51.63909976548878
C           57.00705332165077        8.92228830978639       52.00403239510739
S           55.33232476469855        9.50851704447456       52.40426067340643
H           57.93323085853454       10.81677634159140       52.42976848708884
H           58.97856118829107        9.72040744630789       51.50360689892450
H           57.61355164729365       10.53971441567384       50.71093221926316
H           57.00659899493687        8.18187832908114       51.19404127823879
H           57.39286979251448        8.41929259526900       52.89871108582811
C           57.24701184950955       16.44335087267110       47.64182926228480
C           55.94375045664803       15.85441244314044       47.11049608608057
S           56.21275078253377       14.13054855563706       46.58315429639338
H           57.55151125336271       15.92303825566690       48.55177170745984
H           58.03867998216015       16.32120096476797       46.89984031120466
H           57.14411393356841       17.50962744169159       47.86457486617412
H           55.16068312426880       15.96508523045253       47.87564300462180
H           55.63184599370376       16.43082956321686       46.22788346722790
C           49.37062512595763       18.04708251485958       51.13158630889027
C           49.35956269592770       17.62377858509857       49.65696168027207
C           49.96781775992201       16.27059507746026       49.48259794944594
N           49.25308704584549       15.11706154009937       49.69934830704224
C           50.10141455150921       14.06547225312919       49.54342250605357
N           51.30728956795323       14.49298950607853       49.25041642714861
C           51.24010248037529       15.86514620667137       49.20407639320183
H           48.80172876789100       17.33732316856864       51.73242406345724
H           50.39388979091856       18.08324725784544       51.50916652637969
H           48.92186356861244       19.03275761992605       51.24119982091074
H           48.32656217729708       17.62053968800820       49.29673347051882
H           49.92016514311403       18.35597491591530       49.06791650955073
H           48.27264373935438       15.07688324517144       49.90249242682583
H           49.77562879765607       13.02576793950131       49.61467386347142
H           52.11252663206029       16.45847078517755       48.96902243084436
Fe          52.25138869115970       10.70105581778540       49.22140705361709
Fe          53.20114849008370       13.31304527319039       49.33764563413926
Fe          54.25220426908399        9.91650574548362       47.97431247050130
Fe          54.30062482330241       10.17711623369249       50.47590191702793
S           55.79718217280062       10.99441813516290       49.07887819611076
S           53.11535272804346        8.73377358855294       49.35491007176097
S           52.97275855827974       11.84412140123723       50.89574793624929
S           53.12853859698594       11.84210033636223       47.55417099144063
Ni          55.19676556354010       12.64158379855976       47.89486484003339
64
 energy: -106.492424798577 gnorm: 0.009326523296 xtb: 6.6.1 (unknown)
C           53.75233772250384       14.78747858899985       52.81221990493363
C           53.51647101805844       15.71311193776044       51.61855091899579
S           54.34469909788832       15.08169378368148       50.11668877160791
H           53.28446882883292       15.18191102702766       53.72193068408536
H           53.33613344614855       13.79231046667997       52.60592998102331
H           54.82544634600207       14.67753430441730       52.99411570803628
H           52.43529636707529       15.85737393393993       51.47895342155360
H           53.95012122221221       16.70094713183313       51.83445394237492
C           47.78249585160371        9.31384508533681       49.59389464681896
C           49.16240857190024        9.67682403490498       50.13496908446717
S           49.93465991684757       10.82740000146350       48.94785109726147
H           47.24470698308856        8.63626660797767       50.26513923739387
H           47.19057085306789       10.22229728383223       49.46223379265054
H           47.88490350847793        8.83610772341238       48.61644040974906
H           49.04973400604584       10.14562062410032       51.12316957480695
H           49.75268399024772        8.75921868677263       50.26205019564791
C           56.80354577283287        7.11395790576950       47.47963944558336
C           55.41583711036880        7.12940024485623       46.83764527926336
S           55.01178612015666        8.77581560497855       46.16808656397346
H           57.10057003564035        6.09930616586411       47.77335858998463
H           57.54248002957919        7.49561264829586       46.76244528582799
H           56.82289313627057        7.76370464904073       48.36113525138558
H           55.41111298080730        6.42110110904998       45.99676741478989
H           54.67360116581186        6.78044971110423       47.56880743184584
C           57.95221347197963       10.07663114486176       51.61347736361705
C           57.01291613675236        8.94196838825573       52.02855273030136
S           55.33813604630203        9.54109124655974       52.41468653259305
H           57.94221039025624       10.86242127254162       52.37759383949254
H           58.98205037769694        9.72243832465730       51.48752930100331
H           57.61536642404954       10.51528610506639       50.66335332159773
H           57.00900412464746        8.16436051852263       51.24605698936248
H           57.40207899632302        8.47423236738407       52.94688955791241
C           57.25434915279148       16.41427793642873       47.65326480373048
C           55.92934272338042       15.87021938766895       47.11474411077242
S           56.14779197294127       14.14902892895129       46.53854702945783
H           57.55816371066795       15.85833437522588       48.54733459891464
H           58.03614155357349       16.29284823362867       46.89891008644320
H           57.17822909913443       17.48003909631946       47.90949999849287
H           55.15569816156905       15.98114179307146       47.89034317487053
H           55.62236025286258       16.47869159729513       46.24936203769004
C           49.37093811923764       18.07060653181520       51.09964906372843
C           49.36877141996325       17.63193079040972       49.62886728518649
C           49.97482295908162       16.27477251423831       49.47360001840568
N           49.25665224430533       15.12567993543837       49.70616622249882
C           50.10439056053576       14.06956101826170       49.56664756211842
N           51.31187041538080       14.49126299716116       49.27069483022615
C           51.24719731878320       15.86269998823582       49.20644988349823
H           48.79893545513148       17.36612345183117       51.70432095599691
H           50.39215684625503       18.11056479433861       51.48292618664701
H           48.92054476350379       19.05758267915063       51.19659161395632
H           48.33825313297609       17.62718874655825       49.26129333887927
H           49.93530349021245       18.35606085657983       49.03540655905166
H           48.27485996001030       15.09072889587913       49.90372561942747
H           49.77345924969407       13.03215047691376       49.64723436520487
H           52.12287664131921       16.44955815313433       48.96624920698504
Fe          52.24946866702678       10.70779067676856       49.23064142473436
Fe          53.20246760647809       13.31901692724773       49.33892208499496
Fe          54.24746098235392        9.92349325290350       47.98080545315380
Fe          54.30386328819602       10.19147884705031       50.48173523035561
S           55.79566415810022       11.01052354838628       49.07564545308374
S           53.11910794702893        8.74223627413934       49.36965938497374
S           52.97060686312259       11.85342032810210       50.90195903602609
S           53.12084837945172       11.84494335429356       47.56058300191963
Ni          55.19015273537659       12.65222923356530       47.88846111863638
64
 energy: -106.492602241309 gnorm: 0.007467244452 xtb: 6.6.1 (unknown)
C           53.75057224585419       14.78345312376304       52.80999802894234
C           53.51590958899097       15.71421614992800       51.62210800565067
S           54.34155204771520       15.09147662302187       50.11575478355230
H           53.28392121926849       15.17453488727058       53.72125162836208
H           53.33239464686058       13.79114161327737       52.60048847579476
H           54.82342787645808       14.66981852308054       52.98880413159728
H           52.43593745151594       15.86257520447987       51.48496918333752
H           53.95226198074288       16.69784289301392       51.84303525001880
C           47.77891580885729        9.30921474094100       49.59662505966410
C           49.15744700064864        9.67338898827074       50.13926460179393
S           49.92838827089174       10.82791961999369       48.95606064190429
H           47.24149146934489        8.62932896501686       50.26561607331266
H           47.18532781886280       10.21636253107798       49.46709455472337
H           47.88098786158272        8.83351375669103       48.61836368734428
H           49.04150011020607       10.13897825928814       51.12916050974361
H           49.74950259826171        8.75660191874685       50.26710255166743
C           56.80110963702283        7.11783737300589       47.47072661913059
C           55.41522697592420        7.13307443414115       46.82604112745133
S           55.00622913561318        8.78330363935023       46.17055518223913
H           57.09242428816524        6.10851974594098       47.76642543380643
H           57.53887047813605        7.49025644161098       46.76134004249612
H           56.81993431110048        7.76459700982519       48.35299136479652
H           55.41286648605477        6.43148609990849       45.97887985977740
H           54.67255570515029        6.77400812934950       47.55329310978448
C           57.95864326999205       10.07736051778572       51.61209739822804
C           57.01761013255991        8.94684439109525       52.03254155538968
S           55.34241956565627        9.54800608137832       52.41883544399208
H           57.95333488943380       10.86755925551819       52.37312931603353
H           58.98668886838836        9.71629413428826       51.48725369466613
H           57.62311448754483       10.51258709459638       50.65848937004971
H           57.01113184413239        8.16662720303898       51.25389117617318
H           57.40709658403026        8.48252212774370       52.95197004523799
C           57.25429626458495       16.40944726432426       47.65931229654610
C           55.92791045283441       15.87260240456343       47.12028721743649
S           56.13710539399425       14.15422646553424       46.54484152044980
H           57.55263195525757       15.85327565455784       48.55252058054838
H           58.03757217233655       16.28563443536882       46.90699252111897
H           57.18165579748092       17.47270861681361       47.91495345597382
H           55.15478782580877       15.98571038072842       47.89550948053260
H           55.62625753658114       16.48311670254194       46.25755075416020
C           49.37692758601133       18.06867630621707       51.08985837860304
C           49.37520425763395       17.63116302063672       49.61880936451618
C           49.97753236487205       16.27246042313834       49.46491702382550
N           49.25627651760598       15.12606220481761       49.70390587086063
C           50.10235728521574       14.06751491935225       49.57111731419086
N           51.31187618828639       14.48625077897084       49.27389654813960
C           51.24925775177362       15.85567240020903       49.20323290179616
H           48.80495209982794       17.36291909279189       51.69344733173989
H           50.39809989374886       18.10801366419289       51.47365538670382
H           48.92615904371211       19.05567635497361       51.18800681459699
H           48.34537998436345       17.62879316892276       49.24955309209076
H           49.94441339895116       18.35355676308845       49.02619331066217
H           48.27434334989969       15.09364078530249       49.90123940402567
H           49.77155441166250       13.02992192856259       49.65040852083236
H           52.12530848605375       16.44084520291026       48.96095932246923
Fe          52.24582231874986       10.70602142563197       49.23804817236456
Fe          53.19591890957864       13.32968613309863       49.33666739104644
Fe          54.24677881042152        9.92663346406449       47.98887842497704
Fe          54.30387072907966       10.19844203205325       50.48961649572736
S           55.79621547668955       11.01488499740394       49.08019553515024
S           53.12179595591456        8.74458374278524       49.38082092843101
S           52.96928106341115       11.86132038196828       50.90058543001356
S           53.11919263269793       11.84627372926151       47.57137636929326
Ni          55.18615930991388       12.65691792871629       47.89334194451740
64
 energy: -106.492832380093 gnorm: 0.005149107710 xtb: 6.6.1 (unknown)
C           53.73843449798127       14.76252729598249       52.81167859704921
C           53.51737532841211       15.70984020537697       51.63473224637095
S           54.33679704861502       15.09752135644191       50.12191747943213
H           53.27205015558647       15.14673736275891       53.72532460118308
H           53.31146422293011       13.77688884349600       52.58843733967386
H           54.80991510314761       14.63625551329416       52.99225235840392
H           52.43956291249276       15.87332716452386       51.49703534600173
H           53.96543261888446       16.68428416427405       51.86890527563600
C           47.77865796938796        9.29686485988945       49.60315759506186
C           49.15570601896732        9.66229869311621       50.14852540057523
S           49.92237053214222       10.82827605256299       48.97483162689420
H           47.24404952667718        8.60799903709350       50.26528753089983
H           47.18093997919728       10.20266226861546       49.48349282478149
H           47.88166017078505        8.83141626100320       48.61995222565834
H           49.03676043241018       10.11960492818754       51.14189911581293
H           49.75141634733924        8.74706826778876       50.27165631639593
C           56.79513359368607        7.12238583189746       47.45535771708686
C           55.41021169497585        7.13796699129533       46.80954728551809
S           54.99562934204692        8.79444558041550       46.17486082416695
H           57.09764968174193        6.10602043311184       47.72712315699014
H           57.52942658726259        7.52127323939398       46.75463518751344
H           56.80604518998475        7.74727151593930       48.35489243489232
H           55.41152066192893        6.44739730537033       45.95322648549720
H           54.66807058476359        6.76478388163026       47.53113906299136
C           57.96853544236032       10.08208773202813       51.60228484548450
C           57.02395967603842        8.96451008826207       52.04402554532385
S           55.35016513712137        9.57190415259102       52.42997548306550
H           57.97306002471021       10.87746970020689       52.35167668821775
H           58.99326195876773        9.71312947387972       51.47740452280712
H           57.63126360606716       10.50695446927823       50.64864872576596
H           57.01184864571800        8.17480735132284       51.27920700791621
H           57.41642333876401        8.51408838943189       52.96639392378366
C           57.25725506582283       16.39043228977983       47.67143833666042
C           55.92072165219331       15.88242991847486       47.12923102853594
S           56.09477240592157       14.16759317513212       46.53286101670925
H           57.54772092481782       15.81957956113640       48.55658103718312
H           58.03715356973866       16.26363805710306       46.91615061302047
H           57.20170824741826       17.45029885497964       47.93937038978138
H           55.15150655297874       15.99969684507342       47.90714261307983
H           55.62884038729888       16.50908142851008       46.27572871114902
C           49.38361333268767       18.07819062455057       51.06393328997584
C           49.38708337051487       17.63375663278507       49.59474806634040
C           49.98505764090640       16.27187113167972       49.45131742790107
N           49.25917024389905       15.13021593167671       49.70188905145681
C           50.10186761875956       14.06736180082593       49.58477815824153
N           51.31513517414190       14.47960004739191       49.28617856872298
C           51.25626967962550       15.84676334892921       49.19984601638013
H           48.80996337590001       17.37445060597243       51.66869004705156
H           50.40347141940818       18.11931028224632       51.45134977335436
H           48.93223494628803       19.06577417081295       51.15701581376061
H           48.35905470696716       17.63321928818332       49.22056941202869
H           49.96145245487772       18.35109652898743       49.00105727884631
H           48.27665294951436       15.10233896890905       49.89755489189425
H           49.77262109854895       13.02932013542502       49.66941108738467
H           52.13263768823862       16.42967086068207       48.95419653298224
Fe          52.24240137680998       10.70797766881356       49.25149829636536
Fe          53.18505742880260       13.33908237335359       49.33471555080843
Fe          54.24363560149001        9.93101890750623       48.00027454432410
Fe          54.30590433532416       10.21024724611892       50.50025503929329
S           55.79544928370465       11.02648228522959       49.08441319915654
S           53.12549013373096        8.74990616598984       49.39826623205560
S           52.96816035765561       11.87078824686567       50.90568909223800
S           53.11241304176556       11.84615218151085       47.58257108261461
Ni          55.17641578327606       12.66649027484815       47.89665003385562
64
 energy: -106.493077074085 gnorm: 0.006532264627 xtb: 6.6.1 (unknown)
C           53.72240746275637       14.73923667206566       52.81376527055436
C           53.51752527141731       15.70885159646316       51.65296427370723
S           54.31980638625962       15.10431253107809       50.12980718089557
H           53.26061806277302       15.11473619674552       53.73246016398990
H           53.28209626210582       13.76358667678148       52.57265543640220
H           54.79195498114652       14.59412317415326       52.99292761931807
H           52.44251954075216       15.89410334300331       51.51841602835825
H           53.98300592261046       16.67043363789058       51.90326045899140
C           47.77320620141205        9.27762473967933       49.61324063539998
C           49.14840365528725        9.64542987385677       50.16335430706766
S           49.91613225942485       10.81987293237897       49.00174652248852
H           47.24265012611817        8.57853185397596       50.26701757591111
H           47.16995895829575       10.18066148572818       49.50444976912032
H           47.87864582378351        8.82436363157166       48.62531534835222
H           49.02554287466721       10.09528562511507       51.15843955428103
H           49.74696198065106        8.73231271290856       50.28269639280865
C           56.78512796800564        7.12758443541514       47.43150240707972
C           55.40261066901103        7.14537999737064       46.78097621941858
S           54.97734745192395        8.81119354611746       46.17831781701511
H           57.10045801820098        6.11066115215081       47.67960116855665
H           57.51949308825775        7.56313566024255       46.74401848275405
H           56.78355105338886        7.72676497453376       48.34307438186950
H           55.41370509883723        6.47317475773954       45.91045501590267
H           54.65956516974322        6.75031911739778       47.49045547985035
C           57.98499230130277       10.08779874294908       51.58979720268405
C           57.03481879343619        8.98844141262600       52.06188720237126
S           55.36513073195236        9.61046954985570       52.44696957011239
H           58.00320454347908       10.90052595771969       52.32113241448834
H           59.00487386610338        9.70524612434699       51.46679448711663
H           57.64480271365814       10.49439934422143       50.62916778382770
H           57.01324241794177        8.18015068334931       51.31698336633610
H           57.43147025248356        8.55920322067255       52.99208960495211
C           57.26047203945158       16.36424907246481       47.69189706102040
C           55.91287143936101       15.89586366720061       47.14459066160874
S           56.03847834181516       14.18713377648162       46.52239083549809
H           57.53843688285114       15.77223303465512       48.56658429963929
H           58.03604967747641       16.23316665498948       46.93319148623884
H           57.22944578521506       17.41999031523155       47.97729399205786
H           55.14843131188395       16.01927576017953       47.92581625014905
H           55.63571192679326       16.54383490362065       46.30249697337484
C           49.39612515201846       18.08777225778180       51.02658263196137
C           49.40662022462559       17.63477844599064       49.56002906826743
C           49.99799107616605       16.26845449100781       49.43098752329699
N           49.26554371493940       15.13373557118157       49.69439621529305
C           50.10311197955540       14.06533625625113       49.60087140649069
N           51.32254709517172       14.46771967668084       49.30359190180273
C           51.26859864934848       15.83247852426531       49.19331834814368
H           48.81998365025915       17.38698218856723       51.63249489268272
H           50.41411193200312       18.13113250094910       51.41866048036555
H           48.94455291186892       19.07586247448650       51.11358463554787
H           48.38107236935484       17.63826361069911       49.17910679869524
H           49.98899960869225       18.34536605258844       48.96594057806348
H           48.28263118468607       15.11206738753946       49.88959026197560
H           49.77559438436296       13.02703413921471       49.69544879444442
H           52.14580632473557       16.41256376431068       48.94493860575164
Fe          52.24013857666819       10.71827695486691       49.27309697697707
Fe          53.16162591130565       13.34596186646498       49.32993904573294
Fe          54.23670682221427        9.93357390267134       48.01706236514237
Fe          54.30997406646380       10.22923502355557       50.51563769904995
S           55.79204873142304       11.04304620502183       49.08910848100793
S           53.12634912308731        8.76074957845073       49.42663829657976
S           52.96849347439836       11.88408513923349       50.92056648048941
S           53.10216106620923       11.84332768868323       47.58927593767937
Ni          55.15917453832885       12.68243800455744       47.90398888299659
64
 energy: -106.493273340301 gnorm: 0.006235673835 xtb: 6.6.1 (unknown)
C           53.70540379938222       14.71848909422137       52.81840862550115
C           53.51828214144000       15.70927203217327       51.67176586947289
S           54.30712543848222       15.11282819679929       50.13841289309720
H           53.24849027201139       15.08614733772120       53.74276576537896
H           53.25091574179952       13.75308168641235       52.56062226081429
H           54.77265616750271       14.55352960762155       52.99680182781896
H           52.44595200729192       15.91671975157395       51.53965617848053
H           54.00144261758082       16.65892314414690       51.93715522500955
C           47.76781880032141        9.25756701451940       49.62439776444140
C           49.14165231460848        9.62749697627976       50.17907817467556
S           49.90934312198195       10.81242885375497       49.02806675371581
H           47.24327345777372        8.54659604854301       50.27045974035886
H           47.15764560500232       10.15775884074213       49.52751692245798
H           47.87623309981083        8.81745439060710       48.63090761888278
H           49.01527527581966       10.06954203386094       51.17679801080801
H           49.74238821953540        8.71505546856835       50.29180830505549
C           56.77538015689527        7.13533221951070       47.40622936469657
C           55.39569953690916        7.15702842140543       46.74946477142378
S           54.95592831477018        8.83061582902144       46.17806504949978
H           57.10142961617021        6.10922236035700       47.62325155798708
H           57.50593225583513        7.59830706811805       46.73609277400352
H           56.76261421509832        7.70464098786254       48.34413126286875
H           55.41703778552957        6.50334294640241       45.86510370052979
H           54.65264556601484        6.74000531490858       47.44634625377221
C           58.00128554492633       10.09435432040146       51.57552882844325
C           57.04564799361042        9.01331188472104       52.08185517041673
S           55.38208096607460        9.65484568912895       52.46361145386536
H           58.03347349618961       10.92344617279700       52.28825309956446
H           59.01651724349593        9.70033430707619       51.45334533753557
H           57.65681487800797       10.48294528744133       50.60947090384744
H           57.01395344976173        8.18551266683736       51.35743586917302
H           57.44578548656830        8.60541759791351       53.02062372986769
C           57.26466938931603       16.33540300880814       47.71387502911367
C           55.90363551689810       15.91033241839720       47.16127115164086
S           55.97977414144366       14.20780457881868       46.50977681045691
H           57.53200716371744       15.71874469561891       48.57718283027737
H           58.03415002114878       16.20014512488332       46.94943675366052
H           57.26060966514743       17.38833117937596       48.02070398405828
H           55.14452201299241       16.04037255746600       47.94718467276697
H           55.63997817469055       16.57996235126897       46.33021755565127
C           49.40857509214193       18.09814021547928       50.98781139141148
C           49.42634788888818       17.63424827036523       49.52455193476347
C           50.01188538807417       16.26356109793057       49.41212463223403
N           49.27441484223193       15.13505379545061       49.68604723616762
C           50.10847895285468       14.06246789469290       49.61564925045871
N           51.33267288779676       14.45614586913412       49.31951476867486
C           51.28222480927486       15.81989103272668       49.18679279909232
H           48.82915047162284       17.40200220251296       51.59596260044121
H           50.42455022531894       18.14402560534735       51.38464766948857
H           48.95716986500565       19.08711122517579       51.06608613013331
H           48.40330977163443       17.64111944402779       49.13663822643370
H           50.01697575729126       18.33749622840148       48.92927441442767
H           48.29141280371926       15.11881364486880       49.88146191802969
H           49.77970419986265       13.02568232622497       49.72312162116453
H           52.16144117222532       16.39669097538631       48.93745094825398
Fe          52.23277332703105       10.71813993904638       49.29414744951300
Fe          53.14087803132842       13.35649985838071       49.32618304371437
Fe          54.22818721986580        9.93521231122081       48.03252432336471
Fe          54.31439781131505       10.25077999495763       50.52781159946608
S           55.78654600886443       11.06068571598372       49.09064237175177
S           53.13227020151162        8.76642409684535       49.45504504610193
S           52.96344771325412       11.89501880267524       50.92983719611840
S           53.08538866057264       11.83799153759818       47.59893121048025
Ni          55.13801610667832       12.69805269943258       47.90951937723310
64
 energy: -106.493494029605 gnorm: 0.008593433282 xtb: 6.6.1 (unknown)
C           53.70158500641012       14.73231689753351       52.82267770537390
C           53.51657630872945       15.72377689267953       51.67923048692421
S           54.29213190412355       15.12108499955418       50.14121602471937
H           53.25685157518560       15.10275328345477       53.75212236901526
H           53.23630984238643       13.77372528969459       52.56711753031698
H           54.76811557994316       14.55539185852729       52.99003892103990
H           52.44515163851685       15.94070585144673       51.55604501695643
H           54.00844650159807       16.66814058602370       51.94125092560981
C           47.75174445963939        9.24252140029702       49.63509642072756
C           49.12466352600087        9.61392711665579       50.19543887593371
S           49.90124575742922       10.79552852732439       49.04532162356836
H           47.22975826515771        8.52904828290508       50.27955182065870
H           47.13810408692922       10.14033641569267       49.53835613306651
H           47.86478637497964        8.80489103337975       48.64168348317960
H           48.99374322908319       10.05829853469982       51.19091813973750
H           49.72159168075838        8.69955432359619       50.31052688835793
C           56.76430755396017        7.14325782889478       47.38494847946382
C           55.39095221643426        7.16762904070247       46.71358809995196
S           54.93617272776228        8.84708460357015       46.17175311090007
H           57.08891403034827        6.11771962902807       47.60522438850565
H           57.50076705892550        7.60595161764931       46.72805304940850
H           56.74200860826841        7.70843464903415       48.32019174761594
H           55.42819837742857        6.53326108433723       45.81664239210193
H           54.64491571206404        6.73097629553332       47.39279931723194
C           58.01780403573527       10.09653713971693       51.57518321108370
C           57.05422857332510        9.02893487594148       52.09063456355631
S           55.39997196032245        9.69120948514399       52.47562484826646
H           58.06386876049269       10.92420791898837       52.28460740259338
H           59.02789884123122        9.69274101478996       51.44868794756104
H           57.66999519590317       10.48707723455788       50.61338178101770
H           57.01173221633671        8.19990388202084       51.37068136507584
H           57.45527000024770        8.62199288244371       53.02807453517734
C           57.26608611441274       16.32098297922323       47.73622510975237
C           55.90261960664011       15.91785460629311       47.18215841892612
S           55.95695523384465       14.21941906129938       46.53000733611430
H           57.52313928403074       15.69883991535883       48.59791506374776
H           58.03419676734799       16.17830957527532       46.97170086847188
H           57.27588090727266       17.37235294818836       48.04641558411163
H           55.14323217624688       16.05770827526411       47.96687905230333
H           55.65006274534824       16.58856757985771       46.35007690152263
C           49.42484466950799       18.09237165245689       50.96396168156839
C           49.44517261803864       17.62414624939583       49.50219337250713
C           50.02607779121768       16.25124885403091       49.39697696216121
N           49.28616198925277       15.12609234469388       49.66856453193290
C           50.11813968740244       14.05344287483823       49.61272099068325
N           51.34611187111805       14.44267728490344       49.31986248324556
C           51.29640350605948       15.80621102813936       49.17745463826003
H           48.84245171343448       17.39979940334118       51.57311795393492
H           50.43970732599767       18.13820535508940       51.36296118561549
H           48.97528545634263       19.08232651200866       51.03800162531903
H           48.42340567121423       17.63506666742894       49.11086886529368
H           50.04112152951747       18.32403425676130       48.90781951563168
H           48.30452934837567       15.11135682037617       49.86980649418691
H           49.79002510577872       13.01798209086394       49.72646349470216
H           52.17566949395001       16.38522209904402       48.93299186567350
Fe          52.21987882109448       10.70249437349071       49.31261857989022
Fe          53.11232072409463       13.36746086287613       49.32299794068967
Fe          54.22111864697217        9.93283707768102       48.04445183026189
Fe          54.31705374615544       10.26669771237779       50.53470210240840
S           55.77929039404253       11.06914288841431       49.09387962452067
S           53.14165612424799        8.76245236800272       49.47538565000528
S           52.95316071156417       11.89781034508662       50.93195602699718
S           53.06341029115581       11.82669018850499       47.60859794539602
Ni          55.11270820258321       12.70517952357050       47.91845470947822
64
 energy: -106.493675604996 gnorm: 0.007057893525 xtb: 6.6.1 (unknown)
C           53.69138277822219       14.73013321579831       52.83293634358179
C           53.51900632648915       15.72836162341367       51.69158914709696
S           54.28946121172683       15.11826755576790       50.15267299221595
H           53.25297313517181       15.10387226968190       53.76466110970652
H           53.21073491668547       13.77888879891235       52.57527569528767
H           54.75616483893694       14.53741060869176       52.99902062036347
H           52.44958395196407       15.95994664861380       51.56790341529897
H           54.02441737873081       16.66677161984673       51.95400268116930
C           47.74613196400973        9.22773574733926       49.64562934607044
C           49.11774233420459        9.59797960967353       50.21006719536872
S           49.89635195112321       10.78335800723767       49.06200641571905
H           47.22695894066162        8.50700777587550       50.28495971523572
H           47.12923964955768       10.12427310191327       49.55471672946346
H           47.86201654853112        8.79767633183480       48.64831812403349
H           48.98491743955327       10.03986992280183       51.20735325758532
H           49.71394572383949        8.68254236286195       50.32259672149112
C           56.75412094249164        7.15033077305295       47.36541056818815
C           55.38518610337842        7.17447677615144       46.68441007417736
S           54.91975380208746        8.85906670190951       46.16783000457296
H           57.07982137454403        6.12755684519900       47.57376998109613
H           57.49702209008431        7.63445399131385       46.72249927652017
H           56.71562833178960        7.70150962742466       48.31193946406147
H           55.43331412936409        6.55669961753063       45.77626629881465
H           54.63856501612040        6.72195194887848       47.35158842248053
C           58.02797868880193       10.10270149763056       51.56479792819388
C           57.05922918281773        9.04855908605715       52.10585778572792
S           55.41285252921780        9.73186886236848       52.48555534662538
H           58.08461938163614       10.94537547448585       52.26131443167105
H           59.03446602163249        9.68920354128850       51.43699331113474
H           57.67594549871820       10.47948359705286       50.59452215944906
H           57.00770601163782        8.20720225571977       51.39850091696272
H           57.46148959651186        8.65281822973978       53.04908544100146
C           57.27156088036774       16.30010346570080       47.75704095172682
C           55.89777294951968       15.92828402635396       47.20148784096668
S           55.91935221204494       14.23298934535780       46.52939344275705
H           57.51828629560210       15.66961976085412       48.61329416278212
H           58.03629710219371       16.15018523003091       46.99135389450063
H           57.29951180301502       17.34783112189607       48.07279260504366
H           55.13928769801253       16.07732742182992       47.98528529090812
H           55.65666937782697       16.60944565069304       46.37304627003031
C           49.43529548458496       18.09772526290260       50.93551291454917
C           49.46046036273893       17.61784455936973       49.47691630873479
C           50.03871474812644       16.24256084757454       49.38500769893780
N           49.29798499687660       15.11957008762141       49.66118065337837
C           50.13169017752001       14.04622472725544       49.61858158015760
N           51.36087574610907       14.43305160062955       49.32565893671303
C           51.30996338331233       15.79773901387566       49.17329221731723
H           48.84890037964333       17.41143216472420       51.54821000011903
H           50.44873152676049       18.14437114417680       51.33821065580253
H           48.98723137165295       19.08945343007223       50.99908751096303
H           48.44042976707936       17.62883526869855       49.08088609557750
H           50.06129862624363       18.31161630456045       48.87986874451823
H           48.31657066229716       15.10690067699727       49.86324130649889
H           49.79798270908777       13.01466462371515       49.74089440329251
H           52.19083614924713       16.37509898794214       48.92973207097114
Fe          52.20918981534009       10.69171592233499       49.32899379225321
Fe          53.09604170191912       13.37265442364484       49.32630041485940
Fe          54.21333426713576        9.93504166923691       48.05045219144048
Fe          54.32009157260205       10.28175461246502       50.53613107354148
S           55.77072156581442       11.08152072700515       49.08987743175449
S           53.15047789415279        8.76181554120146       49.48871466068146
S           52.94331788026301       11.90023225404165       50.93755006651474
S           53.03955741650883       11.81795897758195       47.61740169859625
Ni          55.08852556607653       12.71098137354644       47.91540920375841
64
 energy: -106.493851895501 gnorm: 0.005061148967 xtb: 6.6.1 (unknown)
C           53.68987391434253       14.74305306713112       52.84485581249421
C           53.52184562912243       15.73248584315093       51.69454120956514
S           54.29184642863980       15.10068133537611       50.16340595235881
H           53.25688653323238       15.12943811840252       53.77420610878512
H           53.19910323783850       13.79388625759721       52.59844710793845
H           54.75339431650901       14.54399941072898       53.00960025613849
H           52.45395182800394       15.96685386683802       51.56752489975995
H           54.03223388489302       16.67180088104332       51.94558594623052
C           47.74297325479542        9.22148017996445       49.65278872280542
C           49.11313486091643        9.58812048537622       50.21994128318480
S           49.89771419730275       10.76535589566759       49.06657145644729
H           47.22030259233074        8.50199277727719       50.28979101394995
H           47.12901156069197       10.11866343215182       49.55890287690612
H           47.86053212741258        8.79045901352631       48.65590234667512
H           48.98100464810175       10.03493933025323       51.21563572709811
H           49.70711227417007        8.67230734124860       50.33753232481466
C           56.74581387259674        7.15860883961135       47.35845837056689
C           55.38123858172576        7.18155751771602       46.66883775328088
S           54.91069163406807        8.86526284144436       46.16002832436762
H           57.07161122710323        6.13427420244589       47.56634581327857
H           57.49031594657734        7.63820577181038       46.72023959164219
H           56.70214373145445        7.71025456665237       48.30124858689373
H           55.43716413550858        6.57144484644204       45.75671710224614
H           54.63403321085803        6.72057572708825       47.32833651295556
C           58.02830855156417       10.10718585135976       51.56176815916010
C           57.05645869579186        9.05944849250532       52.10715949419995
S           55.41666582621266        9.75451519846111       52.48584439284500
H           58.08956391552987       10.95238918746188       52.25602977360688
H           59.03307013159243        9.68928091431484       51.42991925489772
H           57.67420118775222       10.48307214415839       50.59074927293207
H           56.99960678419604        8.21491427433441       51.40234911218019
H           57.45890921535525        8.66381844087659       53.05206085792491
C           57.27403537993869       16.29336679440887       47.77018088898989
C           55.89817960653047       15.93257122067041       47.21195846728568
S           55.91299626327740       14.23802364662708       46.53524653583327
H           57.51596334259205       15.65668118003501       48.62555654014422
H           58.03709399648839       16.13703003033218       47.00410246869730
H           57.31194141921135       17.34133170683216       48.08870028460596
H           55.13861518480388       16.08580786648787       47.99393311696269
H           55.66309929667457       16.61566444747815       46.38165331091449
C           49.44025224745078       18.09768438028613       50.92295507324190
C           49.46652812197578       17.60924845921746       49.46686426971949
C           50.04596874807882       16.23414411469777       49.38134531692852
N           49.30756182227485       15.10946134859790       49.65830601420738
C           50.14655269978957       14.03745671745986       49.61659358616613
N           51.37483886539937       14.42752068451701       49.32499382226227
C           51.31892524370489       15.79433484110712       49.17247927079312
H           48.85081376584363       17.41676520997213       51.53878343040851
H           50.45326147245989       18.14338070755263       51.32710068322627
H           48.99469125114263       19.09094244111874       50.97904939659762
H           48.44698783856170       17.61696229726236       49.06995499079636
H           50.06742651941297       18.29971856598214       48.86649908974876
H           48.32600249542091       15.09592382434139       49.85976380630855
H           49.80668326457991       13.00930119263414       49.74118283400296
H           52.19977352423218       16.37152442825748       48.92859019216036
Fe          52.20689648264334       10.68848968166807       49.33530951613628
Fe          53.09019077468222       13.36328126616738       49.33489706240735
Fe          54.20824389662025        9.93481531927578       48.04791087885036
Fe          54.32163597007331       10.28650575581582       50.53023131963301
S           55.76279343883177       11.08622393353531       49.08079697418804
S           53.15240044794090        8.76131606933579       49.48848946813813
S           52.93625134991465       11.89564621623551       50.94731129575398
S           53.02574539002621       11.81113785174050       47.61502407350737
Ni          55.07262182314838       12.71131599789420       47.90776761326595
64
 energy: -106.493996208781 gnorm: 0.004696515298 xtb: 6.6.1 (unknown)
C           53.68753164860046       14.75719230623926       52.86025408776813
C           53.52657812108480       15.73384169793462       51.69782212526486
S           54.30103534109274       15.08337875210108       50.17601432375304
H           53.25944348377384       15.15885829953123       53.78560379056017
H           53.18827064215280       13.80937212683240       52.62625962897359
H           54.74912853495520       14.55173092863799       53.02517966365104
H           52.46097428602293       15.96961457014286       51.56337658272878
H           54.03906590678093       16.67445549325578       51.93980595978908
C           47.74022806513865        9.21324505483315       49.66187285509340
C           49.10874761934574        9.57740548365980       50.23119632457842
S           49.89602733816778       10.74924773265105       49.07361019160719
H           47.21271493083495        8.49450327131061       50.29587131300645
H           47.12898427503606       10.11217689161056       49.56643394964360
H           47.85953088743273        8.78192243708567       48.66511894163905
H           48.97623921418053       10.02903626305907       51.22473282743076
H           49.70185732183001        8.66175088387526       50.35499421224440
C           56.73492321529711        7.16737208009551       47.34887811203117
C           55.37548574425262        7.18925383008255       46.64951932500952
S           54.89803522604594        8.87350052750638       46.15160905444416
H           57.06216494097418        6.14325619859603       47.55533803286250
H           57.48406016357116        7.65160628562053       46.71580578663669
H           56.68201493112839        7.71679410896215       48.29464086897519
H           55.44150493440917        6.58689709605116       45.73289911663898
H           54.62697429542758        6.71591346066651       47.30020929512902
C           58.02688626131959       10.11331918890970       51.55618471598132
C           57.05159623064342        9.07265392785192       52.10633098869791
S           55.41815541277261        9.77974178226816       52.48558910081258
H           58.09514081533546       10.95748575075126       52.24882992298983
H           59.02938810273569        9.69054038324746       51.41982587835743
H           57.67102910366887       10.49118191336557       50.58905522874361
H           56.98816641361101        8.22603911763273       51.40450122310926
H           57.45438835057832        8.67683545278721       53.05142249842947
C           57.27541235396172       16.28623842835196       47.78489326420672
C           55.90018419179962       15.93563308010338       47.22216816779439
S           55.91129504027754       14.24464752963717       46.54121488009908
H           57.51028910679203       15.64404337564989       48.63940901361530
H           58.03788909214233       16.12353216353528       47.01936067135959
H           57.32335923907841       17.33337177299346       48.10649966487797
H           55.14004842109956       16.08935362876856       48.00371912383275
H           55.67156131661918       16.62101930109835       46.39193098534000
C           49.44537060169193       18.09901249734694       50.90652744836132
C           49.47284814153702       17.59984813093936       49.45418676135138
C           50.05424695179015       16.22489693355618       49.37719478612367
N           49.31717997904352       15.09906305192484       49.65686882649597
C           50.16052816952424       14.02727683947650       49.61576127853651
N           51.38880677693000       14.42026434891480       49.32713417410931
C           51.32878825771495       15.78810720796747       49.17275241416989
H           48.85233947839308       17.42464396448388       51.52610978711550
H           50.45786173609844       18.14383478424563       51.31219432600024
H           49.00349041577596       19.09401861187302       50.95438805633216
H           48.45368939206760       17.60315071050244       49.05663176286356
H           50.07337888839923       18.28614258406430       48.84904752929176
H           48.33513191108847       15.08515592979205       49.85607132889518
H           49.81696257327700       13.00097275943484       49.74315755306615
H           52.20890922866872       16.36489926339082       48.92613496296048
Fe          52.20421283864532       10.68111756268351       49.33873398125058
Fe          53.09120739955456       13.35914053456203       49.34457379982216
Fe          54.20393354094032        9.93255193247248       48.04875046975963
Fe          54.32249865211005       10.29374256956854       50.52711305459001
S           55.75821744208866       11.09074252526514       49.07199492251067
S           53.15678927822202        8.75751917206107       49.49361935793889
S           52.92544952647548       11.89122607807325       50.95298483645680
S           53.01633072312730       11.80688896910346       47.61717338878046
Ni          55.06120745677855       12.71172471096816       47.89777050552547
64
 energy: -106.494061108785 gnorm: 0.002756057776 xtb: 6.6.1 (unknown)
C           53.68731670392383       14.75911426453194       52.86255594951027
C           53.52762739231413       15.73304605693097       51.69775344590590
S           54.30498288673945       15.08090107914038       50.17884961873318
H           53.25890877605179       15.16384291338581       53.78620650798028
H           53.18904362911950       13.80995901647591       52.63036571700523
H           54.74833339245679       14.55336560059133       53.03018057183372
H           52.46236756568249       15.96815656189349       51.55979409792314
H           54.03830467058830       16.67435899700745       51.94088121541702
C           47.74065833156108        9.21195645380906       49.66302895881536
C           49.10940237929702        9.57766602957482       50.23164422599984
S           49.89387324996002       10.75132119172550       49.07485980032340
H           47.21200534237892        8.49464006600117       50.29843020553840
H           47.12970295558269       10.11150170618855       49.56654376834388
H           47.85953596387739        8.77954582220043       48.66684398576773
H           48.97589239211344       10.02935701485979       51.22483220281017
H           49.70303120637254        8.66205781387975       50.35646292606760
C           56.73306251077671        7.16922144388360       47.34805824326028
C           55.37438736912866        7.18981504073782       46.64733476909043
S           54.89486497780025        8.87390554301964       46.15011143712341
H           57.06129639006401        6.14529840535110       47.55655637152186
H           57.48224780529921        7.65205821882614       46.71489245934151
H           56.68041105588740        7.71929778158723       48.29256612276973
H           55.44212088395602        6.58703908422837       45.73083521410229
H           54.62491010347149        6.71563915699174       47.29681080049727
C           58.02545069456037       10.11444906366997       51.55392442552279
C           57.04989467913878        9.07461146880438       52.10496989195963
S           55.41587431382075        9.78095988867378       52.48628836863053
H           58.09549270057327       10.95805360080627       52.24676276685316
H           59.02721514084952        9.69071114891309       51.41787759489382
H           57.66903068849929       10.49244204094372       50.58695308778258
H           56.98585797574894        8.22818764876564       51.40439071954479
H           57.45328479345230        8.67946030983857       53.04906275828759
C           57.27604693468093       16.28482677314577       47.78662335586741
C           55.90138064492701       15.93443428708287       47.22201222431192
S           55.91342158422695       14.24623483438472       46.53358386508418
H           57.50891537519570       15.64287904553156       48.64053949451636
H           58.04068184108522       16.12390258421640       47.02260593465407
H           57.32304842936737       17.33037465783027       48.11034734528467
H           55.14107404828192       16.08412574050716       48.00411318422866
H           55.67278345727660       16.62498632015004       46.39752287959666
C           49.44525278084869       18.09909430067001       50.90401465856715
C           49.47262740357688       17.59790173475289       49.45312159842655
C           50.05485035147580       16.22359642711793       49.37774340779477
N           49.31737185106986       15.09834543508377       49.65825803478376
C           50.15980353932198       14.02609039261636       49.61680641851565
N           51.38821499362074       14.41925172331391       49.32913876734106
C           51.32895198216112       15.78586883814461       49.17306528894848
H           48.85169231118496       17.42627579506072       51.52431326356651
H           50.45766893915991       18.14412225070455       51.30983184106837
H           49.00429313115828       19.09429382544623       50.95044822638049
H           48.45317817993180       17.60009751449269       49.05613075892253
H           50.07238007838308       18.28358561168134       48.84656805509533
H           48.33496548217882       15.08429768163782       49.85542398245366
H           49.81817541232106       12.99848836699490       49.74353533053738
H           52.20892663078038       16.36229452188867       48.92544093744283
Fe          52.20443384224095       10.68092222704422       49.33768853282379
Fe          53.09440767823249       13.36082851352295       49.34636113838124
Fe          54.20425795423272        9.92881430404153       48.04967719866589
Fe          54.32236125761903       10.29324332505745       50.52831899763127
S           55.75806663090830       11.09142496048848       49.07051013016028
S           53.15638068628481        8.75674867178975       49.49621132851458
S           52.92571090313253       11.89008400202272       50.95265168243697
S           53.02267303167317       11.80859591465842       47.61975087217796
Ni          55.06530359232765       12.71593323564512       47.89587004667657
64
 energy: -106.494071430552 gnorm: 0.006104647664 xtb: 6.6.1 (unknown)
C           53.68617867726858       14.76556960581111       52.87039432251802
C           53.53109112291027       15.73026495867889       51.69736803074280
S           54.31550267285296       15.07072349553344       50.18713112327132
H           53.25607653434751       15.18032708621652       53.78835350845077
H           53.19062812419257       13.81246846108355       52.64460332464704
H           54.74572547074928       14.55974639811305       53.04626419914126
H           52.46668534137197       15.96275658504717       51.54945130193613
H           54.03641674170112       16.67418817294216       51.94217270323593
C           47.74230595727868        9.20789176685451       49.66713962277716
C           49.11158190898021        9.57843814695293       50.23372916013757
S           49.88948986447385       10.75505595027272       49.07808903306189
H           47.21069060466493        8.49553526160765       50.30745395520977
H           47.13220754017363       10.10888564385744       49.56637557863148
H           47.85989461102955        8.77072583699127       48.67327687695312
H           48.97536960586815       10.03061376904273       51.22593899612662
H           49.70699470784976        8.66333878761163       50.36164879835841
C           56.72653100331546        7.17565235167921       47.34517400502887
C           55.37006044768605        7.19186477113080       46.64076900458232
S           54.88279667676766        8.87638513788617       46.15044890650358
H           57.05732793440640        6.15240583099222       47.55989937553679
H           57.47597203751855        7.65446534525424       46.71135349764359
H           56.67364413839172        7.72835072414434       48.28602316836245
H           55.44339479541623        6.58993023168529       45.72336632439394
H           54.61842667828114        6.71344864469039       47.28583466299766
C           58.01981759653846       10.11864255411820       51.54583625897790
C           57.04475068402594        9.08065443379479       52.10092868298100
S           55.40945787520305        9.78527192346681       52.48851882162102
H           58.09582453950912       10.96096896656829       52.23894624602472
H           59.01927861459356        9.69181702510862       51.40911056521787
H           57.66060298688705       10.49701420880021       50.57966814252094
H           56.97762905020932        8.23492151729566       51.40333037758109
H           57.45038222854349        8.68778170768744       53.04250503818768
C           57.27781807632797       16.27818103770850       47.79439015786414
C           55.90460847842341       15.92839420950694       47.22421783719446
S           55.91429623720344       14.24479091272250       46.52227328867416
H           57.50549574579015       15.63704097745078       48.64718556180316
H           58.04818359684754       16.12192147709422       47.03444133927823
H           57.32176477470055       17.32023867262261       48.12256698601366
H           55.14456417927308       16.06817142840299       48.00821529559934
H           55.67568645566351       16.63207897826545       46.41402857268479
C           49.44508773119018       18.09954555037507       50.89515930633135
C           49.47248645019921       17.59083189344214       49.44873578959821
C           50.05803985560749       16.21847348812635       49.37942306779892
N           49.31952985838677       15.09497224497304       49.66298980614661
C           50.15938621087431       14.02147704842126       49.62149782463399
N           51.38835151614130       14.41452451380280       49.33534794776650
C           51.33126407552235       15.77785050263290       49.17503631433154
H           48.84960783131066       17.43200179046964       51.51827479490375
H           50.45719160237838       18.14523241262575       51.30172849538253
H           49.00696370073298       19.09561977549528       50.93623275516461
H           48.45216129607081       17.58851660720194       49.05340214596933
H           50.06924596875361       18.27465667823031       48.83718618580659
H           48.33573937790811       15.08039183530087       49.85299203659591
H           49.82342805197345       12.99023807229029       49.74642696865941
H           52.21061858992381       16.35335940924274       48.92405782932084
Fe          52.20747660176403       10.68857282867876       49.33498977732474
Fe          53.10659227343264       13.36062573557922       49.34799276337116
Fe          54.21488632437437        9.94683110155102       48.04972834062180
Fe          54.32224150197161       10.29501443913504       50.53275610988396
S           55.77250032675697       11.09503700629759       49.08098845160841
S           53.16267509768520        8.76425653103170       49.48833519550183
S           52.92789036893575       11.89065474186497       50.95568605975798
S           53.02125664791743       11.81833068770850       47.61592049506826
Ni          55.06591430286046       12.69996636079042       47.88154589599075
64
 energy: -106.494172153352 gnorm: 0.003322842465 xtb: 6.6.1 (unknown)
C           53.68553321472317       14.76705870640812       52.87220100321166
C           53.53151310135109       15.73038591358555       51.69776427628913
S           54.31626821035813       15.06885445616035       50.18846556547952
H           53.25414713374666       15.18277285656092       53.78925963454937
H           53.18960263925134       13.81417556350349       52.64771750706094
H           54.74540775552783       14.56229251711571       53.04836259380437
H           52.46685522110413       15.96168513450905       51.55004478889606
H           54.03670439743828       16.67504824317844       51.94022175024239
C           47.74286596739824        9.20770894272106       49.66818371305495
C           49.11189472359433        9.57862098021322       50.23483225111360
S           49.89190492142269       10.75233697818044       49.07743348478824
H           47.21203608276505        8.49625916435709       50.30949616021083
H           47.13265376363844       10.10801877910756       49.56568231904622
H           47.86057460732420        8.76833658754085       48.67523352614764
H           48.97609511210555       10.03116922824229       51.22715562721543
H           49.70754465213197        8.66399100138042       50.36274286793355
C           56.72524175948125        7.17688696734816       47.34426755922575
C           55.36924460255936        7.19222009040673       46.63915116919674
S           54.88280358131428        8.87622042603503       46.14685823583454
H           57.05508413947538        6.15391717533753       47.56012971258052
H           57.47534487481965        7.65534013185134       46.71007570229352
H           56.67064390204229        7.73130947706174       48.28483814997522
H           55.44354132490322        6.59151449453752       45.72129236552389
H           54.61772551018489        6.71298916999676       47.28343073119592
C           58.01937374111730       10.11939518289091       51.54512252607161
C           57.04463084875958        9.08133670653609       52.10091539152145
S           55.41010001055716        9.78723757103483       52.48798224415239
H           58.09567440574182       10.96253448959864       52.23751300390263
H           59.01862084492607        9.69197452858521       51.40665953144818
H           57.66034949489585       10.49778400862715       50.57911852967565
H           56.97595131036437        8.23563208616700       51.40227276198240
H           57.45024054011445        8.68840504515026       53.04330722892198
C           57.27859602000473       16.27669363135481       47.79784054295459
C           55.90574307794706       15.92976963196433       47.22494947954660
S           55.91787813876156       14.24966847970790       46.51585261870171
H           57.50615323190249       15.63292066239627       48.65001122375478
H           58.04842249693467       16.12079019555290       47.03751485164309
H           57.32225332333511       17.31953058821071       48.12636756219800
H           55.14533652715011       16.06563321691063       48.00954507587137
H           55.67576805925350       16.63391640043933       46.41430772068531
C           49.44509901052533       18.10024873225878       50.89317506224968
C           49.47235994848040       17.58980834050049       49.44680617200611
C           50.05842887710673       16.21738286045540       49.37906453960159
N           49.32007041095819       15.09388672255518       49.66345390730168
C           50.16003980970999       14.02065618478382       49.62355233067250
N           51.38891894962497       14.41314682596859       49.33599807552518
C           51.33216558239514       15.77680564387980       49.17614090757888
H           48.84918775258691       17.43356371105912       51.51724175651236
H           50.45720021345510       18.14569993087285       51.29990375079247
H           49.00726419698066       19.09678724411860       50.93285780081602
H           48.45206252470019       17.58589331794387       49.05149197810969
H           50.06850325519980       18.27327594012813       48.83416923779217
H           48.33597942804090       15.07921499211313       49.85223212176214
H           49.82414495461276       12.98980497958817       49.74932975467984
H           52.21165498468538       16.35230119831720       48.92524279380100
Fe          52.20946598154486       10.69050259967653       49.33444281891524
Fe          53.10710261981703       13.35676239119922       49.35144731510126
Fe          54.20960105686095        9.93435110882852       48.04958005202251
Fe          54.32171666428368       10.29491207083870       50.53124501303106
S           55.76308626083228       11.09567488393122       49.07218439437852
S           53.15758638626937        8.76276512820566       49.49415342349903
S           52.92663587273472       11.88937368142236       50.95950919345673
S           53.03056516791043       11.81679972563898       47.61697078517523
Ni          55.07052670016299       12.71195062520966       47.88054283732851
64
 energy: -106.494211591428 gnorm: 0.001647878113 xtb: 6.6.1 (unknown)
C           53.68491339253495       14.76955785334538       52.87482554306979
C           53.53191416745563       15.73057949029121       51.69820276690101
S           54.32073966293304       15.06749307317636       50.19135972600850
H           53.25156839953529       15.18654437781764       53.79050999152885
H           53.18868355414882       13.81691154265437       52.65179097845406
H           54.74490328062951       14.56590550133437       53.05212998392629
H           52.46707431762401       15.96071857972824       51.54979508725483
H           54.03681504064622       16.67600209489264       51.93810049450197
C           47.74412721477458        9.20738693704957       49.67004778369070
C           49.11300979038197        9.57917054582311       50.23600407391179
S           49.89236944141333       10.75177270587847       49.07633449759363
H           47.21428371213432        8.49716214772432       50.31288621389460
H           47.13361027039961       10.10675118858523       49.56500568922792
H           47.86212327906129        8.76507907878303       48.67832030645592
H           48.97754329471802       10.03234828375370       51.22829412850846
H           49.70902978719429        8.66507605448421       50.36401235872432
C           56.72310951684253        7.17864955278649       47.34298421307043
C           55.36781364822382        7.19320137656537       46.63660978418387
S           54.88064878892624        8.87695115562978       46.14479113149404
H           57.05211165454487        6.15621523571626       47.56049379994548
H           57.47406671577032        7.65679379392385       46.70880571088149
H           56.66653235160313        7.73521647333477       48.28296976503239
H           55.44337908445082        6.59427224112340       45.71796485052479
H           54.61686043512346        6.71232293213749       47.27988925024496
C           58.01858385010777       10.12041641798741       51.54340975555294
C           57.04412056518054        9.08273081455887       52.10041896431311
S           55.41051364389374        9.78988730644877       52.48733148415624
H           58.09534973762306       10.96426261849474       52.23512733695587
H           59.01778996792237        9.69285881115406       51.40273810160722
H           57.65858744900248       10.49870120715942       50.57782472487985
H           56.97440669803483        8.23652832307952       51.40136762296981
H           57.45027914638921        8.68965104097040       53.04331309982424
C           57.27903928005369       16.27385546964472       47.80230392045050
C           55.90640467578389       15.92879036596831       47.22790667395251
S           55.91905869619773       14.25069024697013       46.51457172203417
H           57.50597518672328       15.62770724666155       48.65395669229018
H           58.04870130007686       16.11782432500607       47.04209349034470
H           57.32327899279601       17.31722710233701       48.13173081617368
H           55.14542046833525       16.06332925161378       48.01218273001015
H           55.67704090429574       16.63340579233675       46.41647044732309
C           49.44508653490267       18.10136073822106       50.88999135653716
C           49.47204093356079       17.58815912342656       49.44401482066571
C           50.05888178002875       16.21576149147908       49.37840415092199
N           49.32123793296086       15.09194613737300       49.66398060570022
C           50.16189971377434       14.01940894632307       49.62596559414736
N           51.39058756941784       14.41204852842650       49.33769989991666
C           51.33322921739274       15.77591553593878       49.17697017680150
H           48.84860714422359       17.43603837959665       51.51536134063191
H           50.45720889093879       18.14657344401715       51.29672911683360
H           49.00773085969441       19.09842708056157       50.92763431730789
H           48.45171986982728       17.58215361210476       49.04897234047387
H           50.06730650307635       18.27106915573121       48.82986122871546
H           48.33684658237434       15.07686593541113       49.85133902745842
H           49.82605068253753       12.98908248968692       49.75286323305062
H           52.21275880409407       16.35162058647138       48.92637736384622
Fe          52.20819938770467       10.68595248463101       49.33373691950928
Fe          53.11107487977818       13.35604164390941       49.35428214221576
Fe          54.20837701166217        9.93346208772151       48.04861936321741
Fe          54.32231344287290       10.29681954830443       50.52888828856448
S           55.76121144111315       11.09706395432752       49.06846752212526
S           53.15991700783308        8.76108524599450       49.49437047121813
S           52.92264655199142       11.88737355998056       50.95855779898089
S           53.02953332879469       11.81691220897968       47.61965372682761
Ni          55.06944244586236       12.71281377441097       47.87724049247445
