68
 energy: -118.540662362221 gnorm: 0.182103392203 xtb: 6.6.1 (unknown)
C           54.63828292000000       14.88323360000000       52.17620422000000
C           54.19942299000000       15.83756281000000       51.07000166000000
S           53.76646172000000       15.02194403000000       49.49742513999999
H           54.84735123000000       15.42390417000000       53.10637311999999
H           53.85236975000000       14.14501407000000       52.36993939000000
H           55.54450279000000       14.34588404000000       51.87912602000000
H           53.32595662000000       16.40791799000000       51.42130250999999
H           55.00182986999999       16.56531412000000       50.88318990000000
C           47.43083328000000        9.63453124000000       49.21237278000000
C           48.74550430000000       10.03845040000000       49.87624696999999
S           49.73645878000000       10.95187124000000       48.64798614000000
H           46.78497120999999        9.07293992000000       49.89460824000000
H           46.89583740999999       10.52718964000000       48.88071284000000
H           47.63380024999999        9.01719540000000       48.33362660000000
H           48.52303807999999       10.66193013000000       50.75396037000000
H           49.25829064000000        9.13420023000000       50.23128955999999
C           57.37977620000000        8.43686672000000       47.78686423000000
C           56.26633631000000        7.91381688000000       46.88231416000000
S           55.08233352000000        9.20214726000000       46.36879654999999
H           58.05497242000000        7.62987364000000       48.09124722999999
H           57.96526597999999        9.19657328000000       47.26178873000000
H           56.95260974000000        8.89353313000000       48.68616859000000
H           56.71608546000000        7.50427702000000       45.96702154000000
H           55.75308629000000        7.08226592000000       47.38700698000000
C           57.49260235000000       10.18072689000000       51.97661747000000
C           56.49186264999999        9.08584705000000       52.34808747000000
S           54.82284769000000        9.73757116000000       52.68192224000000
H           57.51904911000000       10.93971292000000       52.76362355000000
H           58.50258950999999        9.77344422000000       51.85174804000000
H           57.19251646000000       10.66961803000000       51.03942652000000
H           56.48712625000000        8.31560108000000       51.56163316999999
H           56.83489312000000        8.59825339000000       53.27222097000000
C           57.74505413000000       15.90271350000000       47.81848933000000
C           56.44691518999999       15.45782826000000       47.14642686000000
S           56.67521326000000       13.78447711000000       46.44714451000000
H           57.99385514999999       15.23141114000000       48.64435584000000
H           58.56731695999999       15.86613918000000       47.09928799999999
H           57.67206708000000       16.92456492000000       48.20755035999999
H           55.62216410000000       15.52919853000000       47.87784719000000
H           56.22469910000000       16.15561230000000       46.32436677000000
C           49.99386978000000       17.20519460000000       52.05073794999999
C           49.35389774999999       17.37665786000000       50.66761287000000
C           49.59839420000000       16.19214942000000       49.79031674000000
N           48.74411949000000       15.11231977000000       49.76718386000000
C           49.25517528000000       14.20593363000000       48.88814442000000
N           50.37404706000000       14.64692550000000       48.37886762000000
C           50.61119353000000       15.87126755000000       48.92983774000000
H           49.60034129000000       16.31457265000000       52.54317355999999
H           51.07844793000000       17.10888245000000       51.96271287000000
H           49.77072623000000       18.07212617000000       52.67196348000000
H           48.27736745000000       17.52735272000000       50.79094736000000
H           49.76207068999999       18.27446261000000       50.19244609000000
H           47.87326759999999       15.05750717000000       50.25660023999999
H           48.81965753000000       13.22764632000000       48.70289148999999
H           51.50836344999999       16.42868107000000       48.70025745000000
Fe          51.94722422000000       10.88981093000000       49.22523574000000
Fe          53.73121567000000       12.79398135000000       49.61792596999999
Fe          54.14882005000000       10.11101565000000       48.18751048000000
Fe          53.91251911999999       10.46754802000000       50.68360153000000
S           55.48235843000000       11.42957721000000       49.45520335000000
S           52.90945426999999        8.95919356000000       49.49255856999999
S           52.40203218000000       11.98343659000000       51.08829407000000
S           52.99493157000000       11.93211368000000       47.45171228000000
Ni          55.20806632000000       12.42816016000000       47.46498215999999
C           52.11955605999999       12.14772994000000       45.83131945000000
O           52.13593988000000       13.30594445000000       45.38778645999999
O           51.59484654999999       11.12911446000000       45.35899165000000
H           52.14914899000000       14.23973010000000       45.03019748999999
68
 energy: -118.552574796363 gnorm: 0.086997706019 xtb: 6.6.1 (unknown)
C           54.63898566018144       14.88178343030441       52.17606694297248
C           54.19988395740472       15.83294010989545       51.06822693143111
S           53.77037941438645       15.01004908358859       49.49922991061383
H           54.84627660683278       15.42559140063051       53.10410510043901
H           53.85326389514353       14.14442275971599       52.37129969976463
H           55.54544998367834       14.34531618396577       51.88003371735496
H           53.32452734480815       16.40250012958709       51.41424350464966
H           55.00042130049508       16.56080436271369       50.87759556748871
C           47.43089049563625        9.63523354856239       49.21132771003989
C           48.74487820626126       10.03661744987668       49.87710862974701
S           49.74959730488243       10.93980933944860       48.65335251919311
H           46.78511503127242        9.07536777544520       49.89445026909079
H           46.89701504316003       10.52806787035364       48.87891738651117
H           47.63346032921974        9.01689805037246       48.33364022323033
H           48.52477543869461       10.66379054883813       50.75215136635637
H           49.25607766859815        9.13296223122583       50.23397399117896
C           57.38208426713835        8.44064015137343       47.78752792365021
C           56.26862690356555        7.91991125096714       46.88313611804565
S           55.08504447566647        9.21225462187684       46.38008830355990
H           58.05555350364601        7.63171947953399       48.08934460899254
H           57.96727473799543        9.20099801192784       47.26371349251176
H           56.95559638142688        8.89511908063133       48.68767544929085
H           56.71459540850305        7.51287652519504       45.96544707732056
H           55.75190073666312        7.08972187701777       47.38548650407677
C           57.49253454701566       10.18121171995197       51.97830713657651
C           56.48922082639679        9.08781322138157       52.34490266861291
S           54.81840071989905        9.74212339530763       52.66346502228209
H           57.51810014556434       10.94061399299629       52.76455967008992
H           58.50119808310495        9.77140704485392       51.85561717586116
H           57.19693299423014       10.66949063220929       51.04086472326026
H           56.48602014866460        8.31726774403441       51.55990562736111
H           56.82531680079990        8.60125725732679       53.27177908449273
C           57.74568518970059       15.89919845175046       47.81879951991971
C           56.44717849467057       15.45380942889625       47.14869206396266
S           56.66527186592308       13.77857593559552       46.45206182963168
H           57.99347852749715       15.22929895794199       48.64589826372943
H           58.56723947598469       15.86229945473137       47.09914796800197
H           57.66985350857115       16.92114197869851       48.20561053433830
H           55.62106922008505       15.52542045583940       47.87652321145677
H           56.22266311414736       16.14626238792978       46.32449766783899
C           49.99494147551231       17.20401563256589       52.05112866745075
C           49.35520721421944       17.37628002581118       50.66785429258741
C           49.60033833557437       16.19139055970865       49.79096027982080
N           48.74631517127486       15.11211758950393       49.76787441467070
C           49.25578037382662       14.20588385840345       48.88983117275342
N           50.37605326523990       14.64508566535300       48.37943363526489
C           50.61248443568781       15.87110022017661       48.92975965677057
H           49.60124569261200       16.31329881748915       52.54297879195619
H           51.07897591828849       17.10650097127465       51.96196590141020
H           49.77273407939587       18.07120635651659       52.67228423550689
H           48.27851830974641       17.52661059455757       50.79025813825630
H           49.76406281717341       18.27321591933185       50.19220559377900
H           47.87420568291911       15.05737695327039       50.25693315829982
H           48.81730084867123       13.23062077998242       48.70090617014147
H           51.50684296521829       16.42974260633214       48.69566617995827
Fe          51.94490918294737       10.88945984263177       49.23151872208636
Fe          53.73135271146582       12.80115475706845       49.63292125702156
Fe          54.14587638303271       10.10129394612826       48.18447818983022
Fe          53.91777905214130       10.46879927753191       50.68756438532139
S           55.45979066478341       11.43525544855712       49.44091415635292
S           52.91327115372080        8.97160839906858       49.50188057951330
S           52.40411568633747       11.97417614963489       51.08551629887498
S           52.99691939393065       11.93786368013303       47.45702653226399
Ni          55.21078712556546       12.43148952185900       47.46033242952982
C           52.14581098184050       12.12732386151432       45.84589884629469
O           52.14419293275407       13.32918272508871       45.38330460075978
O           51.57753831477238       11.15849648573702       45.35183251096161
H           52.13401451383373       14.21705417227646       45.02333078763608
68
 energy: -118.558033877883 gnorm: 0.029616282202 xtb: 6.6.1 (unknown)
C           54.64027587751371       14.88158333534501       52.17766764275706
C           54.19904093570025       15.82635114447230       51.06619653311500
S           53.76698325364844       14.98770778497282       49.50717231122159
H           54.84674178831177       15.42946230346818       53.10293740800189
H           53.85546059878389       14.14456472210065       52.37565741259067
H           55.54660511635462       14.34528853844267       51.88256631586406
H           53.32232470400714       16.39566231617624       51.40693820992418
H           54.99776210556229       16.55325828073095       50.86761048117134
C           47.43291674191525        9.63780419710492       49.20986687606463
C           48.74597983554779       10.03541745439714       49.87891750018521
S           49.76140490226613       10.93307028825410       48.65963509522695
H           46.78600359617391        9.07999650287199       49.89312488053577
H           46.90050882279974       10.53098812186877       48.87637255640010
H           47.63491682045368        9.01798842033184       48.33338503242431
H           48.52549197454115       10.66630999868233       50.75048346813564
H           49.25197245562939        9.13063671025851       50.23921390169018
C           57.38528900683833        8.44721156663422       47.78831553123599
C           56.27017808857705        7.93175404328162       46.88404429363125
S           55.08038852677965        9.22224480157093       46.38823686693271
H           58.05789951261821        7.63630475405667       48.08600248146861
H           57.97025539739771        9.20911585058295       47.26711898624620
H           56.96042547829160        8.89767686136695       48.69071766880351
H           56.71292546879417        7.52906965147436       45.96356435135154
H           55.75298354793320        7.10075779847080       47.38321904087933
C           57.48987586032580       10.18283203938788       51.97754208600615
C           56.48289542809371        9.09215502974612       52.33981951351702
S           54.81218735592823        9.75292151870180       52.64608652271150
H           57.51505411900327       10.94131452044415       52.76435384382349
H           58.49733118248607        9.76944818466444       51.85939060889933
H           57.19920564537043       10.67168297233087       51.03965497823905
H           56.48243878871871        8.32064246557929       51.55676651363054
H           56.80965818461420        8.60742076230753       53.27055629734777
C           57.74503723888252       15.89268967310742       47.81888110939513
C           56.44767532585688       15.44575337689291       47.14914075286672
S           56.67417026932264       13.77241450915660       46.45050566304483
H           57.99278189211503       15.22479434839263       48.64738336554908
H           58.56655707031201       15.85615565829282       47.09962431260814
H           57.66595458701950       16.91467135915112       48.20342118891895
H           55.62149592440895       15.51580747369235       47.87574580480430
H           56.22262481547276       16.13487494279179       46.32364901570264
C           49.99693519773000       17.20186707002115       52.05088813819052
C           49.35753328205209       17.37507862388094       50.66741397687116
C           49.60279243070767       16.18971726472075       49.79072740441762
N           48.74977370417513       15.11033099773383       49.76870237849838
C           49.25842415708738       14.20334468832125       48.89300355838763
N           50.37845932443723       14.64204916755749       48.37975265792922
C           50.61442299732808       15.86957793133644       48.92928936332704
H           49.60226902117079       16.31144840871783       52.54223676643905
H           51.08050773919807       17.10242276157604       51.96086088706317
H           49.77634085652316       18.06924850785463       52.67223143982653
H           48.28082254189434       17.52556016782714       50.78888799807023
H           49.76762342591408       18.27125955804396       50.19187700375548
H           47.87713509823552       15.05511227937085       50.25770301909977
H           48.81781768404490       13.23067509750933       48.70049604413961
H           51.50588165205338       16.42964756227100       48.68980154381611
Fe          51.94331386146807       10.88902043921425       49.24008985992023
Fe          53.72767916273400       12.79852028925210       49.65915797708237
Fe          54.14451956816833       10.08630761338692       48.18967998568728
Fe          53.92158556319836       10.47468812792477       50.68185138114669
S           55.45200131407333       11.45062959028085       49.42400799984823
S           52.91089969086848        8.97179762235902       49.51184163781651
S           52.39223854757061       11.96560575923169       51.09887187926296
S           53.00935563902561       11.94039602110384       47.44550131880536
Ni          55.22355049118565       12.44855370077740       47.44208010464057
C           52.12333286393235       12.11482436376885       45.90287852603323
O           52.14210219794047       13.35189716479738       45.39597169459562
O           51.58550519144988       11.18812634465507       45.31974818168315
H           52.13070099146607       14.18668074494884       44.99829555072531
68
 energy: -118.558705461760 gnorm: 0.032592908679 xtb: 6.6.1 (unknown)
C           54.64202498124771       14.88266437215067       52.18019902323206
C           54.19771015951675       15.82156306744313       51.06509110777749
S           53.75849545406730       14.97658391366691       49.51253190708670
H           54.84897949942493       15.43446982018829       53.10287116934256
H           53.85844751537750       14.14547740761437       52.38216369253561
H           55.54837145406231       14.34607521669467       51.88601368916391
H           53.32136571748904       16.39182908254840       51.40376789074658
H           54.99549586065196       16.54682199928780       50.85857441891682
C           47.43461142959174        9.64055666817921       49.20829330104537
C           48.74724454029763       10.03596674077976       49.87907342206887
S           49.76376719008297       10.93040376066631       48.65776541693235
H           46.78606104280020        9.08490438945206       49.89161678115275
H           46.90426696753470       10.53440893841357       48.87333624230528
H           47.63630089048041        9.01918544103197       48.33285654710616
H           48.52664930486156       10.66970960836163       50.74831032256753
H           49.24936926431701        9.13030268249025       50.24260828472703
C           57.38932031508894        8.45626621291494       47.78792382049552
C           56.27455952386080        7.94261845201672       46.88263762474183
S           55.07723359678474        9.22997724446181       46.39714560860189
H           58.06229455001419        7.64405989296065       48.08077372406830
H           57.97376970787581        9.22093004821556       47.27026139954468
H           56.96539690898847        8.90160616236199       48.69331843681404
H           56.71551793552192        7.54630588316335       45.95882350330033
H           55.75885960055445        7.10941862449782       47.37885600070628
C           57.48689219588267       10.18467133903568       51.97581641159557
C           56.47626173530598        9.09674499490092       52.33529633010357
S           54.80751511172840        9.76278813474671       52.63921280534229
H           57.51218058952954       10.94240826885551       52.76328282959226
H           58.49341663377163        9.76809612805173       51.86108187123221
H           57.20002423787808       10.67468986285475       51.03737887084133
H           56.47607412393397        8.32483460257049       51.55290145337220
H           56.79686770230441        8.61233212918254       53.26793722475931
C           57.74363160096804       15.88541931362542       47.81916282684423
C           56.44766785390689       15.43564446707101       47.14918330196766
S           56.67738800778454       13.76120366835235       46.45338114712881
H           57.99151371898343       15.21960618115922       48.64920059441427
H           58.56555999127424       15.84812009573897       47.10061126964359
H           57.66292423010971       16.90797224578249       48.20151504293477
H           55.62152442112230       15.50482695399512       47.87546363989645
H           56.22184465113315       16.12275433069381       46.32256333942375
C           49.99983962022188       17.19840441960366       52.05087705531383
C           49.36078895116544       17.37305938913762       50.66737272769134
C           49.60529521291818       16.18767589891216       49.79037468266155
N           48.75326051852068       15.10773215955094       49.77032249027175
C           49.26113304825139       14.20026529876336       48.89543591481020
N           50.38036080405487       14.63892480157048       48.38009186586157
C           50.61606423244192       15.86745116626614       48.92812359509696
H           49.60363827852487       16.30854252079398       52.54194899185745
H           51.08317887828753       17.09691914913282       51.96055557165126
H           49.78099110234673       18.06593526276066       52.67255653280165
H           48.28419797284273       17.52423402796305       50.78854069139361
H           49.77197507766787       18.26892144037296       50.19230739671037
H           47.88133224993973       15.05170662169162       50.26036053675676
H           48.81977217179918       13.22854463977753       48.70168939530316
H           51.50570883008142       16.42856766405759       48.68472307328528
Fe          51.93511993725603       10.88690357141870       49.25019950528065
Fe          53.73014733701561       12.80037421966347       49.68244932635014
Fe          54.13505929010059       10.08508660563079       48.18933067817741
Fe          53.92235840934821       10.47597382130194       50.67919591165867
S           55.45037301710354       11.45444421102009       49.41986369257595
S           52.90778637547074        8.97104657015794       49.51580194675518
S           52.38600194072336       11.95869460244920       51.10926373193856
S           52.99637696408635       11.95677920677817       47.44761283757291
Ni          55.22034158104411       12.45485621412520       47.44199314940374
C           52.22281519805443       12.08040748481071       45.87998015505917
O           52.16920244786211       13.35426981749497       45.39056346614040
O           51.52138453933556       11.21947928571307       45.35389044345836
H           52.08129823742940       14.18077373290325       44.97110704009253
68
 energy: -118.560519108956 gnorm: 0.030239561693 xtb: 6.6.1 (unknown)
C           54.64307863077360       14.88319860212783       52.18209561976395
C           54.19618730064764       15.81726654900607       51.06372199568478
S           53.75600432140848       14.96798299068741       49.51414683234702
H           54.85045769764940       15.43881211892636       53.10246854566659
H           53.86074195187025       14.14560004603849       52.38792533599320
H           55.54999716386710       14.34661561216510       51.88924368805805
H           53.32055587193086       16.38895143187786       51.40179545540580
H           54.99353927812290       16.54160280129575       50.85256524815781
C           47.43462264123490        9.64248845206531       49.20724844297346
C           48.74651547706984       10.03589657216502       49.88057614110546
S           49.76760858864134       10.92496251244218       48.65969076544661
H           46.78346569279583        9.08875245407696       49.88967875867655
H           46.90722516934501       10.53741931032390       48.87042687613157
H           47.63708151882228        9.02002287112804       48.33268612920470
H           48.52635614352901       10.67179648166469       50.74835295951376
H           49.24627656820983        9.12991228500737       50.24652540248051
C           57.39100214072707        8.46456107139829       47.78683233001018
C           56.27625313414188        7.95273665404225       46.88018499704169
S           55.07765555334871        9.24010575395690       46.39733181211797
H           58.06419924099163        7.65114499536956       48.07588544268599
H           57.97568689675466        9.23114919641758       47.27211007777581
H           56.96813481616629        8.90608337567891       48.69474952888785
H           56.71759095146324        7.56028029658010       45.95491961188675
H           55.76212334198175        7.11719638367567       47.37417193614809
C           57.48476495902371       10.18563050555952       51.97515944614478
C           56.47205733523698        9.09932761525942       52.33377669903048
S           54.80540819043846        9.76816257752470       52.64041658543823
H           57.51050684818723       10.94339841513188       52.76264814228860
H           58.49064374808231        9.76724486893514       51.86137936472051
H           57.19973550391697       10.67633649917566       51.03629270088330
H           56.46983075367940        8.32801905236077       51.55067517620648
H           56.79126609506872        8.61376900484477       53.26601885732752
C           57.74271771805009       15.87943545740771       47.81979935454037
C           56.44732863563539       15.42685190028423       47.15038321788244
S           56.67331372703493       13.74767359296884       46.46414405516956
H           57.99051618359260       15.21581261715209       48.65163038996557
H           58.56512070500511       15.84042124144450       47.10183172097655
H           57.66163775576617       16.90298401859381       48.19969583312861
H           55.62082393806245       15.49798369313716       47.87601289529781
H           56.22124307772270       16.11134220008724       46.32133271012904
C           50.00249325635102       17.19560909715965       52.05086929162842
C           49.36368805247948       17.37180318823285       50.66750209757255
C           49.60708776941618       16.18675620720360       49.78997390822234
N           48.75542418633896       15.10643709135872       49.77159349739721
C           49.26241469869382       14.19912418203313       48.89579345258468
N           50.38091339166180       14.63784947019230       48.37954450863183
C           50.61685848862857       15.86649626212362       48.92650899227473
H           49.60490346266323       16.30620590757683       52.54172491062962
H           51.08575250332851       17.09257995659841       51.96062497956030
H           49.78493428610965       18.06322078475239       52.67287969980003
H           48.28724735624947       17.52382769473182       50.78880840658485
H           49.77561363461617       18.26760660166655       50.19289074278108
H           47.88465118691747       15.04977122988832       50.26318007677727
H           48.82089038716270       13.22730956496171       48.70262310990135
H           51.50591236209544       16.42802311870899       48.68156631892960
Fe          51.93310274468755       10.88745561208469       49.25555313043137
Fe          53.73648185081021       12.79215879202030       49.68221987673019
Fe          54.14099369368942       10.10054281232994       48.18993010634255
Fe          53.92353396404322       10.47666181634759       50.68268555426112
S           55.45896061627767       11.45330842147439       49.43178013998540
S           52.91466209089749        8.97684027121529       49.51057522338825
S           52.38709588680733       11.95873132662724       51.11163347520131
S           52.98795718610975       11.96160259420645       47.44651639164015
Ni          55.20704902370422       12.44654342374245       47.45384295729406
C           52.16859689956252       12.09209134762750       45.91797923320294
O           52.16460292049538       13.35817869697297       45.39382363297391
O           51.54913630444192       11.21436404474795       45.34411953781908
H           52.09296896977033       14.17016055543021       44.91206036516365
68
 energy: -118.561691959411 gnorm: 0.042749051820 xtb: 6.6.1 (unknown)
C           54.64441521291659       14.88596219590223       52.18386147574109
C           54.19476622775193       15.81689323256258       51.06354260936147
S           53.75219011128956       14.96890237561145       49.51473655501223
H           54.85297302748486       15.44533343445253       53.10177039253098
H           53.86356019263010       14.14795617857132       52.39462715359043
H           55.55180865450505       14.34926958874740       51.89201516889865
H           53.32045095307457       16.38986285941631       51.40295465933895
H           54.99225448340903       16.53983768639437       50.84865317580496
C           47.43242236749003        9.64484780249750       49.20667683138393
C           48.74265533490752       10.03667935416497       49.88377650281910
S           49.76727570378619       10.92348010241973       48.66530454956625
H           46.77746719417168        9.09307940829528       49.88709305219041
H           46.90897824362450       10.54101130993516       48.86691006033511
H           47.63737038540773        9.02139229744260       48.33332553551266
H           48.52223408115569       10.67384631282114       50.75049049240550
H           49.24105861385553        9.13070849794140       50.25160292461759
C           57.39330707875976        8.47868727603018       47.78447644156721
C           56.28016596452876        7.96797432555003       46.87457523670184
S           55.07734004388529        9.24925607452954       46.38560296813672
H           58.06794921179748        7.66491981543583       48.06967814193394
H           57.97756867364277        9.24849617154294       47.27391940943729
H           56.97016236838378        8.91503021843693       48.69490113049983
H           56.72488373276415        7.57955393404647       45.94937368200300
H           55.76900544376998        7.12860545835531       47.36548196563800
C           57.48383787823019       10.18648392372036       51.97656122374585
C           56.46775082258763        9.10286805267480       52.33400068012535
S           54.80436072628451        9.77647317132639       52.64532864674155
H           57.51004300789955       10.94480702966288       52.76355301019624
H           58.48871567613354        9.76560763580688       51.86372469432954
H           57.20220631488463       10.67793496361771       51.03706295834290
H           56.46132439585929        8.33366103747256       51.54866343514166
H           56.78681609625730        8.61406208509795       53.26434699932083
C           57.74294068785574       15.87459839136682       47.82110481120839
C           56.45027590834240       15.42001223371013       47.14827991562078
S           56.69470020661044       13.74627631587510       46.45642791126745
H           57.98953697194942       15.21089530943281       48.65334016807677
H           58.56698090106856       15.83580109080120       47.10489995654793
H           57.65962167828803       16.89804258487647       48.20065852146727
H           55.62127527748314       15.48391131119104       47.87235998914356
H           56.22212097421764       16.10451196483221       46.31958792431764
C           50.00661706135600       17.19087923544023       52.05041007529822
C           49.36809276003394       17.36913212002103       50.66725575521139
C           49.60949600644884       16.18463076692414       49.78864399499390
N           48.75842448627382       15.10363225943715       49.77273742543777
C           49.26393075892727       14.19672449380260       48.89501804676610
N           50.38038256856609       14.63649822077048       48.37613438445980
C           50.61739890624919       15.86462938210623       48.92277039468463
H           49.60686499460543       16.30227135661373       52.54102526203901
H           51.08973329784482       17.08543667716217       51.96032284187857
H           49.79107557209212       18.05873473580146       52.67281563953724
H           48.29192589028347       17.52280325563975       50.78895981363914
H           49.78118278927400       18.26487824470534       50.19340675824809
H           47.88975680127423       15.04569494430295       50.26748415747706
H           48.82318575011122       13.22396102916844       48.70405165138672
H           51.50607446318934       16.42634182685791       48.67668753735222
Fe          51.92853878796490       10.88307811728408       49.26086104537342
Fe          53.72242427323820       12.79511457244312       49.70350287518646
Fe          54.13369360483996       10.07640346534711       48.19392895019087
Fe          53.91675072829533       10.47434367830118       50.68709767027327
S           55.43686180427276       11.45617934439325       49.41953291740248
S           52.90309824626056        8.97065643051653       49.52296094885353
S           52.37288914473913       11.94727260223040       51.12423297141456
S           52.99613260031861       11.94857529789101       47.44660162734984
Ni          55.21444446768982       12.44744567612120       47.42634508012056
C           52.13527187131615       12.09928272828509       45.95147982325491
O           52.18320289194449       13.36437849154184       45.41485130569482
O           51.54826984392618       11.21753460718312       45.34666693010135
H           52.11271123972766       14.14614557714098       44.86429785575871
68
 energy: -118.566369796388 gnorm: 0.068274520073 xtb: 6.6.1 (unknown)
C           54.64753848399589       14.89206898346510       52.18782761669786
C           54.19174190523291       15.81565633861075       51.06336681976774
S           53.74281444523983       14.95837045003664       49.52279860949292
H           54.85834829076028       15.45952669417976       53.10038339551645
H           53.86974652765003       14.15324008907301       52.40844242544190
H           55.55580013815855       14.35517622209905       51.89778912305851
H           53.32002255010352       16.39124936810970       51.40556849337973
H           54.98920502478984       16.53586788700135       50.83933260143491
C           47.42771925646767        9.64948137112859       49.20633738768278
C           48.73489792264805       10.03886253406902       49.88986372723425
S           49.76373302215181       10.92282412716110       48.67511627846073
H           46.76538808124241        9.10175647365149       49.88291334244705
H           46.91182667258607       10.54774334199806       48.86041351199503
H           47.63753704627862        9.02374566724278       48.33563848160374
H           48.51357218384399       10.67802712630339       50.75473541968656
H           49.23114541427796        9.13307088365765       50.26111734524550
C           57.39882345996759        8.50628061805883       47.78030415514914
C           56.28815145895963        7.99883929618214       46.86453413527922
S           55.07517931474079        9.27166740022241       46.37662027607394
H           58.07686462354881        7.69184795796727       48.05647025992346
H           57.98110624673510        9.28353334210687       47.27837192615475
H           56.97506017202985        8.93093818937325       48.69624974724142
H           56.73805735910891        7.62008344651169       45.93783078050561
H           55.78400176905193        7.15101518418737       47.34883855497693
C           57.47981627196449       10.18916107877562       51.97743422878239
C           56.45980692869695        9.10928018956550       52.33536271287723
S           54.80265784095277        9.79119608271080       52.65689261242346
H           57.50725407020570       10.94870319064018       52.76333058849439
H           58.48320067020161        9.76467917377222       51.86584499195995
H           57.20178070696754       10.68104445028191       51.03669795597865
H           56.44486832615884        8.34456438140106       51.54534685639556
H           56.78118846528568        8.61441110791750       53.26128021232334
C           57.74064223286356       15.86049629253276       47.82173534525055
C           56.45112264338553       15.39998528441858       47.14704165800472
S           56.71110136565887       13.72585882826546       46.46175709594635
H           57.98561667632413       15.20042723295547       48.65752830427042
H           58.56721628759627       15.81865562875014       47.10839085070452
H           57.65551432307301       16.88558499165568       48.19665210627400
H           55.61987251801451       15.46137953081749       47.86948611755199
H           56.22145787243878       16.08108509282231       46.31508734608414
C           50.01478751529073       17.18155865102142       52.04925366197972
C           49.37692076465333       17.36387592100060       50.66650503630940
C           49.61412552877067       16.18040431013891       49.78578840797945
N           48.76414082370051       15.09808314387155       49.77483037034182
C           49.26657656723866       14.19204430278090       48.89291556028992
N           50.37853400097021       14.63421788019922       48.36838822237316
C           50.61793146398854       15.86107432874967       48.91462210424214
H           49.61049692066239       16.29472067171710       52.53948602856949
H           51.09759627051862       17.07101317672564       51.95951712544789
H           49.80354500663114       18.05005214073924       52.67233634107973
H           48.30132188473115       17.52125625289763       50.78884431728476
H           49.79267913658705       18.25939594358247       50.19424024368143
H           47.89996975405464       15.03740762727290       50.27634846923494
H           48.82735936521333       13.21727541221733       48.70678263369265
H           51.50601397906831       16.42313827063965       48.66690353150845
Fe          51.91831328812483       10.87422268040326       49.26815865746467
Fe          53.71614088222869       12.78298127134333       49.71621489898027
Fe          54.13732341613082       10.06751964804415       48.20933836566419
Fe          53.90489666665787       10.47264095415628       50.69725721856767
S           55.43005932221372       11.45528092631071       49.43143565957298
S           52.89718782009185        8.96394183797227       49.53026275276301
S           52.35591128229950       11.94207714405896       51.13381751020069
S           52.99732826997904       11.92088574466776       47.43367110824396
Ni          55.21101650364459       12.42640195123812       47.41078845531573
C           52.10817765551967       12.11138138799212       45.97471482922409
O           52.23261386345762       13.39224990229244       45.46546404592578
O           51.51730272629693       11.24319592285124       45.33631359560990
H           52.11353319193091       14.09450921543704       44.78040215068908
68
 energy: -118.560065224838 gnorm: 0.138695931939 xtb: 6.6.1 (unknown)
C           54.65036113302696       14.90002361402704       52.19068480967589
C           54.18744234958552       15.81658180352691       51.06214484034047
S           53.73522478542938       14.95011582115251       49.53122102048140
H           54.86337080999214       15.47764825798071       53.09651509537678
H           53.87724068086069       14.15954760712401       52.42455497991592
H           55.56098666710104       14.36308085129388       51.90464403905793
H           53.31991410515312       16.39560682099972       51.41171753980539
H           54.98637138384851       16.53240579849528       50.83014847515842
C           47.42134067289123        9.65385805317614       49.20746721783874
C           48.72470231715253       10.04092860375067       49.89721938697208
S           49.75646137036420       10.92066517068196       48.68817655792365
H           46.74872555414975        9.11176291767110       49.87830341491392
H           46.91715210296221       10.55538777585150       48.85265786545152
H           47.63851441332405        9.02523003705171       48.34035076754513
H           48.50406103141042       10.68223055516176       50.76049441755537
H           49.22031138901723        9.13641012709131       50.27239785881162
C           57.40467199334469        8.53707601879496       47.77660490194462
C           56.29601640378000        8.03468410104380       46.85320815230948
S           55.07218686484647        9.29603485133424       46.36016250064733
H           58.08697562561143        7.72162269797673       48.04118507216053
H           57.98526775652400        9.32285468117618       47.28544286810983
H           56.98087963981934        8.94743031158372       48.69928351525405
H           56.75466077036825        7.66533215945132       45.92699813389564
H           55.80269892745378        7.17558832093968       47.33077296995441
C           57.47558589182093       10.19190844035119       51.97975831181972
C           56.45169812478790        9.11599211556572       52.34010304709501
S           54.80322158339860        9.80666998871453       52.67688987440646
H           57.50240271494917       10.95524172883052       52.76234648189195
H           58.47759574597687        9.76441584555955       51.87060841252787
H           57.20310807395241       10.68262889435562       51.03572576655036
H           56.42447237236131        8.35935557105353       51.54125611249563
H           56.78079446852262        8.61147479791071       53.25750655272566
C           57.73696136308391       15.84530012193864       47.82129373943130
C           56.45060978625100       15.37846599540821       47.14495019831349
S           56.73599743495671       13.70680909624908       46.46415100049677
H           57.97963662384436       15.18903225886813       48.66124104214348
H           58.56710162896839       15.79799710456439       47.11168849012189
H           57.65237788975900       16.87255945117615       48.19083210960154
H           55.61697868769755       15.43593159356401       47.86732584989231
H           56.21862727301831       16.05728433850637       46.30938513691288
C           50.02344584240692       17.17113121649925       52.04719447914800
C           49.38720966693472       17.35808511300577       50.66486610280261
C           49.61881027976001       16.17622486212901       49.78180770414021
N           48.76936798061121       15.09222864441074       49.77726848247296
C           49.26882154974671       14.18756502588049       48.88743461020982
N           50.37360241789393       14.63392498435015       48.35717065297536
C           50.61696623066376       15.85718054977431       48.90313583099666
H           49.61296695900148       16.28711979788254       52.53760877136204
H           51.10615270322396       17.05413432633078       51.95881277472480
H           49.81787771316895       18.04087050247156       52.67070545898078
H           48.31232614102326       17.52151790909940       50.78736996302334
H           49.80700902124338       18.25354615801653       50.19515679338282
H           47.91250202370953       15.02718637429644       50.28872889025109
H           48.83184281479681       13.20875620185243       48.71074707751754
H           51.50613447812761       16.41910142110558       48.65842608972211
Fe          51.90044570501889       10.86120006019680       49.27780433523583
Fe          53.71052488297597       12.76204511680671       49.73086159436092
Fe          54.14802835921260       10.05864353035698       48.23627260191230
Fe          53.88553792348370       10.47045064217444       50.71208579116751
S           55.42399515745172       11.45243436321711       49.45272341749070
S           52.88818313733398        8.95212558663041       49.53673879934050
S           52.33245301342352       11.93926373183175       51.14779039268758
S           53.00599716483413       11.85275037190970       47.39678478685382
Ni          55.20418623947781       12.38975838374941       47.37133584329308
C           52.07644694050477       12.14994482235014       45.98223925857051
O           52.36476636631853       13.48582303631884       45.64111927194028
O           51.47258233018312       11.30360820455817       45.27823581514615
H           52.05231098612237       13.96039691284398       44.64749058277651
68
 energy: -118.576317691499 gnorm: 0.067149273105 xtb: 6.6.1 (unknown)
C           54.64983818788123       14.89875661855093       52.18950004883576
C           54.18933582547476       15.81799409971695       51.06276341528481
S           53.73578741737209       14.95154130042640       49.52989995887918
H           54.86244941072348       15.47301419881958       53.09755851480084
H           53.87485840175874       14.15913246030848       52.41860058987700
H           55.55917025869928       14.36180597626611       51.90126895328980
H           53.32028254305411       16.39567879511445       51.41017864910972
H           54.98750096493887       16.53622857482541       50.83387180603405
C           47.42262592914855        9.65218930693775       49.20840084782945
C           48.72729561497459       10.04055475844421       49.89617707396341
S           49.75472804149877       10.92394575337103       48.68305650975895
H           46.75310839237199        9.10844233573145       49.88105466705407
H           46.91419939619189       10.55219319496761       48.85588280739153
H           47.63755105249553        9.02414623375281       48.34045723976291
H           48.50522516899743       10.68050772330524       50.76032226296427
H           49.22354835985671        9.13550904161371       50.26960862432018
C           57.40328087467796        8.52839757090204       47.77781571719519
C           56.29505924229822        8.02348545716319       46.85633339003509
S           55.07440149248907        9.28924447000944       46.36847656620430
H           58.08474446593108        7.71399604537725       48.04670999691933
H           57.98331971888447        9.31216939103581       47.28305114184387
H           56.97808663937720        8.94318289155204       48.69778795206559
H           56.75120614736750        7.65068568555797       45.93003113961846
H           55.79762471488193        7.16834610379737       47.33593368911266
C           57.47709458124818       10.19197778143400       51.97919383583328
C           56.45517166965758        9.11437167473910       52.33986801863153
S           54.80377670065824        9.80185242141093       52.67444567624012
H           57.50464058587774       10.95404620219404       52.76281291977429
H           58.47975836234472        9.76566039391020       51.86906218740216
H           57.20142887955588       10.68243814268972       51.03637625122199
H           56.43103142446085        8.35532777110150       51.54387825469434
H           56.78377475450403        8.61218205317273       53.25930414116936
C           57.73757378507251       15.84917569881397       47.82031242166534
C           56.45029284686264       15.38277037550609       47.14480905735601
S           56.72055168664755       13.70701171138700       46.46709209719891
H           57.98113255346956       15.19254070583750       48.65949501178270
H           58.56664680668159       15.80389294302637       47.10966413878668
H           57.65269964057807       16.87610516284148       48.19098089143076
H           55.61804666668151       15.44436486994461       47.86719357995818
H           56.21960632707263       16.06259891144295       46.31055117528916
C           50.02110192915542       17.17445124814979       52.04728523596738
C           49.38416767565556       17.35972438122875       50.66479666642227
C           49.61735018186122       16.17696830206943       49.78267710523979
N           48.76770540577632       15.09358019385566       49.77601984060449
C           49.26770964659099       14.18842950551054       48.88885931860301
N           50.37450814138999       14.63380305994273       48.35913404038406
C           50.61684791168116       15.85838461709783       48.90571447078407
H           49.61254760332102       16.28957226805204       52.53763830889700
H           51.10372574644844       17.05933293585229       51.95838492456646
H           49.81366538690556       18.04389652176415       52.67048311737850
H           48.30910111911616       17.52128433399852       50.78752074690952
H           49.80257866563089       18.25502452727850       50.19391157491370
H           47.90846000716257       15.03023756700855       50.28487181758409
H           48.83034821049594       13.21077294558888       48.70981530141587
H           51.50570004213552       16.42042783082702       48.65988552787522
Fe          51.90835580238422       10.86443022908804       49.27093605786086
Fe          53.71137038526741       12.76415526487262       49.70853771547124
Fe          54.14580732142329       10.06788752661057       48.22787095317504
Fe          53.89152367248846       10.47099199949465       50.70780718516828
S           55.43256896648973       11.44954066011894       49.45157129133582
S           52.89367185471286        8.95459745811648       49.53360636936803
S           52.34318598792755       11.94446205180542       51.13672938581270
S           52.99337332673371       11.86824040657839       47.40557151979714
Ni          55.19760901537477       12.39235799773976       47.39523683466359
C           52.10122834056384       12.13987911362242       45.93707489284692
O           52.30989045712911       13.44403070406083       45.55977870937639
O           51.47269151913554       11.28293753897062       45.29290923787276
H           52.09795258434175       14.02332615369958       44.77092532913171
68
 energy: -118.580584912478 gnorm: 0.048759888831 xtb: 6.6.1 (unknown)
C           54.64975363150675       14.89723767704952       52.18815539322887
C           54.19026946926142       15.81531181324267       51.06029471061611
S           53.74075004397123       14.95221418885858       49.52381561908442
H           54.86121839123626       15.46970476234494       53.09745479428540
H           53.87392012918411       14.15824403648379       52.41414519160213
H           55.55870949723235       14.36075325444868       51.89925661497573
H           53.31969826498762       16.39202669911631       51.40476999997771
H           54.98687992986613       16.53593928521559       50.83421673517434
C           47.42246481889327        9.65102935971251       49.20974078057411
C           48.72796243185731       10.03985458749419       49.89592713584781
S           49.75663139493127       10.91959947359256       48.67967921689480
H           46.75508861043880        9.10733132682970       49.88420580032232
H           46.91163052442012       10.54981637132892       48.85808052624286
H           47.63529439885159        9.02231005486253       48.34194883677144
H           48.50554282701911       10.68021877612040       50.75976902620280
H           49.22316148590917        9.13433694327673       50.26948630549407
C           57.40471585780874        8.52275731635481       47.77912301302791
C           56.29835141882764        8.01504997439012       46.85828945102554
S           55.08101383470983        9.28715591164185       46.38262085386286
H           58.08576432023631        7.70950400951871       48.05065456122333
H           57.98371468193239        9.30607429154158       47.28291153297204
H           56.97702019851356        8.93931041143750       48.69681957293010
H           56.75121789547706        7.64209498310027       45.93049224182339
H           55.79650982059188        7.16331773159879       47.33812902550675
C           57.47780540128566       10.19211803912303       51.97913481066950
C           56.45632620739472        9.11378869863692       52.33876159480552
S           54.80259000871310        9.79829358296915       52.67047933148363
H           57.50498792001416       10.95377448352939       52.76302009742619
H           58.48089306312465        9.76647042255670       51.86973463944511
H           57.20116451429575       10.68182696962250       51.03661766738546
H           56.43542497144955        8.35297506504287       51.54509134534636
H           56.78333652459566        8.61349653800185       53.25988522061820
C           57.73611785371683       15.84803983741009       47.81879278035076
C           56.44676573536712       15.38132355850732       47.14709843001496
S           56.69965743429520       13.70063764515432       46.47464654022509
H           57.98146105817708       15.19330113373608       48.65875247387123
H           58.56371390662287       15.80291070178633       47.10667749719304
H           57.65144724730953       16.87550954343029       48.18793530572349
H           55.61640591569770       15.44907782196847       47.87027412880205
H           56.21739577352754       16.05971111242986       46.31193127447001
C           50.01993692491606       17.17653134437008       52.04762920862717
C           49.38293613136855       17.36105826077055       50.66494207850052
C           49.61720678548291       16.17776723411248       49.78361192754369
N           48.76731417684087       15.09499066629914       49.77587097973142
C           49.26716061227553       14.18964099064408       48.89001704453085
N           50.37527932734258       14.63384372472603       48.36087355466058
C           50.61652940567682       15.85989170457279       48.90637047493872
H           49.61241287260422       16.29126706430704       52.53796193545526
H           51.10243689325595       17.06215581267697       51.95821175711750
H           49.81186458172365       18.04588145927778       52.67064350236028
H           48.30771528008103       17.52163538216031       50.78727243780317
H           49.80099523144999       18.25598172161363       50.19333259030031
H           47.90680927558465       15.03244395156060       50.28312451817135
H           48.82756802220426       13.21402202753025       48.70824043608579
H           51.50361189655728       16.42356382249378       48.65761309691965
Fe          51.90884256891047       10.86150197152221       49.27444356643532
Fe          53.72058855970290       12.77144051992286       49.70355068732069
Fe          54.13123508302620       10.07937425048975       48.21448188833322
Fe          53.89890740521712       10.46702874531991       50.70428461546114
S           55.43394594111543       11.44363818725467       49.44764983847584
S           52.90062787949444        8.95468442164541       49.53298646727330
S           52.35576274597648       11.94610975814793       51.12884142553467
S           52.97189736878712       11.89162905793100       47.41849621922739
Ni          55.18398790187219       12.38962413893781       47.40663601807802
C           52.14264960443890       12.14722163219395       45.91754015930901
O           52.31464952043461       13.45618265346330       45.56550607614074
O           51.50338317341161       11.30403485056846       45.28110958535447
H           52.06416985701424       14.01259840202326       44.79527253282381
68
 energy: -118.587386502325 gnorm: 0.026096194119 xtb: 6.6.1 (unknown)
C           54.65075417456267       14.89822749622779       52.18647276883206
C           54.19079689084865       15.81327971065049       51.05708007703284
S           53.74232009796738       14.94421402443877       49.52152016961102
H           54.86186170738961       15.47023387908843       53.09585884355375
H           53.87413994094285       14.16028072650138       52.41040011518288
H           55.55864768291858       14.36239575549796       51.89564604436865
H           53.31742136142084       16.38809024731644       51.39672450297050
H           54.98423274212763       16.53794267422214       50.83108508392755
C           47.41734505283033        9.64952311112920       49.21379990674360
C           48.72255286170301       10.03937464237470       49.90056863790652
S           49.75264990669183       10.91787514727855       48.68190316992133
H           46.75142366265607        9.10679532897248       49.89019919220546
H           46.90391188380684       10.54629923000673       48.86113660173313
H           47.62915019858035        9.01891546364830       48.34739385616443
H           48.49796518588497       10.68012156721333       50.76362417745772
H           49.21666487934939        9.13349160585059       50.27437297605481
C           57.40929985701480        8.52702518245574       47.77958436747310
C           56.30569658822174        8.01851006713614       46.85783225365838
S           55.08554341802334        9.29153779940139       46.39217602791501
H           58.09214520224856        7.71650722624757       48.05315000140168
H           57.98479325337011        9.31270059293169       47.28387537636158
H           56.97661020366917        8.94220200323484       48.69510056115821
H           56.75618445000084        7.64810770634143       45.92810282077968
H           55.80071879654026        7.16748451889376       47.33416148228294
C           57.47847733120391       10.19462353484908       51.97990218497783
C           56.45883057700254        9.11477011228803       52.33952426537433
S           54.80287896254488        9.79894494545912       52.66720159284758
H           57.50576140166884       10.95581947280106       52.76401164184812
H           58.48212275570787        9.76981493725753       51.87137827363496
H           57.19912101016570       10.68243126018228       51.03790415477702
H           56.44011760593415        8.35228946369628       51.54853856148186
H           56.78410901172041        8.61635297342506       53.26284136072569
C           57.73161724395567       15.83817983223874       47.81452246788323
C           56.44011709112732       15.36810671095772       47.14822767502706
S           56.67217600097554       13.67924139955235       46.48622356452672
H           57.98037349581097       15.18905661964846       48.65752668023567
H           58.55756457930715       15.79394539714858       47.10090194954181
H           57.64452245993365       16.86715542769572       48.17890242610249
H           55.61240565646385       15.44596249544900       47.87220578355802
H           56.21270457334251       16.04269979484116       46.31065871823670
C           50.02107571305716       17.17622313410549       52.04673072890729
C           49.38396520280658       17.36063294396170       50.66374047189536
C           49.61864097583644       16.17625745524105       49.78320546825763
N           48.76968168662050       15.09355777783717       49.77583640905937
C           49.26736266575752       14.18840351734925       48.89121438402248
N           50.37583747503305       14.63187100668891       48.35910007608788
C           50.61612182291270       15.86035960537528       48.90363976233953
H           49.61363106750544       16.29099411105141       52.53691546256091
H           51.10313459464708       17.06105856465161       51.95634564219838
H           49.81347983031299       18.04575065532860       52.66946069943249
H           48.30872623451653       17.52082857755828       50.78564295808637
H           49.80258773816436       18.25447742934621       50.19116230105580
H           47.90831628794776       15.03128452060443       50.28296224390724
H           48.82507808466313       13.21552136425952       48.70648598419830
H           51.49952155200508       16.42694412251464       48.64844107838350
Fe          51.90857631653632       10.84694183545563       49.27633555145776
Fe          53.72658996530303       12.77140219436784       49.68431276170904
Fe          54.12113913720356       10.07198718331170       48.20941985459633
Fe          53.90211729562494       10.46406342181815       50.70443598721617
S           55.43672759327909       11.43102122303270       49.45069007444636
S           52.90731776014717        8.94681344499632       49.54451857697482
S           52.36182011127109       11.95118902330387       51.11015008929316
S           52.95164222577751       11.88522187444948       47.43494836704367
Ni          55.17308852603653       12.37139133576783       47.43068925163253
C           52.20145017527619       12.18279913388544       45.88986260878972
O           52.35779581059795       13.50649990367796       45.60861307159079
O           51.52200293907489       11.39933273237900       45.23347565625981
H           52.02004389646945       13.95683397313319       44.82475886313374
68
 energy: -118.591210989275 gnorm: 0.043884947978 xtb: 6.6.1 (unknown)
C           54.65220150820653       14.90019155140467       52.18426011689327
C           54.18918171898900       15.80786739746812       51.05042169211212
S           53.74584896468657       14.93525302818029       49.51303815352087
H           54.86338170535998       15.47589161839888       53.09131298972219
H           53.87662194345675       14.16252157176685       52.41147851832018
H           55.56019796543874       14.36509694450926       51.89402473802258
H           53.31335102511720       16.38138578992321       51.38524280614082
H           54.97937179830723       16.53538508033340       50.82212702331968
C           47.40774859936029        9.64894982395634       49.21832690245968
C           48.71224327194241       10.03865833205734       49.90685700971819
S           49.74667400562674       10.90807952711384       48.68272910735879
H           46.74022119470838        9.10952294269113       49.89592335683484
H           46.89526743632846       10.54490098623265       48.86179982238905
H           47.62002056718981        9.01494037641191       48.35466643175103
H           48.48659809060248       10.68333753780048       50.76684884454435
H           49.20351940445510        9.13298576950948       50.28437786830014
C           57.41669228463455        8.54411471992543       47.77800223500361
C           56.32035439614781        8.03078241554146       46.85172857672218
S           55.09064279722621        9.30107363490664       46.40316701317661
H           58.10367474354345        7.73692847611098       48.04984943888205
H           57.98785018782023        9.33621340238113       47.28740150098718
H           56.97805827996773        8.95213679047507       48.69418950517336
H           56.77155550586915        7.67046541383561       45.91824157143873
H           55.81688853750686        7.17612357780968       47.32204022877046
C           57.47789429227860       10.19816848054093       51.98205497646872
C           56.45722063870864        9.11964282091267       52.34187576413431
S           54.80120840112448        9.80617609967535       52.67115838946118
H           57.50626566086930       10.95907262352186       52.76624014026653
H           58.48135174256899        9.77261396029746       51.87359635912266
H           57.19755677559912       10.68520657979281       51.04046142776076
H           56.43768850023748        8.35623217317858       51.55244171078407
H           56.78073544690507        8.62166507669524       53.26626056791429
C           57.72604331971544       15.82195072807229       47.81087718753714
C           56.43455482769508       15.34707747256492       47.14763869305573
S           56.66648417516849       13.65691708408898       46.48829852421416
H           57.97753789453406       15.17806242898224       48.65681371325749
H           58.55114629786110       15.77800477400935       47.09655971599531
H           57.63501045539784       16.85225928075539       48.17030065496396
H           55.60733887406408       15.42707278492546       47.87145418277123
H           56.20684998759752       16.01723842469324       46.30755124982731
C           50.02591608706783       17.17194074915430       52.04518564486221
C           49.38888178268432       17.35834911015163       50.66220461180787
C           49.62182137743809       16.17349995618116       49.78136078841955
N           48.77454839593192       15.09014409128828       49.77669768948142
C           49.26792673212604       14.18624247796439       48.89101140228765
N           50.37563361197055       14.62918427856182       48.35429988757623
C           50.61643235936594       15.85913897844554       48.89859322838324
H           49.61643728640544       16.28743155339642       52.53489628638003
H           51.10745267065589       17.05381479731271       51.95398313913947
H           49.82063210900148       18.04178555138613       52.66808629221394
H           48.31390190352295       17.51978864817731       50.78392964179906
H           49.80938154261491       18.25097577199830       50.18939671161210
H           47.91407844643206       15.02704580534240       50.28605166241202
H           48.82424453920616       13.21491253182344       48.70480168250685
H           51.49696218018534       16.42692657968935       48.63735504678238
Fe          51.90333555050406       10.83451090745113       49.27931982704986
Fe          53.72015784261478       12.76525617630508       49.68489762528611
Fe          54.10092509294347       10.05080251326659       48.21215213107602
Fe          53.90197998038392       10.45512458531097       50.70657694290620
S           55.43185403857055       11.41580420579465       49.44627173156396
S           52.90010006198258        8.93319212365386       49.56408817698446
S           52.35779114914178       11.94000354375218       51.10649060475257
S           52.94887353924691       11.88756739805033       47.46096448846153
Ni          55.18740392393560       12.34731121117491       47.43877570854809
C           52.24575681138643       12.23556826765847       45.90091139980639
O           52.39472823343831       13.56733553066661       45.64467663575054
O           51.54943112353030       11.51854248619318       45.20134659655113
H           51.96356084491705       13.88782481840138       44.80937040651737
68
 energy: -118.593104657585 gnorm: 0.015754806736 xtb: 6.6.1 (unknown)
C           54.65283549655688       14.90318689316869       52.17962172331181
C           54.18593312900482       15.80596250627930       51.04351728921638
S           53.74412434551674       14.92545295048808       49.50883001722006
H           54.86479077460896       15.48420014652338       53.08333074883081
H           53.87951512122238       14.16466862484578       52.41318835243172
H           55.56188576037372       14.36861317985483       51.89117119099926
H           53.30840124448956       16.37769602045152       51.37725254120122
H           54.97431502629803       16.53436626354948       50.81116429045914
C           47.39632896113610        9.64665752825518       49.22519775826883
C           48.70016036181310       10.03750454655819       49.91416765536060
S           49.73643818533767       10.90222691723774       48.68786157588456
H           46.72606708300042        9.11048739050822       49.90311511901676
H           46.88657589010646       10.54251226161679       48.86397821514429
H           47.61048446377734        9.00959967219843       48.36418451666309
H           48.47496997308416       10.68612442956544       50.77134399998828
H           49.19079048641638        9.13330927802104       50.29579303619190
C           57.42507942716761        8.56571479104452       47.77650727169058
C           56.33366358357039        8.05003862226127       46.84561523404594
S           55.08936358121746        9.30915983416374       46.40087831197388
H           58.11818146001384        7.76226433183935       48.04525574149171
H           57.99159235093750        9.36502273308565       47.29163330250251
H           56.98196239213575        8.96549888902655       48.69458088493135
H           56.78981271686707        7.70045264756351       45.91026604283712
H           55.83905114007648        7.18630004260747       47.30933353207115
C           57.47796430862749       10.20328854406348       51.98522616128266
C           56.45809858361020        9.12528708001490       52.34829721769274
S           54.80334015812856        9.81382051401662       52.68141859767946
H           57.50760055805759       10.96499159018007       52.76867633556782
H           58.48122945015291        9.77777490240304       51.87483111049595
H           57.19620185192885       10.68971281462587       51.04354433307572
H           56.43519164162202        8.36247242703639       51.55806198735952
H           56.78342585089139        8.62695928018283       53.27183869280390
C           57.71933071100170       15.80524753380847       47.80524767284631
C           56.42950558570473       15.32499499847786       47.14264342998771
S           56.67525135160972       13.63762233947255       46.48152457670795
H           57.97257017437521       15.16503869815757       48.65348864864702
H           58.54464011343129       15.76068988347782       47.09110207676482
H           57.62512399724591       16.83661623175699       48.16094585785407
H           55.60179942634432       15.40213784010882       47.86673906592084
H           56.19927627155633       15.99244333313639       46.30090370053670
C           50.03116853436502       17.16631940283861       52.04218591008381
C           49.39405199946025       17.35439369269897       50.65950005189401
C           49.62427476026003       16.16964639472225       49.77773650985959
N           48.77875779316327       15.08483007041636       49.77715032354799
C           49.26862412326005       14.18210556286730       48.88888176873171
N           50.37352080740725       14.62636363224194       48.34697100924249
C           50.61582285506516       15.85617116744023       48.89135846885642
H           49.61922807858674       16.28293772981946       52.53198355361934
H           51.11243041664788       17.04524228934758       51.95072444720054
H           49.82842646813761       18.03667799628285       52.66523299951506
H           48.31945515934891       17.51794161790173       50.78176866509646
H           49.81613353394573       18.24639068353695       50.18687077713074
H           47.92061780442118       15.02031670013261       50.29020509838942
H           48.82660965233432       13.20930932351107       48.70491378573306
H           51.49526144118239       16.42377949285529       48.62674406500068
Fe          51.89737691944359       10.82232513619901       49.27894858679791
Fe          53.70112657645198       12.74780149992479       49.67662428871214
Fe          54.08888224146349       10.02159036655767       48.22678122383236
Fe          53.89055357519282       10.44698437685603       50.71389736736292
S           55.42330941233562       11.40061648022203       49.44979768671867
S           52.88485776849205        8.91535392936680       49.58264026194235
S           52.34567236160991       11.93072648368920       51.11021959677736
S           52.95280664763035       11.86079790296982       47.46363449038829
Ni          55.20902874489627       12.31317614908730       47.43515523887331
C           52.23545786356068       12.29318958067319       45.91806272382168
O           52.43343538297766       13.62553334911004       45.67204656016184
O           51.53023670036434       11.62838747653702       45.15566476857373
H           52.01320182900356       13.86516515056348       44.84735665519791
68
 energy: -118.594058371398 gnorm: 0.028006115472 xtb: 6.6.1 (unknown)
C           54.65270572738848       14.90228977094379       52.17621241179491
C           54.18309560835840       15.80228783388315       51.03912592431566
S           53.74147843062199       14.91573544529427       49.50834979456418
H           54.86468261184275       15.48719795580388       53.07746235920324
H           53.88138835389042       14.16278189959470       52.41427575669291
H           55.56294075910182       14.36835434214257       51.88931567487405
H           53.30426009572845       16.37203045005361       51.37285761382152
H           54.97016723772059       16.53108859364440       50.80377364121973
C           47.38654687280209        9.64639741611973       49.22793130945735
C           48.69042843957480       10.03706310935722       49.91688896324008
S           49.73162839946966       10.89772908016999       48.69242583849143
H           46.71423648557196        9.11308483263821       49.90620828395500
H           46.87905907062981       10.54231836274073       48.86364143381410
H           47.60074226709715        9.00671071532991       48.36881117237422
H           48.46594372855480       10.68918321100744       50.77150073565171
H           49.17916212490953        9.13356524587731       50.30266638870323
C           57.43217514212240        8.58462558356476       47.77493630928606
C           56.34263342125298        8.07118985219440       46.84026791452852
S           55.08652991585285        9.32193354974159       46.40040437367674
H           58.12957886840037        7.78284171199714       48.03904903509827
H           57.99533671678692        9.38970018418551       47.29536076649593
H           56.98691555399893        8.97653004349321       48.69551677725727
H           56.80240184146251        7.73189221722940       45.90270164754352
H           55.85712141201660        7.19785821123862       47.29671085746356
C           57.47607655470257       10.20502610113048       51.98802117450673
C           56.45688532983259        9.12690392016790       52.35255301361964
S           54.80204701125287        9.81415789095583       52.68591270280005
H           57.50676302948455       10.96716543316226       52.77110803141792
H           58.47905016333787        9.77939468839058       51.87594832110231
H           57.19379528235263       10.69162790780865       51.04624825430414
H           56.43300330246630        8.36440497749873       51.56175916727010
H           56.78335389640706        8.62877579840764       53.27557924948225
C           57.71545424157107       15.79163812799766       47.80301785739442
C           56.42898327781096       15.30631813047469       47.13816850878519
S           56.69277182511821       13.62452468682771       46.47017461177869
H           57.96919438593930       15.15219363580565       48.65174702819456
H           58.54174515336953       15.74782097407704       47.08985210819998
H           57.61834171039470       16.82293032952124       48.15808014646711
H           55.60007720096516       15.37566679573077       47.86227533858263
H           56.19455809564023       15.97482320841766       46.29821076689323
C           50.03606777368611       17.16111080392935       52.04153358769033
C           49.39925390195686       17.35128076518944       50.65913233711831
C           49.62727690694838       16.16715756311581       49.77616704852077
N           48.78205080133029       15.08179642495325       49.77761272880439
C           49.27057287248868       14.17937502157301       48.88762052008574
N           50.37330312738701       14.62477896304957       48.34312215972756
C           50.61679190631011       15.85392144352363       48.88727387202611
H           49.62215209415335       16.27841273940119       52.53098599480426
H           51.11718452787537       17.03784119170213       51.95020466360499
H           49.83528134734725       18.03154669310408       52.66518655098841
H           48.32497073909258       17.51682092785627       50.78186808146790
H           49.82263427197476       18.24322896628295       50.18734900053077
H           47.92547656805507       15.01662023559940       50.29272235939674
H           48.82967270913198       13.20538195653633       48.70512710138690
H           51.49604465571178       16.42123387288025       48.62124363657518
Fe          51.89605729520060       10.83243950269423       49.27321720342609
Fe          53.69624690335709       12.73722743448704       49.68675139199040
Fe          54.07318013983641       10.02325376663693       48.22842396610973
Fe          53.87663477407265       10.43889883571797       50.72058099444074
S           55.41600598945945       11.38427395572295       49.45958494086707
S           52.86637660342884        8.91524636208125       49.58097163269343
S           52.33482536383374       11.92273829573304       51.12067594228770
S           52.97155083867995       11.90459503116364       47.47446957634540
Ni          55.24715391548030       12.28492521117890       47.43552937707942
C           52.24254430219906       12.32298093403472       45.94311022580496
O           52.42450297976433       13.64067886492348       45.64590151692020
O           51.54926232984324       11.65354124328197       45.20432288686826
H           51.99686725562185       13.85112291903124       44.80959413813718
68
 energy: -118.595002610489 gnorm: 0.020868793735 xtb: 6.6.1 (unknown)
C           54.65205382801841       14.90077148725418       52.17187332985983
C           54.17961532930359       15.79683625085456       51.03276162295244
S           53.74438536808764       14.90628307816413       49.50419388377831
H           54.86308111447504       15.48884329360899       53.07132195102349
H           53.88303448265533       14.15979145475670       52.41272678974658
H           55.56381079221750       14.36809205260746       51.88640170952740
H           53.29948960001418       16.36482117841696       51.36645192132185
H           54.96494507289658       16.52680748445309       50.79652879207327
C           47.37918972444061        9.64606893497157       49.23144348042482
C           48.68380541800970       10.03761677371936       49.91853816769652
S           49.72715058989850       10.89475842572258       48.69438544110872
H           46.70624713319449        9.11570085864603       49.91126230062381
H           46.87268958316737       10.54133696423346       48.86458719848594
H           47.59177886201325        9.00314729530120       48.37426431583229
H           48.45966650811192       10.69236388305088       50.77120430938137
H           49.17081905670153        9.13461695846315       50.30803788999619
C           57.44070471117209        8.60470665744687       47.77557348495515
C           56.35286811725836        8.09698341549604       46.83537114562387
S           55.09629733138442        9.35046036762351       46.40444912039361
H           58.13922767607156        7.80175574812822       48.03339532394498
H           58.00316626082331        9.41409437639757       47.30250653754030
H           56.99490702960233        8.98851942962298       48.69927462548801
H           56.81466297728426        7.76695873997201       45.89536850409062
H           55.87154395829688        7.21676834482229       47.28365180151580
C           57.47363062297263       10.20740002955701       51.99254146772877
C           56.45521524090862        9.12852001987983       52.35796821905795
S           54.79851219813806        9.80841972977968       52.69435221138021
H           57.50468901969631       10.97040880867709       52.77485817759693
H           58.47670663567342        9.78246721987464       51.87896225618877
H           57.19086034762289       10.69371442654491       51.05041496343788
H           56.43260700848775        8.36592138004989       51.56697077700758
H           56.78468283254016        8.63101942196379       53.27994275268887
C           57.71001331133606       15.77611726434973       47.79892088790407
C           56.42665836685629       15.28304034358829       47.13364312478715
S           56.70167772950075       13.60298338000559       46.46535842408154
H           57.96508816353391       15.13868116696862       48.64896120821243
H           58.53738037318204       15.73285800500215       47.08675166844306
H           57.61015965187347       16.80788010338722       48.15226649145226
H           55.59690964620069       15.34646089665687       47.85803867924172
H           56.18746308242364       15.95188080654540       46.29448539401854
C           50.04015925970367       17.15640310207414       52.04006145037906
C           49.40377798898825       17.34803976044178       50.65787062096065
C           49.63001375563981       16.16445948229774       49.77414968468091
N           48.78457838993710       15.07879093845829       49.77737997096461
C           49.27254815123857       14.17627114310966       48.88562019119144
N           50.37322687149515       14.62271781977784       48.33970864392179
C           50.61762827280887       15.85114793999045       48.88281537821150
H           49.62474822107892       16.27440914721331       52.52953489832347
H           51.12121163876583       17.03151987112629       51.94905623038668
H           49.84092458579576       18.02704440583669       52.66401726944859
H           48.32974423789718       17.51545870599091       50.78093133186558
H           49.82818053491810       18.24003819969293       50.18679191195615
H           47.92955102903922       15.01318967973372       50.29430543554716
H           48.83252729402912       13.20095375936664       48.70548809469823
H           51.49692438920410       16.41848324274952       48.61636952332703
Fe          51.89130792988234       10.84106277468494       49.27879657152051
Fe          53.69308581899821       12.72625480891133       49.68384811226167
Fe          54.06354323069436       10.03224427695278       48.23308074139197
Fe          53.86814189195518       10.42947453004208       50.72854463769691
S           55.41323860387310       11.37049674313341       49.47382848932259
S           52.85114187927807        8.91720690240987       49.57581370224082
S           52.33653152423022       11.92000349368766       51.13266272620641
S           52.97759126477819       11.92275322862284       47.47274854666997
Ni          55.26779340274740       12.23430632822240       47.42867885877257
C           52.23978483283512       12.35230944350028       45.95746092975084
O           52.43601785101841       13.66973628702235       45.64349096565878
O           51.52857158833623       11.68087873775647       45.22900753555769
H           52.00331324482056       13.85866094063380       44.79326189649724
68
 energy: -118.596713911371 gnorm: 0.012251194120 xtb: 6.6.1 (unknown)
C           54.65045801374218       14.89703227900280       52.16423887008218
C           54.17186214399630       15.78669503784074       51.02260055249962
S           53.75119624366820       14.88944636972169       49.49831370228590
H           54.85950962275141       15.48954065977402       53.06105946044479
H           53.88610474608719       14.15257800852088       52.40863048369052
H           55.56501977421362       14.36776304758327       51.87974283634683
H           53.28864404506049       16.35016313102457       51.35659546221581
H           54.95293260306424       16.52037383785072       50.78562269789387
C           47.36568551536185        9.64705247759294       49.23772866885998
C           48.67139399412601       10.04053314543719       49.92233467991569
S           49.71870348833401       10.89379669429805       48.70091884782942
H           46.69230777815162        9.12234130940707       49.92122709350073
H           46.85999669646229       10.54045165746218       48.86594006962660
H           47.57470647526586        8.99743568214299       48.38455215461138
H           48.44624485700817       10.69835535937430       50.77226048816217
H           49.15530536300908        9.13803929343884       50.31750192890997
C           57.46054088594884        8.65323663609434       47.77752416762476
C           56.37531162017545        8.16390424648622       46.82379614691250
S           55.11556257660789        9.42189656594602       46.41410197582515
H           58.15822328430417        7.84452374336467       48.01956434595529
H           58.02406325739829        9.47118614024596       47.32098556537572
H           57.01436261214867        9.01784407015273       48.70874163736988
H           56.83972530633185        7.85276913603621       45.87854240246167
H           55.89812766854448        7.27169474773762       47.25271125943578
C           57.46694813879450       10.21131198756256       52.00370909807481
C           56.45210173595493        9.12838242907134       52.36946633580359
S           54.78986678750212        9.79112392576321       52.70833708949785
H           57.49738606072354       10.97557884379910       52.78493276382742
H           58.47074172637037        9.78873050754498       51.88819300432343
H           57.18342292033017       10.69687681550571       51.06083145294643
H           56.43495595073975        8.36583541955179       51.57780013721028
H           56.78728910855831        8.63254070297136       53.29001639289574
C           57.69817577624289       15.74029441234324       47.78987503477979
C           56.42326221888646       15.22836230840680       47.12177001361137
S           56.72954090437764       13.55648330002252       46.44476762799750
H           57.95716566370520       15.10753670556121       48.64265854809351
H           58.52884272879200       15.70190723325396       47.08081433119858
H           57.58889377367046       16.77249508384447       48.14015897687573
H           55.59155334058047       15.27452067005736       47.84688190675497
H           56.17190576588062       15.90011542734950       46.28687135916758
C           50.04890981458482       17.14589139537563       52.03760711642351
C           49.41364410240768       17.34106349990249       50.65574866106582
C           49.63638185034193       16.15870868696705       49.77038347097363
N           48.79021247969941       15.07281262662567       49.77683299561640
C           49.27646247373593       14.17048694920037       48.88072167067988
N           50.37338220101228       14.61868421770760       48.33228161043460
C           50.61998199622027       15.84542162722919       48.87389972739626
H           49.63044367229158       16.26513653451990       52.52672193395689
H           51.12978556673024       17.01770518309263       51.94734433851499
H           49.85267136926737       18.01677762072072       52.66233207664015
H           48.34008194840295       17.51222401709269       50.77921759586388
H           49.84034687602969       18.23313376210932       50.18632871353819
H           47.93816852180682       15.00668878869925       50.29753525438241
H           48.83712366025990       13.19319777387958       48.70515013138674
H           51.49907316864780       16.41328842849902       48.60671928548322
Fe          51.87977010119955       10.85948673088129       49.29624556282012
Fe          53.67866251672421       12.70737665273627       49.67419628855300
Fe          54.03192602812254       10.04818789018057       48.24585653506780
Fe          53.85163063158652       10.41685175151049       50.74484726973742
S           55.40244164154689       11.34720706752135       49.49338311285517
S           52.81497424848855        8.92012314513104       49.57417105482661
S           52.33761170098631       11.91887921124077       51.15848856964136
S           52.98896199852678       11.96207129534408       47.47234834222868
Ni          55.32232175530544       12.11274312270296       47.39305755185534
C           52.22734017187615       12.40471606434135       45.98560903564561
O           52.45443628981418       13.71566483498447       45.62411340982059
O           51.48495665569462       11.70958752233657       45.29451729318302
H           52.03345782586056       13.88532670032868       44.76735652054450
68
 energy: -118.599387110104 gnorm: 0.024389648168 xtb: 6.6.1 (unknown)
C           54.64834825452019       14.89163272870957       52.15658291221644
C           54.16251499408067       15.77500283271145       51.01296618746821
S           53.76062331722820       14.87327134874725       49.49079064747279
H           54.85478449435094       15.48767373184371       53.05128700303234
H           53.88938383225155       14.14266903359646       52.40336556261919
H           55.56597263003845       14.36746940453744       51.87178094216988
H           53.27404592319031       16.33111496223629       51.34639153623416
H           54.93705870197262       16.51584487541871       50.77702421001015
C           47.35068875004546        9.65032503300910       49.24431059904731
C           48.65617353451046       10.04493956409585       49.93002555356268
S           49.71196666597752       10.89750444928441       48.71728311553804
H           46.67637696239358        9.13166121172214       49.93142656814800
H           46.84586712043465       10.54164088741996       48.86666782281079
H           47.55723675478614        8.99363239643302       48.39587695721728
H           48.42772132897641       10.70382213575575       50.77801190913820
H           49.13681057360545        9.14237585867480       50.32907835935631
C           57.48684960113358        8.71974568069199       47.78115923267943
C           56.40047979209325        8.26952194116276       46.80847962359636
S           55.14663549959189        9.54391030691524       46.42413940278858
H           58.17674191457534        7.89747096410361       48.00063742962381
H           58.05782074878569        9.54603736312380       47.34976112391787
H           57.04165848739340        9.05897188304314       48.72235589922320
H           56.86522283995698        7.97858759864557       45.85729592635950
H           55.91639532494055        7.36782504368407       47.20907875383827
C           57.45751097812384       10.21430447301885       52.01876969926420
C           56.44897155478817        9.12436963359184       52.38352227039277
S           54.78008636909144        9.76975219624346       52.72165513470482
H           57.48550803739106       10.97890470860201       52.79975097930410
H           58.46279809113925        9.79568330031991       51.90223059418159
H           57.17235668936701       10.69884368622802       51.07551476109457
H           56.43977000572809        8.36212678427815       51.59103714289801
H           56.78874591245840        8.63075506484279       53.30375035917974
C           57.68112830263421       15.68744881429626       47.77769897238031
C           56.41645132485340       15.14923531686910       47.10804338627850
S           56.75811963548328       13.48594655131390       46.42285083786302
H           57.94797476432679       15.06439919077006       48.63579543752997
H           58.51580713138087       15.65825250381473       47.07239032934026
H           57.55598459671113       16.72072255694471       48.12157575680691
H           55.58424549248130       15.17725120617753       47.83498538725999
H           56.15043499167229       15.82269613222838       46.27732625484694
C           50.05985922648846       17.13320345419190       52.03550917618150
C           49.42636134017191       17.33331285967234       50.65374143536975
C           49.64516646665231       16.15227308075729       49.76631407793221
N           48.79813440849606       15.06669533197696       49.77584492159220
C           49.28059967351820       14.16535113900985       48.87433220215539
N           50.37383584469533       14.61484134941048       48.32197298683541
C           50.62387956490726       15.83954564927318       48.86380312471947
H           49.63748871901500       16.25360116816806       52.52331066378169
H           51.14035209347309       17.00070086760632       51.94597194231146
H           49.86708490950512       18.00408011377214       52.66141028030588
H           48.35332590760168       17.50863020595287       50.77703368049672
H           49.85645674263898       18.22504700693994       50.18645802328628
H           47.94910266666292       15.00029089253920       50.30095424827525
H           48.83982368920823       13.18769585129526       48.70238388965274
H           51.50186555614465       16.40855897043476       48.59476959076677
Fe          51.86921550320130       10.87779356573464       49.31830638997387
Fe          53.66449726420547       12.68894541900943       49.65558656384182
Fe          53.99116375316768       10.07038965822072       48.26437765625464
Fe          53.83369541637403       10.41015747868302       50.76477978558979
S           55.39316519490974       11.32215758873836       49.51485846086369
S           52.77877557735160        8.92185973695463       49.57903716456592
S           52.33703576976265       11.92662878231983       51.18079464171596
S           53.00095410198668       12.01000818207741       47.47813670134127
Ni          55.39718207566490       11.92415556625671       47.34052344705876
C           52.21860834841703       12.46312728317598       46.01350453557728
O           52.47022306416387       13.76238581421521       45.59650460477891
O           51.45302418292904       11.73596572879427       45.36239286628003
H           52.04905345427807       13.89944604972137       44.74004705714015
68
 energy: -118.600251136490 gnorm: 0.026997268513 xtb: 6.6.1 (unknown)
C           54.64726533206494       14.88818021761972       52.15480800964939
C           54.15658234403081       15.76984495774139       51.01190308968147
S           53.76232884904336       14.86973048700917       49.48821422213408
H           54.85235868185670       15.48401675227529       53.04956008612933
H           53.89111461107392       14.13632569803434       52.40106944675476
H           55.56600871829242       14.36803137762672       51.86749728280341
H           53.26389719204482       16.31959165631594       51.34462113033515
H           54.92578296966039       16.51742809731472       50.77759355335807
C           47.34493745797685        9.65575335752040       49.24683011398353
C           48.64820460506694       10.04904209737895       49.93861116735808
S           49.71201436822498       10.90609412733016       48.73579758678571
H           46.66876088934170        9.13991796698023       49.93434953041942
H           46.84116771487097       10.54639110878692       48.86584705517459
H           47.55240314853972        8.99623287302457       48.40107192891959
H           48.41492479977926       10.70538468284106       50.78708498295249
H           49.12680913330187        9.14523541026656       50.33659008637497
C           57.50441308625259        8.77083532397095       47.78375973880367
C           56.41754320046178        8.35355562141775       46.79740871398552
S           55.16269494096251        9.63431425007543       46.42862613775491
H           58.18374501885712        7.93540062702513       47.98619400813357
H           58.08617096961925        9.60070753824554       47.37420895335973
H           57.05938283363819        9.09132706638513       48.73130697268090
H           56.88115427490517        8.07474344171703       45.84270236337548
H           55.91729402370780        7.45296970459789       47.17746666517609
C           57.45023307986600       10.21380724132393       52.03026057848621
C           56.44564356741142        9.11909714229705       52.39177783803992
S           54.77384598332673        9.76021796128440       52.72629203901299
H           57.47461031819623       10.97703451133684       52.81252132791154
H           58.45703938818265        9.79842272773230       51.91508250226244
H           57.16393122565891       10.69794053216767       51.08754699581973
H           56.44180813092833        8.35717899161914       51.59911040497892
H           56.78442651098710        8.62649196920110       53.31328655873484
C           57.66768815393861       15.64180819267812       47.76819105352413
C           56.41096574950702       15.08193587914186       47.09843049130487
S           56.77625942438687       13.42201032867778       46.41429536915457
H           57.94245998658819       15.02928866523446       48.63160998601050
H           58.50504702408087       15.62249673943242       47.06557763068931
H           57.52621054100021       16.67596170541217       48.10521467113393
H           55.58021407593790       15.10155772540790       47.82667856580611
H           56.13555945133182       15.75294915830755       46.26851916803771
C           50.06740418679514       17.12539912929901       52.03526495611275
C           49.43555038580604       17.32964016200710       50.65318972252803
C           49.65200857249572       16.14926505660402       49.76417274843231
N           48.80432675775256       15.06478599357456       49.77439610868434
C           49.28212656919402       14.16491087779133       48.86976746286431
N           50.37458473823739       14.61371147683262       48.31413039425231
C           50.62758084960220       15.83758620824879       48.85813809710721
H           49.64220222535096       16.24608411391024       52.52104114509715
H           51.14741255396713       16.98966724514492       51.94591028967908
H           49.87670463599714       17.99583661306999       52.66229780108813
H           48.36281986542749       17.50707999478815       50.77560283606329
H           49.86855126271384       18.22059533479842       50.18740421341026
H           47.95646514657423       14.99854828384090       50.30208856213646
H           48.83762577815272       13.18966206518641       48.69750378763899
H           51.50396068242017       16.40761221202450       48.58650990305375
Fe          51.86659997043622       10.88274913254779       49.33162918679796
Fe          53.65806004836302       12.68932679603510       49.65403512518934
Fe          53.96971398232269       10.09311029452814       48.26669395348661
Fe          53.83043806899953       10.41502455988182       50.77442782159476
S           55.38766648388974       11.31987144066415       49.51929713805466
S           52.77591218224227        8.92345222025401       49.58164258014185
S           52.33358997781777       11.93222164127690       51.18889015266819
S           53.00243415927441       12.04168683913544       47.48603433796158
Ni          55.44147181856245       11.79664465333680       47.31122198363910
C           52.21484469478472       12.48639014632034       46.02414322628020
O           52.46274003102555       13.77933456353516       45.58339481018654
O           51.47176123362127       11.73708957968810       45.36845959007949
H           52.02574380333601       13.89365160292902       44.74052875882672
68
 energy: -118.601745441154 gnorm: 0.015923175486 xtb: 6.6.1 (unknown)
C           54.64752306876776       14.88851525201494       52.15977345967615
C           54.15602601566997       15.77475130831680       51.02100133129365
S           53.75300846168672       14.88027164822537       49.49337202554777
H           54.85323272639322       15.47989038143172       53.05712405287567
H           53.89047239594488       14.13633866976090       52.40237347876496
H           55.56492511314411       14.36988839149509       51.86825029344740
H           53.26186414265364       16.32156595642279       51.35317973199411
H           54.92333911825339       16.52556818223474       50.78749203545326
C           47.34990273317998        9.66016952751158       49.24481135882321
C           48.64998955150470       10.05049092178785       49.94453361004223
S           49.71798984872052       10.91439434669099       48.74758954759130
H           46.67160982235951        9.14289078210478       49.92947616333775
H           46.84712017723059       10.55190275579862       48.86417338965067
H           47.56148879904264        9.00316442352109       48.39859719796671
H           48.41299292309007       10.70235657518154       50.79549765692919
H           49.12911520267440        9.14513133059374       50.33710050738278
C           57.50261211695194        8.78587075784370       47.78143686866740
C           56.42164265712223        8.36286371566769       46.79562190140960
S           55.12911487022278        9.60400452313225       46.41676933270114
H           58.18148401547593        7.95114945135218       47.98230260820819
H           58.08708590423448        9.61678736914908       47.37871652410772
H           57.05398717167704        9.10153630142088       48.72825139730909
H           56.88838146284665        8.08910040381296       45.84115559750443
H           55.91679018316316        7.46730309816023       47.17517122967764
C           57.44762080081580       10.21066925257725       52.03336654745102
C           56.44435463256262        9.11440757390231       52.39112103019480
S           54.77376704290410        9.76615268445367       52.71717092628358
H           57.46800283162019       10.97128034157256       52.81805157492661
H           58.45580434979373        9.79756642869468       51.92152753331690
H           57.16030253283097       10.69488957737801       51.09199518156856
H           56.44176532269878        8.35245361092872       51.59936674237399
H           56.77648901035579        8.62184102851528       53.31558876281150
C           57.66467998444455       15.62399888765259       47.76525223239846
C           56.41085259287054       15.05850153254245       47.09513762113055
S           56.78132284130762       13.39871102923363       46.41566986607894
H           57.94315655808543       15.01627378750579       48.63020475503467
H           58.50222628122176       15.61224498107637       47.06321542822509
H           57.51237757164947       16.65733734116619       48.09994486721584
H           55.58210882628186       15.07898128382124       47.82309627329386
H           56.13468251537658       15.72424278542835       46.26322771707520
C           50.06840868497400       17.12493439098354       52.03696773096125
C           49.43724967317952       17.33097071457316       50.65435824630612
C           49.65382440697856       16.15036297843798       49.76466446934173
N           48.80615956046248       15.06726042761055       49.77278050840356
C           49.27997004621936       14.16898635000908       48.86878365524576
N           50.37503005013031       14.61532418011933       48.31143075699081
C           50.62927179630650       15.84008065674855       48.85902832387023
H           49.64265295326975       16.24479453997348       52.52066039402401
H           51.14800395041969       16.98841278441305       51.94705669463494
H           49.87750195771864       17.99456100177920       52.66476569888729
H           48.36448521697102       17.50749839272095       50.77566920304453
H           49.87145721595558       18.22098738161617       50.18880898679375
H           47.95708841160001       15.00138058924304       50.30023300448477
H           48.83116978343293       13.19796988733561       48.69204754793351
H           51.50413453355127       16.41039707112679       48.58473954697241
Fe          51.87462686559850       10.87655337682131       49.32404914788238
Fe          53.66477824207950       12.70848233821876       49.67407542273337
Fe          53.98368659081282       10.10480507200207       48.24614722436026
Fe          53.84026712006924       10.42838400268648       50.76726334778558
S           55.39155203525710       11.34132154965324       49.51003820661455
S           52.80806839923408        8.92749911961111       49.57392094500323
S           52.32653150810565       11.93376016499711       51.17740108666109
S           53.00008010806463       12.04837137841789       47.49464030748954
Ni          55.43871848366516       11.83919767536010       47.35075401974129
C           52.22110421134106       12.46868344381167       46.01268797529553
O           52.44249220275587       13.76130468727390       45.59078718976096
O           51.51351999729611       11.72821887894417       45.32192712147113
H           51.98015625778732       13.86423091544083       44.76193957761296
68
 energy: -118.602334789749 gnorm: 0.008930130180 xtb: 6.6.1 (unknown)
C           54.64806296283041       14.89067001464042       52.16393938239612
C           54.15247054947957       15.78104220132060       51.03047767446501
S           53.74400430593263       14.88314751280096       49.50486298324189
H           54.85504913043328       15.47931755937951       53.06293850243284
H           53.89246670490671       14.13647585793600       52.40595647546886
H           55.56554576583510       14.37369284725754       51.86906811479722
H           53.25836542578147       16.32524111722496       51.36628974238820
H           54.91904196401332       16.53166183854779       50.79526804312211
C           47.34999418205263        9.66467244676931       49.24542057973044
C           48.64807901285355       10.05301181334474       49.94899817693467
S           49.71312655862210       10.91904073298494       48.75049966811218
H           46.66711328468315        9.14780305416113       49.92593684611298
H           46.85143724687741       10.55825533795255       48.86338114315177
H           47.56503838510535        9.00872093715478       48.39922836063173
H           48.41027947429379       10.70387729552603       50.80064966659974
H           49.12661994592388        9.14698104678320       50.34106293163613
C           57.50457453792805        8.81487112310043       47.77954201747919
C           56.43549330637645        8.38652225308761       46.78357541333169
S           55.14061606097708        9.62766774437561       46.41524420235137
H           58.18889752674900        7.98303072689626       47.97383236442899
H           58.08717607188090        9.65437884025030       47.38866457426721
H           57.05057883473291        9.11872460942382       48.72905968159733
H           56.91142980364619        8.13359841885699       45.82531303750017
H           55.93991414555645        7.47905641986216       47.15228926483850
C           57.44351393529557       10.20835669588389       52.03978614465274
C           56.43795716745592        9.11358033922144       52.39422829245476
S           54.76811943153886        9.76916394593860       52.71749141543010
H           57.46101252377066       10.96787282308758       52.82571657634480
H           58.45259175684557        9.79701513610370       51.92909439228018
H           57.15733965273880       10.69405915744852       51.09879982981523
H           56.43495493336317        8.35205790899915       51.60215104807537
H           56.76672359115533        8.61952132585326       53.31873392883946
C           57.65957712700430       15.59818967821787       47.76060500508779
C           56.41165316743216       15.02398901877282       47.08855762533418
S           56.79811913228481       13.36642650928544       46.41532772146386
H           57.93925411159403       14.99131803247507       48.62505622893805
H           58.49774884097586       15.59031647454799       47.05954082495946
H           57.49858780725248       16.62971139633089       48.09517420460212
H           55.58070313753343       15.03566857865536       47.81447237338708
H           56.13052554284461       15.68368356030966       46.25373756352224
C           50.07352776928976       17.11956998021437       52.03855728218404
C           49.44359390082215       17.32985395796454       50.65602404238494
C           49.65728952891436       16.15069126059633       49.76350976803187
N           48.80848727557960       15.06854106410426       49.77104400138321
C           49.27849431315112       14.17202768818960       48.86438936667029
N           50.37346906937694       14.61754874721296       48.30549282062186
C           50.63049010784350       15.84120239151610       48.85520866722380
H           49.64529225902854       16.23935509330084       52.52009694350235
H           51.15290376891719       16.98073717412694       51.94904878961641
H           49.88425120999275       17.98829385212228       52.66813656788410
H           48.37114861056695       17.50840060096903       50.77732429953313
H           49.87992939666902       18.21981260783879       50.19235688987025
H           47.96065278585958       15.00203090636145       50.30028351603691
H           48.82835061357386       13.20179794847389       48.68634334728269
H           51.50591208784571       16.40997664886472       48.57984292841046
Fe          51.86847621489859       10.88126328944756       49.32525527070845
Fe          53.67088196502286       12.71062068535405       49.67879256946622
Fe          53.97984050425531       10.10720028671040       48.25304928152575
Fe          53.84136039539908       10.43427218333181       50.76623224333222
S           55.39717528850314       11.35474947487181       49.51279386001355
S           52.80672608993889        8.93216601197324       49.57719981774501
S           52.32884785022966       11.93884022488115       51.17968671334963
S           52.99830901512787       12.05057709992704       47.49243935606472
Ni          55.44669669174202       11.84210366854219       47.35735376292794
C           52.22128652721582       12.45640135503258       46.01026784210476
O           52.42976581413154       13.75163841466489       45.58593881886822
O           51.50773631347516       11.72629589169856       45.31798873855194
H           51.94855002614488       13.84183131095026       44.75070517255332
68
 energy: -118.602857565529 gnorm: 0.005734776626 xtb: 6.6.1 (unknown)
C           54.64801876483406       14.89271571540755       52.17227091828572
C           54.15008727897200       15.79153205310662       51.04653585899025
S           53.74149892184891       14.90298782023353       49.51420407825398
H           54.85581030504054       15.47374901399169       53.07636731430013
H           53.89363358831213       14.13547620485181       52.40918162650065
H           55.56566911372834       14.37856295438242       51.87217103495366
H           53.25637924036917       16.33248161726445       51.38834328691804
H           54.91603633832485       16.54330590070431       50.81567720492561
C           47.35542480013251        9.67150470628375       49.24365450835337
C           48.65065568080021       10.05646109215472       49.95322916566936
S           49.71405013474610       10.92927652487779       48.75818037661734
H           46.66712936947881        9.15259706208833       49.91712687464361
H           46.86177425934547       10.56799324751365       48.86221778866821
H           47.57555581662118        9.01963489725465       48.39564356719686
H           48.41184612022059       10.70280354873996       50.80813063454494
H           49.13020695724354        9.14923463708440       50.34140347556339
C           57.50448105548431        8.84521548326611       47.77686205587120
C           56.44625347098851        8.41312829776038       46.77130473726154
S           55.14259973200679        9.64571080221459       46.40847275385794
H           58.19635312435842        8.01933101351298       47.96840922258929
H           58.08244784190422        9.69240567423441       47.39623051641149
H           57.04344396113385        9.13946100991210       48.72547977191793
H           56.93179140722508        8.17751658805335       45.81358533272302
H           55.96404172612662        7.49358753517510       47.12963453054738
C           57.43827711330709       10.20233675302329       52.04882446406560
C           56.42965176681766        9.10887256949706       52.39740809468352
S           54.76129527937780        9.77087117714449       52.71580892329913
H           57.45171944565877       10.95998124981632       52.83684399671029
H           58.44833927123370        9.79268972131737       51.94046639285383
H           57.15509090368723       10.69087568737067       51.10821602420339
H           56.42678742938720        8.34837097364655       51.60412949970413
H           56.75328125403729        8.61220454332810       53.32210364223695
C           57.65452973801629       15.57156120678310       47.75647350221091
C           56.41192442076628       14.99207412130704       47.08328992445562
S           56.80915412560329       13.33545673635268       46.42230703208762
H           57.93525659063192       14.96312883361262       48.61873672654738
H           58.49272455996950       15.56813522059739       47.05571833299868
H           57.48632290784683       16.60007077957051       48.09297553198407
H           55.57947690805563       14.99705974168069       47.80717096692864
H           56.12797084615497       15.64424526903709       46.24411275543754
C           50.07754790688849       17.11498765434671       52.04266130827698
C           49.44963733260213       17.33103508699330       50.66016069606003
C           49.66029297683065       16.15429788217999       49.76365921642045
N           48.80842770583756       15.07449123798931       49.76787029138167
C           49.27420313120478       14.18054421971085       48.85723764930275
N           50.37008678820906       14.62460079332557       48.29880692221340
C           50.63165342489249       15.84535540363473       48.85329146603674
H           49.64705560237311       16.23394364644581       52.52076873570082
H           51.15680997990986       16.97461382133049       51.95414502801966
H           49.88910794795863       17.98189245504850       52.67501734510198
H           48.37749984809633       17.51191485311385       50.78112139772740
H           49.88856478643108       18.22134345394202       50.19957738618245
H           47.96130344582492       15.00790481698192       50.29784960783709
H           48.82130397491093       13.21195438489565       48.67628976426280
H           51.50922868058166       16.41129927380216       48.57951752040682
Fe          51.86918875851732       10.88452028499057       49.32565905135100
Fe          53.68536929165253       12.72548745627181       49.67950006041046
Fe          53.98959271935955       10.12182631747226       48.25525241623087
Fe          53.84520751706743       10.44723887370486       50.76228133780725
S           55.40713215828919       11.38011457125917       49.51772963994805
S           52.82077605692114        8.93977818850895       49.57187838527845
S           52.33559117929050       11.95509657292472       51.17492094143553
S           52.99131756516598       12.04375056291611       47.48332434098642
Ni          55.44747516290241       11.83341053313717       47.35586721408328
C           52.20972104489388       12.41465793942314       45.99209762563051
O           52.39746456205338       13.71077692171983       45.57012579932614
O           51.50211547192822       11.67084426583394       45.31302195384807
H           51.91253584968857       13.82790269395464       44.74679915281611
68
 energy: -118.603019117297 gnorm: 0.002948158739 xtb: 6.6.1 (unknown)
C           54.64838404166508       14.89328284903900       52.17414529138307
C           54.15068117183590       15.79225914454706       51.04821275922895
S           53.74507277667846       14.90819409103024       49.51226614397878
H           54.85574073563168       15.47338362530215       53.07918877797124
H           53.89447818251369       14.13532411624521       52.40999232394317
H           55.56647921282790       14.38023870831989       51.87361295066575
H           53.25661623525692       16.33256382025669       51.39065256080591
H           54.91566752851534       16.54594670578724       50.81974763929195
C           47.35532451133106        9.67297929956732       49.24371111158532
C           48.65050504032799       10.05773687526069       49.95338093640694
S           49.71453099630054       10.93106435335838       48.75953049486964
H           46.66695537703178        9.15361449446081       49.91651824048968
H           46.86168922456676       10.56951610428875       48.86267697157025
H           47.57527489315851        9.02140677092281       48.39523560807758
H           48.41183688271019       10.70357074164824       50.80871070452246
H           49.13045995639524        9.15053141109594       50.34135306858850
C           57.50722973724754        8.85082028799675       47.77628438149437
C           56.45281999813049        8.41569412328981       46.76726137379511
S           55.13435729461403        9.63172797307818       46.40823756874165
H           58.20579243919740        8.03070568543534       47.97061779359679
H           58.07662852718678        9.70377369555147       47.39793623576033
H           57.04017323495880        9.13975870145776       48.72281924277643
H           56.93982137303961        8.18650871162947       45.81091330996807
H           55.97933217346806        7.49112748625242       47.11926841450219
C           57.43700015668168       10.20171769370588       52.05176977359436
C           56.42702697709457        9.10901465537152       52.39911776761051
S           54.75915357016898        9.77167022365204       52.71767270049666
H           57.45162297585345       10.95925191683863       52.83986364908865
H           58.44616970931187        9.78985946271964       51.94405651981375
H           57.15611430227516       10.69117215624706       51.11080851810301
H           56.42371126753316        8.34920603278455       51.60502220709824
H           56.75009751853544        8.61120083396250       53.32345370427176
C           57.65392998924610       15.56989078458987       47.75577314294025
C           56.41182168851427       14.99109913971667       47.08123901378968
S           56.81105286464707       13.33583953670951       46.41875643611451
H           57.93472622638355       14.95868596788244       48.61682350973053
H           58.49233177143393       15.56677664212266       47.05517301369724
H           57.48749139720899       16.59816093290043       48.09448509823480
H           55.57893560948639       14.99744063018934       47.80452972707673
H           56.12922609676026       15.64461527956408       46.24282099277387
C           50.07869327127790       17.11338863412126       52.04371585534067
C           49.45144952603921       17.33139924273125       50.66139409893481
C           49.66091629059429       16.15552058510336       49.76372623073712
N           48.80764522926754       15.07647339465241       49.76698041666576
C           49.27294447594360       14.18285554029480       48.85514689033781
N           50.36848631453792       14.62713347753419       48.29692211588566
C           50.63141829414948       15.84667144576256       48.85236690542764
H           49.64759714530931       16.23224838453455       52.52095166678806
H           51.15792224383252       16.97256384051362       51.95557756904456
H           49.89063866646294       17.97977796617376       52.67691424269275
H           48.37953487820500       17.51371694654204       50.78240179451765
H           49.89145305725271       18.22177526353784       50.20192668853738
H           47.96066686921178       15.00997482102086       50.29706369057892
H           48.81985537600002       13.21430025914662       48.67385515853325
H           51.50996187679511       16.41191895183940       48.57948280702177
Fe          51.87087065236102       10.88315068312052       49.32610646297964
Fe          53.68484254728650       12.72967205144035       49.67788672855416
Fe          53.98532146588298       10.11710904632632       48.25254524106404
Fe          53.84322587428080       10.44852061895581       50.76452096246162
S           55.40218657711549       11.37522835208347       49.51369638040168
S           52.81891031022793        8.93857675894648       49.57629005883055
S           52.33476339870645       11.95814241338691       51.17248427607053
S           52.98702632630482       12.03820380165821       47.48556842383356
Ni          55.45128213736115       11.82453389155249       47.34740119350535
C           52.20677530018416       12.40745385051373       45.99160362761815
O           52.39329549286612       13.70607160707556       45.57326546074772
O           51.49890493338477       11.66240759865671       45.31357222159870
H           51.91035024351201       13.82407105800571       44.74832785289971
68
 energy: -118.603225987769 gnorm: 0.003976037835 xtb: 6.6.1 (unknown)
C           54.64971551737204       14.89390692722364       52.17846445211721
C           54.15156532810493       15.79334744024806       51.05285835034334
S           53.75147990954328       14.91125655756071       49.51387597945800
H           54.85522296377545       15.47293034518672       53.08491427418846
H           53.89707127243538       14.13422647296734       52.41237901209013
H           55.56926057388595       14.38353961819983       51.87785363209597
H           53.25579034077330       16.33120765029812       51.39590127246941
H           54.91430263363956       16.55108947191726       50.82842116274944
C           47.35491945292847        9.67713006347923       49.24394691369442
C           48.64995644078949       10.06142998266173       49.95381914602103
S           49.71262960480109       10.93669068319094       48.76066949087309
H           46.66669530795036        9.15650061587851       49.91555909301351
H           46.86109826272729       10.57390171682690       48.86410295538094
H           47.57463193425334        9.02657031570591       48.39429787428612
H           48.41138982530701       10.70598408890219       50.81019809395473
H           49.13091433581703        9.15412989227635       50.34080809424188
C           57.51203090587568        8.86840702717206       47.77486888402753
C           56.47027667437343        8.42110805844897       46.75627368360280
S           55.12587906445675        9.61072621449519       46.41376635347137
H           58.22717903981154        8.06240990481872       47.97155624210799
H           58.06250378452128        9.73623867277742       47.40453604964064
H           57.03125903391942        9.14135183667993       48.71860919462218
H           56.96405359861675        8.21474897321322       45.80072095657450
H           56.01790928651547        7.48194850953369       47.09258888308572
C           57.43287510741681       10.19986640350663       52.05892243910947
C           56.41939831342142        9.10955595370289       52.40394265605287
S           54.75335536124189        9.77556726308450       52.72285948342341
H           57.45002544724338       10.95678534364789       52.84753093321893
H           58.44022088299278        9.78324493526164       51.95270337685238
H           57.15607712996646       10.69130123128842       51.11745114586313
H           56.41467519242963        8.35143733685518       51.60802427973536
H           56.74118460332289        8.60899550634552       53.32732447463773
C           57.65319164595760       15.56278048292213       47.75332609608456
C           56.41210036481026       14.98583188783096       47.07521372097994
S           56.81229920628385       13.33154761298083       46.41180787342762
H           57.93387948564100       14.94624963739554       48.61179338351814
H           58.49237971310964       15.56176582197685       47.05345678342545
H           57.48904703838342       16.59001031232687       48.09723104516787
H           55.57773507828706       14.99542088499433       47.79665633947997
H           56.13267805617510       15.64171428050348       46.23762203104381
C           50.08195773139615       17.10892001425330       52.04679883197179
C           49.45652424840119       17.33252149894333       50.66479241210804
C           49.66275313579992       16.15880835045369       49.76391189378227
N           48.80614657110328       15.08176952530638       49.76467631253684
C           49.26962866930447       14.18924518015793       48.84958490794487
N           50.36507439009706       14.63337362577634       48.29228402990492
C           50.63125676311437       15.85020211480198       48.85024452603450
H           49.64898537595827       16.22731274975088       52.52127852476315
H           51.16107428198472       16.96660362804561       51.95955800707068
H           49.89499597264784       17.97378977643850       52.68247481650568
H           48.38517261198474       17.51854799540798       50.78571826851424
H           49.89968990252932       18.22296168602086       50.20834441024309
H           47.95938643486620       15.01567852835103       50.29494104460639
H           48.81545772070607       13.22127908320657       48.66712869180414
H           51.51190565915471       16.41382519362272       48.57950217909103
Fe          51.87046878470107       10.88183726398917       49.32664758082832
Fe          53.69247302489854       12.72725125265836       49.66200020835890
Fe          53.97953581452019       10.10945607225024       48.25438224470015
Fe          53.84149558965886       10.45259979455163       50.76832127347195
S           55.40542339056415       11.36133906388029       49.51148295256272
S           52.81370801490242        8.93834076072694       49.58732637785550
S           52.33900993633593       11.97068788313822       51.16246779072180
S           52.97250092022188       12.02202946837192       47.48760259773602
Ni          55.44812646575473       11.81395986280370       47.33875383386544
C           52.18882009345942       12.39072189066639       45.99208609384297
O           52.37822013306072       13.69211442188183       45.57853680180599
O           51.49053689988939       11.64086634314486       45.30972637149179
H           51.90401618418151       13.81129318711569       44.74790560980991
68
 energy: -118.603429105603 gnorm: 0.005691921335 xtb: 6.6.1 (unknown)
C           54.65120579554728       14.89345170963688       52.18194488826924
C           54.15284956202423       15.79377038584632       51.05670927276012
S           53.76267086792906       14.92088463539901       49.50912902182279
H           54.85304611695265       15.47170936071341       53.08989193235296
H           53.90038778514720       14.13137029210266       52.41364307426683
H           55.57327439964417       14.38670233997498       51.88295944469655
H           53.25381191308800       16.32706906517500       51.39933184402663
H           54.91298540571030       16.55651193391338       50.83918103473925
C           47.35387269979623        9.68276319354684       49.24437508337236
C           48.64869672770504       10.06655167317491       49.95461812973490
S           49.70980176767041       10.94427215060958       48.76226297856321
H           46.66588271325283        9.16042048430251       49.91479106158820
H           46.85978137767548       10.58002343648457       48.86613586937516
H           47.57387056421229        9.03391739805083       48.39331803471892
H           48.41002348257960       10.70943282273189       50.81229131039563
H           49.13061006960388        9.15898018716619       50.33999646054146
C           57.51655575601019        8.89343776611058       47.77376664905664
C           56.49372639045480        8.43032418356420       46.74119143281423
S           55.12034739698824        9.58977974215818       46.41195064140060
H           58.25240428884454        8.10497144932912       47.96861155054837
H           58.04546939900607        9.78050771357707       47.41643336587112
H           57.01978454911519        9.14361697612114       48.71608204275591
H           56.99976491515159        8.25629199805414       45.78520927618460
H           56.06757377919715        7.47120141507393       47.05791320424589
C           57.42831050726990       10.19656537257079       52.06928818605693
C           56.40875129838724        9.11066011693032       52.41056827180423
S           54.74576910424655        9.78393414692230       52.72857948526808
H           57.44745322496165       10.95266740540321       52.85859354166486
H           58.43366829040975        9.77460724793877       51.96514170370590
H           57.15665239659508       10.69026214631099       51.12749748924873
H           56.40179611727967        8.35444087364706       51.61277000860606
H           56.72755285347383        8.60645607748775       53.33304147941203
C           57.65297912065233       15.55062665454068       47.74971763088224
C           56.41189971161685       14.97769888503971       47.06769329384347
S           56.80745540080686       13.32277462526264       46.40385619075851
H           57.93307578055799       14.92888573786700       48.60509018979543
H           58.49300434709998       15.55325351397596       47.05067728738654
H           57.48971391954514       16.57606865518028       48.09969371477020
H           55.57552849974879       14.99036838534079       47.78689495906654
H           56.13667373189836       15.63553645041655       46.23002017521374
C           50.08645641766613       17.10272191814679       52.05122667235647
C           49.46359968654451       17.33409925125169       50.66938127460709
C           49.66559728803360       16.16297953268679       49.76429791915414
N           48.80507504598704       15.08869281138001       49.76177195200819
C           49.26545757091299       14.19779311827991       48.84261830304830
N           50.36169739311552       14.64077458735146       48.28664078417930
C           50.63210167940598       15.85447211073078       48.84838216843237
H           49.65060707290709       16.22027554112125       52.52150343950169
H           51.16537390612550       16.95804304520527       51.96504504788447
H           49.90098944824368       17.96541582867306       52.69039001216415
H           48.39295320561878       17.52479713513398       50.78985698848393
H           49.91129510801805       18.22440234848839       50.21691070534310
H           47.95827777960706       15.02350265974556       50.29199939523466
H           48.80883036194540       13.23139528248584       48.65811115470262
H           51.51479123717271       16.41626356658997       48.57991233343809
Fe          51.87106577011058       10.88296863427611       49.32332032371954
Fe          53.69443459934830       12.73562559501071       49.65727307022136
Fe          53.97821161943470       10.08932488683009       48.25466783339495
Fe          53.83904236292396       10.45682225536088       50.76933962822807
S           55.39922198737337       11.35662568466704       49.50271648557656
S           52.80577034477250        8.93762295191408       49.60007940729844
S           52.34024639391915       11.97875348668939       51.15512912923259
S           52.96454823755691       12.00456701403728       47.49299910281771
Ni          55.44321711994843       11.79687666228413       47.32453177549193
C           52.17591570504834       12.36737011459073       45.99504102825254
O           52.35931411038005       13.67121691594590       45.58492855062354
O           51.48018983096029       11.61421820411352       45.31535487983446
H           51.89023912913338       13.78980239935076       44.75104412325765
68
 energy: -118.603695889605 gnorm: 0.006418883610 xtb: 6.6.1 (unknown)
C           54.65321857919051       14.89159054506307       52.18507706658646
C           54.15386366811732       15.79247866518587       51.06056224366010
S           53.77299663690408       14.92469664707795       49.50698334335578
H           54.84943522148521       15.46983265369636       53.09430367296000
H           53.90523907891369       14.12586423402935       52.41404316105066
H           55.57887124388827       14.38980307971473       51.88879410688246
H           53.25005909339131       16.31872562062435       51.40198831407356
H           54.91031383249940       16.56098581374265       50.84984209241895
C           47.35191462314044        9.69135404090447       49.24517138057821
C           48.64694841953004       10.07529674307904       49.95486112533121
S           49.70378012245560       10.95655486191321       48.76115758770255
H           46.66482333731848        9.16646836043320       49.91466587799019
H           46.85671491970531       10.58909009580353       48.86935626698553
H           47.57245081227564        9.04512207874168       48.39228173526190
H           48.40822608573765       10.71581801578068       50.81440330625190
H           49.13031774483873        9.16739269267964       50.33773647493718
C           57.52377949749072        8.92951641252187       47.77344797171828
C           56.52833526810209        8.45189758715068       46.71982465618137
S           55.11655718051799        9.57287932646581       46.41186951829295
H           58.28663137974371        8.16432419041948       47.96028520872571
H           58.02414924259033        9.84356257756376       47.43848480375762
H           57.00705811697317        9.14430779810689       48.71547091672808
H           57.05081069642715        8.32293506678154       45.76248579346645
H           56.13652073538921        7.46649232898043       47.00820796158623
C           57.42087336929308       10.19178975276894       52.08340193221085
C           56.39318115397433        9.11215446706771       52.42057414186075
S           54.73534788430453        9.79852221402221       52.73614860053327
H           57.44227874057133       10.94657651129614       52.87389604893781
H           58.42390242408442        9.76354967620967       51.98200176363068
H           57.15473106734441       10.68815270503145       51.14151006225200
H           56.38223182034729        8.35801573345073       51.62090801220388
H           56.70680736583643        8.60345215751381       53.34238213955074
C           57.65317885053713       15.52917153027590       47.74326769261086
C           56.41167044074762       14.96298880261513       47.05588206323123
S           56.79725478851412       13.30584522831559       46.39152760667912
H           57.93183259299948       14.90141458468004       48.59448283955096
H           58.49419362277565       15.53753489407369       47.04541641392564
H           57.48928666039570       16.55184736071872       48.10096106383606
H           55.57299437390144       14.98001975230900       47.77239168146269
H           56.14290985671346       15.62314296641463       46.21761153805458
C           50.09311824681551       17.09332877985335       52.05798492138625
C           49.47435937575403       17.33634344651655       50.67612396046810
C           49.67031807256632       16.16871878367465       49.76506793731260
N           48.80466170342579       15.09852893819213       49.75774869061360
C           49.26030603105031       14.20986181593717       48.83369122398584
N           50.35841770306106       14.65041162954753       48.27943766003490
C           50.63478501820885       15.86010742459469       48.84698576621292
H           49.65258405152098       16.20955456518730       52.52157478374393
H           51.17165337165629       16.94472803740180       51.97325346661574
H           49.90989876121272       17.95269005543591       52.70237019918883
H           48.40473292773989       17.53359717751611       50.79558880167720
H           49.92897891868216       18.22612786491952       50.22937253788427
H           47.95735219433481       15.03510272235649       50.28741789716770
H           48.79913793489229       13.24643665510170       48.64569262668056
H           51.51978358990149       16.41949906422757       48.58115282275840
Fe          51.86927034362447       10.88439361227952       49.31873405136474
Fe          53.70140565564658       12.73689129696416       49.64804748223775
Fe          53.98251289278948       10.06856492053500       48.26191648594887
Fe          53.83477687438398       10.46148607019061       50.77000265191268
S           55.40011177244988       11.35054553846692       49.49943902580526
S           52.79780408795006        8.93645003866418       49.61247424242626
S           52.34296899746260       11.99155705338332       51.14494429821620
S           52.95636426608609       11.98279132907716       47.49732827089687
Ni          55.43028877753818       11.78487927294225       47.31829698143284
C           52.15167664710326       12.33682812390649       46.00251600620712
O           52.32977468903366       13.63911999345350       45.58849188808683
O           51.46407468259562       11.57658373762876       45.32475169233138
H           51.86639430361048       13.75389642880179       44.75126014047521
68
 energy: -118.603978998425 gnorm: 0.006155097806 xtb: 6.6.1 (unknown)
C           54.65482993408494       14.88815331003129       52.18508675801172
C           54.15384887914597       15.78919316791004       51.06145845499218
S           53.77925881870269       14.92432982521062       49.50438416471218
H           54.84496041370431       15.46678513527877       53.09521376887074
H           53.91001455689353       14.11841394563307       52.41136300107784
H           55.58410602748554       14.39131268413345       51.89181921187141
H           53.24571833758258       16.30850615748985       51.40134303673299
H           54.90693224650929       16.56176877728566       50.85509150410820
C           47.34924624821660        9.70085702627764       49.24591587933323
C           48.64520908455631       10.08576679680478       49.95367426633667
S           49.69744877954583       10.96895703452440       48.75660803672416
H           46.66398231980151        9.17351218231194       49.91570367752156
H           46.85197289940228       10.59869555373533       48.87268459740669
H           47.57002959579813        9.05709153974183       48.39148110085137
H           48.40715501450057       10.72478805373361       50.81462020148408
H           49.13009392817028        9.17781844010857       50.33434368023134
C           57.53326979895878        8.96594407497699       47.77399107976895
C           56.56469610307279        8.48258732700434       46.69977379298854
S           55.12311864735181        9.57171017806941       46.41096563857392
H           58.31785341550288        8.22121043256505       47.94801598989357
H           58.00939591669663        9.90343525820354       47.46575786315011
H           57.00252003732165        9.14335849145159       48.71716406428197
H           57.09942122269239        8.39443031028135       45.74192577753453
H           56.20016192999197        7.47823124085229       46.96121236745913
C           57.41253801803365       10.18668878571189       52.09764569210652
C           56.37648330562434        9.11394670868393       52.43133637782793
S           54.72392177059655        9.81490445980277       52.74317432322068
H           57.43547604095059       10.94030899487908       52.88921389074366
H           58.41366200578835        9.75336174725869       51.99879425475888
H           57.15090169044411       10.68511711963718       51.15587870699652
H           56.36124625953840        8.36090242978070       51.63097125781030
H           56.68369693738814        8.60178232663929       53.35333294351335
C           57.65395003543044       15.50313619298511       47.73532528007938
C           56.41094161230770       14.94625120191852       47.04288419357320
S           56.78310789628310       13.28645469076254       46.37655267396043
H           57.93018012585177       14.86968897008463       48.58210851076574
H           58.49550545108158       15.51684098697619       47.03841700873237
H           57.48891657790865       16.52286853435698       48.10024526041037
H           55.57042412127727       14.96686008551450       47.75708798269371
H           56.14925674430948       15.60853441956814       46.20392554460543
C           50.10008021031061       17.08278418301778       52.06546405957308
C           49.48619505173086       17.33838439945098       50.68337694484479
C           49.67605729466374       16.17419803315713       49.76627043488691
N           48.80566455522600       15.10837071698738       49.75400895786158
C           49.25637693542885       14.22179086683883       48.82624873455632
N           50.35734774143328       14.65881459989534       48.27383717994201
C           50.63947229473334       15.86508836910845       48.84731732907265
H           49.65396814383740       16.19766035251842       52.52141556302651
H           51.17808948558450       16.92945731093114       51.98231732444992
H           49.91927188163001       17.93844336291837       52.71542765050420
H           48.41765415086480       17.54225289631164       50.80137466836182
H           49.94838908398249       18.22727300810038       50.24263494091521
H           47.95727166491482       15.04732827311809       50.28240637228456
H           48.78952927998608       13.26216966381112       48.63400646531611
H           51.52639005723253       16.42199338615415       48.58357747819552
Fe          51.86621088257602       10.88416164185956       49.31440795290567
Fe          53.70523057835940       12.73715653171340       49.64873685150253
Fe          53.99175907615033       10.05149851492645       48.26900451397058
Fe          53.83015457918689       10.46323948741786       50.76910169369746
S           55.40028290301677       11.35021559807024       49.49829347223923
S           52.79391401833997        8.93437809415444       49.61768115323347
S           52.34201981555955       11.99732878618167       51.13921075401529
S           52.95469244569211       11.96802151744924       47.50176131307674
Ni          55.41329596847731       11.78383711637954       47.31890696013279
C           52.12955917917841       12.30715350627208       46.01329611327770
O           52.29840150154459       13.60401443363598       45.58647033713012
O           51.44604453851016       11.53818991907339       45.34285434554289
H           51.83442637340150       13.71048298233562       44.74943331987169
68
 energy: -118.604212969855 gnorm: 0.005175339636 xtb: 6.6.1 (unknown)
C           54.65565817350438       14.88425735719821       52.18194657738168
C           54.15251056317691       15.78523367897156       51.05945503403670
S           53.77791593054343       14.91906788529072       49.50356413929761
H           54.84141524269801       15.46264641413117       53.09291443036580
H           53.91360102218447       14.11099678203685       52.40576068004004
H           55.58740064909463       14.39134547624398       51.89001448196016
H           53.24260080863380       16.30064452043911       51.39906164276819
H           54.90354371831202       16.55901718734908       50.85289370118057
C           47.34620379492407        9.70948692658583       49.24622236145195
C           48.64375706693226       10.09579280584774       49.95071954629201
S           49.69346508764606       10.97741134883470       48.74949559324342
H           46.66347957281444        9.18063970245299       49.91769111559354
H           46.84642588306771       10.60691843865244       48.87506163736129
H           47.56617591780079        9.06697748937403       48.39090826890444
H           48.40749389552814       10.73549486691673       50.81167102353979
H           49.12961031598137        9.18827067983747       50.33083483178892
C           57.54507361408913        8.99457924112857       47.77484550867808
C           56.59225950294844        8.51615261965564       46.68820077642629
S           55.13336517156866        9.58376784744432       46.40993089390678
H           58.34171979111635        8.26244395040850       47.93595245746491
H           58.00589294011870        9.94577447245838       47.48964400255758
H           57.01000465116157        9.14261117640855       48.71953327696158
H           57.13140580959493        8.45231327935916       45.73211767831645
H           56.24244289133627        7.50450530439079       46.93161790106831
C           57.40414543082328       10.18267170920723       52.10862170503457
C           56.36265821680389        9.11496019734490       52.44085274682163
S           54.71353347242255        9.82679736153749       52.74743362912440
H           57.42818777045996       10.93588117193545       52.90058469652403
H           58.40402258468629        9.74617922104707       52.01142945090449
H           57.14517215585180       10.68199905736685       51.16681450066847
H           56.34450683105094        8.36162312743316       51.64115248811846
H           56.66421028272418        8.60190460974115       53.36409069819547
C           57.65523855104834       15.47979235086963       47.72761523843401
C           56.40968583787467       14.93440382692307       47.03099146181811
S           56.76845854976547       13.27305610969158       46.36074581123253
H           57.92787566301924       14.83999245159503       48.56995385641996
H           58.49675541837188       15.49550459485692       47.03108529224555
H           57.49198226906700       16.49727722499927       48.09891289998770
H           55.56830064286837       14.95717876916380       47.74375975318935
H           56.15431118394513       15.59941485181463       46.19251278505391
C           50.10578487001521       17.07302467836755       52.07216612305469
C           49.49673408036134       17.33948136781052       50.68980042723783
C           49.68180159575095       16.17815150190174       49.76781539236030
N           48.80786002365689       15.11592223550635       49.75154222102861
C           49.25510667951229       14.23061760393219       48.82218370237359
N           50.35887382649651       14.66421452438393       48.27142234935575
C           50.64523823302142       15.86817600662485       48.84931432627635
H           49.65430568122921       16.18706724785241       52.52130505177981
H           51.18322713975802       16.91508985736328       51.99066642538779
H           49.92710874014608       17.92546705082518       52.72679780695609
H           48.42914923472620       17.54887343680949       50.80622404238225
H           49.96552059570410       18.22736851969882       50.25427319050777
H           47.95818132716556       15.05724397965779       50.27829349780322
H           48.78345956145235       13.27431033552732       48.62615537746464
H           51.53386773847973       16.42262016098813       48.58707793615395
Fe          51.86267537841809       10.88005880581757       49.31145018223326
Fe          53.70592541881330       12.73419996404609       49.65541161543571
Fe          54.00288863089710       10.04601070708887       48.27464474888978
Fe          53.82532986698791       10.46134353706312       50.76805115713141
S           55.40171537191061       11.35239865839597       49.50254640456622
S           52.79553722257730        8.93062654559865       49.61311721346991
S           52.33590970022941       11.99535348277733       51.13678117393701
S           52.95805142200699       11.96236326039165       47.50392525973737
Ni          55.40066272933782       11.79194809122417       47.32553300478904
C           52.11313987304140       12.28429880073632       46.02392468636872
O           52.27187132925120       13.57426341917905       45.57897934623944
O           51.42980326201070       11.50541822470761       45.36431987252521
H           51.80100603153134       13.66929405873076       44.74499759031197
68
 energy: -118.604411161702 gnorm: 0.005783578765 xtb: 6.6.1 (unknown)
C           54.65686802190586       14.88019565647141       52.17793050765459
C           54.15094771918940       15.78156545419488       51.05705377578503
S           53.77606207096901       14.91562285582777       49.50150104158225
H           54.83829580457638       15.45669452398871       53.09095193784180
H           53.91813993607403       14.10256567221195       52.39796553780209
H           55.59126429719278       14.39242732713342       51.88589783793813
H           53.24034349002017       16.29424022744839       51.39818472824899
H           54.89989397284186       16.55696558828378       50.85011204190049
C           47.34195427456203        9.72109799932562       49.24645176678212
C           48.64162030215553       10.10863722188058       49.94654166283987
S           49.69015399084972       10.98591506033485       48.74071129822956
H           46.66246479955399        9.19098622833861       49.92020315095332
H           46.83937442866620       10.61789822880261       48.87757911363797
H           47.55985708814183        9.07926167316311       48.39014145324784
H           48.40824243667205       10.75073289758332       50.80649078489006
H           49.12800524695962        9.20182017224253       50.32751436748348
C           57.56166005173200        9.03071441110073       47.77684223673848
C           56.62651579280440        8.55406964474247       46.67488426734893
S           55.14095651659204        9.59010680470781       46.41306681455391
H           58.37822134611779        8.31582592470679       47.92181165412275
H           57.99853106581192       10.00294831643299       47.52048143269382
H           57.01828376829663        9.13888469383038       48.72327644568200
H           57.17312243438295        8.52555433666044       45.72083376706640
H           56.29880988720303        7.52849147342590       46.89242318664314
C           57.39240515815047       10.17788567625097       52.12267726095388
C           56.34500802306314        9.11564189490196       52.45336811654845
S           54.69850441038621        9.83672619029199       52.75316085482068
H           57.41874116513721       10.93123328800024       52.91448056186197
H           58.39038067886820        9.73655701896226       52.02749620902649
H           57.13762111602804       10.67823731693121       51.18020696472581
H           56.32488828024968        8.36139764613736       51.65475255467955
H           56.64060276343917        8.60248912828492       53.37838568670252
C           57.65699000167594       15.45325987036352       47.71806460054817
C           56.40755272671496       14.92484982788278       47.01566959322668
S           56.75135806053090       13.26372901899060       46.33773629833497
H           57.92402448846530       14.80202832693180       48.55371194300930
H           58.49850394649776       15.46865885285007       47.02176909986507
H           57.50147682412946       16.46834121953988       48.09939647936898
H           55.56488215273726       14.95133248935174       47.72643298220539
H           56.16096234015716       15.59574093423535       46.17959475695059
C           50.11309171172989       17.06027070831993       52.08079389683829
C           49.51051736607684       17.34051060333161       50.69820553669244
C           49.68952667854222       16.18309987406977       49.76998370771375
N           48.81057201606589       15.12526355026018       49.74866871211944
C           49.25427185145674       14.24126473446121       48.81704859449169
N           50.36083841919972       14.67131610362047       48.26865161610433
C           50.65252232958070       15.87194644571010       48.85150127047945
H           49.65465775764972       16.17365827176869       52.52162901342688
H           51.18982147721948       16.89635886104940       52.00184964692936
H           49.93729069020206       17.90882577402463       52.74118865717787
H           48.44419405663748       17.55745429305959       50.81266157857294
H           49.98769859341251       18.22730247845992       50.26960278515438
H           47.95959163261242       15.06931212667958       50.27359695031225
H           48.77794388568938       13.28822040039955       48.61680127675909
H           51.54426120279734       16.42266338495075       48.59188865824996
Fe          51.85833822592324       10.87181553589452       49.30857753180051
Fe          53.70555059217990       12.73249290699827       49.66208086447615
Fe          54.01044018016013       10.04206796882462       48.27827898987867
Fe          53.81918399195172       10.45857912747807       50.76834916247108
S           55.40111037163503       11.35101195000519       49.50644335585817
S           52.79699033248004        8.92467867770537       49.60833771439454
S           52.32603683234599       11.99151210067508       51.13162117031640
S           52.95614782178455       11.95443050115067       47.50836888471155
Ni          55.39108973847235       11.79690130219118       47.32671734347878
C           52.09167824272119       12.25330025420644       46.03601578319930
O           52.23887122328325       13.53706391531538       45.57023608796910
O           51.40827806167102       11.46044385988478       45.39118750168036
H           51.75919627705679       13.61709534669130       44.73929363438268
68
 energy: -118.604616253456 gnorm: 0.004687970545 xtb: 6.6.1 (unknown)
C           54.65803885216836       14.87590005739018       52.16953226539358
C           54.14859608893823       15.77846483978618       51.05129659795274
S           53.76718873170546       14.91032265765433       49.49949600086060
H           54.83715178435806       15.44874001260843       53.08523296870238
H           53.92229742263292       14.09433192978384       52.38551667162336
H           55.59396078441401       14.39277415654031       51.87491993954711
H           53.24052242799403       16.29266955099624       51.39638170507683
H           54.89740722676942       16.55260807727652       50.83979838423973
C           47.33606283369551        9.73380529314332       49.24613390585390
C           48.63851138633184       10.12222169213804       49.94039685537204
S           49.68963882936904       10.98832713252304       48.72876025218793
H           46.66031410458621        9.20424046087531       49.92388023745754
H           46.83099368453413       10.62959350703390       48.87851791048492
H           47.55012666611061        9.09060694807312       48.38978123242446
H           48.40945817861287       10.77097375959137       50.79644275078154
H           49.12323314980902        9.21653927411610       50.32595998467527
C           57.58212905338865        9.06178530841959       47.78133759116690
C           56.65512513756106        8.59528006688565       46.66933727328860
S           55.15515870001376        9.60759615424929       46.41553245603536
H           58.41066911216349        8.35864131767838       47.90974275944752
H           58.00085789288629       10.04417413114205       47.54885671202197
H           57.04162489530201        9.13719445152445       48.72912229150272
H           57.20198846053678        8.59015489324443       45.71935880127676
H           56.34083032391302        7.56541308235445       46.86829209409495
C           57.37838094810626       10.17364722326698       52.13525900317016
C           56.32830024847192        9.11476063969228       52.46660537796043
S           54.68098775058449        9.83833894669063       52.75566710663338
H           57.40659048612116       10.92856612256778       52.92551023795347
H           58.37499063511691        9.72908410633637       52.04154298502326
H           57.12641779283888       10.67319406189525       51.19145474061908
H           56.30994319434688        8.35709120026399       51.67133331548952
H           56.61902751524886        8.60564568150351       53.39521848881463
C           57.66038450331926       15.42949423202438       47.70834646997526
C           56.40392003428808       14.92610344755058       47.00039378055502
S           56.72819420743449       13.26708647254051       46.30932747329116
H           57.91815286687076       14.76341644736163       48.53594078876620
H           58.50151281414878       15.43851227967806       47.01157573723001
H           57.52139441412123       16.44273088443331       48.10132625858001
H           55.56041447640753       14.95692244648071       47.70963605757785
H           56.16765698681535       15.60665820853245       46.16952846838103
C           50.11979523495299       17.04621328245898       52.08997866450271
C           49.52489328557402       17.33989723030210       50.70707625788732
C           49.69872939172328       16.18645591704076       49.77313619040679
N           48.81534580870412       15.13237199775029       49.74739704738678
C           49.25712503144079       14.24897931952659       48.81470830104684
N           50.36617277892526       14.67595130090556       48.26902306252379
C           50.66190888895126       15.87374888209219       48.85546267182435
H           49.65356108782408       16.15980229021946       52.52265436353754
H           51.19566210385855       16.87545371333243       52.01433019599686
H           49.94707853075135       17.89116850659983       52.75563449780351
H           48.45991448918252       17.56455413013206       50.81906684248396
H           50.01056668232719       18.22538716264048       50.28564978540675
H           47.96308004947976       15.07905428924240       50.27036108399727
H           48.77786215842355       13.29828723805623       48.61077726680161
H           51.55710564724642       16.42028267238289       48.59858235748763
Fe          51.85292001334734       10.85799031447222       49.30502214426711
Fe          53.70017376722405       12.72993762268515       49.67251423606162
Fe          54.01882392776347       10.04611898670081       48.27770645980150
Fe          53.81253893448310       10.45231140177589       50.76736970808533
S           55.39920523343442       11.35272095393636       49.51441888840029
S           52.80263593816428        8.91645885348830       49.59478016263544
S           52.30955286649043       11.97890791191013       51.12685049188842
S           52.95473801454338       11.95118793496554       47.51140778434930
Ni          55.38762861668796       11.80713850319377       47.32933363446161
C           52.07225970271314       12.22287881702697       46.04866982479172
O           52.20856195839696       13.49918167251328       45.55546301972957
O           51.38480402247708       11.41482902873063       45.42431001962655
H           51.71240367290380       13.55931105998425       44.73135580547266
68
 energy: -118.604747736216 gnorm: 0.006014905479 xtb: 6.6.1 (unknown)
C           54.66083294839279       14.87255801366834       52.16294481057837
C           54.14836378299636       15.77692249954891       51.04745570294184
S           53.76451861083977       14.91016671080102       49.49563839973563
H           54.83681299319342       15.44176177004465       53.08162687747026
H           53.92825376687971       14.08684497897414       52.37460820397038
H           55.59901543350105       14.39490408401715       51.86649438500817
H           53.24131407362300       16.29114382658855       51.39616461780105
H           54.89629288722402       16.55206681021274       50.83511078781535
C           47.32920421106940        9.74864238152682       49.24626083819402
C           48.63383647233788       10.13713531238529       49.93592769113873
S           49.68705386433830       10.99242374347608       48.71868696864136
H           46.65600797678077        9.21979476874511       49.92690582020726
H           46.82290833773730       10.64394925066588       48.87948210656541
H           47.53996385481694        9.10425052567469       48.38977185892370
H           48.40836747571110       10.79220438928101       50.78812161938887
H           49.11619702806473        9.23228914745285       50.32649945077860
C           57.60208443597893        9.10002749882371       47.78668515148090
C           56.69274812144275        8.63444630156386       46.65642663166999
S           55.16306952930142        9.60910873731654       46.41855218485133
H           58.45396660511868        8.41766533426284       47.89682796364936
H           57.99014649366284       10.10534914795735       47.58432420714082
H           57.05335326248877        9.12965425822421       48.73579330359988
H           57.24846299520128        8.67129789584778       45.70908536218078
H           56.40707376354309        7.58689621900927       46.82546725191098
C           57.36266576924744       10.16839804934540       52.15135067397915
C           56.30858362163112        9.11344478586336       52.48238251842754
S           54.66086571932536        9.84056345674925       52.75986703660764
H           57.39285271802999       10.92482988315420       52.94005580855440
H           58.35745695514867        9.71917032669071       52.06031403411792
H           57.11506225441217       10.66736937696150       51.20587008290987
H           56.29257746007050        8.35248729787286       51.69011131244859
H           56.59410582367001        8.60768050109957       53.41449063086144
C           57.66422024193697       15.40455065791871       47.69857481867462
C           56.40015421533321       14.92880418143060       46.98408564315258
S           56.70034567503171       13.27141429387929       46.27878766878640
H           57.91168189714394       14.72285767383845       48.51757135656796
H           58.50536563512374       15.40731913752452       47.00151036503539
H           57.54366583193035       16.41547203471688       48.10470688821090
H           55.55508040955681       14.96712098951734       47.69120375150742
H           56.17656174404308       15.62079551830992       46.15879784834323
C           50.12787675139342       17.03016224042168       52.10058907529103
C           49.54156197026640       17.33938119223145       50.71729134410933
C           49.70896319874948       16.19066767123503       49.77640679206546
N           48.81999477721398       15.14084204696323       49.74553057927881
C           49.25890510128188       14.25873402621924       48.80953678729649
N           50.37001404316082       14.68312482396145       48.26672629340752
C           50.67103466994750       15.87691174206768       48.85792042739065
H           49.65289955742104       16.14387149101822       52.52415618950861
H           51.20283174650761       16.85175522229783       52.02872466319786
H           49.95879613615298       17.87115760622091       52.77231235787895
H           48.47816387674757       17.57343949163479       50.82651365140261
H           50.03724413913591       18.22355920793878       50.30430048947594
H           47.96681532501304       15.08999837115213       50.26711425620615
H           48.77667580053564       13.31034116485553       48.60174034583640
H           51.56993339526378       16.41930641008614       48.60449945696386
Fe          51.84795667509677       10.84576391654380       49.29909739155929
Fe          53.69684412017922       12.72949220045723       49.67303255412933
Fe          54.02479360950527       10.03917162516449       48.27908711340354
Fe          53.80520803820119       10.44958784567408       50.76624565596934
S           55.39622929836434       11.35156370278776       49.51847185865717
S           52.80292116607905        8.90863502086597       49.59056712359872
S           52.29734795072908       11.97452637952796       51.11633968266508
S           52.94608315141260       11.93583291981305       47.51486531908564
Ni          55.38216783601533       11.80655841344386       47.32543322427050
C           52.04430814976013       12.18247175479370       46.06050050751321
O           52.17305876726397       13.45275282140865       45.54494558276658
O           51.35671333841258       11.36104543636710       45.45358780190876
H           51.66676495432843       13.49575563379718       44.72525554151145
68
 energy: -118.604860721698 gnorm: 0.003031695103 xtb: 6.6.1 (unknown)
C           54.66341237465357       14.87186727482379       52.15687578304595
C           54.15000222828662       15.77737829022628       51.04275912761066
S           53.76210567880664       14.91102298161036       49.49155436948053
H           54.83988121946913       15.43901905271430       53.07674213113108
H           53.93137781213397       14.08552192694671       52.36733817719161
H           55.60158544394969       14.39547485388275       51.85857642545759
H           53.24520221986609       16.29453806069462       51.39410969456107
H           54.89915987174006       16.55131653835713       50.82880332494729
C           47.32404475815168        9.75602499244218       49.24609824268260
C           48.62962044936630       10.14368343223046       49.93398892287222
S           49.68659717305447       10.98789204250019       48.71262699864263
H           46.65057971361107        9.23008599907609       49.92856995750761
H           46.81916916661505       10.65123451412452       48.87739754178881
H           47.53271454136376        9.10890059644324       48.39101330982714
H           48.40600167019434       10.80506967783790       50.78178319555046
H           49.10803193978185        9.23935921419927       50.33083337147806
C           57.61182978781663        9.11007166782169       47.79089667900389
C           56.70455400815909        8.64748747718530       46.65608226907664
S           55.17199238155914        9.61337041823863       46.41927892933829
H           58.46722686775541        8.43357035894250       47.89637393378256
H           57.99099616365673       10.11734427428466       47.59630805422916
H           57.06448696120562        9.12776400768803       48.73840212552773
H           57.26119368028998        8.69428008675022       45.71146969757724
H           56.42605929760152        7.59839954146468       46.81786555572987
C           57.35422172617152       10.16671648563479       52.15687658123116
C           56.30163680982441        9.11087334125894       52.48974055857578
S           54.65053275650414        9.83307349410696       52.75877359825893
H           57.38360537927507       10.92518675642098       52.94358405072478
H           58.34922114044694        9.71784852476793       52.06732824460056
H           57.10690481209540       10.66317694236844       51.20994607207230
H           56.29095760272352        8.34564262153588       51.70123529649930
H           56.58616271275189        8.61062134606795       53.42518784694957
C           57.66755078808226       15.39952261754313       47.69595724765384
C           56.39725008556626       14.94306757124639       46.98009831146489
S           56.67953950891802       13.28791571730212       46.26265551689720
H           57.90666844040987       14.71088910209264       48.51129816284705
H           58.50830877326481       15.39353337728259       46.99800020255776
H           57.56244736455997       16.40998639808667       48.10701659366783
H           55.55223076402454       14.98720021214731       47.68730358514290
H           56.18125851253844       15.64341298683212       46.15963652430941
C           50.13040730856730       17.02212226889965       52.10562990228635
C           49.54882516972211       17.33686797214803       50.72190848799210
C           49.71452580617410       16.19001465852719       49.77877746919887
N           48.82434970697064       15.14083912214554       49.74685197896333
C           49.26331971378703       14.25908109543403       48.80958945603276
N           50.37424970377499       14.68378089365837       48.26755641416009
C           50.67601468531817       15.87638835064717       48.85961432712465
H           49.65105578792722       16.13687025161019       52.52596054614769
H           51.20481084428801       16.83971338583075       52.03603045705758
H           49.96298456347323       17.86209039642023       52.77898658160892
H           48.48619581648092       17.57493591151334       50.82932805881673
H           50.04873143032046       18.22019569076005       50.31246724662330
H           47.97117609340070       15.09035622719058       50.26839176053758
H           48.78180243391942       13.31050724652231       48.60099720156671
H           51.57569880210419       16.41793887993407       48.60724886575697
Fe          51.84566437804821       10.83770598885389       49.29467433694850
Fe          53.69164548946939       12.72901295702805       49.66992358775997
Fe          54.02723471685123       10.03799480201330       48.27705596136036
Fe          53.80281667504067       10.44744514632535       50.76314044387363
S           55.39422624838272       11.35400119208355       49.51990421766867
S           52.80511563502833        8.90400102867321       49.58577534819375
S           52.29156378378079       11.96998070284310       51.11006127328059
S           52.93807868151632       11.92820003088917       47.51420205090774
Ni          55.38177397396913       11.80913469029469       47.32333567850246
C           52.03035729305210       12.16431430325919       46.06385212780345
O           52.16085985201525       13.43127503527793       45.53815941245713
O           51.34267001433118       11.33967497745151       45.46426694504056
H           51.65072524605411       13.46640416846576       44.72125835102142
68
 energy: -118.604966088280 gnorm: 0.003468015346 xtb: 6.6.1 (unknown)
C           54.66855826691947       14.87080271859541       52.14817575424777
C           54.15455025810497       15.77760977631054       51.03546540748060
S           53.76245703495594       14.91235848792301       49.48432250625908
H           54.84492446850697       15.43674937140340       53.06875838884670
H           53.93706780778921       14.08387280384722       52.35787064543084
H           55.60703236266164       14.39562871150981       51.84908607729157
H           53.25131408127465       16.29668669775766       51.38872654190454
H           54.90479525051237       16.55047660144651       50.82069041346323
C           47.31541374987585        9.76741354513081       49.24612523040886
C           48.62220101053186       10.15390975574563       49.93222544687318
S           49.68359033254620       10.98221560912315       48.70381849598895
H           46.64020392056893        9.24645082664031       49.93072739269723
H           46.81355244043574       10.66271846653591       48.87352486065171
H           47.52213592682522        9.11612107564677       48.39370669991425
H           48.40094733092421       10.82376912054217       50.77404323528476
H           49.09499474084029        9.25037175421688       50.33781585170006
C           57.62377622841033        9.12583241340886       47.79663971637817
C           56.72543995654033        8.66668372326473       46.65193780753309
S           55.18571776372506        9.61858916127371       46.41860122938962
H           58.48810829060162        8.46084222977879       47.89368990467457
H           57.98711718546015       10.14125222447402       47.61736751556499
H           57.07393779470335        9.12091375367971       48.74264249924332
H           57.28516392340173        8.72960330324931       45.71125362163210
H           56.45921715902881        7.61421767627716       46.80185143251030
C           57.34198637822841       10.16392859437499       52.16550501883523
C           56.29100068500398        9.10720646194284       52.50099333534747
S           54.63627493594529        9.82539709780487       52.75756900462689
H           57.36882727904700       10.92528241367088       52.94946374882492
H           58.33781645479716        9.71646270511548       52.07903347469775
H           57.09484706287162       10.65638705255962       51.21649291040655
H           56.28706569897516        8.33579427717789       51.71816704235969
H           56.57307350540971        8.61459122040723       53.44138366101863
C           57.67223597685650       15.39130235888100       47.69322329032180
C           56.39325938461984       14.96218648873509       46.97565770016404
S           56.64638543475077       13.30962277116838       46.24062986736725
H           57.89939236101058       14.69459206231876       48.50437818124249
H           58.51214309512110       15.37366255196346       46.99403010133004
H           57.58684018223198       16.40109351492941       48.10963369444212
H           55.54913278725044       15.01483001686010       47.68382215599432
H           56.18819525166320       15.67367613395836       46.16169848986331
C           50.13423910164568       17.00964885430467       52.11342121125835
C           49.55969574969678       17.33276145518136       50.72874641552208
C           49.72276272114922       16.18846071219643       49.78219793830655
N           48.83170264782703       15.13984081169821       49.74915159433127
C           49.26975882652562       14.25942772851015       48.80937643846989
N           50.38012810169360       14.68495311746931       48.26734823431509
C           50.68303762016291       15.87603843896174       48.86136190822292
H           49.64810103839762       16.12580297957515       52.52880965937857
H           51.20781279425374       16.82109890016109       52.04718192424288
H           49.96930746143062       17.84818926376514       52.78916761647126
H           48.49812379785005       17.57665609266683       50.83314370689414
H           50.06622465756404       18.21466353787714       50.32446178229208
H           47.97874094943496       15.08944663466127       50.27107317819060
H           48.78835585308875       13.31107667003338       48.59932958142108
H           51.58270303775637       16.41769846168592       48.60966296884251
Fe          51.84335721400217       10.82898345112770       49.28721974579636
Fe          53.68607898627003       12.72839828688025       49.66404338259859
Fe          54.03469916771957       10.03227382496972       48.27639897832762
Fe          53.79939493708603       10.44601616318168       50.75822183057819
S           55.39284744655274       11.35791196493650       49.51952564783133
S           52.80815086681310        8.89849511548283       49.58084357594932
S           52.28616687258615       11.96726330738175       51.10067290219789
S           52.92828309508231       11.91633687339342       47.51328434230917
Ni          55.37624232448393       11.81562514042988       47.32277917155978
C           52.00801019329607       12.13619349635788       46.06823198917980
O           52.13906792794062       13.39785624026420       45.52833736842211
O           51.32151247210769       11.30567528950078       45.47802424121210
H           51.62800281866170       13.42229380756211       44.71256901386672
68
 energy: -118.605057971460 gnorm: 0.003950825544 xtb: 6.6.1 (unknown)
C           54.67587139147368       14.87009137656347       52.13812304614593
C           54.16194594872859       15.77737012389950       51.02590320502620
S           53.76511380599879       14.91254422209991       49.47534685285929
H           54.85277271359850       15.43642332711907       53.05829922298025
H           53.94405606606333       14.08371589554961       52.34857317958959
H           55.61407541789869       14.39443375271341       51.83917497094571
H           53.25991688564269       16.29785702664152       51.37995989257313
H           54.91335972777060       16.54872236178242       50.81021442373085
C           47.30478554898956        9.77968323805485       49.24622049734614
C           48.61290565653042       10.16473873278496       49.93092272507840
S           49.67945495821998       10.97454789088366       48.69423581839492
H           46.62592486571509        9.26627758082434       49.93313977655812
H           46.80774957530313       10.67508488750314       48.86711397890471
H           47.50986772611562        9.12225149190327       48.39818237489582
H           48.39425185760181       10.84405788504119       50.76593010904474
H           49.07916860831087        9.26222339410423       50.34649519383435
C           57.63273388055479        9.13885921754888       47.80286141773422
C           56.74476241971758        8.68431282418543       46.64857979681748
S           55.19820366204544        9.62469131569953       46.41779563715254
H           58.50553904737198        8.48577146180218       47.89312536708885
H           57.98222057224233       10.16067738003612       47.63890109034935
H           57.08073781207586        9.11362663567847       48.74628051580843
H           57.30966284946172        8.76341865836545       45.71174890341562
H           56.49002267977354        7.62725857621766       46.78534420048980
C           57.32956294464656       10.16160223770003       52.17327128435581
C           56.28112864660088        9.10337858072019       52.51236949204959
S           54.62284473742365        9.81761638489211       52.75579256885219
H           57.35198866039134       10.92669549197153       52.95375762387621
H           58.32716974336634        9.71736230455238       52.09086228329161
H           57.08193070295336       10.64860096956625       51.22165150476832
H           56.28399969443715        8.32493153875800       51.73632912785866
H           56.56051058788161        8.61962062115164       53.45826749623632
C           57.67681068484524       15.38534908217852       47.69266586546472
C           56.38890823023041       14.98456806702331       46.97460097069266
S           56.60948293880488       13.33517878786542       46.22127197677781
H           57.89083358959665       14.68221100004735       48.50111694925979
H           58.51551425268168       15.35430285534212       46.99227932638693
H           57.61133577200160       16.39499415564659       48.11223867480071
H           55.54706848812770       15.04566180160769       47.68511329690219
H           56.19480888000261       15.70691412162490       46.16757892113594
C           50.13745202718831       16.99624591545793       52.12147244815902
C           49.57030602517268       17.32680037937950       50.73546438568842
C           49.73137849652478       16.18470430221187       49.78592316282374
N           48.84137294267776       15.13528708278738       49.75304751323937
C           49.27816168304792       14.25714110128397       48.81035163279491
N           50.38682393802161       14.68488409553944       48.26650499263405
C           50.68981792812659       15.87519727742764       48.86223026555525
H           49.64418371720254       16.11427350319635       52.53240454470293
H           51.21007735289966       16.80116489256537       52.05880512070161
H           49.97500258279450       17.83388318915323       52.79891500147536
H           48.50970266985035       17.57610748061815       50.83635274339429
H           50.08335175698679       18.20701988958670       50.33592753905275
H           47.98925172376171       15.08377514658388       50.27634167332034
H           48.79718364621142       13.30874971228673       48.59928453025687
H           51.58782514983922       16.41895159095327       48.60969166366473
Fe          51.84143666363919       10.82141363540391       49.28111829047097
Fe          53.68097578025933       12.72683339395913       49.65658090630670
Fe          54.04513312623779       10.02812324712482       48.27736198035157
Fe          53.79753022691614       10.44489979856379       50.75294475938322
S           55.39379932368906       11.36274825305774       49.51705208953350
S           52.81299722035246        8.89398807608601       49.57538296831761
S           52.28363203791391       11.96561643214529       51.09200586559894
S           52.91846428811247       11.90502390231579       47.51095546699447
Ni          55.36870910969861       11.82709386979994       47.32470764910374
C           51.98517681792367       12.10872590830312       46.07004110503322
O           52.11579422370968       13.36416509447844       45.51595492868031
O           51.30056083921016       11.27163014842313       45.48849952857355
H           51.60809891083559       13.37811757351004       44.69837238492834
68
 energy: -118.605120985929 gnorm: 0.003071197836 xtb: 6.6.1 (unknown)
C           54.68399929568947       14.86943812768320       52.12804827553582
C           54.16988419910352       15.77646280433228       51.01576806515698
S           53.76700441334082       14.91126834193324       49.46689068726155
H           54.86239235214494       15.43696421565134       53.04716864394792
H           53.95137715582729       14.08429040730773       52.34043119097147
H           55.62134161537670       14.39211134814861       51.82910076418511
H           53.26929789592858       16.29841252468757       51.37059958017650
H           54.92241045692988       16.54586891996983       50.79799602884911
C           47.29402338476618        9.79174398744474       49.24637663956908
C           48.60353753579942       10.17514423205392       49.92980066297547
S           49.67620888520315       10.96687426697161       48.68623965345372
H           46.61094448575859        9.28740800868346       49.93606264472812
H           46.80247387383220       10.68696995654197       48.85944036099399
H           47.49716426884362        9.12679344287821       48.40376087032571
H           48.38780245500389       10.86354340314396       50.75818189616255
H           49.06358726636633        9.27371706864324       50.35455836235317
C           57.63903631981036        9.15050466126060       47.80881075937096
C           56.76228791582441        8.70179098958849       46.64464970997924
S           55.20980742161681        9.63366783768931       46.41652477798660
H           58.52097024810654        8.50837633287874       47.89165422483514
H           57.97553562105617       10.18084679627369       47.66246802959878
H           57.08312672950926        9.10297251769679       48.75060645383429
H           57.33146166248574        8.79377189268623       45.71169637374053
H           56.51431998032562        7.64203432435395       46.76890014762760
C           57.31855669445723       10.16011225994674       52.17996246892887
C           56.27230025907683        9.10100610506971       52.52285237180199
S           54.61146333248532        9.81287313202276       52.75461207221731
H           57.33640977460571       10.92939617694421       52.95653312744281
H           58.31799374469175        9.71907151820275       52.10201705689688
H           57.07095557229944       10.64131836277702       51.22539175529617
H           56.28011652399990        8.31643159563935       51.75308582702263
H           56.54899693499074        8.62523681325480       53.47356137146912
C           57.68001642516123       15.37973421909044       47.69341448451969
C           56.38478616764987       15.00361419351130       46.97514462450273
S           56.57709298860839       13.35788241229319       46.20663254641533
H           57.88204393184153       14.67149061599134       48.50040196156552
H           58.51761109650268       15.33604703818407       46.99241287055435
H           57.63201186146310       16.38957654600233       48.11497185929744
H           55.54554520285586       15.07132277539092       47.68818604377962
H           56.20007234322612       15.73504825409102       46.17437430713876
C           50.14018419057559       16.98308944108446       52.12896725806474
C           49.57990997763677       17.32006111065323       50.74160223441985
C           49.73950738955206       16.17987676652929       49.78943575611068
N           48.85180156542837       15.12871505104289       49.75756669781416
C           49.28689592698514       14.25354543024653       48.81169637909312
N           50.39298563002815       14.68444073607539       48.26465882810125
C           50.69552322544122       15.87441347665574       48.86192727029603
H           49.64021732089765       16.10306695254798       52.53604512813565
H           51.21186285405737       16.78183592822257       52.06967405477091
H           49.98004617264295       17.82014051588246       52.80767980455576
H           48.52009857831470       17.57405967142928       50.83910907316177
H           50.09874872428358       18.19870901200586       50.34620291401634
H           48.00110797633993       15.07502536915691       50.28309063552478
H           48.80661507123034       13.30486647291646       48.60004371890161
H           51.59105342966723       16.42121520200208       48.60733133680697
Fe          51.83978485062983       10.81509007520867       49.27703569330893
Fe          53.67735638124218       12.72546016980626       49.65154293476544
Fe          54.05576281931411       10.02650356059714       48.27747686428010
Fe          53.79666412354585       10.44355818874340       50.74898693130419
S           55.39548249652419       11.36670024965809       49.51390972952955
S           52.81877617955978        8.89090853977174       49.56933707826643
S           52.28131487062884       11.96321239705308       51.08530516685071
S           52.91010279334981       11.89628705854696       47.50849597151917
Ni          55.36137986482343       11.84143219251595       47.32792251729971
C           51.96566876909088       12.08526362452009       46.07051970144385
O           52.09384714191037       13.33396573194092       45.50214087133169
O           51.28372154176015       11.24012324931675       45.49716348954931
H           51.59081428196829       13.33748754879636       44.68117710853380
68
 energy: -118.605161004961 gnorm: 0.002161231238 xtb: 6.6.1 (unknown)
C           54.69166359434386       14.86985355373615       52.12034774799363
C           54.17740563766388       15.77586644358472       51.00727899718851
S           53.76730990269788       14.90894181742914       49.46139724125928
H           54.87386743428419       15.43962870664504       53.03733512711189
H           53.95710381759650       14.08753034810989       52.33678086019387
H           55.62685216266054       14.38862871495357       51.82076791290106
H           53.27878182212918       16.30014518189329       51.36282529623899
H           54.93138300189606       16.54263953176817       50.78613608527137
C           47.28590835426176        9.79939338008610       49.24657189070421
C           48.59619467585053       10.18081256632560       49.93000349789556
S           49.67455373809371       10.95911441626877       48.68281325317445
H           46.59784151300635        9.30502084882343       49.93867577903837
H           46.80056079470000       10.69425678321712       48.85078564736404
H           47.48730386148682        9.12616481458634       48.41011824904196
H           48.38243396612297       10.87567298446564       50.75329769060473
H           49.05108690739561        9.28012238450521       50.36143267160953
C           57.63707751556137        9.15112587700674       47.81331534750973
C           56.76597610579402        8.70871079719409       46.64433713520111
S           55.21367539936114        9.64250775675061       46.41455324415977
H           58.52045064221312        8.51234927359511       47.89587953223932
H           57.97185771269326       10.18150927546973       47.67493319228993
H           57.07985560557179        9.09722933001439       48.75224675941450
H           57.33912307861714        8.80426163071268       45.71372439727021
H           56.51629654208232        7.64820051087366       46.76208051728157
C           57.31365958649668       10.16110628637406       52.18133795131422
C           56.26981952707249        9.10094783217540       52.52789844814488
S           54.60748522241672        9.81081700351776       52.75338771392986
H           57.32716284093067       10.93442347654956       52.95406799249793
H           58.31495549149793        9.72342473919232       52.10741551635530
H           57.06598347316163       10.63678408667686       51.22397710565080
H           56.28005118966044        8.31249876776268       51.76245550117849
H           56.54572375921824        8.63067516329195       53.48132708646467
C           57.68067872807023       15.38103072075518       47.69798583808397
C           56.38221818078515       15.01760606235374       46.98086869802651
S           56.55867056069117       13.37546650501610       46.20427724500732
H           57.87518091614722       14.67292039603543       48.50669124943931
H           58.51741481584477       15.32772073555270       46.99701552534056
H           57.64258378983942       16.39179260075713       48.11737435111770
H           55.54545022560911       15.08822897250893       47.69636799551630
H           56.20178620238843       15.75361838315448       46.18412194574746
C           50.14042017617814       16.97467240423600       52.13284901237542
C           49.58395502020112       17.31302581320455       50.74438056113917
C           49.74419800967790       16.17339045075704       49.79163288113624
N           48.86097183531549       15.11861007861738       49.76273641952109
C           49.29487979941358       14.24656764030220       48.81410149998791
N           50.39693445348646       14.68227511416047       48.26212347685329
C           50.69732807987145       15.87307344370491       48.85948807220629
H           49.63678400782065       16.09649684226403       52.53910882541498
H           51.21145609909658       16.76991490411492       52.07564210476646
H           49.98144683744563       17.81240430750679       52.81096508664473
H           48.52434386413040       17.56851992361702       50.83961908182986
H           50.10501065740821       18.19080561024357       50.35039208149757
H           48.01257332479119       15.06109282483687       50.29172971955460
H           48.81674585057823       13.29648193489352       48.60339665730990
H           51.58902174683161       16.42441542098354       48.60108324532408
Fe          51.83906956139809       10.81207016045355       49.27616011513726
Fe          53.67581376482864       12.72395711207733       49.64775013095471
Fe          54.06213797107355       10.02964895821832       48.27706079958673
Fe          53.79798943302905       10.44278998582818       50.74689981847470
S           55.39823482541521       11.36961996469547       49.51107610137090
S           52.82432987983763        8.89024167181388       49.56504915785678
S           52.28169181728466       11.96160632558706       51.08253916569859
S           52.90478170685251       11.89356816075436       47.50502193655144
Ni          55.35832950057737       11.85404126729021       47.33202109266828
C           51.95894967669244       12.07618442311209       46.06568839469526
O           52.08481382506896       13.32047448980973       45.49089048935223
O           51.27909248714001       11.22634693926070       45.49614099195126
H           51.58850993263319       13.31914731780413       44.66557954359679
