31
 energy: -3.604222080166 gnorm: 282.172104174566 xtb: 6.6.1 (unknown)
Fe           0.91005181000000        0.88866377000000        0.89486125000000
Fe           0.90183630000000       -0.89713345000000       -0.89204973000000
Fe          -0.90158894000000        0.89662212000000       -0.89054479000000
Fe          -0.91015541000000       -0.88795556000000        0.89302353000000
S           -1.20765493000000        1.21281473000000        1.20903818000000
S            1.20739189000000       -1.21258369000000        1.20783801000000
S            1.21864198000000        1.20158480000000       -1.20504301000000
S           -1.21849567000000       -1.20159661000000       -1.20668218000000
S            1.95473105000000        2.28583323000000        2.29628027000000
C            3.76189980000000        2.14263635000000        2.15070892000000
H            4.20092894000000        2.85416210000000        2.85371610000000
H            4.11972369000000        2.39180938000000        1.14769751000000
H            4.12177830000000        1.14299615000000        2.41037565000000
S            1.93630196000000       -2.30130957000000       -2.29412009000000
C            3.74405895000000       -2.16130781000000       -2.15236485000000
H            4.10453437000000       -1.15909811000000       -2.40103269000000
H            4.18059311000000       -2.86505461000000       -2.86473812000000
H            4.10389162000000       -2.42271415000000       -1.15313677000000
S           -1.93605960000000        2.30182531000000       -2.29211831000000
C           -3.74388342000000        2.16039460000000       -2.15167698000000
H           -4.10338314000000        1.15820743000000       -2.40186049000000
H           -4.18074909000000        2.86476119000000       -2.86331650000000
H           -4.10438947000000        2.42007710000000       -1.15223343000000
S           -1.95478210000000       -2.28625150000000        2.29386393000000
C           -3.76210991000000       -2.14180525000000        2.15064917000000
H           -4.20096356000000       -2.85295674000000        2.85422910000000
H           -4.12124828000000       -2.39077011000000        1.14805159000000
H           -4.12090021000000       -1.14185106000000        2.41058473000000
C           -2.19938417000000       -2.14577387000000        2.15626630000000
O           -2.19938417000000       -1.32376702000000        2.97474339000000
O           -2.19938417000000       -2.96778072000000        1.33778921000000
31
 energy: -67.091394927473 gnorm: 5.232735318809 xtb: 6.6.1 (unknown)
Fe           0.91006406839430        0.88865779598535        0.89485742917634
Fe           0.90184870153695       -0.89712955455453       -0.89204378827962
Fe          -0.90159973520756        0.89662656400056       -0.89054908655543
Fe          -0.91018884620180       -0.88799673743470        0.89306472184727
S           -1.20766817991494        1.21283506966242        1.20904260447466
S            1.20740167302912       -1.21258665853951        1.20784095819421
S            1.21865202908117        1.20158891185132       -1.20504726559560
S           -1.21850923542688       -1.20160114947795       -1.20670248821604
S            1.95472707584088        2.28584261448571        2.29629200086517
C            3.76189943334647        2.14263503877824        2.15070676668023
H            4.20093104685441        2.85416345584798        2.85371755076322
H            4.11972525858938        2.39180959938499        1.14769574131480
H            4.12177947649243        1.14299462294105        2.41037596242455
S            1.93629792739486       -2.30132122622993       -2.29412945398775
C            3.74405861287415       -2.16130567464005       -2.15236354071571
H            4.10453594618058       -1.15909638288663       -2.40103291735117
H            4.18059518112684       -2.86505605787711       -2.86473946519393
H            4.10389279725055       -2.42271447593035       -1.15313528061845
S           -1.93605709114164        2.30182675784253       -2.29211974013072
C           -3.74388405332123        2.16039404086743       -2.15167638686935
H           -4.10338401928347        1.15820634373569       -2.40186048044841
H           -4.18075131712469        2.86476244222375       -2.86331775002982
H           -4.10439036942145        2.42007709437970       -1.15223236665635
S           -1.66515675374302       -2.45238472740500        2.45665464484151
C           -3.76261343182197       -2.14176188435182        2.15060649815573
H           -4.20095304328819       -2.85295300020519        2.85422519943030
H           -4.12126112310179       -2.39076899470040        1.14805665885846
H           -4.12091350643216       -1.14185618790900        2.41058367723930
C           -2.48796128155135       -1.98001856837545        1.99391809640333
O           -2.19963024347678       -1.32141744440147        2.97669935185042
O           -2.19963946753319       -2.96977319706761        1.33541104812885
31
 energy: -67.396530888328 gnorm: 4.695975365234 xtb: 6.6.1 (unknown)
Fe           0.91227472571057        0.89017761769437        0.89783965107060
Fe           0.90406825386073       -0.90006503095306       -0.89346627355426
Fe          -0.91815269067207        0.89941476398811       -0.89336896856906
Fe          -0.90879731092950       -0.91886729732449        0.92406402463508
S           -1.21025365081707        1.21890615211666        1.20438555978652
S            1.21697022255346       -1.21369570238634        1.20904909014584
S            1.22480343983922        1.19970655266645       -1.20329725151580
S           -1.22112035898897       -1.19711259485400       -1.21267164887945
S            1.95340754089055        2.28917402323130        2.29795101916360
C            3.76155607751118        2.14223251097343        2.15069781972218
H            4.20153122425890        2.85417823447039        2.85400243797436
H            4.11989466274004        2.39166460454676        1.14755527423018
H            4.12192671115192        1.14247020389790        2.41063352319149
S            1.93516128809764       -2.30304273362223       -2.29721271574784
C            3.74389138957563       -2.16132736657405       -2.15167169612334
H            4.10484852019955       -1.15899914108750       -2.40066081875900
H            4.18140251141466       -2.86540168705704       -2.86439542415524
H            4.10418412537509       -2.42291581484557       -1.15230016476525
S           -1.93489027978033        2.30498469765117       -2.29550574889718
C           -3.74335124269648        2.16026096124619       -2.15184376381278
H           -4.10332847632104        1.15792642178880       -2.40209381124990
H           -4.18121040345429        2.86487689644004       -2.86379891338010
H           -4.10439571692962        2.42006173498838       -1.15229987951389
S           -1.60693814246731       -2.46128752908642        2.46590342383962
C           -3.84128632702160       -2.12956073745892        2.14010808324550
H           -4.20877359128850       -2.86207662122282        2.86308189861312
H           -4.17363921273685       -2.39127330579632        1.14170335532198
H           -4.17335021260890       -1.13489462791002        2.41270557214622
C           -2.43513073441783       -1.98021230282826        1.99197065239269
O           -2.15713471790368       -1.25933584562232        3.02313199335375
O           -2.16232009414457       -3.01328860707060        1.26860260009028
31
 energy: -67.784348864830 gnorm: 3.625525007412 xtb: 6.6.1 (unknown)
Fe           0.91050867322441        0.89904879324929        0.89961157651290
Fe           0.90222199355191       -0.90184300394090       -0.90240119990350
Fe          -0.93155767077794        0.89756529514034       -0.89146350499292
Fe          -0.92258008473898       -0.96177246899838        0.96695425844245
S           -1.20731971938245        1.22012488656968        1.19787841338469
S            1.22396265966005       -1.21629978228082        1.21156675492572
S            1.23169570595554        1.19777919319601       -1.20132790298337
S           -1.21807595609717       -1.19059656498214       -1.21396426398728
S            1.95350815591767        2.28856395799405        2.29611848560126
C            3.76200069064871        2.14262198975139        2.15027134592262
H            4.20195177248373        2.85485488089627        2.85357225189930
H            4.11934803115840        2.39216386021478        1.14696515501333
H            4.12188906154148        1.14286336966243        2.41000257675763
S            1.93521639356576       -2.30117459655679       -2.29668522441654
C            3.74427735061468       -2.16091544261704       -2.15217507712941
H            4.10425342315051       -1.15842660033962       -2.40125589661625
H            4.18172297692495       -2.86496979526573       -2.86520620173416
H            4.10409596926409       -2.42232787092894       -1.15282727084077
S           -1.93640065957502        2.30459428052499       -2.29501987951150
C           -3.74480292407175        2.16028503137108       -2.15174707455816
H           -4.10359720869678        1.15751514588029       -2.40149226282841
H           -4.18298245308836        2.86474454748339       -2.86352247168179
H           -4.10465713421905        2.41955388782691       -1.15176452839168
S           -1.55672185612749       -2.48554211508796        2.49462024571269
C           -3.91691374021359       -2.10851069406937        2.11820229885947
H           -4.20138993886464       -2.85946960166918        2.86063005950126
H           -4.19310951151149       -2.39113088883826        1.13217291050903
H           -4.19313223555540       -1.12554118122586        2.41086280517530
C           -2.40597818190855       -1.98750578579555        1.99680120162214
O           -2.13514532007682       -1.14854077013186        3.10484823683727
O           -2.14044073275699       -3.09503352703248        1.15857308289865
31
 energy: -68.132057994772 gnorm: 2.514952338164 xtb: 6.6.1 (unknown)
Fe           0.90838102856175        0.90087560322752        0.89260700543291
Fe           0.90001490459450       -0.89479078881064       -0.90422027953511
Fe          -0.91646184207293        0.88762895481871       -0.88150278859277
Fe          -0.94621315726263       -0.98130005429948        0.98631829914281
S           -1.20074052231023        1.22105059037699        1.20052855280099
S            1.22244042498043       -1.21328010963105        1.20848292771168
S            1.22708329146000        1.19994760586566       -1.20346269097054
S           -1.21158842788648       -1.19314410500347       -1.21499685467860
S            1.95520633075918        2.28363746642581        2.29637815304235
C            3.76240547055905        2.14328992428059        2.14952731930493
H            4.20143413288490        2.85496483076637        2.85272668606589
H            4.11853916154345        2.39254096610186        1.14672724541306
H            4.12107275701073        1.14387098324373        2.40931087296793
S            1.93679587955451       -2.30136160627459       -2.29196279710186
C            3.74455600182783       -2.16016920061970       -2.15308622866855
H            4.10334165424922       -1.15818500732360       -2.40183290856845
H            4.18101588575257       -2.86409136574567       -2.86561494849341
H            4.10317566225113       -2.42170329509383       -1.15410869158725
S           -1.94032874532871        2.29839193486210       -2.28861072149210
C           -3.74728170260561        2.16077429121925       -2.15196889188146
H           -4.10340693478643        1.15773861432035       -2.40101910920194
H           -4.18412901409660        2.86454423073841       -2.86300391017271
H           -4.10444154013145        2.41928152531967       -1.15170042501249
S           -1.50006449619175       -2.51497950918148        2.53398144890161
C           -3.97901938564620       -2.09198299346630        2.09965457868533
H           -4.19114549595051       -2.85404287785322        2.85544459817083
H           -4.21562146578275       -2.39528364795870        1.11908201389567
H           -4.21544032993530       -1.11320668778715        2.41378939491750
C           -2.39034218975082       -1.99857326870799        2.00078093808474
O           -2.11719641345740       -0.99878390674599        3.21845985822574
O           -2.12019339279618       -3.21098066706376        1.01209025319355
31
 energy: -68.307229094678 gnorm: 1.781873397570 xtb: 6.6.1 (unknown)
Fe           0.90956144669663        0.89544589362135        0.89525325221124
Fe           0.90106211621241       -0.89748029218952       -0.89890356443940
Fe          -0.91681599073484        0.88417011928087       -0.87798282067590
Fe          -0.95457722492576       -0.98235042056253        0.98748092039210
S           -1.19309534119843        1.21834178725418        1.19660965934237
S            1.22041191192059       -1.20590583165772        1.20097048327964
S            1.21586236300535        1.19837073684747       -1.20178545813166
S           -1.20409902759304       -1.18922461926425       -1.21230417198812
S            1.95535698560977        2.27813298155393        2.29012208770991
C            3.76205331523977        2.14265127056715        2.14876203860231
H            4.19952333163419        2.85460768564196        2.85166607361141
H            4.11717585383481        2.39257493306198        1.14681556081992
H            4.12048363380636        1.14414715705482        2.40867892485333
S            1.93680826647260       -2.29497829265662       -2.28666804418467
C            3.74404812815113       -2.15941627057307       -2.15276166644627
H            4.10185361628935       -1.15828519149950       -2.40213117839624
H            4.17886086427493       -2.86301289067271       -2.86564348144850
H            4.10245964952198       -2.42117630798654       -1.15473557432360
S           -1.93970167368669        2.29307920708370       -2.28304775696767
C           -3.74694147327147        2.15944987155864       -2.15031111225130
H           -4.10341648267901        1.15775446943026       -2.40071985328737
H           -4.18216860004945        2.86360409040700       -2.86164730489532
H           -4.10440535622754        2.41923642063394       -1.15136165294505
S           -1.45085397717618       -2.53751181066759        2.57252653047627
C           -4.00638107398979       -2.08100468471652        2.08670158993673
H           -4.18375490126058       -2.84541648975709        2.84682853957595
H           -4.24893693732509       -2.39821378167436        1.10280450128841
H           -4.24763772636269       -1.09884803658919        2.41514706655860
C           -2.38399234945736       -2.01222768970981        2.00109440252794
O           -2.09829437866707       -0.88402897351589        3.31561314763887
O           -2.09860143806847       -3.30980661030391        0.90172776155637
31
 energy: -68.414393209027 gnorm: 1.216372805733 xtb: 6.6.1 (unknown)
Fe           0.91008336476905        0.89251505500928        0.89890435689428
Fe           0.90151769193810       -0.90128642954143       -0.89617747420677
Fe          -0.92373308137707        0.88044391198909       -0.87416801983851
Fe          -0.96139116739807       -0.98268376351634        0.98911967382008
S           -1.18715557111711        1.21009686259350        1.19560276137350
S            1.22206367225112       -1.20052581387809        1.19541619603113
S            1.20772684870389        1.19940875661295       -1.20283208252214
S           -1.19840612461758       -1.18837330788157       -1.20375429193805
S            1.95554467415467        2.27074340542335        2.28189168624594
C            3.76181622645995        2.14148909361836        2.14741437373612
H            4.19640903034521        2.85431598437622        2.85070655817262
H            4.11613923786427        2.39257538120705        1.14618149802579
H            4.12028426457233        1.14389253190836        2.40797270012370
S            1.93688937844016       -2.28662425587112       -2.27946034588598
C            3.74368298757553       -2.15814986017815       -2.15184776364724
H            4.10072196492429       -1.15774271852440       -2.40236672018613
H            4.17551340573486       -2.86212055669088       -2.86566014398105
H            4.10215948015269       -2.42061901026612       -1.15476027169952
S           -1.93780691697542        2.28644551133232       -2.27626176759874
C           -3.74612746668862        2.15752049344328       -2.14811955466933
H           -4.10349598725475        1.15718318429436       -2.40031307430964
H           -4.17859738793105        2.86274717638996       -2.86046579356400
H           -4.10443986047073        2.41903567179647       -1.15051172054581
S           -1.40202381761821       -2.54954706377743        2.61087232767224
C           -4.01053090352748       -2.07191789162874        2.07537272219821
H           -4.18099785027090       -2.83394981619651        2.83456095206599
H           -4.29092832562481       -2.39470817274916        1.09266654282548
H           -4.28584986314324       -1.09068483180802        2.41032087019093
C           -2.38465904272013       -2.02822522655154        1.99160680528979
O           -2.07679014567670       -0.78108042660271        3.40452181819653
O           -2.07577118547892       -3.39749544433200        0.80236608173101
31
 energy: -68.483941088396 gnorm: 0.786566581102 xtb: 6.6.1 (unknown)
Fe           0.91153698735344        0.89142090796946        0.89907049085869
Fe           0.90308595713280       -0.90201825889292       -0.89516414618548
Fe          -0.93192735785016        0.87356864544947       -0.86716009572370
Fe          -0.97133865669544       -0.98799807783983        0.99803566977340
S           -1.18327835359355        1.19831635560904        1.20107498031489
S            1.22411721477231       -1.19687639802374        1.19182102746902
S            1.19826345598898        1.20194935095027       -1.20566279721707
S           -1.19458120998792       -1.19372967534483       -1.19112043792958
S            1.95555941866696        2.26236546977370        2.27419302107908
C            3.76132376641229        2.13999679329236        2.14516003239418
H            4.19155697917769        2.85419254692072        2.84946364038680
H            4.11561004418926        2.39255267821169        1.14471834551340
H            4.12062212191720        1.14345157466002        2.40697064239651
S            1.93712751771446       -2.27900958651459       -2.27098117508409
C            3.74336658795426       -2.15609332839972       -2.15005038009958
H            4.10036562105913       -1.15651062076614       -2.40216108756582
H            4.17080912480721       -2.86113578127730       -2.86515789842261
H            4.10263360781516       -2.41972079870830       -1.15398063526465
S           -1.93573458509806        2.27683710074069       -2.26712709049755
C           -3.74525993409124        2.15487955371066       -2.14577445738912
H           -4.10383317777958        1.15580111032013       -2.39980304541314
H           -4.17303307370694        2.86155651829666       -2.85965637123651
H           -4.10480756898869        2.41828568622318       -1.14947054163737
S           -1.35441382352596       -2.54700937890386        2.64647260875499
C           -3.99408441995294       -2.06337156634540        2.06520308942885
H           -4.18108084144270       -2.82277950008050        2.82150320161050
H           -4.33721341196912       -2.38254634680386        1.08945393195780
H           -4.32134433728283       -1.08779168093395        2.40080219477286
C           -2.39377991317074       -2.04797038929758        1.96660189483962
O           -2.05202509223368       -0.68764089494406        3.48537977717040
O           -2.05639511759790       -3.47029357905111        0.70614451094593
31
 energy: -68.532051745413 gnorm: 0.471601429014 xtb: 6.6.1 (unknown)
Fe           0.91305142331865        0.89067562957223        0.89609150291720
Fe           0.90537965668762       -0.90025160024115       -0.89411758813464
Fe          -0.94071452173753        0.86214951291063       -0.85535509779462
Fe          -0.98367086528783       -0.99890533174656        1.01496113248634
S           -1.18079557129875        1.18423594896607        1.21299549507444
S            1.22647372862580       -1.19377241042607        1.18932514789053
S            1.18492318852057        1.20539892238848       -1.20973976680502
S           -1.19137729403861       -1.20482244447168       -1.17585424129007
S            1.95503164252348        2.25386157982123        2.26692213988475
C            3.76030063405492        2.13869253141985        2.14220906252415
H            4.18496395879398        2.85475176296975        2.84773806384164
H            4.11518971573788        2.39270056518696        1.14263377407040
H            4.12139159965740        1.14343150398252        2.40557082836131
S            1.93779490862109       -2.27246677820714       -2.26162636332340
C            3.74340729494845       -2.15338295941232       -2.14698217606220
H            4.10087309461856       -1.15471198834226       -2.40091412731793
H            4.16558355923372       -2.85985771682515       -2.86352449430357
H            4.10422351444723       -2.41806236408024       -1.15198063584684
S           -1.93397409221867        2.26317440183682       -2.25552270809786
C           -3.74445826544651        2.15079909370396       -2.14348041438845
H           -4.10488767969777        1.15312665295620       -2.39940670623586
H           -4.16516395785018        2.85924974607719       -2.85955532376719
H           -4.10608463643430        2.41641577914333       -1.14877514782737
S           -1.31075471126490       -2.52955319591357        2.67719443229973
C           -3.96221676881723       -2.05419225304416        2.05714947670291
H           -4.18484852109602       -2.81276271634663        2.80859333529575
H           -4.38267413773965       -2.35890751205476        1.09398595804933
H           -4.34158850242888       -1.08731330286478        2.39165568107212
C           -2.41341148650217       -2.07477814038687        1.92136567970652
O           -2.02191430982090       -0.60837819525737        3.55942919718561
O           -2.04820506811849       -3.52386629131394        0.60781278383325
31
 energy: -68.565298166976 gnorm: 0.278771078830 xtb: 6.6.1 (unknown)
Fe           0.91314005943942        0.88903380184144        0.89167063787965
Fe           0.90811570246640       -0.89740589066981       -0.89199487256546
Fe          -0.95048607944163        0.84617505885045       -0.83864780406176
Fe          -0.99343939087004       -1.01211440976982        1.03416326950484
S           -1.17976872131169        1.16797348353703        1.23108140236232
S            1.22988382269792       -1.19175872102187        1.18843923938850
S            1.16670350971439        1.20933325225513       -1.21424443515433
S           -1.18755390620886       -1.22146553004645       -1.15949128720752
S            1.95353450392691        2.24597127037745        2.25991174921744
C            3.75846997397727        2.13799113760169        2.13874221682949
H            4.17668453797327        2.85638703872810        2.84545790676329
H            4.11437469049252        2.39333235222550        1.14003367650334
H            4.12235831402299        1.14428927957223        2.40376930309730
S            1.93910381746580       -2.26730803518529       -2.25209665528606
C            3.74410938237081       -2.14984262095369       -2.14239480119970
H            4.10215197504576       -1.15201617535602       -2.39822824238175
H            4.16090218083357       -2.85779016775985       -2.86030177757085
H            4.10710853230302       -2.41510630324556       -1.14843650553183
S           -1.93291651271931        2.24440593691185       -2.24108812487241
C           -3.74403956413502        2.14442280388763       -2.14112694221413
H           -4.10748563559723        1.14857842637270       -2.39921140771732
H           -4.15490260028446        2.85515272405210       -2.86027697606427
H           -4.10914118343894        2.41282809437830       -1.14862668989895
S           -1.27661122133526       -2.50034059615520        2.69874703772302
C           -3.92523802671045       -2.04359780174941        2.05182218336117
H           -4.19330775435034       -2.80264374080734        2.79568275073581
H           -4.42206908503418       -2.32265428961011        1.10546989203953
H           -4.33393520965021       -1.08373100075741        2.38811049857494
C           -2.44126658627896       -2.10877342272921        1.85678052288610
O           -1.98503217589304       -0.55820030363742        3.61978060135829
O           -2.05759981948383       -3.54844722113607        0.51530253350270
31
 energy: -68.594242141377 gnorm: 0.209910656725 xtb: 6.6.1 (unknown)
Fe           0.91071048138566        0.88586712690551        0.88857955591619
Fe           0.91150226562486       -0.89505737878626       -0.88925709730362
Fe          -0.95987068956375        0.82816806539749       -0.82074408553734
Fe          -0.99580279866802       -1.02347586868326        1.04489806955775
S           -1.18099069334260        1.15090717975108        1.25053517905193
S            1.23471570927680       -1.19166434350261        1.18887950969567
S            1.14656062506781        1.21232840672316       -1.21683462105546
S           -1.18224909580783       -1.24061277559068       -1.14732393887489
S            1.95084084864263        2.23915848167049        2.25394123046977
C            3.75568628889589        2.13799725976944        2.13559651778584
H            4.16735009653446        2.85883729310539        2.84338625957966
H            4.11281744626122        2.39452116669327        1.13768620751686
H            4.12297692210823        1.14596845792258        2.40218451852972
S            1.94128992752445       -2.26384096080524       -2.24371314347190
C            3.74576602460025       -2.14538797397044       -2.13661896009969
H            4.10407567689577       -1.14809563331837       -2.39401640068498
H            4.15826898150797       -2.85446825310735       -2.85552008206669
H            4.11095376336823       -2.41067154421244       -1.14345668613021
S           -1.93304869135006        2.22265107665173       -2.22532703650372
C           -3.74434747689691        2.13611215460712       -2.13893952512243
H           -4.11175009304762        1.14245501485045       -2.39946673243287
H           -4.14350638152127        2.84950312023590       -2.86166871768777
H           -4.11410216648317        2.40764706625715       -1.14912511518769
S           -1.25483637591796       -2.46333730933633        2.71049432462279
C           -3.89480055186937       -2.03264910627354        2.05066787340126
H           -4.20472376013194       -2.79175855602814        2.78629587755774
H           -4.45667883186559       -2.27863993217320        1.12325807384383
H           -4.29828718638755       -1.07239724444460        2.39336529991631
C           -2.47176006121332       -2.14916830223975        1.77791566244680
O           -1.93958071142394       -0.55047381588065        3.65830119166585
O           -2.08533196222251       -3.53774444218642        0.44482569060300
31
 energy: -68.648071023865 gnorm: 0.238147764621 xtb: 6.6.1 (unknown)
Fe           0.90618282125879        0.88278191079769        0.88688896757894
Fe           0.91445777190286       -0.89305064035998       -0.88685532502031
Fe          -0.96339358623912        0.81450781556061       -0.80878300139816
Fe          -0.99348389139403       -1.03274613649443        1.04418179116467
S           -1.18471208241645        1.13621767365472        1.26221165527336
S            1.23824494444301       -1.19189357102536        1.18961311208174
S            1.13201238794161        1.21252993898816       -1.21654105608391
S           -1.17660831940482       -1.25411187109242       -1.14194625393822
S            1.94784394539444        2.23454437474413        2.25045432821179
C            3.75263992973342        2.13860371387812        2.13420470660299
H            4.15898524712377        2.86116627068881        2.84286893798741
H            4.11111690139728        2.39589126846216        1.13693636246991
H            4.12272025875981        1.14784471411061        2.40193651760919
S            1.94382357796444       -2.26207841295051       -2.23817890974768
C            3.74794648117136       -2.14147202217581       -2.13145060254215
H            4.10644361207127       -1.14440531473220       -2.38964679426840
H            4.15756246948550       -2.85129000669340       -2.85083979830378
H            4.11454481994968       -2.40653416367450       -1.13863763475724
S           -1.93442002417865        2.20548386583426       -2.21359087273874
C           -3.74437530712318        2.12942535135926       -2.13820156595327
H           -4.11480469909474        1.13744552128937       -2.40062338480320
H           -4.13429576191339        2.84447027853626       -2.86330798519352
H           -4.11811328739142        2.40315050315158       -1.15059173292811
S           -1.23927576968009       -2.38690342916097        2.74317158035336
C           -3.86566938701016       -2.03398646193140        2.05353406373909
H           -4.21936344943189       -2.78576003533728        2.78582521379553
H           -4.49099983981753       -2.24692517379129        1.15371747319775
H           -4.24506270374521       -1.06368405806946        2.39188746276409
C           -2.51892951165779       -2.21785783039234        1.65838479399639
O           -1.87808566443532       -0.58704301916688        3.68390636966149
O           -2.13108435368681       -3.48164262400591        0.41827048119063
31
 energy: -68.768403729501 gnorm: 0.264624719554 xtb: 6.6.1 (unknown)
Fe           0.90320005358570        0.88146155205015        0.88425049888933
Fe           0.91473477226692       -0.88990769234915       -0.88544503100342
Fe          -0.96169573146743        0.80935983890346       -0.80370619656833
Fe          -0.98071954242890       -1.03650829338034        1.02560037348326
S           -1.18762891775644        1.12847981768165        1.26833362534172
S            1.23877104066963       -1.19354783613859        1.19067302674517
S            1.12479280781023        1.21258942356159       -1.21623586053053
S           -1.17198245388575       -1.25646455774861       -1.14552397642888
S            1.94552665470517        2.23381528434114        2.24975544244738
C            3.75049464370429        2.13945396630826        2.13451654847903
H            4.15414854125246        2.86275296988728        2.84353140856694
H            4.11012083848848        2.39696388518012        1.13745787700039
H            4.12222090577468        1.14917986231575        2.40272540178370
S            1.94573340204118       -2.26251947870385       -2.23616111914922
C            3.74999126029090       -2.13940044133211       -2.12820141581126
H            4.10865987617928       -1.14222128569496       -2.38660060330812
H            4.15818340358111       -2.84962111282412       -2.84768454077328
H            4.11712122750707       -2.40422689432300       -1.13525011678466
S           -1.93617200457773        2.19813812445688       -2.20979993157527
C           -3.74326610630734        2.12643484688699       -2.13904998778726
H           -4.11552468989948        1.13498426473658       -2.40204155818093
H           -4.12946263179119        2.84140273924985       -2.86481129767643
H           -4.11987181086029        2.40068589362592       -1.15248541012568
S           -1.23390454672478       -2.23012725503252        2.83519574164285
C           -3.84341635847367       -2.05816942640867        2.05060462604833
H           -4.23191444545341       -2.78633961171546        2.79105844477721
H           -4.51555433313535       -2.24157143694284        1.18546891562265
H           -4.18808005274888       -1.06560313826594        2.36899155027520
C           -2.59348431174757       -2.34537049358617        1.46584726663666
O           -1.79030342931074       -0.70915604097769        3.67943500284189
O           -2.19887053131289       -3.34226904375994        0.50835019512288
31
 energy: -68.710001795496 gnorm: 0.799661346303 xtb: 6.6.1 (unknown)
Fe           0.90557705629373        0.88277434429489        0.88070911253498
Fe           0.91370355199279       -0.88729818260593       -0.88378217356200
Fe          -0.95942090418003        0.81086797445652       -0.80374820052997
Fe          -0.95525699529877       -1.02450524982244        0.98538482529285
S           -1.19304518880972        1.12627861367928        1.27636019146904
S            1.23486373049101       -1.20137685513277        1.19421842643504
S            1.12501015575539        1.21505475399237       -1.21644031610732
S           -1.16866704047946       -1.24964245532551       -1.16777593818556
S            1.94213374687560        2.23815584555781        2.25335324079587
C            3.74826055391613        2.14084302881707        2.13575544103368
H            4.15212843146925        2.86472767344905        2.84477030341577
H            4.10923195413254        2.39837870122039        1.13844827541330
H            4.12181482399190        1.15064832820607        2.40401884391409
S            1.94796945903352       -2.26780442176000       -2.23884480084048
C            3.75254827489792       -2.13822415694022       -2.12538956232718
H            4.11117562505388       -1.14027767208393       -2.38370692087468
H            4.16230832353339       -2.84832967477577       -2.84459205235208
H            4.11995085262499       -2.40235967846454       -1.13178851923644
S           -1.93698014242082        2.19803357568517       -2.21229225910299
C           -3.74342039055163        2.12415882650819       -2.14059056199731
H           -4.11697218031867        1.13242223184470       -2.40365634618780
H           -4.12875617982770        2.83930373830922       -2.86752314640455
H           -4.12262506644397        2.39831535126114       -1.15426576998009
S           -1.24086754502673       -2.09106440528847        2.93231647869392
C           -3.85314156446234       -2.07814013297894        2.03837227375310
H           -4.22249479452406       -2.78407591246638        2.79453160508521
H           -4.55351519771345       -2.23797118548798        1.19741156201969
H           -4.13152123320439       -1.06426116077259        2.35678650816228
C           -2.64523495453727       -2.47234196862062        1.29937139889624
O           -1.70234468422212       -0.87981903147722        3.63832419576516
O           -2.27056494806680       -3.18979241327636        0.67306278500917
31
 energy: -68.821282467056 gnorm: 0.167900849025 xtb: 6.6.1 (unknown)
Fe           0.90731896021475        0.88342946650245        0.88088135080857
Fe           0.91343420877291       -0.88764423181691       -0.88366241764583
Fe          -0.96050967664862        0.81272930696983       -0.80371465392109
Fe          -0.95558254673142       -1.01968505752022        0.98420522882591
S           -1.19448248199187        1.12630147064545        1.27982719143024
S            1.23453865219051       -1.20409005496345        1.19580604276986
S            1.12679978367832        1.21628260710470       -1.21819675792319
S           -1.17104961668945       -1.25028413943962       -1.17392656044052
S            1.94224243791753        2.23914663304074        2.25475532227610
C            3.74865730861423        2.13995054150994        2.13528345901495
H            4.15343799886120        2.86384030468830        2.84434675088080
H            4.10988005190319        2.39753349321040        1.13790263870500
H            4.12264039587236        1.14971288219641        2.40338498087245
S            1.94763319586672       -2.27029434604688       -2.24120915681888
C            3.75213266566810       -2.13868381679914       -2.12584331958426
H            4.11095023422080       -1.14050716177263       -2.38403515408398
H            4.16280620223640       -2.84865504507381       -2.84510638686784
H            4.11990153981466       -2.40268338070862       -1.13217445593044
S           -1.93629503330779        2.19936191061394       -2.21281155754135
C           -3.74439998865509        2.12428370723468       -2.13952337853509
H           -4.11820368184564        1.13281266065829       -2.40290010216314
H           -4.12895470385651        2.84027545953031       -2.86711249649696
H           -4.12353845597022        2.39872340842405       -1.15326776027140
S           -1.24374382207701       -2.17758203314007        2.87984279340575
C           -3.87688807775973       -2.06949080830760        2.03736583962484
H           -4.21641052576069       -2.78526288968754        2.79429473529902
H           -4.56315806308963       -2.23736528355352        1.19065377531400
H           -4.12464386148519       -1.05970080256620        2.36556547200768
C           -2.60937135936381       -2.38669366407327        1.41951105594277
O           -1.76039206036315       -0.80233284293101        3.66110179658467
O           -2.22290215026228       -3.28074986392651        0.58755462446258
31
 energy: -68.835460985297 gnorm: 0.140047021152 xtb: 6.6.1 (unknown)
Fe           0.91394555197262        0.88319108222208        0.88455854216175
Fe           0.91092293110730       -0.89178227410213       -0.88515498743715
Fe          -0.96267521238839        0.81836877726201       -0.80066333133885
Fe          -0.93317713345951       -1.01545695222281        0.97441575628514
S           -1.19201947529360        1.12092842323917        1.28845326946760
S            1.24235813274047       -1.20963074118082        1.19420634643398
S            1.12939062621672        1.21587628214556       -1.21570281502216
S           -1.17363901487625       -1.24236103630120       -1.19024859832906
S            1.94131300651445        2.24643797399910        2.25929587310158
C            3.74797527107703        2.14176458329787        2.13350497991582
H            4.15748368363368        2.86504280430145        2.84067678938046
H            4.10740006800783        2.39779990847652        1.13488002564624
H            4.12195343984608        1.15102529200967        2.40046994617247
S            1.95139800673954       -2.27950846320835       -2.24471502723117
C            3.75571517694974       -2.13901974882064       -2.12367772320707
H            4.11118344830413       -1.13913005461473       -2.38083409855178
H            4.17391421188825       -2.84702620320473       -2.84080719333897
H            4.12247490718173       -2.39997991236123       -1.12865318015944
S           -1.94110814184921        2.20032570046953       -2.21413430719261
C           -3.75057256098538        2.11998369656607       -2.13851653286054
H           -4.12522244586177        1.12844595493358       -2.40164304622726
H           -4.13426032692592        2.83593107727340       -2.86737113312243
H           -4.13196639514678        2.39462174316121       -1.15285088009455
S           -1.25572446777974       -2.19869064636681        2.87914455774290
C           -3.90586049040692       -2.05996589585677        2.01996281216827
H           -4.20596364719252       -2.78038416610019        2.78216322901562
H           -4.59718949669295       -2.21115054128199        1.17325660364546
H           -4.08825486839348       -1.04195433346295        2.38137319931988
C           -2.59667906069207       -2.38341810975601        1.44265531212437
O           -1.76451856190248       -0.84598812187533        3.65223303017239
O           -2.22674963236789       -3.27161766863428        0.61252148136173
31
 energy: -68.856516790317 gnorm: 0.076438522001 xtb: 6.6.1 (unknown)
Fe           0.91979452173546        0.88514433075724        0.88769669800643
Fe           0.90614569658597       -0.89471840903088       -0.88772747667989
Fe          -0.96436012349799        0.82439318483260       -0.81094874231496
Fe          -0.87503847405130       -0.99667356097720        0.95488816545672
S           -1.18981442867675        1.12025240013973        1.28270691303068
S            1.26285779499646       -1.21268565990737        1.18905894737603
S            1.13945023811610        1.21729483025827       -1.20924184458612
S           -1.17469775664451       -1.23182659895531       -1.21252414018787
S            1.94142294921256        2.25474034347788        2.26059094566023
C            3.74931563640344        2.14693977233956        2.13016696666408
H            4.16488777706606        2.87021869778463        2.83472219928350
H            4.10464002313787        2.40024793948595        1.12904643341181
H            4.12206589280010        1.15506254436214        2.39561678146067
S            1.95538473275638       -2.28818373276165       -2.25062477617160
C            3.76005824011927       -2.13922188334236       -2.12132103925308
H            4.11171146393537       -1.13732812783912       -2.37782441358431
H            4.18799463041265       -2.84566418013979       -2.83560796729192
H            4.12504392686174       -2.39629560171866       -1.12407007937651
S           -1.94792013890232        2.20791915807882       -2.21651275244730
C           -3.75990058686230        2.11418786384345       -2.13834742206438
H           -4.13172337809949        1.12080522988684       -2.39988049262486
H           -4.14617012000895        2.82823528973844       -2.86820990665132
H           -4.14273499750065        2.38782168601216       -1.15284065981323
S           -1.29218653120478       -2.25987488208339        2.88022823422524
C           -3.98117748634437       -2.03701546249233        1.97535274349038
H           -4.19245894623499       -2.77449217201187        2.74722203222023
H           -4.64883621766449       -2.14734061530117        1.13607537616800
H           -4.02745277668594       -1.02861974513259        2.41271083438689
C           -2.55634825854487       -2.36524247109360        1.52768424485296
O           -1.78140097726035       -0.98150100721157        3.63745393267177
O           -2.23670479600238       -3.23390073098756        0.69325916468625
31
 energy: -68.861190000150 gnorm: 0.058834991945 xtb: 6.6.1 (unknown)
Fe           0.92918075694048        0.88091217181605        0.89023756037349
Fe           0.91671167975576       -0.89195814108022       -0.90051547259917
Fe          -0.95640408079749        0.83785153795935       -0.80965442747921
Fe          -0.84490510730327       -1.01642644739497        0.94863154900816
S           -1.18235891663521        1.09659808426247        1.29010383230744
S            1.29777012805149       -1.21537043445914        1.17322073159271
S            1.15161747546089        1.22023090710936       -1.20691671467673
S           -1.16548746566544       -1.21531905613520       -1.22670861332717
S            1.93940278305004        2.26989447297920        2.26057081527312
C            3.74660209049159        2.15775913149555        2.12530310598850
H            4.16617622109794        2.88133054898405        2.82672792412499
H            4.09940402647004        2.40827128996430        1.12274398608483
H            4.11838371198987        1.16590715956102        2.39197322448812
S            1.96847056806788       -2.29370697617222       -2.25614938272678
C            3.77136606334086       -2.13734912945418       -2.11288406904382
H            4.11913486067515       -1.13415161982785       -2.36897103016138
H            4.20914957685491       -2.84294126359956       -2.82178889104677
H            4.12998832633223       -2.38979772689664       -1.11216990537401
S           -1.95874714651652        2.20948530143555       -2.21885130885750
C           -3.77026772886689        2.10223554768394       -2.14266772109263
H           -4.13488374838234        1.10591077056905       -2.40251672792001
H           -4.16141235770130        2.81149627042967       -2.87405399244906
H           -4.15621312727985        2.37520003963019       -1.15820867510408
S           -1.30795567298345       -2.33308055886840        2.84867772731458
C           -3.99795788354587       -1.99724851002335        1.98698417192233
H           -4.22701746801638       -2.75297570693540        2.72971961432382
H           -4.71788601262716       -2.03575108923777        1.14517142511841
H           -3.98632938409728       -1.00343412573208        2.48608365357607
C           -2.55235612695301       -2.39073992257881        1.54115042425038
O           -1.73767430832176       -1.08485891654127        3.67338693387728
O           -2.30365420294872       -3.22529517892442        0.64016915224016
31
 energy: -68.864926668731 gnorm: 0.049948741964 xtb: 6.6.1 (unknown)
Fe           0.93909983916830        0.87808069508805        0.89360338927439
Fe           0.94106555945124       -0.88417166867184       -0.90868372606278
Fe          -0.94768209928588        0.84397637027652       -0.81156391882107
Fe          -0.81183329802565       -1.03033441573932        0.94651383649532
S           -1.17422173608854        1.07992722786718        1.29370117233600
S            1.33347836787918       -1.21558646248434        1.16456980831821
S            1.16399412242620        1.23006482043578       -1.20428607823970
S           -1.13995402431609       -1.21234232187013       -1.23421254167563
S            1.94585097672746        2.28216459516369        2.25977354085429
C            3.75176950237678        2.16509378616430        2.11495286998618
H            4.17822357846892        2.88847582947878        2.81213406335505
H            4.09923918202581        2.41276887148541        1.10988884579169
H            4.12220278617532        1.17276776585959        2.38145285958495
S            1.97948890558070       -2.29099469448058       -2.27464400017149
C            3.78085831639161       -2.13598305675182       -2.11056936617266
H            4.12908739885156       -1.13274887245182       -2.36468390761701
H            4.22896216636983       -2.84185515847198       -2.81262472966143
H            4.12869233317450       -2.38539472595420       -1.10521026127335
S           -1.97166309625215        2.22030981354227       -2.20865453683399
C           -3.78264781221994        2.09230581396663       -2.13842658549853
H           -4.13710035775690        1.09200493115365       -2.39774765432826
H           -4.18119341903726        2.79594019649078       -2.87137031746215
H           -4.17471381601096        2.36281482469258       -1.15555361679770
S           -1.33640750823004       -2.37961461935934        2.84663338430840
C           -4.01431990918986       -1.96663929836082        1.98720340069475
H           -4.29001349619783       -2.73247162458511        2.70074320276354
H           -4.71712649532715       -1.96574208082755        1.14586063671878
H           -3.99064079911569       -1.00269977769730        2.49271599600177
C           -2.56168283566301       -2.40383895978775        1.57210195700507
O           -1.73194206306079       -1.16113042748578        3.71258131933587
O           -2.35702273937370       -3.21246894665916        0.63259985780087
31
 energy: -68.868811662350 gnorm: 0.047210875100 xtb: 6.6.1 (unknown)
Fe           0.95012029385254        0.87248911037767        0.89749142729154
Fe           0.96811056330390       -0.87576756425325       -0.91409087167967
Fe          -0.93729848016864        0.84119923243595       -0.81391277309558
Fe          -0.78555148268929       -1.03915386241616        0.93857078122912
S           -1.16123496539224        1.06612162623769        1.29417776991654
S            1.35773329646895       -1.21802015963575        1.15985634095575
S            1.17440912042006        1.24005346004026       -1.19980879714991
S           -1.11085231771403       -1.22062455514590       -1.23795770494626
S            1.95465108387107        2.28875883717513        2.25568894577934
C            3.75953285859182        2.17381025302402        2.10048227611856
H            4.19140528981248        2.89873226207783        2.79292178697248
H            4.10004437723878        2.41897311701916        1.09238007638285
H            4.13111984129705        1.18191147285115        2.36681008505120
S            1.99699539679693       -2.27082926725871       -2.29769201763382
C            3.79716076972128       -2.13174468439249       -2.10819244240069
H            4.15296318470994       -1.13082730919613       -2.35957308536076
H            4.25234643891316       -2.84143655281750       -2.80169143413492
H            4.12796552125638       -2.38046521418854       -1.09677344477483
S           -1.98448877347267        2.22764193510775       -2.18580149654961
C           -3.79474304724285        2.07636755963276       -2.12967870932142
H           -4.13580401188908        1.07129060523326       -2.38970996626419
H           -4.19961260465416        2.77363464424133       -2.86606916490053
H           -4.19731540460964        2.34388090964648       -1.14993750496069
S           -1.37021865636734       -2.41941334074781        2.83915592927345
C           -4.01835478324179       -1.93563520902562        1.99469605205734
H           -4.37604328042377       -2.71614352722826        2.67291133888867
H           -4.70462379486506       -1.88286580977744        1.14946123170675
H           -3.98534137316214       -0.99283689303873        2.51399026939550
C           -2.59205671479594       -2.42619308495074        1.58373075430793
O           -1.72553185963731       -1.23827908611722        3.77172928018290
O           -2.43363895603891       -3.19195047487555        0.59563396767606
31
 energy: -68.872371127501 gnorm: 0.040348037983 xtb: 6.6.1 (unknown)
Fe           0.96057363724369        0.87174880584476        0.90019943999828
Fe           0.99093611065384       -0.86921217846770       -0.91780837295017
Fe          -0.93137283730124        0.83567451653778       -0.81158513183157
Fe          -0.75083328075966       -1.04253607697300        0.93293005824082
S           -1.15112060237062        1.05364864899200        1.29710420777043
S            1.38515176104893       -1.21538568519024        1.15770816040787
S            1.17911067350319        1.24661202984924       -1.19743894636281
S           -1.08605049987405       -1.23291121375196       -1.22861194949773
S            1.96698533372141        2.29115691222030        2.25386538939678
C            3.77083936581445        2.18098602568310        2.08089613378674
H            4.20785699478885        2.90841033228831        2.76785684830924
H            4.10175318235502        2.42492620103133        1.06905971691972
H            4.14706822539493        1.19044338039216        2.34606395039630
S            2.01724146958315       -2.23855791037255       -2.32512752627563
C            3.81675891141742       -2.12523466776603       -2.10931086104619
H            4.18790586020554       -1.12902446407508       -2.35764716761543
H            4.27318523575756       -2.84206408007618       -2.79449225450963
H            4.12834279438901       -2.37648737458784       -1.09235101511411
S           -1.99444450030549        2.23059971338418       -2.16012381692538
C           -3.80332483304099        2.05656380259955       -2.11351317480177
H           -4.13140201432369        1.04725250318635       -2.37450223605353
H           -4.21388048188215        2.74822325031956       -2.85280109664637
H           -4.21576413573607        2.32071521997958       -1.13678628876296
S           -1.41746812231246       -2.44105912326535        2.84561986822834
C           -4.02260572080598       -1.91681066709208        1.98779247192370
H           -4.47309959571760       -2.69510746347862        2.63360742074944
H           -4.66935524928918       -1.81790514581335        1.12960747497373
H           -3.97540070842680       -0.98340133275330        2.52244461376028
C           -2.63818224994997       -2.44515309176672        1.59921150317741
O           -1.75054130382803       -1.30966681564679        3.83277047930393
O           -2.50701589009260       -3.16376562118954        0.58416100106766
31
 energy: -68.881095692906 gnorm: 0.026126599307 xtb: 6.6.1 (unknown)
Fe           0.96594028997649        0.87433554750670        0.89890516968802
Fe           0.99553404289260       -0.86411568852892       -0.92325167221471
Fe          -0.92923011575097        0.83375367659671       -0.81023982649778
Fe          -0.73706941172487       -1.03218693776605        0.90519828484856
S           -1.14595765330820        1.05451440466277        1.29771303031007
S            1.39148750654070       -1.21367851695900        1.15219645376420
S            1.17784680047856        1.25310806713446       -1.19758599633176
S           -1.08081329216099       -1.23276566674211       -1.24302017017101
S            1.97020697881790        2.28804430215145        2.25738145314788
C            3.77380332578553        2.17994943619094        2.07973217804978
H            4.21048840318329        2.90782257587579        2.76629145694979
H            4.10219936027879        2.42481347813596        1.06739868743875
H            4.15226620805746        1.18987341560291        2.34344402299999
S            2.02496329636943       -2.22632694685651       -2.33254724820758
C            3.82371724909474       -2.12149188943758       -2.10977063216689
H            4.20227880596323       -1.12741543609461       -2.35591379840565
H            4.27714537017678       -2.84090716572037       -2.79423731627777
H            4.13040923196784       -2.37526383867907       -1.09237401405791
S           -1.99302642696202        2.22882904295576       -2.15278620160499
C           -3.80137628079214        2.05272957234903       -2.10768186834253
H           -4.12725227192187        1.04341660612623       -2.37003789901184
H           -4.21026048268651        2.74479185920752       -2.84708570013703
H           -4.21498880936686        2.31523208695908       -1.13122003551444
S           -1.35653508796736       -2.33968531572784        2.76185710972759
C           -4.02726322915650       -1.92018290986189        1.99625914845347
H           -4.48253723720821       -2.66479345989711        2.65980281761375
H           -4.66324692731030       -1.81798184815119        1.11990760152823
H           -3.95483575321476       -0.97295616622672        2.52292583581153
C           -2.66556081470172       -2.48114499535180        1.60579754432933
O           -1.84569031321574       -1.36304123863305        3.88082065110677
O           -2.56079523227330       -3.23459762077931        0.62091983319216
31
 energy: -68.884778645683 gnorm: 0.038280840967 xtb: 6.6.1 (unknown)
Fe           0.98893677302429        0.89260266756515        0.88189872569587
Fe           0.99295199021586       -0.85356871563304       -0.94176902738178
Fe          -0.92738285168077        0.82786440440792       -0.81606268397353
Fe          -0.69505047694410       -1.00731879828715        0.91333165078514
S           -1.12388085401894        1.07239741875422        1.29076136922072
S            1.43312202312893       -1.19452867216378        1.12257097493999
S            1.17633296125289        1.26464587568657       -1.21325920580276
S           -1.08992981773204       -1.24856870987212       -1.21361593218071
S            1.97599584833149        2.28776680105648        2.26876055143853
C            3.77870060893390        2.18030885050444        2.07923304338886
H            4.21785336729150        2.90769339294311        2.76451142352260
H            4.10131936810267        2.42674689409689        1.06546300603806
H            4.15977402606106        1.19021342466673        2.33926213940536
S            2.04096045501910       -2.20560640410217       -2.34820041529304
C            3.83838812188636       -2.11423976108685       -2.11202155576153
H            4.22750800944233       -1.12293875509957       -2.35372110775244
H            4.28977957305142       -2.83664363043985       -2.79469058096566
H            4.13565831532464       -2.37199827425547       -1.09303985949029
S           -1.99121410191747        2.23094597231736       -2.14329163258741
C           -3.79852062354613        2.04677016864953       -2.09634223521574
H           -4.11965230128461        1.03670944091849       -2.36075859780918
H           -4.20893670616920        2.73867248239379       -2.83459241142199
H           -4.21311352693606        2.30527224635332       -1.11941689557142
S           -1.36609939066027       -2.28736473619226        2.70408842198815
C           -4.03703947200690       -1.92228884875171        2.00151193186121
H           -4.51171363896367       -2.62439112522263        2.68805270475959
H           -4.66411361239401       -1.81294631395937        1.11481532654344
H           -3.92365970325159       -0.96154697545272        2.51204821707016
C           -2.70753256645191       -2.52499403612557        1.59915837693524
O           -1.93656851748434       -1.40472785951558        3.89037505982886
O           -2.64102574976227       -3.35225999411177        0.67373811780466
31
 energy: -68.887833823418 gnorm: 0.024894674169 xtb: 6.6.1 (unknown)
Fe           1.00994508772146        0.90927855919660        0.86236203856432
Fe           1.00171942932688       -0.84283850367230       -0.95144387878411
Fe          -0.92176407974344        0.82469784423853       -0.81600982116392
Fe          -0.65920853026162       -0.98194362923387        0.92714819819571
S           -1.09957705402008        1.09565255720690        1.28897127630737
S            1.46708925870836       -1.17482185975261        1.10864594780547
S            1.17572366027620        1.27538659372560       -1.23390452392993
S           -1.08662133974183       -1.26216986758162       -1.18244438864304
S            1.98614438036692        2.29008694770948        2.27009770031264
C            3.78853663582404        2.18324297841775        2.07924730122784
H            4.22892764406439        2.90937406376802        2.76487600820084
H            4.10766864154803        2.43101872903693        1.06493649533417
H            4.16932067712623        1.19221881811462        2.33620021940480
S            2.05710750656723       -2.17778000633184       -2.37185578379265
C            3.85293310975445       -2.10249909677458       -2.11469447567945
H            4.25519465211645       -1.11450755501124       -2.34973887664109
H            4.30452779624678       -2.82719729801039       -2.79479671327018
H            4.13815871197680       -2.36590113415691       -1.09357477627644
S           -1.99178149210787        2.22564533228138       -2.13325379672270
C           -3.79820285441064        2.03846317176179       -2.08226492193350
H           -4.11558813224827        1.02800064713395       -2.34869870982990
H           -4.21100462257451        2.73128322984595       -2.81800911124285
H           -4.21104269365838        2.29267776526619       -1.10361125678169
S           -1.40470079260143       -2.28720159717437        2.67388065040481
C           -4.05575952218880       -1.92041988624698        1.99887052537364
H           -4.56442520876427       -2.57688738628446        2.70599141619961
H           -4.67600586019151       -1.79662142609540        1.10732324108298
H           -3.89218882105731       -0.95153310106000        2.49190434141687
C           -2.76067384293813       -2.59560625602334        1.60836839481665
O           -1.96297250383587       -1.40506110103995        3.83712871128807
O           -2.72963231141639       -3.48135910321111        0.73714746877613
31
 energy: -68.890136141818 gnorm: 0.021234687631 xtb: 6.6.1 (unknown)
Fe           1.03555695192825        0.93594992264996        0.83881957647496
Fe           1.01986177412355       -0.82870942319358       -0.96216013435859
Fe          -0.90999294068056        0.82581559125993       -0.81454507215486
Fe          -0.59984907682369       -0.94238336699152        0.95440815664908
S           -1.06784733525725        1.13310005825789        1.28664027787982
S            1.52124952377989       -1.13955846818633        1.09831626907560
S            1.18028724642659        1.28631265197922       -1.26249486706561
S           -1.07799722171423       -1.27893471105881       -1.12894215450315
S            2.00919931454355        2.30980955757534        2.25686283862234
C            3.81120293607649        2.19236665180596        2.07365821772413
H            4.25432222017924        2.91539366123152        2.76059370487037
H            4.13146068144344        2.43860857139024        1.05970133162361
H            4.18474534662746        1.19843077443766        2.33026073164232
S            2.07548064610510       -2.14793527733888       -2.40063901957737
C            3.86913817256691       -2.09187403096406       -2.11597537137113
H            4.28683092276540       -1.10795331864803       -2.34275348157542
H            4.32390086500553       -2.81925416749480       -2.79129673630174
H            4.13788940597525       -2.36075277033840       -1.09142259021979
S           -1.99427547056129        2.21205234999003       -2.13102636169730
C           -3.79974734794675        2.02306149167938       -2.06605431888557
H           -4.11575740457072        1.01236281830756       -2.33248646115525
H           -4.21906896042200        2.71702026499568       -2.79691947092306
H           -4.20547590386630        2.27377933206364       -1.08352247028820
S           -1.44262438912822       -2.29452755372467        2.62313260280324
C           -4.09800312320413       -1.92891013070748        1.99691779475372
H           -4.65818410991301       -2.53895617309002        2.70969402604006
H           -4.70846646809526       -1.77156460748007        1.10520132772777
H           -3.87709021119816       -0.96547411351958        2.47681638508744
C           -2.83601660627759       -2.68095043695381        1.63468472645626
O           -2.00357220600545       -1.45268241590287        3.79393220090862
O           -2.82530970201657       -3.56096430198873        0.78939724175894
31
 energy: -68.891109834266 gnorm: 0.011361039840 xtb: 6.6.1 (unknown)
Fe           1.05653780417875        0.95970573825457        0.82774849142846
Fe           1.04271041701147       -0.81634633352913       -0.96077987383965
Fe          -0.89542877220600        0.83229156247019       -0.80657615831181
Fe          -0.56621838470783       -0.93381502962511        0.96194807267138
S           -1.04169551053921        1.14324035781271        1.29329257592984
S            1.55385554078802       -1.10952611460933        1.10461661256697
S            1.18886906542769        1.29423207860053       -1.27998506205230
S           -1.05375380341091       -1.27516549546725       -1.11337245248564
S            2.03584474806855        2.34348517229568        2.23658008241373
C            3.83768093255136        2.20291893612410        2.06753511386648
H            4.28426565501934        2.92064493891830        2.75784907210712
H            4.16815944009033        2.44533893096438        1.05595648010252
H            4.19760243374848        1.20452213633089        2.32732372011773
S            2.08648409273485       -2.13273135392716       -2.41160298370468
C            3.87886885310017       -2.08550696169806       -2.11573509184150
H            4.30233670329233       -1.10294577113181       -2.33736704204777
H            4.33650608067810       -2.81341762011992       -2.78874174366853
H            4.13847125051536       -2.35707223628025       -1.08948795569720
S           -1.99849944720417        2.19732788458650       -2.13364762411542
C           -3.80370537753375        2.00982807308320       -2.05358630081254
H           -4.12303876431142        0.99980580412375       -2.31886877975911
H           -4.22951347033433        2.70545063253926       -2.77944543803673
H           -4.20061480102617        2.25943563985915       -1.06696864462141
S           -1.47571020924268       -2.30502897611869        2.58419505342170
C           -4.13991433086033       -1.93629086244671        1.99851545670159
H           -4.71168947722185       -2.52600420606738        2.71802750919410
H           -4.75029068161124       -1.78198596584350        1.11057597076347
H           -3.90275566857269       -0.97527155759633        2.46080245450320
C           -2.88735700870264       -2.70139111183973        1.63397022107065
O           -2.01717229823017       -1.48107722381813        3.76865983914439
O           -2.90898748162294       -3.62197263580284        0.81736732501238
31
 energy: -68.891806088597 gnorm: 0.008638495669 xtb: 6.6.1 (unknown)
Fe           1.07757614725129        0.97958337041976        0.82486918068564
Fe           1.06393350993191       -0.80171518681068       -0.95752370286416
Fe          -0.87851095647483        0.83755336010188       -0.80298685326354
Fe          -0.55206893772894       -0.92982745560945        0.96769589911072
S           -1.01632636188394        1.15453039040076        1.29576317957177
S            1.57253612347405       -1.08685515873993        1.11147116428790
S            1.20129926685752        1.30525313265082       -1.28630672240610
S           -1.02682583416263       -1.26956340641526       -1.10921642264855
S            2.07061425352937        2.39031930783266        2.20324403602235
C            3.87268010117288        2.21686890808986        2.05692825988172
H            4.32334334479175        2.92759612251481        2.75212686856112
H            4.22145939626581        2.45242204932486        1.04945044620398
H            4.21246692706753        1.21264392016727        2.32322728240351
S            2.09914499713541       -2.12205084456519       -2.40919071331919
C            3.89073905938469       -2.08108620268491       -2.11237482925065
H            4.31643907592894       -1.09932746355767       -2.33125161876575
H            4.34835640267556       -2.80943564962516       -2.78491800997319
H            4.14557369289244       -2.35454408051869       -1.08591601843385
S           -2.00359211385102        2.18008216621762       -2.13682793763053
C           -3.80817177801589        1.99177915683180       -2.03869654152469
H           -4.13166892460742        0.98233861982477       -2.30203712931501
H           -4.24171189745262        2.68861089454424       -2.75920268421625
H           -4.19474057083616        2.24080640389700       -1.04764896352740
S           -1.50712565593473       -2.31651571425428        2.54147262030254
C           -4.19288421634453       -1.95031679261898        2.00634277734249
H           -4.76490431755746       -2.53602906648677        2.72225729602791
H           -4.80118169965220       -1.79949979302862        1.11846223228269
H           -3.95000277475613       -0.99430224405232        2.45959224915181
C           -2.94165366067078       -2.70774080665868        1.63173732113338
O           -2.02793824648674       -1.51549426498191        3.75337719799164
O           -2.97500682207587       -3.62340524216866        0.81487903619864
31
 energy: -68.892306637441 gnorm: 0.006055659525 xtb: 6.6.1 (unknown)
Fe           1.09134288076944        0.99343416015331        0.82886885320198
Fe           1.08133518337592       -0.79111112407551       -0.95370337026441
Fe          -0.86424489714374        0.84185409669186       -0.80435267655950
Fe          -0.54042469980942       -0.92329664002562        0.97042577238199
S           -1.00259495432493        1.16575756206979        1.29490229997647
S            1.58723920618107       -1.07303461357248        1.11823061283493
S            1.21428578274870        1.31499962043669       -1.28199865251106
S           -1.00704688362937       -1.26571230412925       -1.11013177675678
S            2.10933903795326        2.43593239110814        2.16402323246534
C            3.91173623267127        2.23078082673825        2.04538468949637
H            4.36452127450172        2.93428497271488        2.74693573947282
H            4.28283767939236        2.45910706265439        1.04341818920903
H            4.23022137674983        1.22127823396680        2.31892298927249
S            2.11565227354719       -2.11277271549616       -2.40125083135897
C            3.90689869521428       -2.07377387452865       -2.10691501448355
H            4.33301795914028       -1.09201030940805       -2.32351660551706
H            4.36283730010360       -2.80087436851477       -2.78172417410907
H            4.16139030866792       -2.35045489977830       -1.08172757242212
S           -2.00821721110841        2.16603438523474       -2.13964763075828
C           -3.81113745527998        1.96954071061115       -2.01819884320991
H           -4.13611744503658        0.95970223192379       -2.27922021772205
H           -4.25573389278779        2.66617211950597       -2.73248054472315
H           -4.18663863398899        2.21617739909738       -1.02218941382317
S           -1.53893713098478       -2.32134852976311        2.48978153195416
C           -4.24822937257612       -1.96198418939515        2.01623916814175
H           -4.81700462580016       -2.54477391677248        2.73784986370013
H           -4.86208433449930       -1.81843921428244        1.13025269800782
H           -3.99540198525746       -1.00276138640774        2.45889839032002
C           -2.99895408932382       -2.71760402555672        1.61929187750163
O           -2.03488724724473       -1.53364055632577        3.72522668200865
O           -3.04315280235275       -3.62878467483462        0.79720363429448
31
 energy: -68.892769441058 gnorm: 0.007678553803 xtb: 6.6.1 (unknown)
Fe           1.10260026245541        1.00268848907310        0.83139782059630
Fe           1.10014788061112       -0.78602162451560       -0.94733147271807
Fe          -0.85094346702495        0.84896513783379       -0.80529530568026
Fe          -0.53508929297221       -0.91729158156515        0.96782269442873
S           -0.99309493073488        1.17217724268262        1.29608740190574
S            1.59112562335455       -1.06670713273000        1.12859763242839
S            1.22815550947840        1.32055960011358       -1.27895613268368
S           -0.98822796483487       -1.25634718499790       -1.11890936418423
S            2.14637480101938        2.47036827116783        2.12774906530052
C            3.94793056577447        2.24100840335674        2.03164492472697
H            4.40058277582503        2.93941147768719        2.73861235178667
H            4.33825464628304        2.46327136538119        1.03510272111775
H            4.24999425143357        1.22864952702048        2.31101103442566
S            2.13256018490079       -2.11167347801496       -2.38854415199906
C            3.92421288688776       -2.06684574492213       -2.10015146117904
H            4.34724067874061       -1.08356950968993       -2.31535570795185
H            4.37878660990531       -2.79060521732274       -2.77928764921849
H            4.18349116919297       -2.34655734560044       -1.07720012927674
S           -2.01142995203506        2.15478315320977       -2.14314042328086
C           -3.81149410136466        1.94420508972603       -1.99428909509578
H           -4.13395030917689        0.93237612565352       -2.25143128084186
H           -4.27138963307302        2.63834406833857       -2.70159761581104
H           -4.17465335329905        2.18702690450377       -0.99271839984664
S           -1.58171378436914       -2.32557296114549        2.45026860437369
C           -4.30186515133697       -1.97415752267846        2.02673686924296
H           -4.84626515211940       -2.57148758180120        2.75256480031854
H           -4.93280097474041       -1.83931682414063        1.14930389520862
H           -4.05596232863043       -1.01463927327009        2.47121821484298
C           -3.04694834827357       -2.70419480956211        1.59532391606345
O           -2.04370214031389       -1.53052771488226        3.69587975826112
O           -3.09007943169315       -3.59564091886942        0.75368538476052
31
 energy: -68.893291819446 gnorm: 0.006753490726 xtb: 6.6.1 (unknown)
Fe           1.11642772625286        1.00821911739451        0.82941007350277
Fe           1.11754995254098       -0.78424687216270       -0.94398664031172
Fe          -0.83602349989210        0.85567170021982       -0.81143101379279
Fe          -0.53192833470115       -0.90603493338884        0.96242398239881
S           -0.98051913873359        1.18192336957461        1.29134205137843
S            1.59065417310015       -1.06575866292792        1.13466812229197
S            1.24542879843207        1.32346394617969       -1.28022463667834
S           -0.97444870371251       -1.24874938256039       -1.12640842980415
S            2.17892734195338        2.48715884175606        2.10091782000560
C            3.97816216659880        2.24382474751495        2.01828816461794
H            4.42961453748923        2.93993860111279        2.72832261381421
H            4.37955954649236        2.46222722868626        1.02585295764098
H            4.27107105643606        1.23086411833782        2.30033601331015
S            2.15293779004915       -2.11401740614367       -2.37662176142428
C            3.94553086479571       -2.05771342613386       -2.09305985168497
H            4.36292262274650       -1.07105125000080       -2.30503778334024
H            4.40160454207119       -2.77561505750089       -2.77748553906438
H            4.21092964261941       -2.34111266855408       -1.07227728151774
S           -2.01320383218776        2.14967274320255       -2.14371634310254
C           -3.80846205008912        1.91645408391128       -1.96527072133422
H           -4.12196229684860        0.90069185128732       -2.21834339546543
H           -4.28871352980017        2.60589292337386       -2.66385861348462
H           -4.15820803037756        2.15248385013101       -0.95733623490639
S           -1.62174755113558       -2.30725948234225        2.41033728483162
C           -4.35503754228630       -1.98954329316625        2.03917148699778
H           -4.86320529110323       -2.60901259962972        2.77593365065801
H           -5.01569604778792       -1.86078049812445        1.17979329353580
H           -4.12142110642329       -1.02729817432043        2.48990588698812
C           -3.09314097774313       -2.68779207442117        1.56653734283952
O           -2.06501282767912       -1.49735585895558        3.65537076005552
O           -3.13074247120496       -3.55246705231005        0.69524564106627
31
 energy: -68.893822262305 gnorm: 0.008427097225 xtb: 6.6.1 (unknown)
Fe           1.13408825084164        1.01034259535204        0.82268064831554
Fe           1.13375085397827       -0.78755571091157       -0.94415943785379
Fe          -0.81620762381218        0.86422931859551       -0.82297182408586
Fe          -0.52127184745375       -0.88863355390837        0.95596106546889
S           -0.96292012502509        1.19899664431672        1.27893877092396
S            1.59823152754746       -1.06631200396128        1.13559434929492
S            1.26865071913933        1.31989759114345       -1.28732101652174
S           -0.96349712220822       -1.24058672801278       -1.13166781208863
S            2.20318510708766        2.48842684352312        2.08559110892954
C            3.99953098706372        2.23784541649046        2.00404323763698
H            4.45250918495524        2.93375792075438        2.71333615205633
H            4.40233787366648        2.45379179864198        1.01267628104190
H            4.28946784228949        1.22489207917103        2.28652764168494
S            2.17559536348592       -2.12164207046459       -2.36781033351798
C            3.96916778785516       -2.04714212545487       -2.08727920685019
H            4.37699057177266       -1.05502634998521       -2.29432641469671
H            4.43124880154142       -2.75681327207684       -2.77656210213175
H            4.24048599096073       -2.33350819255081       -1.06826681588695
S           -2.01463113454912        2.15004759786186       -2.14346153351532
C           -3.80280766023523        1.88633187316542       -1.93182641974750
H           -4.10199792192159        0.86515317565006       -2.18073828452061
H           -4.30836668936486        2.56850002676478       -2.61979622170740
H           -4.13750693866504        2.11378646651314       -0.91680508483967
S           -1.67065070172679       -2.27187100273993        2.38245531544787
C           -4.40610325482744       -2.00899476652037        2.05235242944122
H           -4.86249618944458       -2.66295348129445        2.79930882540090
H           -5.10509747628374       -1.88526856536842        1.22035638132711
H           -4.19662605381644       -1.04530946696041        2.51715566359313
C           -3.13304993804778       -2.65426455968359        1.53306567449613
O           -2.11359125947054       -1.44416417428393        3.61758316465213
O           -3.15657139545875       -3.48327489372694        0.62416469827547
31
 energy: -68.894216628162 gnorm: 0.008572228162 xtb: 6.6.1 (unknown)
Fe           1.15531472651730        1.01455554251262        0.80849658906214
Fe           1.14992359878040       -0.78918362204421       -0.94659734351652
Fe          -0.79443631714417        0.87275417876404       -0.83459849866014
Fe          -0.50978056302020       -0.87273899488650        0.94960322346651
S           -0.93898710986549        1.21727163873003        1.26493741388808
S            1.60718052200851       -1.06194035496722        1.13455033364328
S            1.29179492286336        1.31640999980357       -1.30403723157743
S           -0.94910799766815       -1.23357035380267       -1.13336239211498
S            2.21707843545085        2.48480232748574        2.08148424816158
C            4.01174898564396        2.22770371368522        1.99301599184414
H            4.47026817753853        2.92294496354936        2.69955562361396
H            4.41012102200852        2.44162564669384        0.99955362630288
H            4.30021616519711        1.21349861794159        2.27510586743731
S            2.19513959699289       -2.12753880117739       -2.36682919274648
C            3.98871243840991       -2.03657404733612       -2.08482783802327
H            4.38737855756807       -1.03943834673492       -2.28656306024224
H            4.45882189477930       -2.73859515415311       -2.77674187425272
H            4.26214243455312       -2.32481775551849       -1.06666652269802
S           -2.01442506852167        2.15183798389372       -2.14367718858871
C           -3.79533258764292        1.86158872542262       -1.90229810678948
H           -4.08188929907993        0.83608277590879       -2.14808765641373
H           -4.32342473173750        2.53680886350064       -2.58014951435126
H           -4.11609727245929        2.08191478126905       -0.88104345435287
S           -1.71014846475420       -2.22351650666197        2.36260541868207
C           -4.44983281760341       -2.03072737755037        2.06495245400048
H           -4.86343253393818       -2.71224036563126        2.81458927080627
H           -5.17557517550439       -1.91353897093802        1.25639898659505
H           -4.26347580572414       -1.06703527242905        2.54145435854093
C           -3.16869750465507       -2.62661083131767        1.51235067244574
O           -2.16960012945876       -1.39145235823829        3.58845066426692
O           -3.17975056965818       -3.42760221573365        0.57717403159470
31
 energy: -68.894529649679 gnorm: 0.005909862065 xtb: 6.6.1 (unknown)
Fe           1.17256686199185        1.01786644211145        0.79736229280779
Fe           1.16078762463372       -0.79029244464329       -0.95003248826022
Fe          -0.77288291595371        0.87851256222477       -0.84946398513854
Fe          -0.49909356773318       -0.85919700344214        0.94618227465418
S           -0.91932070059917        1.23677683251946        1.24607230649554
S            1.61883466682356       -1.05601830034752        1.13194326464708
S            1.31425740988046        1.31257070285679       -1.31702045631847
S           -0.93719321342534       -1.23066928026533       -1.13386522802798
S            2.22449619464061        2.47923810534096        2.08518793244436
C            4.01842835716335        2.21710852198116        1.98447426650636
H            4.48505837447852        2.91125759597050        2.68681524059347
H            4.40805412978076        2.42854588733099        0.98661189299350
H            4.30573430552835        1.20118085171970        2.26554472414310
S            2.20993718111936       -2.13134159991955       -2.36906678525239
C            4.00276806129130       -2.02631901060436       -2.08543940166469
H            4.39257882731960       -1.02494454154693       -2.28282713283960
H            4.48084444176659       -2.72176089012679       -2.77855238573428
H            4.27637402814433       -2.31530797402439       -1.06775977430769
S           -2.01364018032911        2.15358145171120       -2.14500845564138
C           -3.78724992934439        1.84273732857019       -1.87898170803601
H           -4.06454054546109        0.81424112759445       -2.12205051319599
H           -4.33317432900497        2.51173247981921       -2.54806309060303
H           -4.09566585318762        2.05858356703822       -0.85297024612157
S           -1.74303739247276       -2.17776545003453        2.35355891643544
C           -4.48270990316519       -2.04939465016939        2.07421475099057
H           -4.86613154681428       -2.74904957458219        2.82055732744509
H           -5.22208968703649       -1.94362003621343        1.28128839439734
H           -4.31793685476217       -1.08645696003517        2.55872832634175
C           -3.19465368340124       -2.59955861188620        1.50060529147569
O           -2.22294749767973       -1.35424015951054        3.57660794006063
O           -3.19660513431386       -3.38531853939697        0.55414540873542
31
 energy: -68.894764017145 gnorm: 0.005933193029 xtb: 6.6.1 (unknown)
Fe           1.18758533446140        1.02163685864037        0.78842774314275
Fe           1.17206841731773       -0.79203639264094       -0.94906261082633
Fe          -0.75180605561333        0.88614783282028       -0.86355216960087
Fe          -0.49902232886624       -0.84939908108651        0.93940229009198
S           -0.90319896324239        1.25279834958037        1.22941814026278
S            1.62030505791130       -1.05124956204392        1.13589460809612
S            1.33662361462602        1.30813328822307       -1.32806797087565
S           -0.92262763613172       -1.22308543487639       -1.14281285100006
S            2.23565828598457        2.47842041123097        2.08530282825455
C            4.02901023271761        2.20687210802698        1.97381842415588
H            4.50483192626658        2.89950271497545        2.67129159547860
H            4.41207234288403        2.41350238560672        0.97172229971958
H            4.31207705604272        1.18929432450441        2.25573144183624
S            2.22497874288865       -2.13539179333828       -2.36649497627837
C            4.01690226714245       -2.01378700891542       -2.08471603490062
H            4.39588735656902       -1.00767115410334       -2.27821212244188
H            4.50220313245202       -2.70148289620429       -2.78046292219994
H            4.29289232516493       -2.30406475187059       -1.06841632772867
S           -2.01081568632841        2.15201068356724       -2.15316435730273
C           -3.77613529345707        1.82169716501801       -1.85495781699993
H           -4.04669327224626        0.79043527334052       -2.09336413526683
H           -4.34226177874326        2.48412566739907       -2.51376201889551
H           -4.06860797152367        2.03406546290512       -0.82324670758251
S           -1.77486854663890       -2.13238834690454        2.34062482220187
C           -4.51998763734789       -2.06771455110007        2.08536503204485
H           -4.86766753793250       -2.78789035107616        2.82971586711927
H           -5.27474307426065       -1.98272974178429        1.30620018279302
H           -4.38219845893609       -1.10441027260506        2.57629477451992
C           -3.22133728438864       -2.56622067133499        1.48625513230861
O           -2.26656749637432       -1.32157413980449        3.56782065192347
O           -3.21270954051769       -3.33486794610842        0.52580608797717
31
 energy: -68.894956893555 gnorm: 0.004486173570 xtb: 6.6.1 (unknown)
Fe           1.19945736413246        1.02676212704231        0.78413082022762
Fe           1.18180674863988       -0.79315104343034       -0.94608432991397
Fe          -0.73129419608552        0.89224000170582       -0.87905060207449
Fe          -0.49813166441113       -0.83356049952686        0.93633878150946
S           -0.89239236166213        1.27305394357837        1.21148387121538
S            1.62022955031062       -1.04615499873817        1.14191142637917
S            1.35937087008768        1.30502973970079       -1.33302102552274
S           -0.91222379525608       -1.21895000809408       -1.14689492446129
S            2.25160606536538        2.47939221056475        2.08310741496729
C            4.04391175768573        2.19843497466994        1.96100016835573
H            4.52854004947640        2.88993414530458        2.65309560273645
H            4.42051778321676        2.39961490891028        0.95517323678816
H            4.32202385354671        1.17993953120796        2.24406320175140
S            2.23896275837594       -2.13812716410467       -2.36059384214475
C            4.03005369560282       -1.99878890737257       -2.08380657091468
H            4.39802726798266       -0.98819651702956       -2.27431515691860
H            4.52097026176591       -2.67850319553163       -2.78329458340211
H            4.31106529788651       -2.29037788611551       -1.06960601190105
S           -2.00692176038566        2.14653722632434       -2.16506880480984
C           -3.76281088204618        1.80045200252240       -1.83163508580560
H           -4.02853846795114        0.76650571625659       -2.06390387416679
H           -4.34860686642587        2.45676549938864       -2.47911411386310
H           -4.03664539854451        2.01070590209986       -0.79412237064916
S           -1.80952325723706       -2.09081804676429        2.32332494945834
C           -4.55866283768579       -2.08536842320852        2.09432209732026
H           -4.87256206575178       -2.82023472376179        2.83694698665151
H           -5.32544092510692       -2.02463411606910        1.32480478395036
H           -4.44564182333468       -1.12205880969556        2.58979240667371
C           -3.25325792343477       -2.53936047894317        1.47453210485328
O           -2.30557729627516       -1.30125535736512        3.56078034032448
O           -3.23646427259920       -3.29314932348432        0.50450200341350
31
 energy: -68.895112673473 gnorm: 0.004243384398 xtb: 6.6.1 (unknown)
Fe           1.20688577577163        1.02843591352308        0.78441219206535
Fe           1.18921969208042       -0.79781519356620       -0.93747906965492
Fe          -0.71308206436313        0.90155180833068       -0.89349900108543
Fe          -0.50913019945164       -0.81734078543325        0.93153030018166
S           -0.88673758043487        1.29242455832451        1.19526258137692
S            1.60687591882578       -1.04697688750028        1.15377467854417
S            1.38235319885548        1.29888816148802       -1.33243173643431
S           -0.90549295427563       -1.20858109053162       -1.15492491673438
S            2.26858256945336        2.47911997136051        2.07793311214368
C            4.05911404158969        2.18898145853930        1.94475697336141
H            4.55195097632619        2.88047088785196        2.63070079892308
H            4.42961879272750        2.38429393731849        0.93570266701256
H            4.33315057573811        1.17049778475936        2.22973552676179
S            2.25107530026810       -2.14629108376163       -2.34517563904035
C            4.04207253532705       -1.98191951863999       -2.08137399248504
H            4.39468640153118       -0.96553700623501       -2.27060881649685
H            4.53772971806877       -2.65199625930531       -2.78684329203071
H            4.33433190355985       -2.27360570589648       -1.07045208322381
S           -2.00156223285726        2.13982505429161       -2.18206237026449
C           -3.74633833878877        1.77960177929266       -1.80979789736193
H           -4.00790353425090        0.74269170579475       -2.03422677060486
H           -4.35218480201045        2.42917687004651       -2.44490336111619
H           -3.99907542427222        1.98920089036509       -0.76691113198365
S           -1.84377395305793       -2.05080836600007        2.30793740388805
C           -4.59381304857625       -2.10362651145361        2.10327302165173
H           -4.86685692691948       -2.85606405891346        2.84669059093397
H           -5.37451600667011       -2.07063633194019        1.34417270025099
H           -4.51047996389981       -1.13858723070725        2.60305609270454
C           -3.28089972842528       -2.50828622482297        1.45975002283293
O           -2.34093991207005       -1.28408829085400        3.55869319534171
O           -3.25301319991564       -3.24032180568333        0.47210712057133
31
 energy: -68.895237297888 gnorm: 0.003104872877 xtb: 6.6.1 (unknown)
Fe           1.21145421780895        1.03273143739536        0.78754411661845
Fe           1.19429069970700       -0.80358111958018       -0.92255568841190
Fe          -0.69709742285001        0.91274732431518       -0.90551241558961
Fe          -0.52410223313181       -0.79540232469930        0.92977757150327
S           -0.88364070142461        1.31649443346546        1.18186677757272
S            1.58688933559959       -1.04569988983797        1.17257305498268
S            1.40461790072505        1.29124683351656       -1.32900776824749
S           -0.90290610112488       -1.19605380314053       -1.15850405225528
S            2.28744259050500        2.48180409463710        2.07182230362140
C            4.07553891282840        2.18199438222671        1.92592138103491
H            4.57677056104040        2.87338812638493        2.60578340479660
H            4.43978657997587        2.37233267776731        0.91404413936229
H            4.34633875720739        1.16360968955415        2.21212069569083
S            2.25938569148536       -2.15818240063239       -2.32058026392076
C            4.05085749028870       -1.96319991611963       -2.07907631280118
H            4.38471760710922       -0.94084517814735       -2.27053671615005
H            4.54896464994552       -2.62351041665020       -2.79192730253884
H            4.36079360890477       -2.25213171311023       -1.07242082549685
S           -1.99289159238059        2.13162238935140       -2.20518719904437
C           -3.72585795613456        1.76184270661117       -1.79179692126946
H           -3.98553909466698        0.72219637732527       -2.00650165905283
H           -4.35146420889412        2.40473045327964       -2.41409229115696
H           -3.95535904102305        1.97259234654293       -0.74390429152966
S           -1.87631650283749       -2.01845771587932        2.28896027697736
C           -4.62519037625644       -2.12397547491538        2.10962026622130
H           -4.86754748251626       -2.88093250457677        2.85470092960524
H           -5.41272496483575       -2.11554513630785        1.35724863137991
H           -4.56373677506750       -1.15793602581752        2.60939752678844
C           -3.31191803894217       -2.49186757723967        1.45053066577207
O           -2.37114000809862       -1.28497974063379        3.55883195577514
O           -3.27856857306135       -3.20435390504284        0.44965890979213
31
 energy: -68.895302932908 gnorm: 0.003810834411 xtb: 6.6.1 (unknown)
Fe           1.21370612877209        1.03582596202916        0.79347700457699
Fe           1.19743199702905       -0.80939513218653       -0.90738167046248
Fe          -0.68479829656430        0.91909798115170       -0.91567805451396
Fe          -0.53430485881319       -0.77615584436626        0.93193686092763
S           -0.88197843432909        1.33854114053332        1.17013022284777
S            1.57280288720306       -1.04357019729461        1.18990479224699
S            1.42215801519496        1.28380995356093       -1.32250076829768
S           -0.90244673262117       -1.18942458742084       -1.15733452143089
S            2.30336214300984        2.48757536974895        2.06341277077588
C            4.08884339246076        2.17714964786269        1.90857051651638
H            4.59742327677074        2.86819355373262        2.58370935084819
H            4.44940025034757        2.36260296546353        0.89449014447583
H            4.35620520035736        1.15813145065537        2.19637971599422
S            2.26407059972759       -2.17466225063244       -2.29197828999641
C            4.05626143761590       -1.94781112485706       -2.07593451889749
H            4.37016148179331       -0.91942822384211       -2.27111921683579
H            4.55583148753355       -2.59917484737773       -2.79615225111239
H            4.38545301979291       -2.23209390854767       -1.07356543416839
S           -1.98457335945544        2.12724357641681       -2.22201429620182
C           -3.70807944579518        1.74985675300483       -1.77944193248630
H           -3.96528447837332        0.70789429923483       -1.98681231094279
H           -4.34848518873128        2.38735770579673       -2.39195316960317
H           -3.92037063005626        1.96152896875724       -0.72855767931843
S           -1.90480694619604       -1.99920366305209        2.27279072359728
C           -4.64982786455821       -2.14339732807157        2.11557243837327
H           -4.86121996186026       -2.90574769392324        2.86823347937708
H           -5.44976424669988       -2.15266551960620        1.37428027364214
H           -4.60496877927837       -1.17494958614109        2.61361842220025
C           -3.33511672462981       -2.47670364512778        1.43682836546110
O           -2.39776409951093       -1.29001356571723        3.55719204482142
O           -3.29747374025009       -3.16773377974186        0.41869588761516
31
 energy: -68.895363406715 gnorm: 0.003557163220 xtb: 6.6.1 (unknown)
Fe           1.20839773591338        1.03714746289230        0.80159994842505
Fe           1.19462129917997       -0.81546305680571       -0.89098035361617
Fe          -0.68190727654065        0.92309543171558       -0.91720557749070
Fe          -0.54611496764261       -0.76641868691309        0.93669576482762
S           -0.88708164310806        1.34926574279882        1.16724279814362
S            1.55778678100863       -1.04162790024905        1.20743967873912
S            1.42859907556760        1.27581162554836       -1.31410632852647
S           -0.90692036971243       -1.18417060395320       -1.15202133893081
S            2.30866772606395        2.49070754948920        2.06013952952775
C            4.09190290062086        2.17666073253501        1.89786082619690
H            4.60461543087054        2.86727838082731        2.57049127883167
H            4.44874040206062        2.36093001828406        0.88237635080472
H            4.35972950649148        1.15744941798707        2.18499855043033
S            2.25979505587019       -2.19180669456347       -2.26273231064435
C            4.05236111053579       -1.93941353853646       -2.07477928020267
H            4.34901096993555       -0.90750815931859       -2.27791300210849
H            4.54932692810198       -2.58642196211369       -2.80030363638487
H            4.40057276946064       -2.21534768811702       -1.07610939944978
S           -1.97562768431210        2.12579070320675       -2.23467968187701
C           -3.69484025475593        1.75249615308487       -1.78191889133387
H           -3.95350153528639        0.71034264870827       -1.98557370439843
H           -4.33795701189390        2.38841587652414       -2.39071512863745
H           -3.89966807093125        1.96713221796764       -0.73132106535609
S           -1.91207124107380       -2.00028427711039        2.26814392697735
C           -4.65112827147729       -2.15553666889124        2.11648734344635
H           -4.85373930380814       -2.91088311627418        2.87601566832298
H           -5.45382352852868       -2.17107523034098        1.38019395088387
H           -4.60853638803975       -1.18438644261871        2.60820939328231
C           -3.34047168759779       -2.48064961976804        1.43306816206266
O           -2.40409998341027       -1.30766904365882        3.56033207543065
O           -3.30479094367674       -3.16118284229440        0.40786335265311
31
 energy: -68.895419676102 gnorm: 0.003512625509 xtb: 6.6.1 (unknown)
Fe           1.20597019396774        1.04157935573496        0.80633838925402
Fe           1.19367646981526       -0.82213052058625       -0.87210697377065
Fe          -0.67781908217997        0.92723008493660       -0.91804239230416
Fe          -0.55427575190639       -0.75414606294729        0.94367205856746
S           -0.88890623989291        1.36290619435849        1.16501450088468
S            1.54690372561174       -1.03532641178551        1.22844813495554
S            1.43512315603765        1.26603416072584       -1.31083407561954
S           -0.90869950545365       -1.18011490608778       -1.14310053558850
S            2.31401531923953        2.49851190488759        2.05518528842390
C            4.09486638281281        2.17644116726470        1.88614863019555
H            4.61341592260408        2.86558947779989        2.55606591624302
H            4.44878228431428        2.35841008141766        0.86903190545782
H            4.36098364791594        1.15623607114728        2.17299364590052
S            2.25668071638680       -2.21114216828003       -2.23024988789324
C            4.04842367922703       -1.93042029519159       -2.07341053952088
H            4.32525732933115       -0.89478382188853       -2.28536463127751
H            4.54275420627614       -2.57283769366312       -2.80449374371145
H            4.41675640436761       -2.19637900202564       -1.07904149625621
S           -1.96172241491257        2.12402759464765       -2.25388209151361
C           -3.67877219384129        1.75630271701139       -1.78409839291528
H           -3.94107627007308        0.71451330008126       -1.98390628406103
H           -4.32921502247786        2.39203986262552       -2.38739060853037
H           -3.87277865710999        1.97195228934602       -0.73072655627949
S           -1.91979850346924       -2.00048305941057        2.25892887227759
C           -4.65686913692555       -2.17157157681953        2.11988133810848
H           -4.84571105064770       -2.92143809779002        2.88855395076153
H           -5.46769047009884       -2.19688950777884        1.39275971655598
H           -4.61738218372415       -1.19571037577613        2.60288303076366
C           -3.34925883017907       -2.48508213378740        1.42615375908174
O           -2.41589441488049       -1.32811834722086        3.56108874743843
O           -3.31589218025025       -3.15252185090358        0.39229922440000
31
 energy: -68.895496283756 gnorm: 0.003670396340 xtb: 6.6.1 (unknown)
Fe           1.20017025635816        1.04491837736786        0.81483378220226
Fe           1.19145606247920       -0.83119403651302       -0.84861509469529
Fe          -0.67393079973709        0.92492593780512       -0.91613418639255
Fe          -0.56367987004611       -0.74494094607580        0.95571576866930
S           -0.89477123531611        1.37417825673942        1.16421087298274
S            1.53574330425719       -1.02813104851899        1.25409895091919
S            1.44014950757312        1.25314226319532       -1.30391716221553
S           -0.91019834905108       -1.18302677927684       -1.12904337254318
S            2.31430057440220        2.50865528811739        2.05155398095629
C            4.09252007724391        2.17877383957736        1.87465413193974
H            4.61754162126069        2.86524481657309        2.54230502213186
H            4.44242054643611        2.35959624298539        0.85570084086369
H            4.35675604742777        1.15714335560685        2.15968055796354
S            2.24963458652993       -2.23703983444888       -2.19025225063177
C            4.03870706786569       -1.92270322983928       -2.07413060905451
H            4.29133331211540       -0.88389722842155       -2.29968164804448
H            4.52855800709481       -2.56190768047271       -2.81060229021948
H            4.43168977154651       -2.17359303682174       -1.08534409678909
S           -1.94380824280388        2.12310797555971       -2.26607479753911
C           -3.66266345289836        1.77097059215581       -1.79572050712056
H           -3.93261025773383        0.73112024949344       -1.99437598365445
H           -4.30841535025853        2.41050583952985       -2.39804415743422
H           -3.85371834576381        1.98987454353493       -0.74318253797424
S           -1.92005263382782       -2.01308340376395        2.25745079311399
C           -4.65400992761111       -2.18760983735996        2.12368480298312
H           -4.82954968175820       -2.93014805582350        2.90339629109443
H           -5.47370640992423       -2.22578670281510        1.40713417781503
H           -4.61683540182058       -1.20476173486522        2.59402786431212
C           -3.34955633479443       -2.49423274944413        1.42031585143057
O           -2.42143470245185       -1.35788627956962        3.56590849816502
O           -3.32019221691044       -3.14953656416944        0.37924540679193
31
 energy: -68.895591683841 gnorm: 0.003087991816 xtb: 6.6.1 (unknown)
Fe           1.19180792983038        1.04734523916232        0.82697521316331
Fe           1.18880513300616       -0.84296491416391       -0.82059474314930
Fe          -0.67133275703891        0.91892521429764       -0.91254984340888
Fe          -0.57198649393216       -0.74014161562799        0.97295491814476
S           -0.90437122667984        1.38009663482232        1.16418428277698
S            1.52699905641386       -1.02009244320278        1.28425550420457
S            1.44424645895016        1.23702877898133       -1.29270840316022
S           -0.91145955373038       -1.19037388673924       -1.10946534363551
S            2.31196134437433        2.52273680207538        2.04649703110652
C            4.08759937891468        2.18460409558509        1.86215249044754
H            4.61953139171294        2.86701164182740        2.52815165245140
H            4.43316532366638        2.36506887812703        0.84149644438603
H            4.34807273792289        1.16111176348460        2.14427497316582
S            2.24270673697473       -2.26743210044978       -2.14367142777417
C            4.02669385433464       -1.91518703569053       -2.07808389739169
H            4.25108441551673       -0.87387107141947       -2.32109212485595
H            4.51071329548912       -2.55204754754843       -2.82031704511678
H            4.44904528548959       -2.14702288680617       -1.09678387477387
S           -1.91837849349455        2.11969721675449       -2.28246896982660
C           -3.64460646232700        1.79431333413807       -1.81450119011472
H           -3.92956689698752        0.75823205949726       -2.01264377045080
H           -4.28079820873863        2.44278518606794       -2.41810704536873
H           -3.83389786834217        2.01670743558292       -0.76180806465816
S           -1.91794759516700       -2.03603395444039        2.26310403409019
C           -4.64916530463749       -2.20358269119563        2.12886120112110
H           -4.80917881222268       -2.93800900627129        2.91998420049634
H           -5.47625558750151       -2.26050783330752        1.42293858182184
H           -4.61711731925950       -1.21328703721630        2.58466572037241
C           -3.34736285459766       -2.50552448604781        1.41649980084670
O           -2.42532587964827       -1.39944878427227        3.57872617867159
O           -3.32183349841037       -3.14745855596292        0.36787241644251
31
 energy: -68.895695590738 gnorm: 0.003389752449 xtb: 6.6.1 (unknown)
Fe           1.18496830858700        1.04660062189072        0.83957270167970
Fe           1.18775415050734       -0.85918232380917       -0.79101131864479
Fe          -0.66952582333565        0.90494341851107       -0.90498871255006
Fe          -0.57993572302129       -0.73923693365343        0.99166178468651
S           -0.91309741328040        1.38131457890311        1.16830939793515
S            1.51888930905149       -1.01629765160775        1.31632493325881
S            1.44713044427381        1.21740812711739       -1.28098474016055
S           -0.91063099037367       -1.20487711139264       -1.08944532079036
S            2.30740489528341        2.53523028035132        2.04229656178620
C            4.08119333906751        2.19230867235436        1.84951365648664
H            4.61895979679127        2.87048932716486        2.51457717361382
H            4.42178183231899        2.37423217726368        0.82742900481035
H            4.33828469061781        1.16738568532203        2.12750353529927
S            2.24043330628060       -2.29434008329593       -2.10210598553388
C            4.01690177711740       -1.90693049934122       -2.08668365220635
H            4.21425227017870       -0.86478056640362       -2.34794557461829
H            4.49541001937890       -2.54352587550491       -2.83273084483221
H            4.46764824876685       -2.11807584543573       -1.11364691808977
S           -1.89080083129640        2.11139433134250       -2.29029452765435
C           -3.62833803035975        1.82402714012164       -1.83844589019323
H           -3.93383302491742        0.79383810685788       -2.03880614170541
H           -4.24319908986994        2.48661067759479       -2.44801177079403
H           -3.82229713992439        2.05110156597494       -0.78800595848006
S           -1.91385133609445       -2.05908857743543        2.27480775932528
C           -4.64692914882427       -2.21931096597069        2.13616391840533
H           -4.78625643033197       -2.94602804064413        2.94002971628500
H           -5.48062890333862       -2.30190094636874        1.43989366011761
H           -4.62495697309333       -1.22214459561746        2.57740023510780
C           -3.34533329139377       -2.51401328619114        1.41704049194460
O           -2.42857190293573       -1.44229162718117        3.59844255812210
O           -3.32097880595142       -3.14218135087612        0.36093916741122
31
 energy: -68.895761483612 gnorm: 0.001601047562 xtb: 6.6.1 (unknown)
Fe           1.18569115691011        1.04190069550357        0.84283178790078
Fe           1.18919593084655       -0.86232110947554       -0.79232176368972
Fe          -0.67092215693436        0.90093677538607       -0.90250415573322
Fe          -0.57793895679344       -0.74483609186762        0.99280845129706
S           -0.91293643473317        1.37458242679904        1.17142143385803
S            1.52030457955919       -1.02284260012432        1.31420055969496
S            1.44686332253916        1.21627320937929       -1.27654679874949
S           -0.91031544547075       -1.20849221831126       -1.08864320010431
S            2.30763786896916        2.53149694894694        2.04267699711393
C            4.08273065193910        2.19337519328727        1.84855649031523
H            4.61867620125862        2.87282493983417        2.51409616074377
H            4.42281415726821        2.37700158443497        0.82671978274060
H            4.34176380253404        1.16886670296166        2.12576441560745
S            2.24535195938673       -2.29249685802912       -2.10717754527724
C            4.02110993484261       -1.90433860012342       -2.08976024540952
H            4.21885651716043       -0.86273420630763       -2.35181363854612
H            4.50129778176186       -2.54224388696232       -2.83391132003752
H            4.47137784113469       -2.11431980240499       -1.11678866323860
S           -1.88920888530749        2.10617269336649       -2.28775399958965
C           -3.63009145968476        1.82623891006101       -1.84151858656840
H           -3.94015093613912        0.79774563136634       -2.04307295636559
H           -4.23792299581308        2.49274151462971       -2.45574650969655
H           -3.82787662789965        2.05399847701023       -0.79151779068604
S           -1.91853892482374       -2.05461910983163        2.27847679159619
C           -4.65116196050242       -2.22003656905614        2.13852779691553
H           -4.78382209495136       -2.94464322243141        2.94296356325282
H           -5.48266089776944       -2.30833648686623        1.44106109462288
H           -4.63532499409570       -1.22399334610604        2.58050134805352
C           -3.34920407112204       -2.50789316749867        1.41974046493504
O           -2.43147806744360       -1.44254441139578        3.60448619539709
O           -3.32226926674951       -3.13478558613337        0.36304273966947
31
 energy: -68.895852077220 gnorm: 0.003468988901 xtb: 6.6.1 (unknown)
Fe           1.19371301866799        1.02339243164141        0.84854580980058
Fe           1.19506506795118       -0.87655498681348       -0.79100827311539
Fe          -0.67680639592818        0.88207428132501       -0.89202615156339
Fe          -0.57196024688575       -0.76359703219710        0.99958395767039
S           -0.90501646416131        1.35457429245624        1.18405496390434
S            1.52532961004895       -1.04581504899711        1.31388455847818
S            1.44294267738358        1.20574843319699       -1.26921563416783
S           -0.90531761090458       -1.22674993638599       -1.08426903321221
S            2.30741341978054        2.51622406007451        2.04889469619992
C            4.08692643021261        2.19814747690885        1.84604929118922
H            4.61655541746351        2.88195437025267        2.51268660831925
H            4.42205379285779        2.38977204335312        0.82421209707843
H            4.35696454186501        1.17561878809562        2.11890363683109
S            2.26300686626661       -2.28406089981024       -2.12442327053661
C            4.03712719915537       -1.89436264133088       -2.10206864568986
H            4.23624448505727       -0.85473456345243       -2.36937348611189
H            4.52193445763529       -2.53688838595808       -2.84019370458443
H            4.48565785305327       -2.09874335095742       -1.12778761378501
S           -1.88310028780908        2.09063131385895       -2.27751612644378
C           -3.63606329905131        1.83695128287745       -1.85502471681108
H           -3.96165097261542        0.81440068826068       -2.06185619429786
H           -4.22063288116010        2.51613180739369       -2.48166977298959
H           -3.84750130250695        2.06749735675046       -0.80765458587553
S           -1.93478654321625       -2.04276441843716        2.29053862407013
C           -4.66687272180552       -2.22332619354174        2.14893365896432
H           -4.77929714902327       -2.94317826748980        2.95682209708494
H           -5.49416873791439       -2.33154336611396        1.45055696279903
H           -4.67135377642858       -1.22761261236003        2.58962184248681
C           -3.36305968462619       -2.49098652907053        1.43029828271563
O           -2.44292706172252       -1.44262101166404        3.62248987215802
O           -3.32857217176933       -3.10690095182342        0.36680914945782
31
 energy: -68.895888155957 gnorm: 0.002451357402 xtb: 6.6.1 (unknown)
Fe           1.19449666772132        1.01808837955872        0.85262269141686
Fe           1.19637267679083       -0.88188289657378       -0.78946990813855
Fe          -0.67662539687594        0.87677552549136       -0.89067014915126
Fe          -0.56991335892014       -0.76954512923115        1.00285067204436
S           -0.90470248183314        1.34885065904382        1.18532544607883
S            1.52798934882181       -1.05103019644092        1.31532690020054
S            1.44375500914312        1.20052534651007       -1.26496415965691
S           -0.90398404942092       -1.23244075785302       -1.08097422178202
S            2.30769717061154        2.51217027600580        2.05090920135546
C            4.08788119082943        2.20039387920582        1.84526504109029
H            4.61624641736740        2.88500685287132        2.51188856811147
H            4.42015585357185        2.39451053443450        0.82296304952581
H            4.36207805460961        1.17845323726184        2.11626512217924
S            2.26639361623829       -2.28364498625342       -2.12708202304143
C            4.04011356238915       -1.89084484265069       -2.10548072666907
H            4.23810048680583       -0.85150949574841       -2.37563510278346
H            4.52557677302912       -2.53423233282757       -2.84233669630044
H            4.48913268035015       -2.09220892669608       -1.13048536743758
S           -1.88046176195643        2.08848572210336       -2.27644856180307
C           -3.63550622531001        1.84130988816315       -1.85994348345480
H           -3.96394475393016        0.82011698131345       -2.06862807909292
H           -4.21598764313566        2.52228627767731       -2.48709680619991
H           -3.84933989330298        2.07245899465258       -0.81348748764023
S           -1.93866952799383       -2.04339421695660        2.29215075292468
C           -4.67081087065703       -2.22510106015896        2.15314036442152
H           -4.77899423515688       -2.94414069069726        2.96359068773362
H           -5.50012812844799       -2.33874950253069        1.45780029993010
H           -4.67884909163681       -1.22747835063549        2.59030362996529
C           -3.36712586417650       -2.48831407944446        1.43163345133093
O           -2.44590746625913       -1.44181412973121        3.62376792254164
O           -3.33319122939738       -3.10042252982084        0.36569787232503
