67
 energy: -116.420090956183 gnorm: 0.549779420181 xtb: 6.6.1 (unknown)
C           53.67413419999999       15.46880323000000       53.69832359000000
C           53.47765387000000       16.15772828000000       52.34854822000000
S           54.69571489999999       15.53886217000000       51.13961798999999
H           52.99004944000000       15.86180554000000       54.45797814000000
H           53.50721559000000       14.39281594000000       53.59816071000000
H           54.70044432000000       15.62102160000000       54.04251555000000
H           52.43647544000000       16.02204305000000       52.02182080000000
H           53.64197587999999       17.23675596000000       52.47440160000000
C           47.99209691000000        9.41894546000000       49.77683449000000
C           49.18658459000000       10.22983597000000       50.27684022999999
S           49.97917356000000       11.02780773000000       48.83804993000000
H           47.46568133000000        8.91505138000000       50.59449893000000
H           47.29049884000000       10.08028520000000       49.26426210000000
H           48.32861398000000        8.66813835000000       49.05803701000000
H           48.82793707000000       10.99423090000000       50.98063659000000
H           49.87068850000000        9.56676623000000       50.82294509000000
C           57.39793559000000        7.68515103000000       46.79652371000000
C           56.09561434000000        6.93320684000000       46.52472328000000
S           54.75014588000000        8.03633854000000       45.98368575000000
H           58.19824901000000        7.00476805000000       47.11107816999999
H           57.72057482000000        8.20779212000000       45.89130465000000
H           57.24206071999999        8.43412167000000       47.58446046000000
H           56.26641742000000        6.21218831000000       45.71175119000000
H           55.81679559000000        6.35311436000000       47.41708523000000
C           57.82332480000000        9.37662689000000       51.61963484000000
C           56.73742573000000        8.40234254000000       52.07883125999999
S           55.10873111999999        9.19510789000000       52.26088259000000
H           57.87088146999999       10.22857761000000       52.30435207000000
H           58.80735025000000        8.89495375000000       51.59226080000000
H           57.58801191000000        9.75343637000000       50.61597305000000
H           56.70675016999999        7.54409488000000       51.39057475000000
H           57.01298980000000        8.01126452000000       53.06948312000000
C           55.38692704000000       16.30756859000000       47.53815491000000
C           55.10870494000000       14.88275076000000       47.07358865000000
S           55.62948755000000       13.71489985000000       48.38706890000000
H           54.87631068000000       16.50190586000000       48.48869555000000
H           56.45949088000000       16.44240103000000       47.70228168000000
H           55.05223570000000       17.04420106000000       46.80022044000000
H           54.04988909000000       14.77721437000000       46.80699582000000
H           55.70522249999999       14.67288450000000       46.17581204000000
C           49.53306824999999       18.32626065000000       50.75002886000000
C           49.86062050000000       17.87464161999999       49.32032001000000
C           50.53320359000000       16.54044337000000       49.31826072000000
N           49.82642562000000       15.36056396000000       49.30211168000000
C           50.72216731000000       14.33694564000000       49.38461060000000
N           51.94802551000000       14.81251753000000       49.46239911000000
C           51.84399104999999       16.17661312000000       49.42197068000000
H           48.86799733000000       17.60738090000000       51.23061973000000
H           50.44684502000000       18.40529879000000       51.34193888000000
H           49.04152113000000       19.29851612000000       50.73350033000000
H           48.93467491000000       17.82919550000000       48.73905412000000
H           50.51568624000000       18.61593705000000       48.85137511000000
H           48.82959543000000       15.29062093000000       49.21744661000000
H           50.42533387999999       13.28574455000000       49.36213332999999
H           52.71565119000000       16.81353662000000       49.46641575000000
Fe          52.25485725000000       10.57958610000000       48.90016111999999
Fe          53.96498230000000       13.76677753000000       49.98756358999999
Fe          54.15405335000000        9.40012446000000       47.73589859000000
Fe          54.29310328000000        9.86662792000000       50.23207979000000
S           55.89470476000000       10.17278037000000       48.80502304000000
S           52.87486783000000        8.53642183000000       49.26719257999999
S           53.24722348000000       11.82975529000000       50.46596471000000
S           53.08909505999999       11.13923678000000       46.97992946000000
Fe          54.46153017000000       11.79056917000000       48.49996477000000
C           53.88751373000000       13.85062654000000       47.13427099999999
O           53.16907688000000       14.52413381000000       47.90564475000000
O           54.22447572999999       14.00616626000000       45.92511757000000
67
 energy: -116.612472159093 gnorm: 0.293239656647 xtb: 6.6.1 (unknown)
C           53.67415637932428       15.46863780118283       53.69841095156072
C           53.47764420997923       16.15764931940245       52.34880821620036
S           54.69880206169491       15.54230869937907       51.14280489876715
H           52.98997537906710       15.86181602200541       54.45787797059248
H           53.50710626275087       14.39275370651932       53.59819962247943
H           54.70023628742164       15.62085439949589       54.04247086459946
H           52.43680568640986       16.02187575798979       52.02124509564931
H           53.64204700081111       17.23653944392317       52.47433428971086
C           47.99222432994281        9.41888452166823       49.77678666883283
C           49.18670976094415       10.22946989462365       50.27658351861804
S           49.98132246837224       11.02494879167563       48.83786654536073
H           47.46596843929169        8.91537803386572       50.59453207745519
H           47.29051001387307       10.08006392038148       49.26422351591027
H           48.32869962532043        8.66788573173604       49.05834866924060
H           48.82832096922888       10.99431316432746       50.98001826952570
H           49.87061470463143        9.56696245714910       50.82305719268703
C           57.39799640077433        7.68537708875189       46.79650971167234
C           56.09526904564456        6.93378129675284       46.52506923946029
S           54.74944517292755        8.03698814760681       45.98427205252428
H           58.19786417487737        7.00477599096460       47.11058136234019
H           57.72056916717381        8.20780326422239       45.89133522493887
H           57.24266529424383        8.43381444788569       47.58437800549659
H           56.26598567839540        6.21292197973355       45.71207489559198
H           55.81690601477484        6.35338465122457       47.41703789744110
C           57.82288116927400        9.37664097634105       51.61955919202796
C           56.73725698466649        8.40234756796633       52.07846523677240
S           55.10785383581641        9.19508893737571       52.25937387618431
H           57.87073323958851       10.22848370974786       52.30408593326352
H           58.80690505759706        8.89488822178930       51.59236627809344
H           57.58824440586226        9.75330808448062       50.61604051731869
H           56.70633295822436        7.54424708184121       51.39061327127162
H           57.01243880297172        8.01150073122288       53.06904588380293
C           55.40047318537265       16.33366900926364       47.55480675128001
C           55.19686062673687       14.89886611603401       47.08568660799592
S           55.66977795295082       13.70269683929590       48.40316038070793
H           54.87434197124847       16.50747826607175       48.49646111394485
H           56.46909064646207       16.45622247247881       47.70700857927517
H           55.05324818903668       17.04552494483158       46.80138756521237
H           54.08042352298651       14.81715424133987       46.75984240130306
H           55.77977915067036       14.69773924073813       46.19938565405446
C           49.53274510863266       18.32660651835646       50.74962946785405
C           49.85908968925729       17.87647433356104       49.31887051668548
C           50.52713541433832       16.54276619045212       49.31621289453094
N           49.81730546653390       15.36459866585874       49.29791349859438
C           50.70743379313218       14.33907251277402       49.40068459681270
N           51.91290509569019       14.81820020132536       49.55565318687756
C           51.83514205892864       16.17846165609470       49.43499951852812
H           48.86794842029460       17.60748228342948       51.23049174936787
H           50.44667211043352       18.40524287543698       51.34162455196086
H           49.04137145764784       19.29893011759751       50.73389825716058
H           48.93344245688915       17.83039014563279       48.73800758999835
H           50.51582746090379       18.61668620455729       48.85109318426049
H           48.82320382127941       15.29302530015744       49.21232133149943
H           50.42098148310426       13.28723230007836       49.36563881634117
H           52.71266412565453       16.81122745407871       49.46857467392076
Fe          52.25116287045534       10.58118987966124       48.90331003332918
Fe          53.97370099587580       13.76779620713690       49.99502872802617
Fe          54.15793117562349        9.39658260195911       47.73640903769422
Fe          54.29684569710014        9.87378944365798       50.23253741866641
S           55.89367020412570       10.17286662323662       48.80534942121510
S           52.87610981437512        8.53708416109776       49.26414629486472
S           53.24604631980486       11.82825866664207       50.46652807267621
S           53.07874821382404       11.12507715636210       46.97877188251042
Fe          54.46478327646594       11.80577623543284       48.47336952130289
C           53.90426687398132       13.81867872658918       47.15358956845225
O           53.10073137600351       14.51361120720994       47.85882483174971
O           54.10440519230376       13.90267814833673       45.82229572595586
67
 energy: -116.722656494888 gnorm: 0.153855005704 xtb: 6.6.1 (unknown)
C           53.67411635744796       15.46816501853193       53.69812353539503
C           53.47786015366831       16.15643921199023       52.34844889755178
S           54.70013542769186       15.53932867593158       51.14624538805974
H           52.98983691409983       15.86192871687895       54.45661243956967
H           53.50652955289615       14.39259479577257       53.59858151012748
H           54.69951883938082       15.62054267305708       54.04265705049027
H           52.43777569453356       16.02107921636183       52.02002668683072
H           53.64249048040180       17.23498993269112       52.47316582121218
C           47.99284266592190        9.41878140461100       49.77585605738206
C           49.18753886931479       10.22836390792691       50.27540907896209
S           49.99006866113461       11.01987480226095       48.83881554690740
H           47.46750006356523        8.91640094020842       50.59414963943648
H           47.29059362789346       10.07947551621357       49.26396893723044
H           48.32885713306453        8.66701844155352       49.05858338449433
H           48.83006737324025       10.99437652510236       50.97741406271285
H           49.87051436040323        9.56722573784706       50.82295814567017
C           57.39823113656886        7.68605186988674       46.79629466196719
C           56.09547979409839        6.93468946091819       46.52615458681245
S           54.75001161358700        8.04013832213482       45.99082747216660
H           58.19653553443395        7.00477433327277       47.10976852563694
H           57.72101122226845        8.20799072062185       45.89146463282174
H           57.24431083206401        8.43299926770889       47.58447255051707
H           56.26444009663982        6.21525382445384       45.71260426815046
H           55.81700797520180        6.35436716859044       47.41681384560676
C           57.82243084570646        9.37708796365585       51.61973922533026
C           56.73761576871093        8.40275425850790       52.07746302003741
S           55.10799751116576        9.19705716473998       52.24966536319202
H           57.87060928938471       10.22852805771218       52.30393927098664
H           58.80551030047963        8.89469535275644       51.59298343187675
H           57.58951773078680        9.75319373459020       50.61662322460639
H           56.70538563813789        7.54505326296213       51.39087907873856
H           57.00999985695628        8.01290327224691       53.06822156131773
C           55.43440705336554       16.35741510177669       47.57754604395905
C           55.29097745648011       14.93748155604256       47.12268408454295
S           55.70071919429535       13.69171003707911       48.41883861285355
H           54.87911931253300       16.51318316008268       48.50282367063580
H           56.49481458034816       16.49545120094918       47.72637317909334
H           55.06016907149348       17.04093649678714       46.80662952593015
H           54.15475137888100       14.88886431510130       46.70716874415778
H           55.80698975333704       14.70661944519999       46.20549684558148
C           49.53240506743320       18.32622166124728       50.74818090001683
C           49.85708897358537       17.87786266783473       49.31558351286926
C           50.52240405614064       16.54418012837425       49.31357941345056
N           49.81064893536003       15.36797342886372       49.29012226091362
C           50.69639706220117       14.34239843102191       49.42635915079763
N           51.88763732059945       14.82243326920047       49.62294439666824
C           51.82727004053298       16.17971516864813       49.46402390093534
H           48.86787842361973       17.60737633480501       51.22974700959573
H           50.44617192122815       18.40482100308839       51.34061390633115
H           49.04115392544627       19.29861351168784       50.73386343097874
H           48.93116894849864       17.83270017245021       48.73617653529038
H           50.51550068937799       18.61787045177026       48.85048699973356
H           48.81728604763629       15.29417147517300       49.20822213430813
H           50.41690399057430       13.29066561563497       49.37499596307875
H           52.70853448393553       16.80848324645605       49.47613324050845
Fe          52.25149851637692       10.58131506283451       48.90715166065063
Fe          53.98214982071880       13.77020146214710       50.01317500267918
Fe          54.16201362808555        9.39479746830120       47.73416919817326
Fe          54.29768174306317        9.88637548392649       50.22350556949088
S           55.88431723549004       10.17754072357927       48.79820259039265
S           52.87945464263733        8.54095283596267       49.26623922369149
S           53.24527182492501       11.83081618670703       50.46454702591276
S           53.07057035765097       11.10454160003825       46.98598814335256
Fe          54.45459115511874       11.82941634628587       48.45212332590177
C           53.92096863427157       13.80906531689516       47.15255671457568
O           53.00808119219286       14.46279225992812       47.77771597402797
O           53.95741844171631       13.74574461242201       45.74699157712196
67
 energy: -116.775434645681 gnorm: 0.160012562388 xtb: 6.6.1 (unknown)
C           53.67453325456369       15.46839650403884       53.69782145363215
C           53.48018929937791       16.15608294373507       52.34800990590827
S           54.70792165095624       15.53970737047968       51.15157455883946
H           52.98975884450140       15.86321454598190       54.45498031389936
H           53.50650011595812       14.39287742165737       53.59881259873079
H           54.69959837388294       15.62083410261370       54.04280531110107
H           52.44098263766071       16.01969895139195       52.01746939116712
H           53.64381437094558       17.23456970562576       52.47155512404330
C           47.99434054368661        9.41830379451016       49.77661272239745
C           49.18972501831936       10.22675533381376       50.27571388400931
S           49.99699235466542       11.01212891762928       48.83884378615884
H           47.46979939076510        8.91776887948767       50.59623489547083
H           47.29149833794715       10.07843893848495       49.26489163503297
H           48.32928397256660        8.66499957785382       49.06059619093330
H           48.83298029277044       10.99555993665096       50.97463495694014
H           49.87092385144088        9.56628915957183       50.82558845110518
C           57.39861423430168        7.68623253141651       46.79630327632691
C           56.09498140773754        6.93629579869767       46.52827539107150
S           54.74871979512371        8.04148248560155       45.99670677885788
H           58.19581039149129        7.00353324236473       47.10826581912604
H           57.72077837226774        8.20789060517551       45.89125715029603
H           57.24709518777070        8.43241233386442       47.58516523334746
H           56.26124344164440        6.21826077579387       45.71348054341385
H           55.81741715741932        6.35535714407117       47.41833703297026
C           57.82277396489377        9.37794804283284       51.61883226390231
C           56.73672332808764        8.40489220216694       52.07456825993098
S           55.10691158220718        9.20065199839961       52.23734952367202
H           57.87064254062943       10.22928353794714       52.30300282925035
H           58.80521918280154        8.89468693907914       51.59360403026859
H           57.59163440121893        9.75394400334718       50.61559378264980
H           56.70511494281364        7.54599366519782       51.39008868397546
H           57.00540893233551        8.01691472866541       53.06686551207389
C           55.46438832198776       16.36957927737691       47.59421066208387
C           55.34702007828188       14.94786795033222       47.13212524593271
S           55.68700284723300       13.67575431017327       48.41516316609837
H           54.88839747769464       16.51887570151009       48.51092114280848
H           56.51924210770351       16.55759040446731       47.76117897879716
H           55.07937465187053       17.04434803809506       46.82088177187305
H           54.23410593469232       14.93527766397565       46.66641262132793
H           55.87543997569502       14.71064391329557       46.21571931245206
C           49.53063711471641       18.32700789598480       50.74452319113490
C           49.85203155582568       17.88181181797823       49.30937683771874
C           50.51333013095516       16.54634504902261       49.31498580125125
N           49.79940753990505       15.37214677459856       49.28537247603581
C           50.68102233853011       14.34765070273214       49.47599239727248
N           51.87229059228504       14.82557882406767       49.69584855772574
C           51.81404173720313       16.18070345249181       49.51362104043735
H           48.86726135969007       17.60770094216969       51.22701510241525
H           50.44526825324006       18.40412098162507       51.33609547007199
H           49.04011424381268       19.29961203245588       50.73349049734222
H           48.92598301732098       17.83887188075956       48.73051076902108
H           50.51399181753458       18.62059364747799       48.84746710352174
H           48.80598095669892       15.29787628781916       49.19486661688705
H           50.40289783109116       13.29608348122025       49.40446080037597
H           52.69760450552894       16.80533650509249       49.50421571217095
Fe          52.25063793763091       10.58132586369088       48.91691226213918
Fe          53.98886669524522       13.77426955571530       50.02486723583649
Fe          54.16730696777249        9.38710000373738       47.73845041111675
Fe          54.30439224325582        9.90282822924591       50.21670974384553
S           55.87936215920018       10.19967133060114       48.78709216465502
S           52.88456733578911        8.54403418721184       49.27173417639768
S           53.24829762819647       11.83575506395736       50.46077363763973
S           53.04023813195762       11.05496571532922       46.98230043860952
Fe          54.42926410306698       11.84733306978510       48.41292770353029
C           53.88236574663997       13.78537308475384       47.08811519070962
O           52.93332018145313       14.39321519640385       47.68294497424990
O           53.92337150754226       13.65617583670085       45.70876586600850
67
 energy: -116.844227873335 gnorm: 0.141319996485 xtb: 6.6.1 (unknown)
C           53.67489640125925       15.46873754404853       53.69765444133020
C           53.48302859195200       16.15530098326078       52.34752765125807
S           54.71659936770700       15.54010367130922       51.15585187677106
H           52.98958660869332       15.86462093638092       54.45349045306556
H           53.50615873529914       14.39329651261614       53.59907326007845
H           54.69969796968697       15.62095321139983       54.04315183258703
H           52.44448815592882       16.01796869359559       52.01541621314654
H           53.64492074566995       17.23388453117732       52.46994498397896
C           47.99573805166700        9.41783091025767       49.77730613516182
C           49.19154628207786       10.22556608179473       50.27604112535151
S           50.00331931987905       11.00709857238742       48.84031315327069
H           47.47185953103124        8.91870320554669       50.59803736260641
H           47.29231339253386       10.07745248203273       49.26578236368464
H           48.32983727838086        8.66333001380514       49.06225760825173
H           48.83527240983605       10.99657761893034       50.97220129797799
H           49.87102383189512        9.56551262026831       50.82800472318375
C           57.39882476757331        7.68662611142670       46.79678230798676
C           56.09482129488770        6.93737166401159       46.53024994634837
S           54.74780423684505        8.04202140071195       46.00261529020316
H           58.19517492160329        7.00266582643723       47.10734241817604
H           57.72064275474308        8.20783705831507       45.89142659308283
H           57.24910977541327        8.43247277638012       47.58611264020222
H           56.25891084613006        6.22062355426077       45.71435161820447
H           55.81827719822849        6.35601993601749       47.41999667254490
C           57.82306648246571        9.37885399929509       51.61778962408862
C           56.73601030227526        8.40720091646616       52.07209711249487
S           55.10683187870990        9.20501803111171       52.22763380046970
H           57.87074289572537       10.22994536940829       52.30227368166884
H           58.80500975038844        8.89485811538818       51.59396468254975
H           57.59297704885140        9.75512858783825       50.61453420925054
H           56.70484751162212        7.54690750830270       51.38967100010628
H           57.00117625644582        8.02090107880626       53.06596030151366
C           55.50431722125984       16.39505204898811       47.61209854961280
C           55.41088509228755       14.97492069850561       47.14279738229080
S           55.66400773062236       13.67752347760061       48.39943112545313
H           54.90709733811569       16.52748602798483       48.52234947602478
H           56.55209128050753       16.62700110004447       47.79445841237735
H           55.10127143345024       17.05510007728394       46.83523818263428
H           54.36708317539185       15.01860977911396       46.65167163362762
H           55.96532596107478       14.73012539363821       46.23232311303757
C           49.52983150193145       18.32748260016955       50.74109966922757
C           49.84877543865551       17.88436123685106       49.30377747864733
C           50.50675152907883       16.54673963479367       49.30924688049343
N           49.79290792464637       15.37325389673107       49.27739644615920
C           50.66721260524513       14.35284871460549       49.51722380647337
N           51.85906628783879       14.83125907043284       49.76205814664999
C           51.80073332996402       16.18251693712429       49.55967563080623
H           48.86749976664967       17.60757628275806       51.22418017438714
H           50.44520731829817       18.40341590955705       51.33158502630754
H           49.03929010960730       19.30004158900677       50.73308087317729
H           48.92149145633563       17.84393796829091       48.72742849044302
H           50.51178046379751       18.62300599543136       48.84365435213536
H           48.79816313980341       15.29878505228472       49.18876838694509
H           50.39113211494781       13.30105200897714       49.42740049372249
H           52.68647942795723       16.80197896955017       49.53048310879205
Fe          52.24935255947614       10.58067211271831       48.92369211147506
Fe          53.99980822166737       13.77387051834489       50.04488795596419
Fe          54.16893969829530        9.38173165977704       47.74267429552317
Fe          54.30945126580306        9.91741195687033       50.20964559262163
S           55.87583931508576       10.21696870346228       48.77511960230051
S           52.89015812218108        8.54432210291075       49.27751539776143
S           53.24872918255257       11.83836774567631       50.45979887596148
S           53.01646716010435       11.01794107406706       46.98086179245079
Fe          54.40701604098622       11.86887462533694       48.37732909006888
C           53.76243671348577       13.73413810392836       46.98839585795998
O           52.85206511916827       14.28386498885378       47.58702024535089
O           53.84357655831973       13.52120320534686       45.69066633253586
67
 energy: -116.887293248778 gnorm: 0.081655687192 xtb: 6.6.1 (unknown)
C           53.67616542291091       15.46910992113806       53.69809245351691
C           53.48730267467186       16.15462076901047       52.34752167746964
S           54.72493952164286       15.53945662369677       51.15852815186461
H           52.98988627360460       15.86618503647339       54.45248009649970
H           53.50643990635455       14.39371906529073       53.59963296258929
H           54.70078810184347       15.62079277537196       54.04453290139442
H           52.44944028265833       16.01593823253547       52.01390652068195
H           53.64723559090396       17.23371542561835       52.46876577924677
C           47.99694323989846        9.41736316368877       49.77907749810270
C           49.19308652818924       10.22504298669600       50.27719185800868
S           50.00441810999560       11.00517952116975       48.84103716469769
H           47.47329992878721        8.91944494405859       50.60077801987744
H           47.29347579842229       10.07673047150523       49.26714867510830
H           48.33035799891562        8.66186529020817       49.06462015475671
H           48.83700521277710       10.99781655846398       50.97131289282741
H           49.87135356187788        9.56487208784872       50.83095423733108
C           57.39879302799960        7.68641960196999       46.79689028789553
C           56.09400839750081        6.93791202803734       46.53182395431779
S           54.74613805456668        8.04056939280604       46.00399556973090
H           58.19501215233466        7.00144386183080       47.10610472528645
H           57.71991254597160        8.20760376658573       45.89112222938969
H           57.25084981360441        8.43243771443451       47.58665198177395
H           56.25677995834596        6.22172374454448       45.71514051930072
H           55.81885070752984        6.35609561080794       47.42197532151201
C           57.82377889256038        9.37959453784488       51.61622162571250
C           56.73486558506067        8.40961807287425       52.06934122594155
S           55.10736294258297        9.21058527108686       52.22133861269151
H           57.87109897774064       10.23071591970950       52.30096234884896
H           58.80548889703762        8.89482644086770       51.59378863678194
H           57.59483679559253        9.75632211061660       50.61274240235244
H           56.70467510366965        7.54774391271108       51.38837498105350
H           56.99715170732384        8.02477619939443       53.06480244723376
C           55.54606647363655       16.42548802742417       47.63171646461522
C           55.44393473827927       15.00632950363003       47.14266522995531
S           55.64258594712800       13.70066488081348       48.37951038427690
H           54.93241696690378       16.53934359970939       48.53567934524640
H           56.58410935536051       16.69205409106234       47.83164104929364
H           55.13235165492087       17.07637389777392       46.85471203557902
H           54.47781738228056       15.07225710538243       46.64941936624889
H           56.06237007501034       14.76462017022217       46.26346123067290
C           49.52906808358272       18.32849743683286       50.73794096536800
C           49.84546307794543       17.88684962413322       49.29954366799991
C           50.50112929324290       16.54707714705609       49.30954697290210
N           49.78805171588923       15.37325121693629       49.27656029767677
C           50.65363541475708       14.35632135327160       49.55103113849377
N           51.84870020444021       14.83449594600950       49.78941762757621
C           51.78856752600564       16.18404925188023       49.59322470148353
H           48.86743884417330       17.60797620755525       51.22105168565787
H           50.44550737941820       18.40306341992502       51.32677815791579
H           49.03872320054449       19.30105752617556       50.73189539399433
H           48.91744038224472       17.84896937437568       48.72396232730453
H           50.50949497230131       18.62462188397975       48.83933428814109
H           48.79258751681087       15.30040948325031       49.18304407053560
H           50.37788863104703       13.30461275488440       49.45806901536188
H           52.67582608154870       16.79961433641553       49.56442675935430
Fe          52.24623353030685       10.57456254284360       48.93586007472827
Fe          54.00396639462807       13.77732582088918       50.04549387617810
Fe          54.17126926597255        9.37257840199345       47.74953151282561
Fe          54.31484670943265        9.92785788391558       50.20250151489516
S           55.87325430197630       10.24248271976979       48.76013383732732
S           52.89653616278618        8.54240030593622       49.28826736868369
S           53.25070342068233       11.84610433973829       50.45899626412785
S           52.98703496145792       10.97778939133231       46.97643377668149
Fe          54.37973060470915       11.87867614492978       48.34989344569237
C           53.63439911689290       13.65271893121851       46.87262996716773
O           52.77241641166972       14.17355732701280       47.49828122175808
O           53.80344868913495       13.41053768283296       45.69037742047647
67
 energy: -116.905851752406 gnorm: 0.073482338911 xtb: 6.6.1 (unknown)
C           53.67871829966341       15.46815502188073       53.70056685530349
C           53.49527076440304       16.15179111969272       52.34845819454105
S           54.73439162348198       15.53413048661130       51.16064001632526
H           52.99011595870447       15.86716626673166       54.45216357397434
H           53.50709184957299       14.39298698090804       53.60228560816924
H           54.70257067253107       15.61848423965285       54.05017423438611
H           52.45830795299245       16.01150465320620       52.01310661990670
H           53.65307887091045       17.23163438120437       52.46882301001547
C           47.99810476222372        9.41548069386613       49.78160493846092
C           49.19339622496427       10.22424161489005       50.27992118780191
S           50.00181351120988       11.00551089356376       48.84341929011363
H           47.47385352383816        8.91841603709783       50.60357367363967
H           47.29570350072884       10.07478778067697       49.26803411674535
H           48.33211588292784        8.65951606863575       49.06766605863105
H           48.83719055678220       10.99818823099229       50.97266458044593
H           49.87165171492057        9.56417232917560       50.83464276751427
C           57.39970481575870        7.68689271801157       46.79593387239005
C           56.09491397488781        6.93734078529630       46.53226187167749
S           54.74514369754443        8.03733443218118       46.00462989447546
H           58.19673853964994        7.00145987889033       47.10307885036704
H           57.71912767615890        8.20866697756419       45.88973834951835
H           57.25352675916867        8.43308960105454       47.58624346413357
H           56.25706701891109        6.22127405965745       45.71508950980756
H           55.82166826636265        6.35576859090880       47.42361149080646
C           57.82572882311862        9.38092459268223       51.61261863210145
C           56.73354512103541        8.41373046249537       52.06453879059173
S           55.11039586294481        9.22243328841335       52.21578894492489
H           57.87255468461824       10.23194037703675       52.29774530415406
H           58.80696004458692        8.89457052494187       51.59241083885689
H           57.59919265846864        9.75858848506930       50.60878165786306
H           56.70330833755486        7.55052084742755       51.38444012200496
H           56.99197611862176        8.02985431392956       53.06160971990847
C           55.58499171557517       16.44542526098504       47.65034348484183
C           55.45025838797127       15.02307415834284       47.13338082893608
S           55.60892397082906       13.72347569054276       48.38171881599178
H           54.96803074875032       16.55248394141566       48.55103632777222
H           56.61361251668163       16.73269539301840       47.87819659623614
H           55.18723153556785       17.11504340253055       46.88570116180621
H           54.51880403558685       15.07018297928566       46.61037517881113
H           56.15097441713873       14.78834458885987       46.30623373735364
C           49.52535671072422       18.33187205533919       50.73440663432901
C           49.83962412083762       17.88912601912387       49.29690881581215
C           50.49455465802259       16.54833890245222       49.31718709951873
N           49.78274874974107       15.37351041934889       49.28688690602392
C           50.64390409158825       14.35861462379771       49.56943788757695
N           51.84417179114887       14.83658740042687       49.77630886025598
C           51.77867744091496       16.18733976067913       49.61227672772121
H           48.86497125286110       17.60990970685170       51.21693180800412
H           50.44406102957328       18.40376381970577       51.31992075450796
H           49.03562668352190       19.30465241473699       50.73078404948296
H           48.91192302775850       17.85324144433977       48.72014167983811
H           50.50462504616292       18.62473666546257       48.83401962809162
H           48.78796322392640       15.30200981464479       49.18282214429573
H           50.36378670296883       13.30735135130472       49.50375044239555
H           52.66380263969578       16.80363006885722       49.61996613435557
Fe          52.23898163282618       10.55528338927656       48.95406182033994
Fe          53.98495489860783       13.79389439176955       50.02445367970542
Fe          54.16736188010194        9.35959292706364       47.75972404899562
Fe          54.32447459258447        9.93994567245714       50.19381340044292
S           55.86561991988141       10.29032116334638       48.73113841365817
S           52.91086150154797        8.53185251565723       49.31602681948629
S           53.25300609533019       11.85794749643201       50.45096358013424
S           52.94235460310808       10.93007985997568       46.97164787471090
Fe          54.33706271253435       11.88384228698109       48.32620930562422
C           53.55738143478517       13.58521793343316       46.79323604620100
O           52.69120612290844       14.12769124904707       47.41408723070059
O           53.83993823898594       13.31319528817422       45.66952640647519
67
 energy: -116.919135932376 gnorm: 0.061552994978 xtb: 6.6.1 (unknown)
C           53.68209806585926       15.46578496883894       53.70535473526272
C           53.50259370470472       16.14879525977633       52.35254249647829
S           54.73967354358167       15.52717772169130       51.16429321507675
H           52.99084518325886       15.86706202115144       54.45340800525091
H           53.50794421319427       14.39100071416333       53.60713341351689
H           54.70483104361035       15.61423374760037       54.05917563039124
H           52.46689124863769       16.00640776041810       52.01531884886962
H           53.65997592526757       17.22903073667487       52.47145069924589
C           47.99791333882344        9.41123830480361       49.78528096023658
C           49.19043566472089       10.22150121418437       50.28683128731723
S           49.99890788971584       11.00360944921275       48.85252963032184
H           47.47186430864425        8.91426563609755       50.60604269764489
H           47.29767943249223       10.07052377846796       49.26868637499716
H           48.33502315395946        8.65569057887858       49.07213033932730
H           48.83350841597962       10.99605491361129       50.97824798412834
H           49.87009537305362        9.56250772987373       50.84143773032945
C           57.40107692059880        7.68919224588662       46.79426440750844
C           56.09727792977424        6.93650939584678       46.53260868329255
S           54.74365468660183        8.03232474912306       46.00666252287016
H           58.19994683262800        7.00439604784629       47.09887661594522
H           57.71801887881132        8.21181028201571       45.88755874675842
H           57.25578549785848        8.43532422805379       47.58496922414455
H           56.26018703297702        6.22072204437919       45.71518779288502
H           55.82714202953156        6.35467779599698       47.42499013732662
C           57.82925113530993        9.38331933684720       51.60646419963802
C           56.73331964559601        8.42027455317841       52.05843017562314
S           55.11866913844847        9.24387279392404       52.21017183921025
H           57.87637116589585       10.23408328324077       52.29198733455966
H           58.80948202462776        8.89460592025788       51.58834067191160
H           57.60450069912577        9.76206854379487       50.60252701578489
H           56.69959582208114        7.55644926075399       51.37862523666981
H           56.98815858173244        8.03612903453708       53.05630963469758
C           55.62097822886893       16.45973541221209       47.67015995476022
C           55.46145637372010       15.03724964646968       47.12763106630393
S           55.57304832291756       13.74366176785856       48.39735263622339
H           55.00901537777463       16.56640301497400       48.57213088008093
H           56.64410322719937       16.73510480592268       47.91778505752728
H           55.24782352851356       17.15993539287538       46.91876220255492
H           54.55164807480811       15.05609045012754       46.56004508694718
H           56.24406664144355       14.81227474477777       46.36490055440197
C           49.51877611910126       18.33740008262549       50.73206864971469
C           49.83198401119380       17.89010172392574       49.29706501722388
C           50.48873420331956       16.54974245798417       49.32928621499691
N           49.78026728830619       15.37293601413097       49.30110338868539
C           50.64218992388224       14.36070462621138       49.57237077134046
N           51.84999827548086       14.83906768577369       49.75912501405450
C           51.77252226488569       16.19308815172540       49.61681437014546
H           48.85977594720237       17.61420921692858       51.21444925833078
H           50.43967438663091       18.40712092850562       51.31414111002548
H           49.02957153201513       19.31024578479870       50.72994123959429
H           48.90517005409522       17.85352234801349       48.71842350707522
H           50.49709562581079       18.62259712422619       48.82870251804935
H           48.78673924469670       15.30186243853119       49.18058988132969
H           50.35448173470256       13.30947509741423       49.54281639751198
H           52.65285315655813       16.81604678821004       49.67119181743791
Fe          52.22704741248983       10.53330342624230       48.96884949124807
Fe          53.95723461344085       13.81963572509814       50.00088001233372
Fe          54.15821815547122        9.35546169628841       47.76015743260891
Fe          54.33152721125815        9.95631708506945       50.18732389934681
S           55.84341675783915       10.34175871353621       48.69628930527392
S           52.93603250533595        8.52249993004941       49.34466684814340
S           53.25119910071635       11.87249527200459       50.43216180740548
S           52.88690879201977       10.89002845571969       46.97329453382621
Fe          54.28568527927905       11.89634967900856       48.29883256391484
C           53.47186353839411       13.51441116906885       46.73557040257455
O           52.61172347111614       14.11321011362087       47.31741136550373
O           53.90120729240337       13.19013976896234       45.64975782626708
67
 energy: -116.929114909042 gnorm: 0.058057293892 xtb: 6.6.1 (unknown)
C           53.68576281510696       15.46429728573011       53.71119638635882
C           53.50868158974069       16.14706318107561       52.35806599999752
S           54.74243836992328       15.52129252593438       51.16928257843195
H           52.99257597296494       15.86771320252313       54.45616239464232
H           53.50928091469546       14.38994324104276       53.61306839953919
H           54.70744391070044       15.61074177793473       54.06874111721521
H           52.47405299640739       16.00330432197349       52.01963409492847
H           53.66756571809205       17.22708974679893       52.47553474995473
C           47.99489068045248        9.40577153665025       49.79191461819149
C           49.18302429834667       10.21806074261108       50.29907289682530
S           49.99216183809723       11.00111441664992       48.86770483504646
H           47.46552048635923        8.90825503491257       50.60989511079327
H           47.29755328546468       10.06459234133326       49.27085042620798
H           48.33759056885344        8.65121817335110       49.08025380580084
H           48.82386588081742       10.99226320443592       50.98924255616242
H           49.86456807683373        9.56104904034668       50.85347511612726
C           57.40127562858521        7.69168399978738       46.79465732478129
C           56.09895654302631        6.93487865645263       46.53586964215301
S           54.74033216409990        8.02497422404732       46.01060775987543
H           58.20255621703826        7.00860045061405       47.09705711827610
H           57.71528860649767        8.21453814445668       45.88704360327666
H           57.25624374382196        8.43777389020264       47.58522029651492
H           56.26367393576770        6.21884336880749       45.71900049436196
H           55.83283424562203        6.35261052119049       47.42917598094815
C           57.83394080444406        9.38679035148080       51.59962193687713
C           56.73220127574261        8.43113581201843       52.05287117631761
S           55.12953910233379        9.27676967996347       52.20561053637335
H           57.88325387494064       10.23771885133274       52.28471512020934
H           58.81218423908759        8.89411664419100       51.58314776657550
H           57.61069682415339        9.76606037758549       50.59567953301632
H           56.69061506729069        7.56717708035311       51.37339701013092
H           56.98415028295744        8.04526493738082       53.05063635347496
C           55.64611072951525       16.47173396464610       47.70959447425140
C           55.48508794707480       15.05886084540938       47.13060669852055
S           55.56556146666841       13.74405052015052       48.39518174537300
H           55.03866676897960       16.57637110106797       48.61429339161569
H           56.67267646937628       16.71565995054143       47.96310804065617
H           55.29834318707311       17.20397203513054       46.97041025798702
H           54.58428229040071       15.04733546886377       46.53245768892368
H           56.32070952465186       14.87341118602257       46.42018005734262
C           49.51222152848943       18.34433895791467       50.72781323964856
C           49.82771122194844       17.88717116447712       49.29708963551199
C           50.48768155575512       16.54732093548578       49.34103141864009
N           49.78193642567366       15.36902726530579       49.31513018438814
C           50.64783347480188       14.35724610254863       49.56766975575627
N           51.86339504328080       14.83268813642504       49.74158847577178
C           51.77416811164989       16.19174081169219       49.60936948587223
H           48.85313416772549       17.62255780417842       51.21202951827662
H           50.43346000711702       18.41486727415536       51.30887610554741
H           49.02352986447968       19.31729702302249       50.72300639196555
H           48.90196537878525       17.84679113986142       48.71642835801512
H           50.49186740825641       18.61661048530383       48.82212627297168
H           48.79010013324588       15.29884165319818       49.17658939677757
H           50.35046633429724       13.30743217460249       49.56930694690728
H           52.64776423099099       16.82361991742138       49.70035753293178
Fe          52.21123500318669       10.51203422375463       48.98715268093272
Fe          53.93875854835317       13.84564956611591       49.97948404948578
Fe          54.14404337313466        9.35866272329824       47.75560617983066
Fe          54.33818729153038        9.97501389701510       50.17990730639363
S           55.81250655691179       10.39520740090883       48.65700560387255
S           52.96308872105318        8.51477700727117       49.37172047285459
S           53.24994953059628       11.88994065950555       50.40712024771805
S           52.81377373934713       10.85195670800493       46.97701177946817
Fe          54.22527653391117       11.91952774095727       48.25573236854043
C           53.41409890754722       13.42297622782927       46.65736823258063
O           52.54642639484507       14.04102458288288       47.21367196258407
O           53.94601837107079       13.13640737189236       45.61545767267474
67
 energy: -116.938516703340 gnorm: 0.052176041053 xtb: 6.6.1 (unknown)
C           53.68852134108229       15.46236936166490       53.71859556078768
C           53.51422945063031       16.14458762349392       52.36476570513883
S           54.74549646001364       15.51155027412430       51.17779254059369
H           52.99423810807689       15.86762250082831       54.46132815378629
H           53.51026068762428       14.38837237723475       53.62073499548684
H           54.70935819290140       15.60694112431668       54.07901739207896
H           52.47994857696337       16.00165860613130       52.02603815728155
H           53.67616676086141       17.22395054765381       52.48153782692619
C           47.98888808393312        9.39793320559042       49.80067148802632
C           49.17116791431074       10.21238051297492       50.31668868762328
S           49.98414360793647       10.99546243503038       48.88949550842094
H           47.45368348562978        8.89906407441126       50.61372718606015
H           47.29556735140590       10.05612893860531       49.27347632978236
H           48.33951600376009        8.64500241018507       49.09105763716046
H           48.80754266513866       10.98557769757824       51.00524404391689
H           49.85340750290872        9.55749122926965       50.87214481180783
C           57.39993815412133        7.69690262065835       46.79617880891905
C           56.09942048528923        6.93558368029190       46.54027602847847
S           54.73556354042222        8.01834987819738       46.01204795081172
H           58.20388741702704        7.01614555931865       47.09690748294032
H           57.71095987778681        8.21925537079264       45.88730140054169
H           57.25455778866941        8.44312172608871       47.58612795861227
H           56.26690915814299        6.21861416408697       45.72470099784491
H           55.83753196630566        6.35295228459091       47.43455592450051
C           57.84058396951243        9.39107421753586       51.59078435164809
C           56.72987794761907        8.44694509255882       52.04578236051037
S           55.14275395930879        9.32206580459137       52.19746086713925
H           57.89448475309448       10.24258323108920       52.27469742905309
H           58.81549471007727        8.89202173623637       51.57573697338520
H           57.61920081734045        9.77056826120695       50.58683501660627
H           56.67593137963117        7.58338173292057       51.36666307055886
H           56.97813722069416        8.05792191707390       53.04312452782676
C           55.66029426938895       16.47770653062862       47.74118746393738
C           55.52036508997872       15.07114556012035       47.14305042382568
S           55.58571008017875       13.75565809423514       48.41271521489338
H           55.05327287218687       16.58366020154741       48.64685399359196
H           56.69634027521337       16.69412745688991       48.00583042103075
H           55.33547927416972       17.23525582221542       47.01352404580270
H           54.62519302559317       15.01528381460839       46.52818018785575
H           56.38557892353941       14.91304437611371       46.48228301952739
C           49.50338096154448       18.35311484498990       50.72426462892998
C           49.82269046697688       17.88468630676736       49.29841161974306
C           50.48667110719377       16.54719089739980       49.35719861578770
N           49.78492226502435       15.36607360867420       49.33313727735794
C           50.66038915167994       14.35517124842746       49.56104855322182
N           51.87925238872894       14.83178689044476       49.72428193354703
C           51.77896495548566       16.19436741244792       49.60420298154373
H           48.84284141208686       17.63483453126419       51.21173269652288
H           50.42350656227444       18.42700954100736       51.30661192258125
H           49.01546744632627       19.32628151897178       50.71183512983745
H           48.89929049307023       17.83535938766906       48.71420409787196
H           50.48659503173523       18.61050486470848       48.81731348974573
H           48.79608383096763       15.29372691809358       49.17524300279918
H           50.35668215350780       13.30746841119467       49.58200506097486
H           52.64324160793259       16.83529348304102       49.71149403418016
Fe          52.20278197124186       10.50748350496090       48.98488292481408
Fe          53.91181134543877       13.87575031845998       49.95682687045867
Fe          54.12262942420061        9.37500185003528       47.73936355472764
Fe          54.34436265511427        9.99378827006012       50.16615047216556
S           55.77602463084990       10.44144249382694       48.60938774673026
S           52.98367467736996        8.52094685716714       49.38508449119689
S           53.24795260889779       11.90876746225203       50.37254868830967
S           52.76287030295174       10.84587150585486       46.96156130609971
Fe          54.17567767996363       11.95794420490918       48.19939980017311
C           53.36987073332400       13.29896557702357       46.61200273254548
O           52.48811777899424       13.95440419360075       47.11117921714645
O           53.99139940863603       13.06213263409901       45.60339557623046
67
 energy: -116.947215164550 gnorm: 0.040000028236 xtb: 6.6.1 (unknown)
C           53.68953962264538       15.46104053180584       53.72753482888331
C           53.51553584420854       16.14395190402320       52.37395876974915
S           54.73727906529734       15.49787283246602       51.18620535666901
H           52.99588948733520       15.86740015324760       54.46980993829370
H           53.51009005082492       14.38732502210737       53.62954686279932
H           54.71039207837826       15.60398730704416       54.08820673409098
H           52.48089511295687       16.00489983565615       52.03577640634210
H           53.68397612821129       17.22220551899901       52.48885417224243
C           47.98256574932734        9.38916354874149       49.81049296287442
C           49.15962927647127       10.20600856864892       50.33434450381530
S           49.97339122562182       10.99299802403011       48.91036125521833
H           47.44111176038025        8.88912702150140       50.61852617618127
H           47.29256000122332       10.04596944354922       49.27730381850471
H           48.34066070209108        8.63719972434243       49.10368800667150
H           48.78979937861188       10.97720927665129       51.02167084551304
H           49.84056737440429        9.55299985845946       50.89308631244922
C           57.39700830220819        7.70431221394236       46.79820919647298
C           56.09822993283797        6.93887729551636       46.54546227001756
S           54.72978385232224        8.01280985121710       46.01000558438784
H           58.20285942624965        7.02569087103348       47.09825011958935
H           57.70561503785514        8.22540366265611       45.88795934355041
H           57.25191154624601        8.45077810199410       47.58728131531790
H           56.26839141916797        6.21979430812507       45.73230196931164
H           55.83924166968054        6.35744809826876       47.44116643981072
C           57.84867251909401        9.39617179623854       51.58051968995337
C           56.72647211876739        8.46660315892721       52.03650190294518
S           55.15514109533274        9.37216080346658       52.17913490450361
H           57.90939962335824       10.24875747242535       52.26235956329295
H           58.81873291896287        8.88817354193819       51.56766789640611
H           57.63099502909126        9.77529522682563       50.57606154635215
H           56.65883280405670        7.60338569537474       51.35884827218069
H           56.96817691565926        8.07514581031108       53.03442999025224
C           55.66955844087652       16.47962434929068       47.77102703163911
C           55.56845168784778       15.07846062717295       47.16781803166131
S           55.62274499120229       13.75871801732986       48.44109381454783
H           55.05419200478386       16.58548698309432       48.67269493675399
H           56.71300999899754       16.67706566199275       48.04977183425321
H           55.36455007075597       17.24866459037332       47.04872342637687
H           54.67077762602197       14.97287347449343       46.55053073257508
H           56.44197509682466       14.93737933478876       46.54363766517975
C           49.49285271660496       18.36297045966459       50.72170486532226
C           49.81864767816152       17.88095347354688       49.30200665368469
C           50.48766198395293       16.54740728560352       49.37295770177118
N           49.79135571121144       15.36298465721327       49.35201225399781
C           50.68094296997241       14.35301908188759       49.55166810572712
N           51.89802265215520       14.83562032942976       49.70829712571597
C           51.78767761917280       16.19969974985434       49.59691187488219
H           48.82995911516480       17.64967677179347       51.21327655360292
H           50.41075594231047       18.44204170781483       51.30696632674342
H           49.00574506947181       19.33649849709905       50.69803903870039
H           48.89784010141938       17.82028736790641       48.71450183861590
H           50.48150948577649       18.60413440887654       48.81587457149208
H           48.80636929959840       15.28492631382236       49.18023066938115
H           50.37514522946630       13.30765282603883       49.58064831473722
H           52.64199711182441       16.84949174125298       49.70339043815942
Fe          52.19345954613316       10.50986268510466       48.98866982960067
Fe          53.88575804329805       13.90920884862087       49.92287081287046
Fe          54.10542056605939        9.39146267345602       47.71880128244503
Fe          54.35249039067747       10.01492931142653       50.14666792661089
S           55.74275705339717       10.48984219328995       48.56210229650335
S           52.99831574244028        8.53408384944936       49.38401934943357
S           53.24742609037580       11.93510091181809       50.33661221768160
S           52.70279384681187       10.83531470202983       46.94483570837344
Fe          54.12462993296612       12.00562729705745       48.12307923448947
C           53.34544786466621       13.15149199691315       46.59258400352823
O           52.44000188977127       13.85578785070222       47.00719080365712
O           54.03316556093222       13.00631428031197       45.60314614459458
67
 energy: -116.950669337726 gnorm: 0.029733163073 xtb: 6.6.1 (unknown)
C           53.68894262816626       15.46001886284275       53.73620749055624
C           53.51349653169316       16.14215534772499       52.38231246992326
S           54.72621668100992       15.48334895865057       51.19288944286874
H           52.99798756909606       15.86765313431029       54.48006429337430
H           53.50816563358749       14.38650289799041       53.63924828784136
H           54.71081955798037       15.60159866422405       54.09445201136175
H           52.47663006738242       16.01162529445184       52.04744073900279
H           53.69131014192106       17.21900877678051       52.49551818084591
C           47.97485412228323        9.37886251293528       49.82239909241949
C           49.14654200104544       10.19860159522930       50.35464834143417
S           49.96614773234683       10.98740326854466       48.93466155976078
H           47.42803232357655        8.87828060349992       50.62643466068903
H           47.28730418035256       10.03385318955758       49.28377805802197
H           48.33961012213556        8.62698001420383       49.11894025536103
H           48.77039096505107       10.96849521201562       51.04022926983848
H           49.82543389825913        9.54734757490214       50.91768314607015
C           57.39009080615283        7.71509682053780       46.80042163772056
C           56.09379907286322        6.94500764527351       46.54971192800722
S           54.72245757802837        8.01026116193598       46.00388814915518
H           58.19720727770869        7.03887455463914       47.10202307189851
H           57.69769541771203        8.23400151583187       45.88870056621614
H           57.24347177979730        8.46304646739227       47.58776816826948
H           56.26735253676471        6.22207494776114       45.74085854874938
H           55.83531053345000        6.36766783953867       47.44800541148278
C           57.85906311477291        9.40219782069133       51.56781888832824
C           56.72219550903475        8.49056394954881       52.02407298820506
S           55.16474876355399        9.42244162841155       52.15669514963070
H           57.93052146229648       10.25609480998664       52.24696316814351
H           58.82199146210563        8.88057550582699       51.55805719790489
H           57.64844515611570        9.78111996632383       50.56205002831869
H           56.64130657193555        7.62653274096691       51.34942429555721
H           56.95454945865288        8.09878432891813       53.02405199638704
C           55.67524428612959       16.47581533589985       47.79967026074303
C           55.60751837143077       15.07628593198348       47.19550982031528
S           55.63726644729855       13.75091569841796       48.47239329843531
H           55.03658936464677       16.57601288319052       48.68808457104487
H           56.71293391068301       16.68054969577557       48.10367202875722
H           55.38316936828419       17.24022210394949       47.07158299065127
H           54.71383336282176       14.94310990045750       46.56663218831722
H           56.50389430849971       14.93534996804798       46.59000352597929
C           49.48284381972439       18.37159177864860       50.72096273789373
C           49.81493321848522       17.87754234061119       49.30664584169600
C           50.48999548581948       16.54820974296430       49.37931697776032
N           49.80032787117018       15.36049118610684       49.36080374233099
C           50.70040202112652       14.35386112349270       49.54144001084696
N           51.91231142552656       14.84589942111965       49.69091340038567
C           51.79482684058151       16.20864378594010       49.58667659108379
H           48.81719272123880       17.66405372489771       51.21703834068451
H           50.39755940773067       18.45794296716886       51.31021610677016
H           48.99566934281890       19.34494450011134       50.68416177710154
H           48.89532518777879       17.80743904630217       48.71848480907595
H           50.47504987234338       18.60051623846542       48.81696005304884
H           48.81668098744569       15.27460752199872       49.19109761577591
H           50.40041677927253       13.30783144404021       49.56473746554628
H           52.64509520234155       16.86425518803081       49.67826334668864
Fe          52.18660804611086       10.52347715869502       48.97621929822978
Fe          53.86494361533119       13.93040060989259       49.89281650985772
Fe          54.08438733550357        9.39840442876419       47.69413180122341
Fe          54.35990565549086       10.03492114986982       50.12657199536110
S           55.72598199747682       10.48543435155455       48.51725754382385
S           52.99907148145175        8.55240293458346       49.37718585115100
S           53.23674034769975       11.95315417679437       50.30946257732278
S           52.69196811045014       10.84578413764357       46.93388328146003
Fe          54.11444695611204       12.01860290705516       48.09412316933099
C           53.33660471713620       13.04698735863857       46.58283074233830
O           52.40665578924503       13.78528788337868       46.92015855626151
O           54.07827188794037       12.96780455412690       45.60256304930516
67
 energy: -116.952702929316 gnorm: 0.020539839816 xtb: 6.6.1 (unknown)
C           53.68430456347154       15.45749682482263       53.74541108211437
C           53.50835050089294       16.13952533330259       52.39129805611959
S           54.71549419842612       15.47144408022408       51.20121349681039
H           52.99632559039841       15.86659184028580       54.49123035077116
H           53.50183709191307       14.38413769998812       53.64989927189512
H           54.70739829462680       15.59755052461202       54.10101753878198
H           52.46909736124832       16.01842942199177       52.05917941975504
H           53.69546350798714       17.21503904941823       52.50357978272771
C           47.96672596129484        9.36898721116054       49.82989019717036
C           49.13412597165937       10.19170032889920       50.36814920828610
S           49.95883863975448       10.98358717005016       48.95137974519408
H           47.41559394657238        8.86857977241274       50.63120103106714
H           47.28073032215398       10.02163855525051       49.28641758511358
H           48.33687706943225        8.61632501027287       49.13021063827227
H           48.75118577172778       10.96054554260595       51.05152449640007
H           49.80993924973903        9.54211395008948       50.93699659001233
C           57.38235918270022        7.72722002243288       46.80303157431597
C           56.08861301136407        6.95260731043187       46.55379835982924
S           54.71403236552383        8.00844602545413       45.99759429182091
H           58.19036541984521        7.05378440226515       47.10804158345914
H           57.68992891063972        8.24404408755510       45.89017384766107
H           57.23348212839352        8.47721191194311       47.58816981401556
H           56.26588294753504        6.22501892433034       45.75013920973995
H           55.82915379443953        6.38080599466874       47.45518692957068
C           57.86808635512133        9.40724930945509       51.55476401416752
C           56.71562010375646        8.51525180696441       52.01175317520679
S           55.17154326837551        9.47142124676592       52.13575907227414
H           57.95303947077047       10.26229884076651       52.23111078627459
H           58.82230110395815        8.86908512330330       51.54864280297743
H           57.66593501261634        9.78600226081608       50.54707061516384
H           56.62197019372466        7.65017526604359       51.34037816256275
H           56.93786636919382        8.12446746423402       53.01434815766179
C           55.68725521578890       16.46297648598877       47.81915584899109
C           55.63112749058112       15.06876875503655       47.20573814016989
S           55.64175683715964       13.72697569384220       48.46929180789703
H           55.02909263137568       16.54917833194361       48.69557564043116
H           56.71255504993592       16.68073439355188       48.14592621246974
H           55.39950439588451       17.22506983731984       47.09073223447670
H           54.74110720358894       14.94707998251795       46.58208510351772
H           56.52127963693034       14.92337842547856       46.59027564910026
C           49.47399810669290       18.37758096333229       50.71858835696460
C           49.81249828663805       17.87497073490307       49.30837536900051
C           50.49482016390279       16.54941888150358       49.37739834607316
N           49.81231228401285       15.35846499794649       49.35816942409660
C           50.71869372925295       14.35651371208743       49.53391145232203
N           51.92463531877010       14.85814814153787       49.68600435357481
C           51.80207721478659       16.21838138092712       49.58089196333714
H           48.80538166619135       17.67545829237325       51.21827099653404
H           50.38480168213880       18.47185196194428       51.31275468010151
H           48.98605067453805       19.35031267514266       50.66899196096099
H           48.89340140981294       17.79804487656167       48.72057842851589
H           50.46913225781100       18.60005800154542       48.81754588469095
H           48.82756151279313       15.26438958932990       49.20106820128241
H           50.42937323589712       13.30759677068142       49.54358217291284
H           52.65249511239109       16.87683701466348       49.65302394173676
Fe          52.18372862235631       10.53576277679980       48.97462944852926
Fe          53.86850805894796       13.93394741844451       49.87404881508201
Fe          54.08037026610948        9.39803410882538       47.68341526876934
Fe          54.36211487185930       10.04378219326255       50.10612350662576
S           55.74352614985383       10.45739359144641       48.50500558178394
S           52.98879167331638        8.56094262717314       49.36383528773455
S           53.23275493145834       11.96234537382120       50.30495060243464
S           52.69995069717130       10.86254414169485       46.93214976407014
Fe          54.13988144333377       11.99570610876864       48.11252912484052
C           53.32985175088258       13.00399608225638       46.57243152907299
O           52.40723808863059       13.74439548531461       46.88264188867765
O           54.06666084992364       12.97500866929707       45.59163249595864
67
 energy: -116.954337033230 gnorm: 0.020024736526 xtb: 6.6.1 (unknown)
C           53.68090187646399       15.45386458726008       53.75369197423347
C           53.50735033420729       16.13443564700064       52.39807513244272
S           54.71512208922555       15.45963225838200       51.21086899968530
H           52.99549923714356       15.86618696058018       54.50041538689504
H           53.49551519042326       14.38068314433322       53.66140650979261
H           54.70493217444165       15.59188948435604       54.10775941809944
H           52.46600270273210       16.02223131503632       52.06776414235633
H           53.70233480137375       17.20879481960367       52.50995455627500
C           47.95763722333639        9.35710363666536       49.84219392062634
C           49.12065997433464       10.18432044898510       50.38389955158567
S           49.94807109294414       10.98007435273533       48.96937400554902
H           47.40329539610633        8.85785668419906       50.64213609890646
H           47.27254397744205       10.00630574708264       49.29346168006215
H           48.33278774148037        8.60275835990440       49.14713279688164
H           48.73084568313183       10.95257684020283       51.06433865384055
H           49.79424279672067        9.53739863251828       50.95884018642501
C           57.37100608779011        7.74096904372433       46.80222876400212
C           56.07987452911750        6.96075857880860       46.55693409059362
S           54.70028465410522        8.00528378543467       45.99174709785959
H           58.18070219281938        7.07146323365317       47.11129459595371
H           57.67735527951503        8.25539873130572       45.88753908770503
H           57.22019906407611        8.49405842848144       47.58426229239000
H           56.26056120523566        6.22699723280329       45.75977493080133
H           55.82007124815281        6.39652676057427       47.46299732364961
C           57.88029610242753        9.41274688819293       51.53415926446220
C           56.70929243891702        8.54601211084864       51.99451469198907
S           55.18410888329328        9.53428127311906       52.11398331750694
H           57.98342839556195       10.26917740595211       52.20674053162472
H           58.82308397508725        8.85371126911775       51.53163600439710
H           57.68761604419441        9.79095053193452       50.52417377719714
H           56.59942747453597        7.67949695622414       51.32721231970529
H           56.92162487118002        8.15723283463161       52.99976950004963
C           55.69418368419693       16.44988139095519       47.84445962615981
C           55.65709442590610       15.05479396982680       47.23046509435783
S           55.63836547987008       13.71726602502356       48.49515648791378
H           55.00802003034581       16.52527354904332       48.70072012263407
H           56.70226543264706       16.68379054204483       48.20368628127109
H           55.41464428422553       17.20485552007140       47.10503711981725
H           54.78238036918167       14.93854973577811       46.57981620744489
H           56.56596599638588       14.90445871495482       46.61847213611365
C           49.46459878439182       18.38338629619570       50.71648223130688
C           49.80665353165935       17.87514549747905       49.30909456056547
C           50.49671242542051       16.55284705274234       49.37226100243883
N           49.82168184732069       15.35839670588797       49.35168846920371
C           50.73159090467075       14.36151161953745       49.52276425494494
N           51.93445749523693       14.87077987888060       49.66683528343054
C           51.80571526185358       16.22954822851337       49.56988706196213
H           48.79389661884579       17.68580515821463       51.21954929962551
H           50.37230121201655       18.48511547311724       51.31410030372324
H           48.97553055480223       19.35504448492536       50.65600171558710
H           48.88695217643999       17.79269479022619       48.72324395204984
H           50.45872952140432       18.60321917543148       48.81644117612475
H           48.83392547992096       15.25691344600439       49.21553542387949
H           50.45370575565175       13.30844572269701       49.52373954957241
H           52.65803236704707       16.88974895678226       49.62911625795768
Fe          52.17837864029327       10.54896030955895       48.96651720093179
Fe          53.85502806599138       13.93926681221440       49.86136372411195
Fe          54.08037396078853        9.40651495140105       47.67128240883013
Fe          54.35351058528795       10.05025838231015       50.08065219498219
S           55.76982964756102       10.43585553884110       48.50763643692451
S           52.97311930275351        8.56710407783388       49.34017437585993
S           53.22904487629665       11.96630847116740       50.30546461349117
S           52.71211460459232       10.89590990687114       46.92180095179205
Fe          54.17467627904215       11.96600122622491       48.14906722664810
C           53.33161586303778       12.95810617790755       46.55891331232720
O           52.38676952579145       13.70324014190676       46.82338232277184
O           54.10821647157687       12.93865487587245       45.58880137961858
67
 energy: -116.955267164534 gnorm: 0.019486392672 xtb: 6.6.1 (unknown)
C           53.67595469531740       15.45100157697126       53.76071370123874
C           53.50607389350770       16.13330910490644       52.40524128439817
S           54.71654713370285       15.46226569485412       51.21877320723427
H           52.99118270611740       15.86559273266035       54.50689542501411
H           53.48736076074197       14.37824268845410       53.66939724959919
H           54.70009684789874       15.58627394273420       54.11571123444933
H           52.46526183827978       16.02357161403697       52.07251151632225
H           53.70293540144093       17.20697882826238       52.51877595538588
C           47.95158477752310        9.34582660590968       49.85234796378219
C           49.11068084043340       10.17944067846945       50.39313590402207
S           49.93754753419032       10.97713211772784       48.97851578575447
H           47.39660575557345        8.84933801245486       50.65354488880462
H           47.26584564723160        9.99019572935973       49.29878751204681
H           48.32999034222431        8.58841955839123       49.16245237583879
H           48.71598569560301       10.94801016809530       51.07044284693957
H           49.78462459143119        9.53656710943407       50.97241159729685
C           57.36219580053900        7.75261531784717       46.80021987541590
C           56.07320475567061        6.96737425243957       46.56032588842233
S           54.69060145311856        8.00340901848804       45.98771270354396
H           58.17373687231817        7.08710472437559       47.11295172399867
H           57.66647274032431        8.26410707142615       45.88309217792563
H           57.20985550923599        8.50930135474168       47.57872624763856
H           56.25586142016490        6.22712010934224       45.76968655061993
H           55.81329212150080        6.41108284156383       47.47135811128513
C           57.89099694573940        9.41750592043122       51.51363857573734
C           56.70339623906766        8.57561328940724       51.97891737035440
S           55.19680802766278        9.59154052962627       52.09988956827726
H           58.01191348240452       10.27530287124844       52.18178452050717
H           58.82235362968152        8.83929648719085       51.51409987180956
H           57.70716269094073        9.79415273285939       50.50146303253716
H           56.57779296414584        7.70833072136627       51.31533287533672
H           56.90945017608669        8.18869626289371       52.98567317044036
C           55.70823694407532       16.43240394801421       47.86020377881754
C           55.67769077800978       15.03548818192923       47.24950670434146
S           55.65217885692370       13.71159913169105       48.51315079998923
H           55.00790129549751       16.50298100861382       48.70142169232476
H           56.70283976867967       16.67301488782610       48.24037085163278
H           55.43534603598001       17.18724138619584       47.11581609283650
H           54.81533298580518       14.92892133831162       46.59009629985541
H           56.58399732333113       14.88371012313426       46.63733436805222
C           49.45523408050772       18.38622571567463       50.71002540638233
C           49.80050977142736       17.87532670671891       49.30455643965025
C           50.49849790058547       16.55571644173741       49.36822316456242
N           49.83022796433323       15.35792173336042       49.34381370898133
C           50.74230267466938       14.36528000701341       49.51854957909426
N           51.94558450151417       14.87833292165825       49.66391075498673
C           51.80909027104786       16.23759575056105       49.56712363452547
H           48.78414947250408       17.69025183182112       51.21448568424167
H           50.36096615262672       18.49295244979335       51.30948792707389
H           48.96451743629376       19.35651328488707       50.64373266465343
H           48.88072526738905       17.78817638331939       48.71929084450457
H           50.44826235700020       18.60659107578878       48.81051753505529
H           48.83969890493493       15.25145121592021       49.22339092773307
H           50.47211778851171       13.30950702612498       49.51898032286942
H           52.66103679022582       16.89957466455384       49.62776054691795
Fe          52.16751020876021       10.55823731340165       48.94626938027334
Fe          53.85921428364646       13.94123631764208       49.87284540713648
Fe          54.07515045451881        9.42242427523822       47.64972424869578
Fe          54.33799798642040       10.06261836257098       50.06764393112068
S           55.77548765101854       10.42407401159527       48.51253300463598
S           52.96619918574090        8.57620075900349       49.31589903772696
S           53.21795966174897       11.97076668540795       50.29694270303180
S           52.72265352392923       10.93424081969574       46.90257488336180
Fe          54.20035679096747       11.95193883780482       48.16898702939781
C           53.32755892087967       12.91475852441429       46.56016217326191
O           52.38648184271889       13.66439104397424       46.80728648697828
O           54.12036707792421       12.89244695674142       45.60274164322551
67
 energy: -116.956102182064 gnorm: 0.025747148824 xtb: 6.6.1 (unknown)
C           53.66986251384207       15.44777172395420       53.76871419241261
C           53.50425588946726       16.13339404044586       52.41441504395646
S           54.71549134798659       15.46361975562329       51.22859271428048
H           52.98544925796451       15.86451817251986       54.51391665473110
H           53.47685879094639       14.37585609658051       53.67624295674967
H           54.69398155099570       15.57859753559316       54.12549255867129
H           52.46519539115835       16.02341621758617       52.07732503603012
H           53.70110296543680       17.20658872172425       52.53055679077045
C           47.94713882771472        9.33385873944222       49.86314092770667
C           49.10241563351787       10.17659916126910       50.39812307838081
S           49.92251184698031       10.97482118904024       48.97941497792068
H           47.39406969697840        8.84144418956932       50.66809956018929
H           47.25878614707273        9.97116875212269       49.30468141081668
H           48.32818327481871        8.57220525638601       49.17939174747595
H           48.70377481073516       10.94584522477559       51.07221718000210
H           49.77980542270015        9.53994686977855       50.98034560142751
C           57.35425131664710        7.76454305637455       46.79519242316540
C           56.06677789564021        6.97502422749856       46.56265602252401
S           54.68322461568714        8.00530854506686       45.98349222493830
H           58.16799880519366        7.10315643687526       47.11063780225762
H           57.65514652311980        8.27192206781010       45.87460409022359
H           57.20106844040453        8.52536849159933       47.56970603634762
H           56.24969394702708        6.22808051429343       45.77849061588144
H           55.80762098361239        6.42655282053934       47.47873296009163
C           57.90025513390164        9.42205238559258       51.48860364864955
C           56.69936851859325        8.60444428887200       51.96290802296068
S           55.21076730502956        9.64246747475693       52.09190427161926
H           58.04035533140903       10.28121377496324       52.15132648333473
H           58.81986665705502        8.82599191667070       51.48986736137660
H           57.72205267703117        9.79566621125577       50.47456306494981
H           56.55582937092754        7.73790067508154       51.30217856338273
H           56.90439411817263        8.21809676524346       52.96933950833267
C           55.72812503411426       16.41674792798808       47.87930918442024
C           55.70325981763454       15.02058125605333       47.26551413325666
S           55.66103021589126       13.70093978104338       48.52628361817871
H           55.00487561651452       16.48515681765446       48.70169418765812
H           56.71276537892155       16.65396955657084       48.28684225138944
H           55.47245222290788       17.17436125818065       47.12880574331206
H           54.85210733806080       14.92985763558125       46.58832569514060
H           56.61007667025010       14.87187983377542       46.66177611878359
C           49.44502473485259       18.38797870668267       50.70306871999512
C           49.79318811264746       17.87634448311625       49.29893483623729
C           50.49935285370108       16.56045053189772       49.36606582914840
N           49.83786675484239       15.35879121873686       49.33663361502150
C           50.75362069926464       14.37047558359389       49.51017777045726
N           51.95805078822748       14.88706971576223       49.65301126881018
C           51.81221755562552       16.24747661960192       49.56292258679186
H           48.77527701681418       17.69101736620908       51.20767180368847
H           50.34969964019226       18.49841267135787       51.30314973771685
H           48.95163793032130       19.35651906074828       50.63433365401960
H           48.87378086428093       17.78248487859821       48.71364196066074
H           50.43612071470712       18.61067720691284       48.80279798414027
H           48.84559580609023       15.24828756193004       49.23096019682431
H           50.48937387034970       13.31340592527980       49.51360535391500
H           52.66098715129743       16.91212153973754       49.63008296332733
Fe          52.14967039470543       10.55594756954648       48.95175781801260
Fe          53.85735417866163       13.94450987870114       49.88092797618388
Fe          54.07404167928020        9.42410917864934       47.64342338294789
Fe          54.32400506787991       10.07048975999649       50.06806385701353
S           55.77479949099484       10.41813310280646       48.52230642510473
S           52.96030338576808        8.57926971847975       49.30494411204021
S           53.20887063477564       11.97665132902360       50.29823547561266
S           52.71193482635140       10.93158612974843       46.90550267147206
Fe          54.21256677091984       11.94156015339824       48.18500015575832
C           53.31770341718892       12.87925947671482       46.54216521810298
O           52.38908827814643       13.64202248816461       46.78159415168273
O           54.14237628001399       12.85884356897333       45.60548638151339
67
 energy: -116.957341928974 gnorm: 0.027596751972 xtb: 6.6.1 (unknown)
C           53.65955139916459       15.44374292340802       53.78059268233447
C           53.50095995284671       16.13500990706890       52.42845561971819
S           54.71466427904591       15.46773071295980       51.24464470425998
H           52.97571907528692       15.86284242901396       54.52475170221607
H           53.45947315562751       14.37346462734719       53.68398724008229
H           54.68355193622319       15.56647504180944       54.14062473607694
H           52.46475841957884       16.02385142489130       52.08410774313907
H           53.69627958866214       17.20767865193150       52.55004315547438
C           47.94258878367410        9.31716305975416       49.87946463486936
C           49.09213870879147       10.17532241059466       50.40279514497107
S           49.90396193289479       10.96785759498002       48.97591834142297
H           47.39383592580680        8.83198821200661       50.69186643554637
H           47.24916499908838        9.94206347143548       49.31300346498772
H           48.32775306940163        8.54834664847848       49.20590202306909
H           48.68861463417072       10.94693917624068       51.07112911108986
H           49.77693852706248        9.54986581302166       50.98852187820425
C           57.34508401674904        7.78023242949895       46.78577482113103
C           56.05878030168795        6.98575947741105       46.56617458983564
S           54.67544461392036        8.01280931772197       45.98346603798925
H           58.16261778271582        7.12470003393670       47.10322989379398
H           57.63932916050955        8.28083488657716       45.85924267990593
H           57.19167766453490        8.54721896267762       47.55450236462523
H           56.23934508975712        6.23022817895169       45.78987488807151
H           55.80276111238967        6.44731819528109       47.48907488114373
C           57.90999232634974        9.42656867080268       51.45018944980823
C           56.69670574666052        8.63968795115749       51.94255957876418
S           55.23201492369576        9.70410680196281       52.08513050000263
H           58.07712280579899       10.28795434329672       52.10367620057081
H           58.81381502250277        8.80875371253430       51.44993106149976
H           57.73412286741878        9.79391449728952       50.43384517704677
H           56.52698563360431        7.77561680312549       51.28535557372513
H           56.90651653554865        8.25293906548965       52.94715011733256
C           55.75436073539541       16.39607613692121       47.90311803435225
C           55.73563504127856       15.00146801447144       47.28403167669136
S           55.66753161566321       13.69245411011002       48.54887695551483
H           55.00094613813216       16.46976229329396       48.69771562820718
H           56.72796115093207       16.61555223221623       48.34898363338130
H           55.53618142894501       17.16115727601006       47.14536604722029
H           54.89937163015216       14.93081359548938       46.58053300714531
H           56.65118382395949       14.85230933039851       46.70140697795494
C           49.43038757226259       18.38997575604069       50.69245508768641
C           49.78385736284093       17.87730069719841       49.29037642888363
C           50.50064724865725       16.56736739798844       49.36470844481768
N           49.84719850872504       15.36092570968608       49.32771049733657
C           50.76839427662459       14.37782472996461       49.49767501996656
N           51.97372520671697       14.89892283596635       49.63716104294720
C           51.81633053357987       16.26085361706818       49.55605156626717
H           48.76394014956952       17.68931363765018       51.19622252027640
H           50.33403383551363       18.50482760130060       51.29295425785373
H           48.93202473522946       19.35578672451394       50.62279547794691
H           48.86569041044313       17.77208295900871       48.70449083002837
H           50.41973066443337       18.61541695192282       48.79055944538852
H           48.85383938305161       15.24671647987971       49.23925684506535
H           50.51006994230466       13.32043169450245       49.50572710762172
H           52.65899608422212       16.93018297144633       49.63473781540009
Fe          52.13123262715091       10.55696101305766       48.95336927560665
Fe          53.84987783935226       13.95008515524940       49.89755630417169
Fe          54.06355960724602        9.43149554964990       47.64281239797447
Fe          54.30723880463884       10.07606668342859       50.07856710238664
S           55.77020383173809       10.39990666742696       48.53371309263632
S           52.94789040075473        8.58631811681098       49.30402200678682
S           53.19048519175065       11.98239339789278       50.30120685622467
S           52.71520578055030       10.95021463037339       46.91302411237626
Fe          54.23337709569528       11.93290040965028       48.21473938746703
C           53.29775425406358       12.82303557606613       46.50913937584411
O           52.38966674104268       13.61337077774690       46.74306296168110
O           54.16595655617481       12.80557462706924       45.61077671607251
67
 energy: -116.959244902218 gnorm: 0.024666108763 xtb: 6.6.1 (unknown)
C           53.64261888076907       15.43854311555619       53.79720185044948
C           53.49283692074344       16.13947353706525       52.44917501453720
S           54.70841594748525       15.47812809660406       51.26552483059904
H           52.96083302441704       15.85955112789422       54.54177908464789
H           53.43236207845142       14.37092411837485       53.69235096442877
H           54.66680154669639       15.54860143944031       54.16085472187452
H           52.46008933561239       16.02739407934370       52.09581252053308
H           53.68567426304158       17.21149127894751       52.57969863915741
C           47.93964563847010        9.29754458375018       49.89983723831653
C           49.08108484306416       10.17812383280048       50.40494332304318
S           49.88309507874626       10.95993279027065       48.96639493345363
H           47.39804129009261        8.82296426701824       50.72370548761007
H           47.23801013415819        9.90342582247717       49.32230835862838
H           48.33086079346369        8.51876022140506       49.24103232389339
H           48.67094715803228       10.95355020612510       51.06463023320447
H           49.77709146850231        9.56918963569072       50.99498421299186
C           57.33803205700465        7.79781086194553       46.76971092553972
C           56.05077384809071        7.00010846791971       46.57062776730918
S           54.66759907020113        8.02687316578153       45.99016319265120
H           58.16076065315606        7.14894505797766       47.08673608243082
H           57.62118755727093        8.28930221098691       45.83479393774314
H           57.18785763167308        8.57242052042144       47.53154422715192
H           56.22401023372426        6.23512159837615       45.80222769453994
H           55.80188855062563        6.47265163083355       47.50159989704083
C           57.91815480017507        9.42731079508157       51.39795182185713
C           56.69671449043746        8.67575757965059       51.92069051627135
S           55.26202260256250        9.77042952032205       52.08691393864370
H           58.11964870501856       10.29173597477477       52.03711641474133
H           58.80311202957532        8.78636072114050       51.39173404624067
H           57.73611955984309        9.78461661910995       50.37936132379814
H           56.49196692727165        7.81582960464382       51.26899168879749
H           56.92102160871677        8.28715663073102       52.92133592924288
C           55.78913540927792       16.37155410580750       47.92952538197391
C           55.76936097462073       14.98217949687120       47.29734499849685
S           55.66508202699717       13.68601015694165       48.56987080432388
H           55.00067664367138       16.45988543339601       48.68603566783765
H           56.75026182171599       16.55226386860190       48.42357925437535
H           55.63384100837953       17.15293354507985       47.16935009168142
H           54.95348344835789       14.94192179572200       46.55851466640030
H           56.70430064365732       14.82884150250490       46.75344468008223
C           49.41173100071750       18.39129096065299       50.67854053125384
C           49.77391683812658       17.87745529287244       49.27929182062048
C           50.50381838808141       16.57607009598647       49.36521750321990
N           49.85908378924613       15.36432830096008       49.31720402006784
C           50.78785278619034       14.38702971228199       49.48116279075367
N           51.99312746169206       14.91378288834672       49.61898285312391
C           51.82265203174252       16.27725028640199       49.54793258423130
H           48.75065355478042       17.68383143522854       51.18028201498034
H           50.31383647125993       18.51193944554557       51.28011614697594
H           48.90553120775832       19.35312455136274       50.60933911478409
H           48.85847798463529       17.75607350981347       48.69174539047837
H           50.40073216738119       18.62013324198610       48.77497310861989
H           48.86568312001209       15.24761115723221       49.24489790554806
H           50.53455920029875       13.33046855526096       49.49251264043513
H           52.65590912117808       16.95404488393716       49.64142690153399
Fe          52.11111657397858       10.56187896832773       48.96951854339419
Fe          53.84237760584336       13.95720028599771       49.92061020874621
Fe          54.05739841004077        9.44517170497519       47.65410228877726
Fe          54.28423953987778       10.07099793686101       50.10786023687144
S           55.76702342009446       10.37396730962823       48.56933380400215
S           52.93089812989933        8.59526349635557       49.30921389360203
S           53.17363554798338       11.98972323505221       50.31516271910695
S           52.71490578380222       10.98020345876576       46.92960370627959
Fe          54.26254801613923       11.92388846309413       48.25791306709488
C           53.25110090808461       12.74793658194791       46.44370129172329
O           52.38849791518326       13.58990098549788       46.68904644830840
O           54.18002852216445       12.73864502836331       45.61080014882332
67
 energy: -116.960352555977 gnorm: 0.021320032023 xtb: 6.6.1 (unknown)
C           53.62770606158779       15.43453488160648       53.80677960166036
C           53.48392479676172       16.14344876628092       52.46214831361840
S           54.70381401131918       15.49152590113831       51.27797436400309
H           52.94821130792852       15.85542652216785       54.55345373257014
H           53.41047237608203       14.36911802660217       53.69447567138907
H           54.65209247301859       15.53502464551948       54.17244508971334
H           52.45246131513795       16.03300794801232       52.10417170472271
H           53.67458774666355       17.21502911441248       52.60102997637824
C           47.94178185011014        9.28972202736799       49.91042237419513
C           49.07632160525419       10.18590645674002       50.40360350913134
S           49.87734493601160       10.95655355783580       48.95885180952493
H           47.40572625020774        8.82223494188756       50.74212658312094
H           47.23377810174107        9.88104420059522       49.32581742517473
H           48.33854627439094        8.50510981799292       49.26203737052487
H           48.66112485136791       10.96485504847334       51.05579586307756
H           49.77949057383081        9.58896627299082       50.99690678653137
C           57.34065834764560        7.80456973905474       46.75531417942938
C           56.05040807585966        7.00818497908140       46.57199743795572
S           54.66789152938333        8.04129431454698       46.00217068191770
H           58.16643706540169        7.15778194647521       47.06800042764611
H           57.61469194078931        8.29032648183975       45.81489939699831
H           57.19672881896656        8.58322009425632       47.51410020014730
H           56.21391246101105        6.24030000770882       45.80467147517257
H           55.80911630702763        6.48450123489303       47.50667985392207
C           57.91752062540095        9.41860061188642       51.36492826273162
C           56.70125149784010        8.68174743695963       51.91631189821614
S           55.28099352195744        9.78752999035611       52.10909736045564
H           58.13933388780687       10.28537718919133       51.99214476090749
H           58.79405251098854        8.76938510026452       51.34807331167583
H           57.71860577710905        9.76860461059163       50.34646807626560
H           56.47393651429822        7.82458980680756       51.27012808315122
H           56.94603465340079        8.29008571847762       52.91210609923679
C           55.81011671779466       16.36632054108669       47.93816311697878
C           55.77611567387568       14.98499397314146       47.28858227812434
S           55.64593868411291       13.69328045078938       48.56903923129286
H           55.00569012701526       16.47079315253785       48.67055234928922
H           56.76502628952203       16.50613504029595       48.45636557526528
H           55.70528336576622       17.16194541794937       47.18718557184675
H           54.97342277927783       14.97183505818291       46.52788856186996
H           56.72795398452857       14.82247065988335       46.77695161284234
C           49.40215613758356       18.38919183162546       50.67068207410239
C           49.77142416013409       17.87647176234191       49.27269612710901
C           50.50736388529290       16.58043322212064       49.36396073871062
N           49.86469961284989       15.36741050063691       49.31005479637314
C           50.79722333516506       14.39188593096091       49.46880523638796
N           51.99962050862915       14.92150149310243       49.60853384703088
C           51.82677207922631       16.28456206925080       49.54239376561858
H           48.74546654833961       17.67556238528308       51.17007765741725
H           50.30275491890007       18.51403265471426       51.27391470463948
H           48.88942727722250       19.34792150886547       50.60328512983338
H           48.85867438080798       17.74595648235198       48.68364461542218
H           50.39349957300971       18.62193147962992       48.76751106998654
H           48.87237983768692       15.25217403719887       49.24127351542768
H           50.54412923180953       13.33651152229566       49.47767723507077
H           52.65435004481922       16.96610891763950       49.64326720954080
Fe          52.10064206240766       10.56655556736341       48.99628808006928
Fe          53.84037560381586       13.95807506251184       49.93835387989444
Fe          54.05920687448972        9.44224249787787       47.68054861112724
Fe          54.27128607830480       10.05342374116306       50.14824827091900
S           55.77003512507676       10.34339620355345       48.61351292708342
S           52.91691651658060        8.59668129246226       49.33131015862685
S           53.17062281924752       11.98876190646244       50.33476008875932
S           52.71646615884955       10.98484458052847       46.94939097576893
Fe          54.28999764517254       11.91243501121354       48.29624961961768
C           53.20661858846580       12.72403933547751       46.37616043439703
O           52.39032325188263       13.60806268399327       46.65823856085727
O           54.16581825600876       12.71927542358595       45.59919106145637
67
 energy: -116.960790635029 gnorm: 0.022013567170 xtb: 6.6.1 (unknown)
C           53.61767569891423       15.43129183987086       53.81289482348081
C           53.47573012166364       16.14554765715673       52.47039494207290
S           54.69609362593665       15.49850311039035       51.28341257981791
H           52.94083908581525       15.85216564824649       54.56231036326617
H           53.39681897118870       14.36687756570398       53.69847146449603
H           54.64280719757242       15.52737073119706       54.17779816939814
H           52.44279491148378       16.04254177267380       52.11316087693176
H           53.67069970851280       17.21602401793931       52.61373750076212
C           47.94163033668718        9.28422670371380       49.92079009400963
C           49.06961046271457       10.18922945045251       50.41267843117217
S           49.87348940689812       10.95668075321045       48.96743262946037
H           47.40568524939795        8.81965880764390       50.75385993807549
H           47.23156350755258        9.86730954688087       49.33050997542244
H           48.34489168710455        8.49709661924249       49.27937329041777
H           48.64704566434833       10.97049479400153       51.05793709364931
H           49.77231330051596        9.59917922781382       51.01355864030955
C           57.34053302849782        7.81119875346474       46.74740861524374
C           56.04831666605183        7.01505099481229       46.57465463173629
S           54.66198067329505        8.04762731581807       46.01079860684189
H           58.16755998672350        7.16440907339954       47.05703887681049
H           57.60923992958826        8.29401813614147       45.80394394615979
H           57.20255807692783        8.59216232361011       47.50507147806094
H           56.20603347897950        6.24498185786032       45.80795819066552
H           55.81248290660849        6.49432488124260       47.51268345538219
C           57.92132622407500        9.41071605262876       51.34180620077258
C           56.70188916459712        8.68780378913025       51.91309725419394
S           55.29183062368969        9.81049068244606       52.12021085832226
H           58.16043340112547       10.28097659065925       51.96066237339394
H           58.79236474211702        8.75008380144918       51.31609691670128
H           57.71175502704006        9.75759840979918       50.32371465953447
H           56.45723892304262        7.82780625545659       51.27475444906998
H           56.95518494000613        8.29773544388328       52.90769708185038
C           55.81856671721381       16.36533215207105       47.95094439510952
C           55.78467144691929       14.98852467222640       47.29025788460643
S           55.63707487091661       13.69531929319152       48.57042298571096
H           54.99108246607677       16.47086244523645       48.66451413299760
H           56.76206079296423       16.49590946816061       48.49789597584439
H           55.74091254531680       17.16244498235260       47.20134747370026
H           54.99403894472291       14.98047823039860       46.51495782287370
H           56.74884507377023       14.82334684390582       46.79099788739130
C           49.39568862225853       18.38838038572041       50.66608619944046
C           49.77074327251938       17.87365673133383       49.26996113804859
C           50.51173369328608       16.57997280642368       49.35686031678068
N           49.87166664120612       15.36630131763629       49.30361813572556
C           50.80661764082466       14.39234948704015       49.45895807939737
N           52.00478146844126       14.92599719836754       49.59850842382738
C           51.83191984401854       16.28740489995789       49.53400123738972
H           48.73914863529742       17.67550902542345       51.16654249417283
H           50.29298783599124       18.52058977802391       51.27322290554891
H           48.87935316692996       19.34499832005542       50.59180995815049
H           48.85891014941369       17.73960590706105       48.68080039523073
H           50.39012900980408       18.62208716677554       48.76603281833311
H           48.87821273975887       15.24842488435888       49.23987314348713
H           50.55747227465394       13.33500774867981       49.46070901832637
H           52.65990091592021       16.97101505170756       49.62790824071713
Fe          52.09477381635996       10.58429738776645       49.00902822211841
Fe          53.84117414092217       13.95934292476441       49.94059643104457
Fe          54.05319163138886        9.45750102330550       47.67744543794547
Fe          54.26070226528032       10.04722797861427       50.15923948836355
S           55.78284109695674       10.30714738191078       48.63999446157778
S           52.90528528230141        8.60379544535747       49.32333814397983
S           53.17211761270890       11.99061810923333       50.35140415489781
S           52.72030206993897       11.03641911517818       46.95973525261542
Fe          54.32694399743317       11.88875716334513       48.34546567045428
C           53.18944484750812       12.68953475319915       46.33301115212704
O           52.37937844601277       13.57910928981760       46.61528677722992
O           54.17366549627319       12.70637881352484       45.58319570730073
67
 energy: -116.962398014924 gnorm: 0.020986371716 xtb: 6.6.1 (unknown)
C           53.61476387660431       15.43002304119509       53.80706922205491
C           53.46811466242627       16.14662597363759       52.46570757764779
S           54.68548324104187       15.50499503755085       51.27084485485263
H           52.93998121108582       15.84801798723070       54.56072522188725
H           53.39646564638823       14.36522365048897       53.69381770138162
H           54.64078515211765       15.52894823429023       54.16839243776524
H           52.43048182841176       16.05421748608357       52.11665316254672
H           53.66996401557380       17.21609463845011       52.61022744187770
C           47.94663632943642        9.29494040542082       49.91774988699050
C           49.07146858525370       10.19624382860197       50.41971764586929
S           49.88935472523934       10.96397956008182       48.98255845077375
H           47.40667087637027        8.82642960183563       50.74496132601398
H           47.23904159602413        9.87993665055254       49.32812813735831
H           48.35446498797966        8.51199991244282       49.27495719245745
H           48.64420259765745       10.97920217153248       51.06033830249265
H           49.76533968009282        9.60462176447442       51.02872321078271
C           57.34996114375853        7.80270448927385       46.74412787509339
C           56.05368324223579        7.01219210842854       46.57233766308975
S           54.66119313023447        8.04645667492296       46.01922840522358
H           58.17442840333496        7.14917082787674       47.04741741979646
H           57.61849325739006        8.28882165140061       45.80276287399626
H           57.22100338876752        8.58026105432152       47.50656123427298
H           56.20581616960970        6.24802347021297       45.79819545690444
H           55.82211276000167        6.48498800390908       47.50802667804491
C           57.91436495984451        9.39508031650757       51.35061810033510
C           56.70890097057502        8.65281010048488       51.93171524456956
S           55.27930820987834        9.75747516126299       52.14675936139997
H           58.14605744515051       10.26760610873348       51.96847051066313
H           58.79748835454090        8.74593497213416       51.31186664296726
H           57.68547542457976        9.74418745407829       50.33605824606551
H           56.47199309106569        7.78642154690680       51.29967195953474
H           56.97154936074242        8.26717119549943       52.92610245451146
C           55.80507525386883       16.39298970589381       47.93849700066671
C           55.75919582653162       15.02126599632666       47.27208510451914
S           55.61687738507519       13.71027429767466       48.54551448449411
H           54.98548250217312       16.49670559078433       48.66068987132279
H           56.74575303121735       16.52470122982466       48.47962231545366
H           55.72435081894081       17.18461071687057       47.19786243384858
H           54.96694046848132       15.00179394691691       46.50781374002166
H           56.72111272340458       14.84869858448818       46.75932246218336
C           49.40304705185653       18.38396258710402       50.67120593684293
C           49.77846254204896       17.87123628486993       49.27396104656325
C           50.51453550746549       16.57352920915758       49.34474639862331
N           49.86932853201326       15.36407068891081       49.30240745633340
C           50.80108965463778       14.38674660372675       49.45841168629437
N           51.99218252417125       14.92107897828148       49.60161521843079
C           51.83263214731899       16.27835416783783       49.52941519180944
H           48.74418336322852       17.67476580189532       51.17321817329516
H           50.29765670759193       18.52083886925751       51.28188555824270
H           48.88669235185854       19.34025616364615       50.59059833548663
H           48.86600034284063       17.74650412824272       48.68529220881747
H           50.40235685498279       18.62021798358116       48.77688798687541
H           48.87546829882828       15.24587120471291       49.22557230784506
H           50.55142785288023       13.32665491894348       49.44661529698834
H           52.66893369753696       16.95856554787283       49.60260530315266
Fe          52.10870159343022       10.59555601012752       49.02034935995280
Fe          53.84933372750546       13.95231622650550       49.92687959715986
Fe          54.06380411594669        9.43900597114366       47.69548531628480
Fe          54.26132446150935       10.03489027726006       50.17107086621674
S           55.79980054021810       10.28254042345719       48.67116329655050
S           52.89854511409619        8.59556104486258       49.33405500320725
S           53.18653111246773       11.98415074630438       50.36654912547511
S           52.73866956675145       11.03271192254115       46.96030625318076
Fe          54.34319599445749       11.86089780017084       48.37770537192016
C           53.20429641650814       12.74078072934724       46.32279555978648
O           52.36631469767310       13.59510044561632       46.60897019877233
O           54.16240509706650       12.76682090603698       45.55822300415172
67
 energy: -116.964130041719 gnorm: 0.015984765237 xtb: 6.6.1 (unknown)
C           53.61370650912025       15.43079429492911       53.80406309290923
C           53.46787398271021       16.15169274667571       52.46518049507460
S           54.69115965051525       15.51762878548497       51.27274031206537
H           52.93706862888206       15.84650499708461       54.55705133713251
H           53.39602916507722       14.36600983807151       53.68750595774414
H           54.63922040474034       15.52962988448115       54.16719662026991
H           52.43229531340366       16.05488636667812       52.11205913639196
H           53.66594310077511       17.22097387129452       52.61372793987289
C           47.95038856488217        9.29678495604433       49.92071296386624
C           49.07313310222940       10.20095608116018       50.42378787533951
S           49.89307327981464       10.96937752960376       48.98779373500824
H           47.40945178946087        8.82759962825137       50.74762597211630
H           47.24334992126627        9.88082946973921       49.32879531888967
H           48.35973012578383        8.51371798563251       49.27897672571073
H           48.64352712575371       10.98383988353108       51.06211125411043
H           49.76619770092526        9.61151489835772       51.03591585442296
C           57.35111160915025        7.80048187248549       46.74063148922735
C           56.05367719427006        7.01183212528192       46.57130608709556
S           54.66298759041537        8.04972279698743       46.02172924120270
H           58.17517131862208        7.14510191786813       47.04090759061267
H           57.61809074853485        8.28761444122148       45.79912916900312
H           57.22518940057695        8.57694045185144       47.50471330896439
H           56.20327024560810        6.24766084895856       45.79693126117515
H           55.82314232182492        6.48479401587067       47.50712930830235
C           57.91050319131894        9.39071144714941       51.35120815509406
C           56.71452716013422        8.63992717985549       51.93739682275951
S           55.26972580348246        9.72302551414774       52.15635680011057
H           58.13984057609061       10.26350328525024       51.96849023867812
H           58.79747077644822        8.74961652207229       51.30851624151489
H           57.67763030019707        9.73741756399631       50.33739810008253
H           56.48390797316271        7.77185658947003       51.30604911373913
H           56.98438164968952        8.25997580280851       52.93161915345309
C           55.80435465659077       16.39569160088309       47.93597817416215
C           55.75684738716932       15.01346313279165       47.29229243223381
S           55.64014919987994       13.71674108127326       48.57928072915443
H           54.98786886156109       16.50897241390028       48.65803626507007
H           56.74437275196249       16.52655302707512       48.47787707254984
H           55.72437271219775       17.18707502932691       47.18707983833045
H           54.94482515391367       14.97061518268513       46.55326950843359
H           56.70156401760679       14.83825597252050       46.75748688423459
C           49.40389984869046       18.38130623291000       50.66988278834213
C           49.77839229554640       17.87159597274623       49.27164702107284
C           50.51388055849654       16.57290237969472       49.34397103614678
N           49.86932240172190       15.36276096232121       49.29932735339829
C           50.80106565793935       14.38522354299959       49.45655171700784
N           51.99599892196797       14.91774229712536       49.59751799334544
C           51.83272629884175       16.27663756654351       49.52831146223279
H           48.74624280388343       17.67016067427176       51.17090005790430
H           50.29916307045647       18.51733688842781       51.27895859755649
H           48.88698267165005       19.33713891614476       50.59143170714194
H           48.86574735944933       17.74902466358481       48.68146327005835
H           50.40335747263671       18.62078552247813       48.77559105730973
H           48.87650639851994       15.24432473796467       49.21851451219976
H           50.54936240825737       13.32656846180345       49.45185354808716
H           52.66806224166676       16.95604947866261       49.60618365425741
Fe          52.11479446495029       10.59674340949022       49.01467954356569
Fe          53.84991901935350       13.95067021844132       49.95207708763332
Fe          54.07198495146320        9.44306341792696       47.70162450449458
Fe          54.26214747993545       10.03125770909652       50.18102359145918
S           55.79777213849476       10.28455023035685       48.68082452967261
S           52.89875979056005        8.59883816149694       49.33258356857185
S           53.18882925699322       11.97903631631644       50.37388876754160
S           52.77396491983603       11.05660468956509       46.96510647637000
Fe          54.35784588887157       11.87534575624754       48.39687164810389
C           53.19575732099978       12.76856061556693       46.30128417713002
O           52.31666282226891       13.60655527060563       46.52147681198709
O           54.14047677079863       12.77375566448040       45.51028631129191
67
 energy: -116.965894639319 gnorm: 0.032109719818 xtb: 6.6.1 (unknown)
C           53.61035765315530       15.43283838363392       53.79917099042847
C           53.46485281630617       16.16319298805464       52.46595419304999
S           54.69379934164581       15.54137492610264       51.27424342685661
H           52.93122148812105       15.84362205410735       54.55206893195351
H           53.39335998668165       14.36831111524220       53.67506131160826
H           54.63543043930340       15.53048137430600       54.16451441604719
H           52.43325670242508       16.05837303739343       52.10557055040355
H           53.65666181778069       17.23183018376536       52.62201438690084
C           47.95889499826153        9.30087350597582       49.92627372375614
C           49.07768491071344       10.21118158766298       50.43032415005663
S           49.89960971830785       10.98001289456145       48.99466340960661
H           47.41651456128891        8.83097693463044       50.75321498216734
H           47.25243971634297        9.88245405408431       49.32986704756977
H           48.37111012533318        8.51709293354981       49.28714799652643
H           48.64310685399806       10.99430202212515       51.06338531012324
H           49.76919232672034        9.62668807697732       51.04928537719741
C           57.35402469624640        7.79585398940870       46.73403051789101
C           56.05437134164821        7.01094015035159       46.56942548755713
S           54.66878582773946        8.05767987592558       46.02731971700310
H           58.17750846276082        7.13684183616288       47.02766143121458
H           57.61740307695938        8.28537644566116       45.79233329569288
H           57.23413026746819        8.56988221524625       47.50157605523370
H           56.19838670159072        6.24694119078187       45.79434057619522
H           55.82551235830655        6.48434143406098       47.50544102761859
C           57.90248772506783        9.38192103430119       51.35261252969674
C           56.72615638182180        8.61304054207148       51.94861085888720
S           55.25099002969893        9.65290233672702       52.17546371922032
H           58.12713270542610       10.25541452689562       51.96869656834109
H           58.79713606202920        8.75674561530433       51.30181264425510
H           57.66117370319365        9.72396393563144       50.34041884252148
H           56.50862233272170        7.74043185779086       51.31997923114670
H           57.01042719290158        8.24569431763156       52.94285428674115
C           55.80294619112982       16.39800886202596       47.93198850942089
C           55.74994188500771       14.99902017771273       47.32622921457245
S           55.68384441566630       13.72366438827714       48.63154992118837
H           54.98946452459190       16.53265497339918       48.64984646791325
H           56.74034209216923       16.52524702333651       48.47835817412472
H           55.72984980476847       17.18963193914553       47.16714693467868
H           54.89771193614462       14.91415922894175       46.63916095347275
H           56.66036212287366       14.82081927022229       46.74781910749103
C           49.40570374926215       18.37622627257281       50.66717037752313
C           49.77890327621655       17.87237943900837       49.26719016034416
C           50.51324647718931       16.57187569689317       49.34295807516313
N           49.87028258530697       15.36013446772660       49.29468898669462
C           50.80203057247962       14.38262469277326       49.45365392759632
N           52.00491911723429       14.91164582588619       49.59120815091143
C           51.83362024493432       16.27391979933098       49.52564022328075
H           48.75092575549641       17.66069464445065       51.16607915180046
H           50.30221361159152       18.51079998474238       51.27303549901905
H           48.88705319589602       19.33083283618958       50.59332596476447
H           48.86618063577102       17.75378327972111       48.67364464119649
H           50.40608001316074       18.62175199349044       48.77296934376535
H           48.87969919237289       15.24066875502653       49.20425310775553
H           50.54622767473099       13.32681951103595       49.46274672987609
H           52.66716554279360       16.95172971588364       49.61206946451957
Fe          52.12606688361229       10.60077600695003       49.01440762175031
Fe          53.85434515020199       13.94588966496429       49.99346516317554
Fe          54.09326826150475        9.45285246878401       47.71410392648155
Fe          54.26406197822103       10.02236578494941       50.20140132740215
S           55.79735931678727       10.29303023440328       48.70310090117824
S           52.89940916501117        8.60669029770244       49.32573373782947
S           53.19952466059260       11.97107837166223       50.39326773623844
S           52.83397516161424       11.09422721098382       46.98238969244411
Fe          54.37810195247638       11.89970957607279       48.42952845438517
C           53.11416797625093       12.79248470931082       46.17756717716688
O           52.25464884472424       13.65010885083396       46.39709992425753
O           54.13136991024985       12.80494745949203       45.45975462714448
67
 energy: -116.968556742205 gnorm: 0.024189535040 xtb: 6.6.1 (unknown)
C           53.60544229352016       15.43571137113340       53.79899090996849
C           53.45885744274857       16.17152623698203       52.46900186532499
S           54.68207636493047       15.55113047243756       51.27162257380655
H           52.92693566331882       15.84220454286407       54.55480820465786
H           53.38908208674244       14.37176343935636       53.66900192442919
H           54.63095618076357       15.53141590361471       54.16344008468701
H           52.42780135393251       16.06702255126482       52.10794449123891
H           53.64983648267967       17.23978537799974       52.62810016569596
C           47.96642141559771        9.30486366473563       49.92900873844803
C           49.08265438925413       10.21907372823874       50.43171967800881
S           49.90316921268111       10.98484526922567       48.99303459795037
H           47.42418496436080        8.83627732511522       50.75655952333027
H           47.25893180764579        9.88295396365698       49.33061862912720
H           48.38115066343027        8.52007581500776       49.29275264717130
H           48.64426167547068       11.00313941439208       51.06133994507686
H           49.77414518588198        9.63804606648114       51.05417798076268
C           57.35774834090592        7.79283400805843       46.73191032773745
C           56.05618184706962        7.01092851112850       46.56901712610984
S           54.67568749841799        8.06602271444808       46.03179096964947
H           58.18151681721383        7.13220102016194       47.02117843925067
H           57.61830757958838        8.28392420881340       45.79031948652137
H           57.24061421241716        8.56563951255675       47.50109146080099
H           56.19586893734478        6.24749413289156       45.79245026345395
H           55.82729847486107        6.48424570322104       47.50500868803950
C           57.89711201516926        9.37742757142762       51.35372685176169
C           56.73289316305230        8.59349147598176       51.95531606770298
S           55.24485646489515        9.61474995659591       52.18853288046222
H           58.11613268898544       10.25364111816347       51.96873733856661
H           58.79825953149460        8.76045174004313       51.29791290522664
H           57.64531651408124        9.71764489823251       50.34280313604236
H           56.52442533070216        7.71499010504690       51.33119814953971
H           57.02628044219598        8.23256087373007       52.94940811358151
C           55.80100664921541       16.39269879477257       47.93409820732730
C           55.73415334406793       14.99374081153219       47.33206167622252
S           55.69450178519577       13.72477449331618       48.64423523948403
H           54.98507203694484       16.54334928625926       48.64717533162940
H           56.73950282626350       16.52024156448955       48.47904383797233
H           55.73734434212022       17.17601379928436       47.16158008940237
H           54.86785599987928       14.90659882939642       46.66375738107386
H           56.63560635217259       14.81465455950607       46.73857127849961
C           49.40738701280964       18.37293188858791       50.66447006649036
C           49.78293433007438       17.87000558973345       49.26466665050041
C           50.51750065752914       16.56967307238045       49.34056834979673
N           49.87492386127232       15.35762538393744       49.29374237539117
C           50.80615518572136       14.38090014704735       49.45405905187657
N           52.00868152806883       14.91003964833493       49.59710707439211
C           51.83732460831131       16.27236258181683       49.52409685058996
H           48.75408295827909       17.65539829931782       51.16237913359291
H           50.30358739260631       18.50809733653499       51.27080595725980
H           48.88663586521124       19.32666943169218       50.59250394107812
H           48.87116816244749       17.75169073791714       48.66989273051705
H           50.41031088673322       18.61977637605426       48.77153340090683
H           48.88463550292842       15.23712440452951       49.19734224603329
H           50.54958001283341       13.32493155839284       49.46431355549286
H           52.67111260283505       16.95035582235343       49.61126290740837
Fe          52.13210493663045       10.61856424401565       49.02140838688899
Fe          53.85912131900208       13.93759915853091       50.00105383879532
Fe          54.10578551309411        9.47410181062712       47.70803593317031
Fe          54.26041020595993       10.00701301357939       50.21806659365964
S           55.81613354081353       10.27335828687248       48.73583847139573
S           52.89657041168167        8.61661028021068       49.30508313606613
S           53.20714525710686       11.96589795774901       50.42574858279499
S           52.85763974557567       11.14182085987405       46.99695676335456
Fe          54.39820918279426       11.88852492671309       48.47508718761049
C           53.10026307187483       12.82164862997844       46.13883123479049
O           52.21455219300312       13.65565353061771       46.32901169362170
O           54.08334987759213       12.82630098106921       45.38297705077920
67
 energy: -116.972114735508 gnorm: 0.017981993679 xtb: 6.6.1 (unknown)
C           53.59630390266856       15.44091490714744       53.79821803238094
C           53.44989804537096       16.18301491104246       52.47164532076713
S           54.67540134276122       15.57073343917425       51.27213366730387
H           52.91838613037406       15.84053702481324       54.55848502873911
H           53.38162773949678       14.37794891040550       53.65970287517090
H           54.62195500505055       15.53429734243814       54.16250895537758
H           52.41839097906774       16.08242527665108       52.11037478718885
H           53.63982880382265       17.25067958978003       52.63647997789968
C           47.98063974200851        9.31215100094971       49.93348553264577
C           49.09196721059913       10.23336207388980       50.43322698123071
S           49.91460824965517       10.99485665259279       48.99297376132159
H           47.43920366327124        8.84652631202540       50.76246277340311
H           47.27101886859448        9.88342616518023       49.33190267452642
H           48.40022759014519        8.52559251191074       49.30268318525666
H           48.64796397128817       11.01956353028238       51.05729811193321
H           49.78416673857951        9.65871996736239       51.06075050775697
C           57.36582838654984        7.78813594423297       46.72934893662377
C           56.05720516712701        7.01747840182442       46.56843772916798
S           54.68802290304234        8.08902276903422       46.03451351584412
H           58.18845137004305        7.12268231446719       47.01112838873156
H           57.62290545664298        8.28202237216837       45.78854167900363
H           57.25527213749012        8.55830673013420       47.50188089148055
H           56.18825553287404        6.25427060056753       45.78972120990040
H           55.82624174484413        6.48991262018458       47.50376001901263
C           57.89146777740025        9.36792381323341       51.36107475971849
C           56.74547863378412        8.55910421481849       51.96861791528358
S           55.23366765213361        9.54509983818174       52.21089190825839
H           58.09716734346173       10.24937266781047       51.97489137119762
H           58.80445676441431        8.76545367536463       51.29713704566878
H           57.62438546769871        9.70609722730023       50.35227932705004
H           56.55534455801042        7.67112782445798       51.35061277457708
H           57.05134807805693        8.20678661103397       52.96229358213010
C           55.79475080638616       16.38311330619431       47.93550683507617
C           55.69868677227986       14.98680643829714       47.33573626062702
S           55.69500541825303       13.73052610469557       48.66190859907403
H           54.97482494865147       16.55984236212645       48.64072860321802
H           56.73527099391139       16.50333760587633       48.47937225451330
H           55.75245975441748       17.15171141693093       47.15433171462124
H           54.81748026215683       14.91187815411614       46.69215726781569
H           56.58759140815069       14.80217327317085       46.72061155912451
C           49.41136833454249       18.36577922135376       50.65901299111196
C           49.79223594255318       17.86368169926693       49.25982515976712
C           50.52744352960524       16.56407123265521       49.33487243486723
N           49.88433176399693       15.35226926121131       49.29344100432930
C           50.81384058919455       14.37657640657587       49.45556971921422
N           52.01383663743911       14.90599663822142       49.60277739271405
C           51.84546818467437       16.26768334631177       49.52222592635296
H           48.75988745245765       17.64579679880700       51.15561432039444
H           50.30593245625958       18.50398712791618       51.26804762554654
H           48.88662005795432       19.31778910328070       50.58794540783880
H           48.88248283925709       17.74507657019237       48.66337687616378
H           50.41971195881126       18.61454825987500       48.76928050394842
H           48.89414192321038       15.23034272597489       49.18753176683071
H           50.55638427151691       13.31947780732045       49.46566201137062
H           52.68083632881694       16.94586404452290       49.60873782994919
Fe          52.14455811030980       10.65400945927027       49.02603898385254
Fe          53.86494109075019       13.92056151330351       50.02880002937439
Fe          54.11905271593694        9.50381599712493       47.70135552163750
Fe          54.25312239823198        9.97703509129385       50.24768568496100
S           55.83899171809550       10.23486794606790       48.78689324222113
S           52.88418588330404        8.63323737593161       49.28031609049793
S           53.21228661021964       11.95003947544535       50.48353572982108
S           52.91510224946334       11.23842624106354       47.01867603464996
Fe          54.43104538026184       11.86700153151104       48.57215105728655
C           53.06497121839276       12.86555936851875       46.04018991617037
O           52.15463923226891       13.65695899742724       46.23576647260404
O           53.99618000194678       12.87744164772913       45.23474431590332
67
 energy: -116.974053169524 gnorm: 0.016327454805 xtb: 6.6.1 (unknown)
C           53.58698391692158       15.44591970018947       53.79893839171840
C           53.44111045946116       16.19632764226140       52.47692841726944
S           54.66662782741663       15.58930545763188       51.27541971497035
H           52.90893865763812       15.83996022851498       54.56207154469223
H           53.37331318197300       14.38370376841448       53.65295660850472
H           54.61269322825815       15.53760584316859       54.16348408707292
H           52.40974363391368       16.09791182792129       52.11410631545299
H           53.63087177849673       17.26349905965014       52.64640957884632
C           47.99703046032121        9.32065114304712       49.93745065568491
C           49.10380915695348       10.24955332010945       50.43280978270375
S           49.92444341672832       11.01048228757912       48.99048796560544
H           47.45739855941395        8.85775649798781       50.76894114780040
H           47.28462515511691        9.88477694817703       49.33258942348901
H           48.42055572503741        8.53205792126993       49.31186260361267
H           48.65485271287832       11.03673329084059       51.05253374201995
H           49.79758148365601        9.68132735990129       51.06451914390391
C           57.37322395398169        7.78484298656826       46.72633996850913
C           56.05593792070862        7.02840501965536       46.56619805475954
S           54.70110202110978        8.11985048640502       46.03329852790950
H           58.19113766787538        7.11059283969242       47.00118462080491
H           57.63052281115798        8.28110308145094       45.78696037588873
H           57.27296128846486        8.55189837855120       47.50332684205023
H           56.17724844918292        6.26468976101287       45.78602951196726
H           55.82010333691616        6.50162961387910       47.50100349335822
C           57.88753416419230        9.35578971612440       51.37377364156998
C           56.75798645517199        8.52344755258609       51.98299458669001
S           55.22098350522262        9.47199202675335       52.22944253801152
H           58.07931931873483       10.24068146633015       51.98774206864784
H           58.81118570158467        8.76902047282938       51.30467334885441
H           57.61138270240033        9.69137372927941       50.36631029863809
H           56.58716055417405        7.62984496260281       51.36640590866536
H           57.07340511099769        8.17802502703233       52.97638783360975
C           55.78749392636774       16.37834518104985       47.93207489101891
C           55.66403545469498       14.97964624240892       47.34164529490019
S           55.70004010323601       13.73493185778053       48.68104073879470
H           54.96998988430308       16.57527024078846       48.63539491743203
H           56.73003616393987       16.48429717764176       48.47571509394488
H           55.76181638076453       17.13839983304315       47.14480952874064
H           54.76255240884992       14.90911027529731       46.72298958620419
H           56.53729138376906       14.78672352748393       46.70275476723057
C           49.41629949802643       18.35757147331879       50.65375981781290
C           49.80209443247751       17.85722534553383       49.25505356342094
C           50.53831763049661       16.55839647410147       49.33076564904081
N           49.89479657690324       15.34680435175128       49.29297430163344
C           50.82322872969430       14.37177216118596       49.45924745653361
N           52.02171920231287       14.90116514663003       49.60747106044460
C           51.85555044027898       16.26226188309303       49.52205597955214
H           48.76611193169088       17.63538741741592       51.14888955601561
H           50.30885006737401       18.49922052399715       51.26537524775297
H           48.88820693903703       19.30779127463475       50.58162607875532
H           48.89416136240664       17.73815500694252       48.65635715408713
H           50.43013668549243       18.60927499272835       48.76734398745508
H           48.90512704693199       15.22395986052856       49.17955752333558
H           50.56525140906871       13.31408487819956       49.46912864494649
H           52.69188211232144       16.94013182875222       49.60637679789011
Fe          52.15819400285179       10.68350983170965       49.02911612685210
Fe          53.87492035647831       13.90575749717393       50.05821691403344
Fe          54.13371929467024        9.52840496694998       47.70319762113331
Fe          54.24863996100338        9.95230448732263       50.27080125562772
S           55.84660015864551       10.21765269424508       48.82625153197188
S           52.87200320562086        8.64971269839991       49.25905269885031
S           53.22089477374168       11.93505238008183       50.52342483452109
S           52.97710819053115       11.31682056069353       47.04121284697636
Fe          54.45383870676074       11.86730952684217       48.63420453381200
C           53.01428724908568       12.89476128333720       45.94683324206844
O           52.06402357316170       13.64942485725629       46.12276392387180
O           53.93576264095959       12.91343363431361       45.13882646006048
67
 energy: -116.975581465175 gnorm: 0.020651843493 xtb: 6.6.1 (unknown)
C           53.57657904799223       15.45193370574001       53.80242713733782
C           53.43433795056453       16.20561085089977       52.48191520775106
S           54.66584860868804       15.60064468178457       51.28510624609098
H           52.89750670423391       15.84309423177882       54.56620127669815
H           53.36352385815459       14.39041037986222       53.65241365545545
H           54.60175803601689       15.54292293947477       54.16862158511054
H           52.40192270585057       16.11311069669735       52.11822397696135
H           53.62674303349066       17.27230622683699       52.65401892406143
C           48.01663289599526        9.32988345700017       49.94063692510158
C           49.11940510821172       10.26686733499751       50.42855577598093
S           49.93504442713688       11.02687619108743       48.98277227598346
H           47.48066332784055        8.87079055159811       50.77632003292661
H           47.30026074776916        9.88581776734711       49.33322336194678
H           48.44314566538075        8.53875231170896       49.32039614169003
H           48.66770046485592       11.05477372355837       51.04583703284248
H           49.81712573434767        9.70508807733406       51.06140594858844
C           57.38021649442978        7.78517053024664       46.72635965628928
C           56.05107027757585        7.04915736141804       46.56348523187339
S           54.71456275948459        8.16369537746321       46.02554499692194
H           58.18900621649895        7.09776569809504       46.99627115843627
H           57.64323396465672        8.28277751082771       45.78948170424116
H           57.29253260904392        8.54901075682969       47.50797877539429
H           56.16228867390620        6.28400536291125       45.78288927951203
H           55.80551736987824        6.52465502255571       47.49744319972802
C           57.88880072855740        9.34168541188091       51.39542969185631
C           56.76737362904875        8.49185219178903       51.99553804706292
S           55.21288915233571        9.41224018056108       52.23498260320934
H           58.06363047647932       10.22851474892202       52.01202441662494
H           58.82076575580601        8.76821787856669       51.32826672602334
H           57.61327881067929        9.67572061563810       50.38780676391326
H           56.61633855227458        7.59710328440826       51.37524084404840
H           57.08233159802410        8.14821926655020       52.98946285815422
C           55.77644588106254       16.37519290135367       47.92492308105616
C           55.62659314819432       14.97591915639696       47.33891218973157
S           55.68681108953101       13.73977607403822       48.68796501953215
H           54.96626984850013       16.58381681655572       48.63237176070827
H           56.72259684012064       16.46075505957135       48.46628033948701
H           55.76337738199240       17.12902616950390       47.13808151043151
H           54.71863643152413       14.92164229479486       46.72824697385682
H           56.49062725480232       14.77114719798112       46.68881533999216
C           49.42180442118286       18.34839338874951       50.64757469364339
C           49.81365059081142       17.84885463920847       49.24992588334234
C           50.55153328001131       16.55158272729377       49.32601126906433
N           49.90638247036233       15.34114062112359       49.29354814633688
C           50.83360859568995       14.36622309674074       49.46589842669316
N           52.02834802420128       14.89627010549220       49.61110580829506
C           51.86785082908995       16.25544742678826       49.52320359420684
H           48.77179642523295       17.62529645620258       51.14153780718186
H           50.31120231525188       18.49488376550511       51.26337801530627
H           48.89080890830867       19.29686686064166       50.57114502890420
H           48.90776207904197       17.72758961192318       48.64941097036142
H           50.44178783148973       18.60255088393892       48.76534316038948
H           48.91661210099925       15.21852949632860       49.17867920771288
H           50.57651245694076       13.30723763544135       49.47203512425174
H           52.70567807577832       16.93299158855631       49.60177564889680
Fe          52.17194324230267       10.70972497553291       49.02246730088468
Fe          53.88668251583080       13.89246613339244       50.08825407731930
Fe          54.12871251629271        9.55486312054087       47.70197122805853
Fe          54.25010247054072        9.93769908164731       50.27802349812267
S           55.83900407900293       10.21161738401305       48.83794300674822
S           52.86157767820326        8.66767062469860       49.24539702829662
S           53.22294806858290       11.91796212283694       50.54590914309002
S           53.00935435012381       11.38117302598969       47.04703251243927
Fe          54.45593868854577       11.87637479664456       48.65504434363832
C           52.97430206368537       12.89547799173284       45.88700407251557
O           52.00025300060722       13.61486243932788       46.07789592607718
O           53.88720586096525       12.92513079320472       45.08049777561814
67
 energy: -116.976805805365 gnorm: 0.018783598640 xtb: 6.6.1 (unknown)
C           53.56430309673797       15.45791972009327       53.80764459009518
C           53.42941476102346       16.21338175388855       52.48767315610977
S           54.66525428562052       15.60477387090948       51.29714604763137
H           52.88233380751397       15.84839822534507       54.56904317635998
H           53.35053152214756       14.39699761893597       53.65433531135850
H           54.58829478046290       15.54734036852180       54.17785061405579
H           52.39794617130573       16.12485433668255       52.11957191124477
H           53.62486601124528       17.27924594137121       52.66190259060282
C           48.03945422729745        9.34044200151715       49.94451900272803
C           49.13740100655529       10.28756426289895       50.42434415665974
S           49.94445180199859       11.04395351126607       48.97185472184473
H           47.50709540399872        8.88478633035044       50.78483884343803
H           47.31947193947493        9.88785826344178       49.33308315579391
H           48.46934926162259        8.54665638697320       49.32990738089951
H           48.68271037716474       11.07629394891881       51.03802406045774
H           49.84027838102024        9.73394977235372       51.05886237058250
C           57.38454924566140        7.78863772739663       46.72591695363911
C           56.04345922214592        7.07505105517882       46.55825185194895
S           54.72616414128671        8.21105318369096       46.01387268472148
H           58.18134323795677        7.08506785136285       46.99140745508542
H           57.65666007921234        8.28714706027242       45.79199247460477
H           57.31063241480562        8.54884748659682       47.51262241154832
H           56.14499237773692        6.30805411525923       45.77837350067323
H           55.78587636140978        6.55506216897230       47.49141966269369
C           57.88483987548893        9.32585546276434       51.41620906953731
C           56.77334411281558        8.45675606874132       52.00624049536214
S           55.20023740769701        9.34701167928750       52.23787649582830
H           58.04272942893574       10.21211434264238       52.03760259093384
H           58.82594986825370        8.76848879539914       51.35405063679935
H           57.61152501147897        9.65832034469859       50.40788775659901
H           56.64294496710860        7.56160742659653       51.38166456816815
H           57.08768643741899        8.11643596707115       53.00159732500529
C           55.76670986839710       16.37703439832568       47.91555177757226
C           55.59777670798552       14.97389448432445       47.34196251904803
S           55.69474539189417       13.75071041239474       48.70140670507930
H           54.96696346690323       16.59767910330518       48.62986571194524
H           56.71678049214793       16.44533381603797       48.45226712183929
H           55.75929502579687       17.12953296102952       47.12516375153102
H           54.66859410624493       14.91372924020980       46.75529997377281
H           56.44195989369853       14.76054593214652       46.66805175813404
C           49.42794428613563       18.33896798163087       50.64060334110935
C           49.82523957199629       17.84251303861022       49.24356783054196
C           50.56384895092194       16.54582919975949       49.32202206043624
N           49.91723304681162       15.33620523182990       49.29233069126275
C           50.84332820421992       14.36068293484486       49.47114021847706
N           52.03872478714809       14.88943044913415       49.61263466295767
C           51.88038723208840       16.24825526135028       49.52251548930239
H           48.77889167757617       17.61313076281820       51.13197173050209
H           50.31488466420775       18.48807746857081       51.25882192468473
H           48.89422979427069       19.28560706062781       50.56224840051353
H           48.92130747186640       17.72049379104357       48.63954662100296
H           50.45434204533169       18.59766594462283       48.76224345172207
H           48.92773146231177       15.21461498313655       49.17832894587136
H           50.58521636724178       13.30210400215331       49.47953279740605
H           52.71854250047146       16.92463770770420       49.59955626947542
Fe          52.18478511121176       10.72456221604317       49.01836157021951
Fe          53.90258232844649       13.87668667481024       50.11604248560345
Fe          54.14110733192041        9.58185082975024       47.70804835936995
Fe          54.25276693706526        9.93126581783390       50.28167973889158
S           55.84397780907634       10.22358057493373       48.85645805301639
S           52.85779810889274        8.68061776786731       49.22574926807345
S           53.22456998323106       11.90377576061938       50.57133455756292
S           53.04663820568692       11.42230609797294       47.06353573797705
Fe          54.46232461808970       11.89874991708622       48.66574765188916
C           52.92020598225832       12.88349171278632       45.83751759435822
O           51.91629846048409       13.57166199310407       46.01522546939155
O           53.83293328338203       12.91967821225747       45.02596910646019
67
 energy: -116.977985342049 gnorm: 0.011288276490 xtb: 6.6.1 (unknown)
C           53.54883803703531       15.46405171868372       53.81692833883394
C           53.42778871716530       16.21574162439514       52.49368898208890
S           54.66947702662426       15.59516241540469       51.31499911435181
H           52.86178014225729       15.85877837265599       54.57138325809197
H           53.33299136603557       14.40347232026138       53.66472021361956
H           54.57029811936238       15.55176798781757       54.19478291714983
H           52.39822914151121       16.13292845395986       52.11846840261774
H           53.62899813621711       17.28085492649689       52.66580491249350
C           48.06746924025015        9.35208416790434       49.94976493407161
C           49.16050860574796       10.31063415791945       50.41821215469984
S           49.95721259152693       11.05815299332019       48.95595146280122
H           47.53936813976840        8.90114635834305       50.79569586281143
H           47.34365955125372        9.88962511143093       49.33362949519247
H           48.50111755592801        8.55512766363734       49.34182932893037
H           48.70355138448281       11.10139003735779       51.02706946968967
H           49.87025234741303        9.76721502852749       51.05400842197228
C           57.38618522077254        7.79793790350694       46.72768792315760
C           56.03266459337606        7.11059472024154       46.55049482797194
S           54.73914012387683        8.26951590721900       45.99566356972277
H           58.16674680397148        7.07537379492982       46.99143362088229
H           57.67326728797636        8.29651508963568       45.79795417654260
H           57.32562287099751        8.55407251958920       47.51926431555589
H           56.12515659271581        6.34127697976529       45.77237023758092
H           55.75787887929695        6.59783514898877       47.48262292744590
C           57.87984610036450        9.30907793868870       51.44199627132008
C           56.77272330724723        8.42348708245610       52.01280127873754
S           55.18669033840750        9.28968402982321       52.23252804062419
H           58.01737987667597       10.19277090818092       52.07126363312552
H           58.82951294906938        8.76710075655843       51.39126016952787
H           57.61613048381067        9.64218904861590       50.43176862538780
H           56.66307778953662        7.53066522545899       51.38145508734929
H           57.07900667209176        8.08228544893417       53.01037341703815
C           55.75387157841833       16.38251980362136       47.90357151868687
C           55.56907988409935       14.97784334645657       47.34035494556984
S           55.70367256275483       13.76341565828906       48.70224069261853
H           54.96795095886851       16.61055353386617       48.62917829887292
H           56.71024628228014       16.43726728661656       48.42955064841127
H           55.74330015861595       17.13654823074046       47.11230322478675
H           54.62533945919129       14.91078264082322       46.77505667656749
H           56.39241950538518       14.75956149737639       46.64589503602329
C           49.43472925245443       18.32928771262008       50.63191316100761
C           49.83868693908543       17.83625374782743       49.23585684774113
C           50.57747847546171       16.54010103261133       49.31784596497016
N           49.92863551425420       15.33167689282182       49.29177857777580
C           50.85307852955145       14.35510937385110       49.47697900516824
N           52.04968352851618       14.88205509807848       49.61446185169837
C           51.89423558455498       16.24048871652477       49.52022880213253
H           48.78663578988088       17.60006793390058       51.11965320132567
H           50.31883436874664       18.48040281341184       51.25304414643649
H           48.89812093210585       19.27393653463309       50.55209993191544
H           48.93742734976459       17.71307712439798       48.62729948597095
H           50.46907754186103       18.59270050657873       48.75803847726257
H           48.93862880436053       15.21218362217206       49.18427340741252
H           50.59375832912111       13.29718139868644       49.48778382842053
H           52.73290290215129       16.91540251209151       49.59557582412894
Fe          52.19980461798581       10.73329958904740       49.00839568097149
Fe          53.92414924197785       13.85952163269397       50.13676130830644
Fe          54.14087434733013        9.61077246894447       47.70858944687182
Fe          54.25953598635950        9.93336826666725       50.27666261482356
S           55.84867838872838       10.23727615147500       48.86092520037992
S           52.86135665408612        8.69008492274738       49.20821903342104
S           53.22626124629998       11.89129463976378       50.59105062574451
S           53.05447390386885       11.44644157939078       47.06842429307044
Fe          54.46477506135395       11.92026569286462       48.66364053058449
C           52.86960796496187       12.84350472230245       45.81733246725817
O           51.85856281020303       13.51334208224063       45.99415048085200
O           53.77831175261388       12.87872618324678       44.99287974144195
67
 energy: -116.978954704378 gnorm: 0.010931214636 xtb: 6.6.1 (unknown)
C           53.53056054481177       15.46912003128197       53.82838070745925
C           53.42877658716477       16.21430234855407       52.49970100320835
S           54.68115999839711       15.58314090969922       51.33710810805461
H           52.83629661696767       15.87049510355339       54.57283716085360
H           53.31192290045021       14.40882811642326       53.67867329643288
H           54.54798204648603       15.55419840001313       54.21784359968428
H           52.40279513957356       16.13685788727793       52.11354976888914
H           53.63505759656735       17.27879659677899       52.66877263763197
C           48.09799115867309        9.36495638717616       49.95620642290844
C           49.18511518831101       10.33561963209390       50.41306579899517
S           49.97468478630722       11.07021103372141       48.94106197715517
H           47.57313025764478        8.91969125454726       50.80706133725342
H           47.37092219843409        9.89167762945738       49.33444730576146
H           48.53688248153543        8.56459535209724       49.35637021005213
H           48.72439451883093       11.13024124591201       51.01395740347123
H           49.90051936268971        9.80423230382795       51.05279524523090
C           57.38658145945164        7.80861742397186       46.72883120415232
C           56.02253225887438        7.14628424986048       46.53953071991889
S           54.75476976622500        8.32812435412987       45.97478823634783
H           58.15165896359019        7.06972551423242       46.99203312691501
H           57.68872590766361        8.30791204356346       45.80402059536870
H           57.33563631078164        8.56021642500405       47.52491366901171
H           56.10718433723345        6.37541880135886       45.76256998305599
H           55.72975365251485        6.64045629926178       47.46985996822877
C           57.87020575922597        9.29229531311860       51.46913762663558
C           56.76772995301483        8.38721110595916       52.01806888910858
S           55.16726476155659        9.22716984429571       52.23144052921663
H           57.98490427465549       10.17376462295653       52.10677909234956
H           58.82920868487820        8.76544969654834       51.42940532521857
H           57.61628763193151        9.62812030777622       50.45727335268602
H           56.67904055216965        7.49687241354299       51.37959915938775
H           57.06640696152435        8.04216728589117       53.01664842851610
C           55.73998884482332       16.38854821886174       47.89364821840341
C           55.53691189971378       14.98399121155766       47.33981849954614
S           55.72003496700345       13.77871571865725       48.70337392285580
H           54.96812413153430       16.62672696850671       48.63145457728635
H           56.70598820312326       16.43954087159316       48.40139649708902
H           55.72032360590683       17.14122155289241       47.10017612247063
H           54.57606577149878       14.91147524045513       46.80614228354503
H           56.33553291279416       14.76514233411075       46.61797239895277
C           49.44251194560324       18.32066647003119       50.62231937307462
C           49.85432775222338       17.83160288689144       49.22728312092033
C           50.59206457431968       16.53542179062201       49.31304708222385
N           49.94087644808810       15.32805358690331       49.29158517514350
C           50.86282451722449       14.35068965540786       49.48084588446732
N           52.06091881139322       14.87551108796245       49.61600399106570
C           51.90824975051154       16.23388323118105       49.51576817460024
H           48.79563276982332       17.58714387673634       51.10525323638813
H           50.32376857675789       18.47275782406993       51.24703625460887
H           48.90247305586848       19.26329592623259       50.54341253482266
H           48.95667212536208       17.70853553877676       48.61311184834184
H           50.48706650488757       18.58882529144332       48.75386383684881
H           48.94979153891499       15.21065159839884       49.19047948732101
H           50.60156253423396       13.29327995275761       49.49486139209879
H           52.74816558415687       16.90718950197434       49.59066068115734
Fe          52.21759678147956       10.74083254445041       49.00655037993668
Fe          53.94913092887311       13.84571051578599       50.15771270168178
Fe          54.15090969565070        9.63038700903678       47.71051422966061
Fe          54.26946380959002        9.93179170650527       50.27822412990908
S           55.86468549688413       10.24484084858492       48.87183638453522
S           52.87165656810357        8.69515802659817       49.19561204862767
S           53.23783326119979       11.88217596305859       50.61152095245669
S           53.07781230449521       11.47183046358118       47.08651214870223
Fe          54.48352327500133       11.93314686004060       48.68177950194007
C           52.80969966601486       12.80299548710726       45.78579368358595
O           51.77048391820809       13.44412292800468       45.93276536742369
O           53.70800105062118       12.84219816744274       44.94482235917004
67
 energy: -116.979769695190 gnorm: 0.010873063562 xtb: 6.6.1 (unknown)
C           53.51020058024893       15.47221103496130       53.84316542973787
C           53.43350237733546       16.20797186248271       52.50695672826352
S           54.69843909911844       15.56424404175685       51.36463455683212
H           52.80608307229251       15.88467349935513       54.57271190214225
H           53.28746676826353       14.41182331121537       53.69964222936460
H           54.52159190502633       15.55447722528436       54.24897621472849
H           52.41337348653865       16.13316482414591       52.10557121027997
H           53.64379816320076       17.27243544853981       52.67063214389648
C           48.12851307507282        9.37632875235225       49.96388076039815
C           49.20906621930659       10.35853368160920       50.40995068404056
S           49.99426427224713       11.07783560640106       48.92920338281242
H           47.60573565523163        8.93723573236774       50.81871293459925
H           47.39910522630485        9.89202439830838       49.33593161564364
H           48.57354533107485        8.57276318810083       49.37284061874340
H           48.74382841080565       11.15846659022117       51.00038388819764
H           49.92836031852151        9.84005853533947       51.05568478720885
C           57.38504669271451        7.82178691595698       46.73008789151164
C           56.01498606932047        7.17923738792225       46.52552869953760
S           54.76997321842992        8.37884214315195       45.95523160695406
H           58.13654795816556        7.07159166807416       46.99567977512065
H           57.70241815365740        8.32230252613120       45.81104432713890
H           57.33735339611992        8.56870024734222       47.52996382511856
H           56.09538521227328        6.40879041351943       45.74827123163323
H           55.70572247627261        6.67839284735696       47.45256593538094
C           57.85709446907696        9.27822065143484       51.49707998412684
C           56.75479459528890        8.35745338545560       52.01976745531493
S           55.14759873720607        9.18277058038970       52.22326288406096
H           57.95076121142770       10.15540036140960       52.14390955243321
H           58.82186752747516        8.76114207475711       51.47119049545205
H           57.61774472729932        9.62028829195753       50.48322059573188
H           56.68100845987048        7.47444722778866       51.37007488982857
H           57.04218948867288        8.00131035083739       53.01814939673996
C           55.72489964836307       16.39837430126072       47.88441665904207
C           55.50793340037054       14.99423116562631       47.33834814188194
S           55.73756330325379       13.79111058655254       48.69476239085263
H           54.97093991282281       16.63952127391277       48.64041164761746
H           56.70460255661173       16.45654292633086       48.36474046723656
H           55.68231140837234       17.14940924022050       47.08948236293078
H           54.52872126581929       14.91909672283799       46.84136150966362
H           56.28197876968191       14.77931899275145       46.58842586615688
C           49.44958977429358       18.31488049188650       50.61232748769021
C           49.87057050094243       17.82992035545424       49.21863856760768
C           50.60663956571820       16.53344330030293       49.30915595425519
N           49.95352420395484       15.32686580847998       49.29224271228628
C           50.87294329655342       14.34919966657307       49.48476772210450
N           52.07242067572456       14.87221913954498       49.61798636446850
C           51.92195989893661       16.23051074068832       49.51123081318680
H           48.80305958383205       17.57730511750047       51.08951592330439
H           50.32763179334147       18.46693139033279       51.24172450686014
H           48.90680597858663       19.25593459277385       50.53486967338977
H           48.97751279669305       17.70811741093108       48.59761130778634
H           50.50713997919830       18.58723187253999       48.75075354531526
H           48.96081023431653       15.21152871535668       49.19962261103771
H           50.61002444998537       13.29196011784121       49.50065800468399
H           52.76345197855958       16.90231265359179       49.58462346087973
Fe          52.23427860534292       10.74120242077128       49.00850534618763
Fe          53.97945626289766       13.83917940546557       50.16955390922568
Fe          54.16334478006736        9.64291222913653       47.70871980254547
Fe          54.27980702742018        9.93007813457845       50.27693267064661
S           55.88318096871306       10.25472478666557       48.87760689558022
S           52.88799117136525        8.69152092473665       49.18558606891925
S           53.25882527502336       11.87959338790644       50.61556142371559
S           53.08190867398142       11.48042109086862       47.10022008520939
Fe          54.50492808290598       11.93861214581000       48.68572325331247
C           52.75763766973751       12.74381118873615       45.76751652768665
O           51.71092417186113       13.36817098558724       45.90293088733242
O           53.63407218091947       12.78371270064397       44.89944816645419
67
 energy: -116.980300857131 gnorm: 0.011404626187 xtb: 6.6.1 (unknown)
C           53.48922483364944       15.47484461881723       53.85814180922927
C           53.43859619186749       16.20126676686474       52.51507468258152
S           54.71718716031581       15.54703340135576       51.39416621226038
H           52.77479443951452       15.89828818982946       54.57175198921313
H           53.26202272649297       14.41457299617266       53.72039165447987
H           54.49375064741677       15.55432949830660       54.28150576357086
H           52.42495168575707       16.12746904460032       52.09774981708696
H           53.65077327291210       17.26591205324683       52.67510183444048
C           48.15794102678144        9.38642780339374       49.97393228005707
C           49.23066479276835       10.38089000274496       50.41044686340357
S           50.01417926108262       11.08633344792617       48.92303759088249
H           47.63662379116151        8.95351456239195       50.83241914193773
H           47.42636441954411        9.89014210440098       49.33883912576985
H           48.61014958841369        8.57967752855199       49.39259550481437
H           48.75920535772342       11.18599287131872       50.98915689723668
H           49.95216612580104        9.87589078781014       51.06428180243638
C           57.38597797501704        7.83178867942919       46.72998253236032
C           56.01175569992763        7.20466165258237       46.50906559102520
S           54.78728208350368        8.42215831603826       45.93742712698599
H           58.12693014623834        7.07287311058191       46.99802993407456
H           57.71647160793708        8.33533259019235       45.81730513565528
H           57.33777766871042        8.57414290912920       47.53406281891003
H           56.09003465724543        6.43729838111566       45.72864540314387
H           55.68832707890380        6.70353898772351       47.43070166930358
C           57.84342587248472        9.26428216419233       51.52707752125710
C           56.73993863064914        8.32870654967285       52.02135629787671
S           55.12608937359344        9.14127322333315       52.21695211906841
H           57.91701140431511       10.13647068906604       52.18328291323335
H           58.81289036918217        8.75512879448384       51.51342119378232
H           57.61857534158344        9.61426227553317       50.51216561632625
H           56.67943147370413        7.45533210806702       51.35697096920111
H           57.01681577139698        7.95764490154213       53.01768829508775
C           55.70627508560815       16.41096982192047       47.87512343054605
C           55.47454812572349       15.00587226275351       47.33728862788332
S           55.75025037909944       13.80219747866034       48.68503420143362
H           54.97354349607042       16.65085903966557       48.65304641414522
H           56.70155718362208       16.47694288207544       48.32430202304222
H           55.63628015583919       17.15873789198149       47.07927702026071
H           54.48029030704179       14.93209802851427       46.87575640742928
H           56.22477809162264       14.79425048108360       46.56232122555212
C           49.45690706341458       18.31119743064444       50.60251067198310
C           49.88879229951002       17.83003699079222       49.21072202578814
C           50.62347217547206       16.53327417323082       49.30548938093359
N           49.96877751139402       15.32740590708113       49.29318419354090
C           50.88617418446059       14.34975763467001       49.48949951600030
N           52.08615774864877       14.87141428404355       49.61981028138151
C           51.93799659547016       16.22937085121703       49.50809287733228
H           48.80946103433545       17.57048329998803       51.07354409558431
H           50.33075352405691       18.46357038682816       51.23809513193412
H           48.91206836971937       19.25103456500469       50.52472575108753
H           49.00099848249737       17.71025782334257       48.58202412517539
H           50.53013034958359       18.58750737338623       48.74984897397203
H           48.97483022745574       15.21367646663149       49.20742769366245
H           50.62210589515939       13.29224688663962       49.50583205578722
H           52.78107109842343       16.89990181470575       49.57828856261237
Fe          52.25067682237447       10.74482377766325       49.00605936353363
Fe          54.01080515124929       13.83245195213050       50.18231353397337
Fe          54.18000425373722        9.65075057827813       47.70756928968109
Fe          54.29233988983294        9.92775152395362       50.27486828274019
S           55.90074357457686       10.26478439289533       48.87970838755789
S           52.90422951133664        8.69284028253873       49.17851818895212
S           53.27818209898026       11.87679406300820       50.62183057079127
S           53.09438859818983       11.48670312114714       47.10138212051203
Fe          54.52046002597988       11.94362903509494       48.68831839444918
C           52.70605757165026       12.68598514018733       45.74014667945188
O           51.62892211768158       13.27751517761712       45.85465013596345
O           53.57539672461994       12.74025696035287       44.87055262866645
67
 energy: -116.980755344737 gnorm: 0.010223137982 xtb: 6.6.1 (unknown)
C           53.46642950699398       15.47625652405159       53.87280830725174
C           53.44305534803490       16.19361707717132       52.52385340444295
S           54.73752129976671       15.53111689701494       51.42656933795577
H           52.74141116027211       15.91006018689611       54.56966965266393
H           53.23461423370578       14.41632215961048       53.73978551134829
H           54.46324585704956       15.55305107934579       54.31465669887235
H           52.43693578031828       16.11904360033548       52.08917255177983
H           53.65483391166480       17.25855620925214       52.68207454601389
C           48.18658445274114        9.39480433886815       49.98556815636448
C           49.24946344752516       10.40328793231460       50.41387340686201
S           50.03241541466343       11.09626937730496       48.92078162488545
H           47.66596957800287        8.96770787189847       50.84724691855749
H           47.45302919866037        9.88518842643244       49.34198863724792
H           48.64755265588589        8.58506958836527       49.41505279234045
H           48.76920671619806       11.21281080084708       50.97935379811861
H           49.97179017672613        9.91297341572172       51.07819497979151
C           57.39094501269943        7.83841009237760       46.72862480006062
C           56.01469761241665        7.22228059591759       46.49015756359923
S           54.80706863026610        8.45719662370184       45.92413630276938
H           58.12445862588658        7.07329889497068       46.99862429643903
H           57.73246686853994        8.34705518582115       45.82304098549911
H           57.33858546800377        8.57583194360974       47.53760792692056
H           56.09307254178633        6.46169323214345       45.70284967945629
H           55.68011490012448        6.71491541463270       47.40400087058824
C           57.82813163811659        9.24994447342013       51.55885294810415
C           56.72400094331834        8.29923278189265       52.02368150365590
S           55.10251010407336        9.09914135453716       52.21458637476897
H           57.88299020173771       10.11575084807144       52.22516793564181
H           58.80168647449540        8.74810092706981       51.55534652639616
H           57.61695884852232        9.60965164118564       50.54421775373858
H           56.67516552597303        7.43752970012847       51.34209856646557
H           56.99190905060692        7.91078242880462       53.01616456732623
C           55.68439497759950       16.42655822894119       47.86620900006903
C           55.43894653747382       15.01881487951838       47.33848108565557
S           55.76486935607625       13.81535140209489       48.67825806826593
H           54.97660389324870       16.66256645958335       48.66921757660035
H           56.69567311252024       16.50163852778737       48.28067159773460
H           55.58155564294785       17.17137459674395       47.07026195644183
H           54.42657393606012       14.94271212639232       46.91777495848824
H           56.16203333469428       14.80984941438264       46.53605367323532
C           49.46376307793511       18.30950328897655       50.59240675757432
C           49.90842295062239       17.83265471491154       49.20302650968324
C           50.64176033706778       16.53544792520730       49.30199626302625
N           49.98620044485482       15.32992296830810       49.29351744323787
C           50.90232145840401       14.35266458798327       49.49411481293355
N           52.10279991723855       14.87329441983900       49.62169221085860
C           51.95584684781758       16.23102379196311       49.50588516571091
H           48.81435610493644       17.56592944758585       51.05626961772223
H           50.33239492683682       18.46202724239539       51.23539147051699
H           48.91746046521637       19.24836035775449       50.51305100082119
H           49.02673389695766       17.71589078304790       48.56519368662720
H           50.55559192210355       18.59045389287891       48.75084993048446
H           48.99173986260193       15.21708779950299       49.21166157407841
H           50.63738858297086       13.29491170921218       49.51129928474706
H           52.79993553285545       16.90054779885192       49.57313280089871
Fe          52.26431853359521       10.74781329579952       49.01421811096875
Fe          54.04349726608034       13.82585445572124       50.19673203927392
Fe          54.19767564926057        9.66020046642692       47.70552921807385
Fe          54.30630700238763        9.92318366311220       50.27367692196344
S           55.91806576672622       10.27189783367978       48.88181016709189
S           52.92099263678520        8.69540651164162       49.17066504363248
S           53.30156710225240       11.87406406025447       50.63066627505859
S           53.10592619510487       11.50215687967400       47.11205344824301
Fe          54.53819029633559       11.95238797198462       48.69163571094731
C           52.65133897118641       12.63032601275669       45.69191371376618
O           51.56838021290340       13.19795584931121       45.81882209388937
O           53.49430826360221       12.68804580222218       44.79594225579120
67
 energy: -116.981151682984 gnorm: 0.009018781924 xtb: 6.6.1 (unknown)
C           53.44976553853856       15.47468548164197       53.88342501608924
C           53.44821975257862       16.18256600244627       52.52964897030768
S           54.75702475133188       15.51319768146032       51.45423295361113
H           52.71724564497050       15.91759663520673       54.56613133058255
H           53.21411311867470       14.41500818025629       53.75559056078513
H           54.43976362512990       15.55024522768128       54.33953495181371
H           52.44855335224278       16.10631205297227       52.08146162852968
H           53.65841007231943       17.24814493364309       52.68565084298234
C           48.20361726368798        9.39650609417042       49.99851801830246
C           49.25747073744491       10.41580693669260       50.42293716985117
S           50.04377286238967       11.10059216677921       48.92830111215189
H           47.68215123573140        8.97299332186044       50.86135726411577
H           47.46954836206314        9.87648430985545       49.34786101322285
H           48.67253563453596        8.58543646330170       49.43658135681908
H           48.76869551307376       11.22744189368019       50.97767712413111
H           49.97874807576596        9.93682279088007       51.09635922179356
C           57.39762440321051        7.83984054359263       46.72649583775305
C           56.02390185073169        7.22453202885226       46.47273657128957
S           54.81831162835541        8.46419250902173       45.91874658333963
H           58.13025376950744        7.07528797411314       46.99926322105375
H           57.74565532408039        8.35404970671044       45.82703747226892
H           57.33569647686235        8.57348160638553       47.53884270985382
H           56.10806085313192        6.47468353425400       45.67526018712276
H           55.68618985169565        6.70357358075926       47.37735881630520
C           57.81681765218819        9.24101312931836       51.58067979005005
C           56.70767211675793        8.28618625175124       52.02128461760033
S           55.09104302419248        9.09347942238318       52.20727302913505
H           57.86278158046121       10.09889258396197       52.25617437097483
H           58.78954989906597        8.73894128491814       51.58442705071543
H           57.61749518272999        9.61207987843174       50.56772963440086
H           56.65860428824659        7.43794817433123       51.32396561241382
H           56.96623043404026        7.87902365701849       53.00897874730455
C           55.66339813125879       16.44306037245707       47.86126454803500
C           55.41676329231242       15.03482885184011       47.33619776937915
S           55.76386189609122       13.82633217221988       48.66228531549300
H           54.97777019715396       16.66617608431375       48.68652924828375
H           56.68568846828904       16.52900761837331       48.24502421932964
H           55.52545465562468       17.18906118041041       47.07132087069320
H           54.40041302671560       14.95860511531619       46.93815172762419
H           56.12350256526457       14.82817131540860       46.52417651008061
C           49.46767358545316       18.31362937964644       50.58573069494634
C           49.92358166901433       17.83961340046235       49.19906975591493
C           50.65559430032139       16.54186159767428       49.30054491415162
N           49.99994645736560       15.33638016593529       49.29397314247390
C           50.91623001193957       14.35958193011001       49.49656304410852
N           52.11640504355268       14.88029134838798       49.62227903975955
C           51.96974856664411       16.23769569157697       49.50525727737742
H           48.81475584455997       17.56927515564445       51.04328832782684
H           50.33112869938846       18.46545200200257       51.23586494790003
H           48.92191305938705       19.25253114165876       50.50316636337581
H           49.04734858360685       17.72590119027798       48.55332403703065
H           50.57594860974783       18.59756817866606       48.75471766292052
H           49.00549289639638       15.22371025120066       49.21431598957144
H           50.65159108016583       13.30157035507126       49.51409387493019
H           52.81384488157757       16.90716004574594       49.57038867968981
Fe          52.27112463468541       10.74633796068964       49.01076348231889
Fe          54.06579709426656       13.82433494689552       50.20143371629184
Fe          54.21011825656620        9.65955264908549       47.70526663558872
Fe          54.31065551123596        9.92386229690135       50.26781773110937
S           55.92681590349743       10.28116549868469       48.88054713746277
S           52.92705911873793        8.69506467591940       49.16615827177735
S           53.31346560943206       11.87579120655291       50.62394544728004
S           53.10310571133849       11.49047658208609       47.09750862404027
Fe          54.54284468118131       11.95893127324706       48.67686315434328
C           52.62922213760076       12.58129583372043       45.67423447940994
O           51.54077196330893       13.13092962512040       45.81376569946272
O           53.46219618061995       12.64257765854088       44.77253524338931
67
 energy: -116.981555016999 gnorm: 0.011517506321 xtb: 6.6.1 (unknown)
C           53.42834798715914       15.47264163560269       53.89453617987157
C           53.45003077707906       16.17250495027981       52.53705248185221
S           54.77268983350792       15.49374706695578       51.48505483830640
H           52.68848103071261       15.92350024223960       54.56336332021147
H           53.18892696156093       14.41355444850775       53.76996175065911
H           54.41151164468306       15.54646978599901       54.36472930889185
H           52.45684349554236       16.09725346430630       52.07471121071368
H           53.66069081754021       17.23852343141226       52.69031428713772
C           48.22683562197393        9.40002175142136       50.01457909444485
C           49.26887618619443       10.43489310730043       50.43242348596307
S           50.05707086552837       11.10986023629991       48.93399856920502
H           47.70519396040961        8.98136083689174       50.87996720967806
H           47.49120755771413        9.86547943615973       49.35464108830262
H           48.70599536650556        8.58671453479042       49.46428652893324
H           48.76895764639566       11.24836340673415       50.97436921343783
H           49.99058423746951        9.97113319996064       51.11645767937917
C           57.40920955340906        7.83935276714421       46.72381376040426
C           56.03551675029696        7.22915869173061       46.45208837074841
S           54.83193107049120        8.47812559286536       45.91364627628761
H           58.13900193987675        7.07116033847175       46.99693952801746
H           57.76618693342823        8.36121747418572       45.83207996964128
H           57.34094400349107        8.56672234284606       47.54189730756087
H           56.12454434479720        6.49362543845451       45.64111763159895
H           55.69340315945266        6.69028242756522       47.34528500781236
C           57.80498596324837        9.22628349995116       51.60921619000433
C           56.69378813690240        8.26162715115331       52.02161829944811
S           55.07696099210172        9.06812868090010       52.20632292902619
H           57.83677515322015       10.07478052985453       52.29797696478175
H           58.78039941663518        8.72948031376076       51.61957843894136
H           57.61736711981641        9.61027296745435       50.59904182622083
H           56.65050782021319        7.42718505799726       51.30712445078381
H           56.94271902504826        7.83602503777208       53.00388543018580
C           55.63921125337814       16.45967152801786       47.85645520985053
C           55.37869874616333       15.05126019964252       47.33521933812354
S           55.77012526009717       13.84112577969231       48.65233212488330
H           54.98393529260765       16.67465978901369       48.70968081959636
H           56.67508129997484       16.54891706477351       48.20201894561690
H           55.46459621547996       17.20826723441878       47.07609388353228
H           54.34126817777367       14.97343554763364       46.97643447472083
H           56.05644169104322       14.84470146280277       46.49228798611213
C           49.47345757414318       18.31739658277048       50.57687885999484
C           49.94384213252320       17.84743164919807       49.19365229237327
C           50.67459713818875       16.54931844403283       49.29801252962265
N           50.01859284769555       15.34407261944029       49.29385622511698
C           50.93511272425616       14.36752165512032       49.49907809245811
N           52.13476226603928       14.88841072632106       49.62297923648319
C           51.98894371505548       16.24531381312082       49.50451812818360
H           48.81643420469873       17.57157173333152       51.02624387227546
H           50.32992525555469       18.46899700049560       51.23614372942500
H           48.92775192897464       19.25593108833372       50.48983573099964
H           49.07442730737858       17.73654951344669       48.53798437394162
H           50.60172305317227       18.60632739324664       48.75901313666105
H           49.02442970527226       15.23138069291716       49.21405079802922
H           50.67077153212001       13.30948732651590       49.51822270438817
H           52.83258675238013       16.91497899933379       49.56821528081306
Fe          52.28371156617835       10.75256319512158       49.00359362774590
Fe          54.09241239343794       13.81796573214139       50.21011499737724
Fe          54.22378617246616        9.66748768017007       47.70795384823361
Fe          54.31493823611438        9.92521698079921       50.26537662722497
S           55.93533323101737       10.29027465975090       48.88811607358308
S           52.92953782446053        8.70180387860840       49.15627625729065
S           53.32334343182271       11.87400265711086       50.62562288813346
S           53.11928780838595       11.49585251401264       47.08793323324197
Fe          54.55182269636665       11.97332120785003       48.67031293830976
C           52.59216842789158       12.53412502525679       45.63786793840074
O           51.48024112958914       13.04880350051791       45.77461853250502
O           53.41697183593573       12.59723606826585       44.73081700634729
67
 energy: -116.981907105240 gnorm: 0.011295505390 xtb: 6.6.1 (unknown)
C           53.41152589801709       15.46663759071135       53.90071085251552
C           53.45037346666965       16.16031141498036       52.54152914769942
S           54.78109761521393       15.47211714738422       51.50780301778306
H           52.66689060180828       15.92286189725903       54.55911488601036
H           53.16931165442434       14.40818899651769       53.77778995044979
H           54.38946138160128       15.53926713980749       54.38054621755271
H           52.46218182667184       16.08682448539556       52.06925977920142
H           53.66248376072954       17.22669088313146       52.69180077905549
C           48.24241441248101        9.39903958259165       50.03194829631262
C           49.27264173340076       10.44877511862469       50.44420028779857
S           50.06012070564677       11.11953941483797       48.94258170685926
H           47.72044661229754        8.98381814405954       50.89920760350400
H           47.50539297990070        9.85064667412789       49.36394977272804
H           48.73157701512222        8.58464703293786       49.49237786577271
H           48.76110836764725       11.26158303446433       50.97546577205124
H           49.99484589490652        9.99912103155188       51.13713675662297
C           57.42284328601897        7.83532567772284       46.72039201174165
C           56.05441572966901        7.21978319762864       46.43284710708760
S           54.83774429322585        8.46709581033807       45.91740006524616
H           58.15523434053279        7.06818335105686       46.99219436716771
H           57.78466024413113        8.36592710733334       45.83572009764551
H           57.34527768410482        8.55570080876411       47.54406760190758
H           56.15313107651524        6.50361010023576       45.60486658103410
H           55.71579514811324        6.65566128306026       47.31300178653153
C           57.79755423681956        9.21526046764301       51.63034826321353
C           56.68203184170473        8.24728228437413       52.01852803861506
S           55.06761181797066        9.05969051640594       52.21098817430173
H           57.82256054374195       10.05288334111266       52.33266490197374
H           58.77332322947994        8.71965448457465       51.64222066322204
H           57.61857367072091        9.61383846914880       50.62493250705847
H           56.64025304392020        7.42554775309952       51.28950543491401
H           56.92376034001221        7.80378681751881       52.99381998666352
C           55.61273660670135       16.47536438739372       47.85655128223451
C           55.34449992382617       15.06903031663901       47.33430645248424
S           55.76384484340252       13.85274812658157       48.63692669185855
H           54.98284626620323       16.68011902094307       48.72852543490825
H           56.65463998296641       16.56341196647335       48.17246802487867
H           55.41169770374398       17.23085624776489       47.09170603039282
H           54.30955038623698       14.99013114273445       46.99027693702492
H           56.00497499948030       14.86651032829591       46.48464473725042
C           49.47695830213523       18.32638724835303       50.57083790508633
C           49.96109806985280       17.85997425702086       49.19136015997235
C           50.69029409818241       16.56127416151636       49.29747300087276
N           50.03434931938290       15.35614665556342       49.29349190413954
C           50.95171868032617       14.37948615883071       49.49859364629016
N           52.15053465488914       14.90112195504610       49.62293041475613
C           52.00498571572057       16.25769126072447       49.50521373132144
H           48.81475498053624       17.58012533111143       51.01184824780358
H           50.32618906038603       18.47660742286551       51.23929409697836
H           48.93272798039977       19.26532813736231       50.47903720634642
H           49.09828740598427       17.75200758103564       48.52641990194731
H           50.62377621827842       18.61991016512794       48.76607279269620
H           49.04094951702641       15.24275427682382       49.20905004180752
H           50.68810599771182       13.32164327416695       49.51979466609977
H           52.84723437048802       16.92849584174075       49.56965822951319
Fe          52.28904524029208       10.75695330117460       49.00225869326389
Fe          54.10712691058858       13.81289788670544       50.21017253741267
Fe          54.22905583890505        9.66734188808540       47.70930261041322
Fe          54.31911561215810        9.92757534403706       50.26228352523293
S           55.93641564183307       10.29522464748532       48.88889414382857
S           52.92780092785118        8.70859069265472       49.15053887352868
S           53.32726778698923       11.87204442818966       50.62758987435902
S           53.13144587399411       11.49810331113566       47.08507970601897
Fe          54.55277960435538       11.98364136646209       48.66375794748292
C           52.57290648897882       12.49908246777738       45.60922080130360
O           51.45001903308930       12.99175095493981       45.74054992611985
O           53.39037770392873       12.54519817904560       44.69483991418107
67
 energy: -116.982183160205 gnorm: 0.008775791273 xtb: 6.6.1 (unknown)
C           53.39513460288305       15.45719217824169       53.90485930658672
C           53.45157013483067       16.14415750260786       52.54322437727904
S           54.79074074992292       15.44656807128722       51.52785771428290
H           52.64437781414238       15.91878821726087       54.55235307385134
H           53.15067523962490       14.39914603881759       53.78347753936488
H           54.36794475223492       15.52840615395839       54.39542555988042
H           52.46830712100741       16.07256139720494       52.06069021783783
H           53.66570291712998       17.21064196438130       52.69096415544371
C           48.25586398283327        9.39587001629085       50.05007379826239
C           49.27314471218036       10.46105054858356       50.45650555279146
S           50.05814895164968       11.13000802074177       48.95196365681120
H           47.73360352538194        8.98400720567015       50.91902262529344
H           47.51747956383949        9.83288391451885       49.37409825936166
H           48.75586258548291        8.58086373260207       49.52169851958290
H           48.74933760301976       11.27240204537275       50.97739270950417
H           49.99667750372261       10.02625607550924       51.15733479184308
C           57.43635129878055        7.83309549183121       46.71769230279514
C           56.07727650936727        7.20552310562420       46.41424696498452
S           54.83846501960298        8.44290533558384       45.92439138881191
H           58.17402721192218        7.07023038070948       46.98779442448121
H           57.80124218446512        8.37330322281436       45.84016414089007
H           57.34657982694306        8.54546942318881       47.54689399089344
H           56.18919892818645        6.51108850604812       45.56880521786025
H           55.74676314955891        6.61323840853595       47.28014945094773
C           57.79163674808014        9.20740041903172       51.64814122264340
C           56.66924322145842        8.23941545196647       52.01239879634624
S           55.06179973740628        9.06616767168986       52.21406465340960
H           57.81506550670196       10.03230521159866       52.36483985414250
H           58.76545193269310        8.70881604983658       51.65871742985535
H           57.62080542885857        9.62362372012603       50.64865115104256
H           56.62493997622358        7.43130791912542       51.26888414556949
H           56.90327602206824        7.77648683040852       52.98015988943122
C           55.59059510643102       16.48970467367936       47.86228701732239
C           55.30575030385388       15.08734371513480       47.33524115673857
S           55.76065581508478       13.86239288975495       48.62181536083901
H           54.99569806653150       16.68389535682853       48.76343156511090
H           56.64686230013064       16.57851026791467       48.13364930095603
H           55.35310336120128       17.25311203872730       47.11403348304132
H           54.25358986530176       15.00854431054280       47.02226933819100
H           55.94065768842464       14.89147597901988       46.45771710675465
C           49.47885178548854       18.33912881896195       50.56513838336593
C           49.97756251039625       17.87626047949021       49.18984020321665
C           50.70454073391706       16.57644323021548       49.29802516385361
N           50.04865962098107       15.37146811025608       49.29202674204485
C           50.96641349067296       14.39411737033845       49.49496774263871
N           52.16512719781442       14.91597715561839       49.62194228576190
C           52.01930201146799       16.27272582019286       49.50609312202820
H           48.81059324220402       17.59262685448662       50.99660824993853
H           50.32047773078025       18.48641835042711       51.24345754785219
H           48.93704083476386       19.27907451864512       50.46963225977333
H           49.12182076512031       17.77191680360900       48.51510857744882
H           50.64539249921177       18.63701451104809       48.77428934580676
H           49.05594814065392       15.25746014090370       49.20068572559732
H           50.70289617013112       13.33669841900788       49.51826333540479
H           52.85987992413655       16.94501473266848       49.57349061925575
Fe          52.28991747398205       10.75840764542206       48.99978824350112
Fe          54.11678469726329       13.81033886075298       50.20582923025662
Fe          54.22921361005061        9.65945311184232       47.70884166583198
Fe          54.32096148234207        9.92955605571552       50.25850237655789
S           55.93662444433946       10.29623553235857       48.88650612661437
S           52.92411198043646        8.71136315086285       49.14839105763514
S           53.32856771765310       11.87152470951835       50.62524543164508
S           53.13431172473739       11.49186338518942       47.07957519605221
Fe          54.55334737289254       11.98735903057274       48.65635734962158
C           52.56963918097881       12.46279520380276       45.59100126309014
O           51.45260756791294       12.94988262329879       45.71650250267049
O           53.38255532055392       12.47754670224439       44.67039941155341
67
 energy: -116.982366330576 gnorm: 0.006612868291 xtb: 6.6.1 (unknown)
C           53.38197653763395       15.45051740212223       53.90935962880265
C           53.45426478965023       16.13332163309853       52.54486947042325
S           54.80170603671785       15.42913835268510       51.54353373497369
H           52.62461556778387       15.91670451342868       54.54779379582531
H           53.13597097024687       14.39252282707493       53.78927671870721
H           54.35060313012330       15.52007305552105       54.41058465812565
H           52.47471880665554       16.06357525296940       52.05311865729324
H           53.67083490433373       17.19940481041874       52.69180722757417
C           48.27155907006978        9.39711132374716       50.06295014773318
C           49.27894722555875       10.47468062721756       50.46218015512059
S           50.06125710714358       11.13913463564822       48.95412864482632
H           47.75047264213782        8.98958176368146       50.93460589218288
H           47.53120503850734        9.82177637145238       49.38077808698111
H           48.77967299162410        8.58063023761555       49.54397988179537
H           48.74722490412476       11.28654524003310       50.97509108570068
H           50.00543860361687       10.05222862815924       51.16786058185669
C           57.44259222829577        7.83780016995448       46.71673030140057
C           56.08792800227031        7.20660257245801       46.40138715461723
S           54.83895957638318        8.43921161276779       45.92337834117478
H           58.18085283073511        7.07535545618646       46.98561779302850
H           57.81100287327843        8.38507751300669       45.84482741076143
H           57.34658877105655        8.54361010966202       47.55041051197201
H           56.20593450417273        6.52361469650236       45.54839555782032
H           55.76013004844070        6.60115914705066       47.25851062305038
C           57.78781247385988        9.20061663493610       51.66249813610008
C           56.66043934316785        8.22993659472271       52.00833786222657
S           55.05983245473099        9.06727790447779       52.21083360224072
H           57.80894651447090       10.01628158834802       52.39021521979480
H           58.76031124188025        8.69942296530935       51.67238488121603
H           57.62350985790838        9.63075130699725       50.66687355712737
H           56.61477324769819        7.43294915055990       51.25271211092099
H           56.88640585910201        7.75218055491074       52.97187300860115
C           55.57236421485386       16.49843043587727       47.86570695311948
C           55.27631790411689       15.10042086047111       47.33555641212844
S           55.74921761497251       13.86910276425342       48.60582229208654
H           54.99945208226126       16.68614442717435       48.78278205080343
H           56.63659128653170       16.58818771216855       48.10994712809390
H           55.31588366307199       17.26579715732202       47.12678521253059
H           54.22128325984924       15.02661027869622       47.03821942142753
H           55.89729185699313       14.91062212481436       46.44968821535408
C           49.48139398763463       18.34680706624788       50.55994633895012
C           49.99120865764525       17.88694441373153       49.18747550610793
C           50.71597593625000       16.58603052516873       49.29798754894183
N           50.05877734114105       15.38185600776248       49.29051776525723
C           50.97476417331242       14.40316029774679       49.49274456965644
N           52.17404055445091       14.92349137473534       49.62193426270722
C           52.02991945957290       16.28056406062509       49.50650420274616
H           48.80894929323394       17.59960008288606       50.98379882105274
H           50.31767579080924       18.49149771829894       51.24578398539135
H           48.94105133958636       19.28746096325134       50.46326716844058
H           49.14088749908130       17.78540584348605       48.50539357785571
H           50.66347497714012       18.64790079204440       48.77923711510525
H           49.06589948170276       15.26873636805028       49.19602867645518
H           50.70988733882723       13.34591006637549       49.51564158065035
H           52.87064944268066       16.95283279540375       49.57569486133077
Fe          52.29271807805730       10.75692266539432       48.99509175769996
Fe          54.12366224675077       13.80753247178938       50.21107348355915
Fe          54.23463489146374        9.65083787353984       47.71289481648094
Fe          54.31919659116132        9.92672753969229       50.25868987339643
S           55.94375776468793       10.29563257548092       48.89362802232563
S           52.92233623774289        8.70668007372028       49.14964247321262
S           53.32980156808338       11.86928124794481       50.62102903546668
S           53.14153977281804       11.48391503128721       47.07828051371813
Fe          54.55886577783446       11.98176148867544       48.65363084308465
C           52.55911757768648       12.42433498842984       45.57427002608884
O           51.43407282215839       12.89869996149008       45.69053764616396
O           53.36760756250277       12.43019608347186       44.64775377269051
67
 energy: -116.982517002599 gnorm: 0.005668521679 xtb: 6.6.1 (unknown)
C           53.37559229507644       15.43891634332477       53.90775147232755
C           53.45425762366484       16.12290708111389       52.54458897245849
S           54.79927040379270       15.41358238211472       51.54550196247845
H           52.61629975536213       15.90527151048719       54.54337104216252
H           53.12926896143345       14.38102183047659       53.78611934167363
H           54.34204632417936       15.50763976937358       54.41285524569130
H           52.47612115782031       16.05567166331330       52.05093782238518
H           53.67522598369518       17.18775610315720       52.69251579328056
C           48.28346336070641        9.39736255565162       50.07576264605520
C           49.28166109700040       10.48594222517044       50.46556562006000
S           50.05783423357839       11.14845527580904       48.95329742430732
H           47.76479258311356        8.99417165180756       50.95069785465244
H           47.54074739536979        9.80986380020461       49.38939677084823
H           48.79831477534137        8.58025839693179       49.56520067216778
H           48.74383329401156       11.29638680631070       50.97392166695482
H           50.01253345631060       10.07465527432098       51.17238967390146
C           57.44739671617898        7.84562961039247       46.71685036399707
C           56.10043554392503        7.20314306433892       46.39427596640510
S           54.83204811873484        8.42216001168920       45.92798426617520
H           58.19062019330894        7.08722094689243       46.98201783868662
H           57.81349694673351        8.40185514792912       45.84991315748447
H           57.34387692072135        8.54393038662350       47.55502985423207
H           56.22591257812310        6.53144124056503       45.53578826155810
H           55.78012028041248        6.58600725841440       47.24368236577344
C           57.79037712533223        9.19744225862409       51.66742250856470
C           56.65567053131268        8.23207147182520       52.00248311498923
S           55.06109585702325        9.08081960923838       52.21340758566017
H           57.81855100954201       10.00372462506818       52.40424443955123
H           58.75890186527435        8.68781391281475       51.66968615926608
H           57.62700303429850        9.64140324947781       50.67786790011535
H           56.60470413718244        7.44391801527310       51.23916594901135
H           56.87744376422108        7.74251234983841       52.96065609145870
C           55.55789378420055       16.50001756803001       47.87594222976097
C           55.24980689471464       15.10794131811313       47.33964979806220
S           55.73471772327130       13.86664472846027       48.59151826426321
H           55.00123950971246       16.68262959779829       48.79694496622584
H           56.61962748377763       16.58698553047115       48.10584072648214
H           55.29726308042373       17.27367681180649       47.14993414076078
H           54.19492091209379       15.04361617880388       47.05015111464361
H           55.86099250793423       14.92709649883125       46.44835729531759
C           49.48227810353937       18.35819833432773       50.55684411612702
C           50.00198396547130       17.90086268911612       49.18737260808581
C           50.72356987337569       16.59811403023331       49.29941571556518
N           50.06385316802537       15.39540001191581       49.28709210271796
C           50.97657367332305       14.41380911587306       49.48680047805373
N           52.17744209871463       14.93069091238582       49.62011242722691
C           52.03607612142782       16.28877071776066       49.50847133356655
H           48.80441677066496       17.61151785640963       50.97258492000086
H           50.31341417233922       18.49819699189073       51.24995857216729
H           48.94530295860832       19.30072871688073       50.45972873236240
H           49.15683688817619       17.80273554868320       48.49886617233406
H           50.67848767312950       18.66157262633142       48.78603107340130
H           49.07096378739383       15.28414497599502       49.18622612095407
H           50.70876363187289       13.35694819067990       49.50677625786203
H           52.87745046452802       16.96035308677337       49.58159747840990
Fe          52.28931170210114       10.75009617270675       48.98991030847368
Fe          54.11717309184861       13.80366898157525       50.20501749926999
Fe          54.23169568509887        9.63516570103575       47.71637489439370
Fe          54.31597475920290        9.92502374773116       50.26012309559964
S           55.94331513589321       10.29276765232279       48.89487765795669
S           52.91994418990374        8.69795818079486       49.15944516386864
S           53.32138379382554       11.86745111290602       50.61456152179780
S           53.14037466172172       11.46724122976217       47.07490344081847
Fe          54.55557902814049       11.97131541266351       48.65211843915085
C           52.56727459485272       12.39165475091715       45.56450301924760
O           51.43840355204282       12.86376301608746       45.66582559456781
O           53.38353343591510       12.38711696559084       44.64566328622504
67
 energy: -116.982707816347 gnorm: 0.006477719446 xtb: 6.6.1 (unknown)
C           53.36029131538960       15.42679363968296       53.91183474061427
C           53.45480540491666       16.10970380066983       52.54888630311449
S           54.80331991334479       15.39249752347347       51.56040988482530
H           52.59583693161109       15.89627012969104       54.53895566516181
H           53.11195402191967       14.36937938704399       53.78925703632338
H           54.32142274159814       15.49356838797858       54.42714043399550
H           52.48086130406973       16.04619731909728       52.04691815912913
H           53.68030023183392       17.17322319299730       52.69797237595550
C           48.30912255653736        9.40142959849489       50.09400052447894
C           49.29320130558955       10.50817994166041       50.46929982455537
S           50.06274240766911       11.15993177199762       48.94876389684776
H           47.79335642218643        9.00608539468320       50.97421204727176
H           47.56290711932436        9.79430661830483       49.39890324573139
H           48.83511668001790        8.58207508564383       49.59763695530157
H           48.74515147013456       11.31965073666763       50.96634273554847
H           50.02942502897495       10.11609504635207       51.18256693256567
C           57.45400249386273        7.85864190622879       46.71798117060276
C           56.11399442031857        7.20880768474368       46.38082714985455
S           54.83480239837829        8.42304568971666       45.92880024036361
H           58.20040772892251        7.10215863309717       46.97837007149889
H           57.82100855690866        8.42814502843934       45.85969714521239
H           57.34079752352636        8.54612266206446       47.56412529774779
H           56.24706701411063        6.55250667345922       45.51167214245769
H           55.79483172035074        6.57659737541820       47.21918310536756
C           57.78749416498621        9.18746211310687       51.68482665928752
C           56.64479875551732        8.22244167565747       51.99754030949659
S           55.05302581155909        9.07617748939171       52.21738327263946
H           57.81664926119737        9.98071030527898       52.43623012566026
H           58.75316574987010        8.67154861305936       51.68201783736133
H           57.63043988351131        9.64968532182245       50.70212408388522
H           56.59284835362902        7.44847334697095       51.21903095221814
H           56.85937050266299        7.71368385241793       52.94805021240339
C           55.53544409730291       16.50678443211361       47.88450117667607
C           55.20412645907658       15.11958282639795       47.34626764909176
S           55.72733262643226       13.86849673843335       48.57689826010022
H           55.01603792036091       16.68286505299466       48.83395990055553
H           56.61083185574810       16.59102597308629       48.07207582259718
H           55.24662283841789       17.28649768665266       47.17220966370708
H           54.14072707704425       15.06437530753233       47.08455820015079
H           55.79011472254368       14.94625911707799       46.43358478473908
C           49.48633425510183       18.36879745890527       50.54917412726832
C           50.02199653782294       17.91618374212207       49.18395724284341
C           50.73905826285512       16.61098374228278       49.29868498179977
N           50.07538742691639       15.41038217759550       49.28221446238011
C           50.98372257058154       14.42524965435497       49.48139398267467
N           52.18673835787325       14.93713883074521       49.61773068676111
C           52.04981204802988       16.29623827502433       49.50958809289367
H           48.80109893387010       17.62204879388680       50.95294851709279
H           50.30948446832231       18.50339000507711       51.25340469423218
H           48.95308119185317       19.31328053011174       50.45001085385049
H           49.18514911499022       17.82342379494118       48.48427700931391
H           50.70590155295351       18.67671444973950       48.79420888627121
H           49.08243399772412       15.30233604377706       49.17740580962067
H           50.71189236970889       13.36887654477016       49.49771912985725
H           52.89272889396749       16.96566492145384       49.58620731769608
Fe          52.29145945955675       10.74301459549202       48.98674192116030
Fe          54.12356364255265       13.79596478369139       50.20373916776034
Fe          54.23346369060901        9.62638222079129       47.71984411904794
Fe          54.31955893404098        9.92534691217505       50.26083554615769
S           55.94499751883328       10.29716195072609       48.89389031349560
S           52.92571698382017        8.69199775446504       49.16747849337606
S           53.31974739147615       11.86497029895378       50.61186205714897
S           53.13927905271423       11.45352640907776       47.07242787634742
Fe          54.55402230217551       11.97061133756124       48.64739317224490
C           52.55459287464328       12.32961415572795       45.53367293603709
O           51.41811020624963       12.79086545909895       45.62160960819580
O           53.37166736944987       12.31718286810329       44.61645336943639
67
 energy: -116.982913793155 gnorm: 0.005988035849 xtb: 6.6.1 (unknown)
C           53.35343694660732       15.41262851700389       53.91067409298920
C           53.45315415266646       16.10046735855751       52.55155065916695
S           54.80304265889324       15.38326189519087       51.56501372282226
H           52.58689722000576       15.87916126639255       54.53604789746204
H           53.10542178457943       14.35593788428615       53.78226622073023
H           54.31178309079750       15.47765152015207       54.43018419816767
H           52.48073325401208       16.04240380594722       52.04614638151839
H           53.68179565481719       17.16230046791291       52.70601016208719
C           48.32765697296254        9.40463804506601       50.10980448988295
C           49.30017823900794       10.52528099470834       50.47160046997698
S           50.06330657030463       11.16619592168902       48.94354182970330
H           47.81478297257442        9.01599356368556       50.99456302855498
H           47.57865973977578        9.78104747300494       49.40878308380316
H           48.86233732061274        8.58437387337156       49.62463877720266
H           48.74497384077465       11.33704940297053       50.96026390445726
H           50.04145864000817       10.14902976540549       51.18827613669340
C           57.45819462763617        7.87401785616462       46.72117431615421
C           56.12530678406204        7.21338025204431       46.37613034818501
S           54.83475563890239        8.42034088883729       45.93374663966943
H           58.21280446387220        7.12274993841987       46.97343185241557
H           57.81891783803700        8.45749472309095       45.86966272553962
H           57.33652751159568        8.55139662049384       47.57472657698649
H           56.26580272755609        6.56907821478088       45.49870647987575
H           55.80938023625153        6.56945001395030       47.20697484953438
C           57.78926838003451        9.18124778126119       51.68858958585827
C           56.64128219880703        8.22152868426781       51.99383837662949
S           55.05657191122327        9.08476202041712       52.22474025841458
H           57.82918973749008        9.96362661183993       52.45058368734751
H           58.75018651693864        8.65589587851575       51.67353828246070
H           57.63122561979576        9.65745828256637       50.71363186246224
H           56.58276035460343        7.45729341070844       51.20731004997275
H           56.85504401057058        7.70208917531067       52.93735478723585
C           55.52362413206976       16.50602400025271       47.89661425402966
C           55.17260869113525       15.12420631428735       47.35462905657033
S           55.70848140669617       13.86786461468428       48.56875514207510
H           55.03111931832988       16.67629842431720       48.86215456954122
H           56.60456982985765       16.58131846719337       48.05757608146899
H           55.21966091968446       17.29358448402125       47.19880749193243
H           54.10040724651147       15.07626022338464       47.11521967872554
H           55.73863792696771       14.95117113920895       46.42784466478055
C           49.48905360959064       18.37875397655632       50.54433774564846
C           50.03654377112128       17.93002873232506       49.18276431244715
C           50.74790117630137       16.62158172500551       49.29752676929203
N           50.07889324742942       15.42372330094415       49.27413074494699
C           50.98210540801750       14.43370724164375       49.47192357173216
N           52.18756460037683       14.93915896539469       49.61379847694779
C           52.05660423210440       16.29958025225597       49.51119881830782
H           48.79609085913039       17.63360235375716       50.93763461136549
H           50.30548043197116       18.50652892237385       51.25746148206860
H           48.96133854058368       19.32625039733768       50.44336734871145
H           49.20649445480113       17.84340249448018       48.47426479705874
H           50.72696155309064       18.68990756985025       48.80318778221269
H           49.08624379337805       15.32014483469987       49.16481688081380
H           50.70520419427105       13.37822263819994       49.48276129899669
H           52.90186982770426       16.96514560639454       49.59389209839466
Fe          52.28723611587970       10.73294611772646       48.98240008949406
Fe          54.11646334258495       13.79072350299860       50.20618881568019
Fe          54.23131501867685        9.61809570743285       47.72643393811333
Fe          54.31588355071351        9.92593388131291       50.26614545379288
S           55.93828098629424       10.29945746585993       48.89787210312814
S           52.92545721351839        8.68507837380064       49.17737842406337
S           53.30879395289811       11.86225461178761       50.60857170540503
S           53.13306702920291       11.43562271983680       47.06667855524626
Fe          54.54271702488536       11.96891917486443       48.64034013356606
C           52.55856072859724       12.28195933567349       45.50476771911397
O           51.42460236980271       12.74656048946579       45.58399616618561
O           53.38008208009475       12.26158062291956       44.59094385424363
67
 energy: -116.983127453310 gnorm: 0.005048880723 xtb: 6.6.1 (unknown)
C           53.35121745580287       15.39439431027017       53.90616400279026
C           53.45135107674928       16.09306165941382       52.55313453323097
S           54.79825807324644       15.37955992143344       51.55966821815461
H           52.58304721706534       15.85421474702781       54.53403228880464
H           53.10492711717332       14.33865465403635       53.76765925897295
H           54.30858205745630       15.45610064737696       54.42743241337479
H           52.47817829864041       16.04399785779055       52.04796778120821
H           53.68315998527616       17.15295579119482       52.71644590930066
C           48.34363985550937        9.40823766735480       50.12816668042379
C           49.30463924275875       10.54302604077140       50.47362461511521
S           50.05946834142984       11.16859047862802       48.93569956735796
H           47.83427353345066        9.02706841064242       51.01811070882383
H           47.59160603493958        9.76692797293348       49.42160325958558
H           48.88704397425255        8.58717790192580       49.65472778141301
H           48.74299030541746       11.35605153615099       50.95248233620078
H           50.05128817364101       10.18400939621806       51.19353857887211
C           57.46050771056912        7.89462632471805       46.72667905538565
C           56.13592197206758        7.21980388767495       46.37751072563491
S           54.83298156452939        8.41508048037894       45.94162535196899
H           58.22857300062919        7.15263137692310       46.96735931526644
H           57.80842056554137        8.49406846199388       45.88118260483337
H           57.33070768487186        8.56081027230888       47.58809704968081
H           56.28459202802722        6.58375740741838       45.49538446601463
H           55.82607806217374        6.56716554866397       47.20376372139248
C           57.79464001758689        9.17786893540762       51.68341870715998
C           56.64145530452498        8.22544372513160       51.98904672861688
S           55.06615893057704        9.10070944372183       52.23387096145508
H           57.85314660823479        9.94886720111949       52.45617175873718
H           58.74971203240096        8.64144042831246       51.64899661366660
H           57.63159593320049        9.66826468661474       50.71733139291484
H           56.57346351768017        7.46895838212403       51.19634274234958
H           56.85682465221749        7.69796666852823       52.92627636072667
C           55.51411083170225       16.49988807902395       47.91119290417762
C           55.14332688673848       15.12323305980516       47.36803835372586
S           55.69260500467681       13.85992726301183       48.56887696142581
H           55.04459700876855       16.66388974018294       48.88680222380346
H           56.59729432403894       16.56276387081062       48.05112456264751
H           55.20210727335485       17.29600331651888       47.22810239287257
H           54.06747819389574       15.08116601554982       47.14581834648987
H           55.69130303359792       14.95115429827091       46.43118779424990
C           49.49244366904733       18.38858556699398       50.54056256889554
C           50.05064554139419       17.94371574457305       49.18261886460365
C           50.75365725542611       16.63051386529106       49.29551058716513
N           50.07698961421759       15.43665991986491       49.26196304005918
C           50.97346130900630       14.43975414467515       49.45832896293567
N           52.18162989668400       14.93662183513589       49.60874895861106
C           52.05949699925880       16.29860425782197       49.51361943858454
H           48.79008966176649       17.64667117350295       50.92275032858642
H           50.30184952991868       18.50721586065493       51.26264713009854
H           48.97270376486983       19.34042867006370       50.43800339185312
H           49.22721030861005       17.86554752617713       48.46570801779640
H           50.74845936549637       18.70208235225782       48.81400757899590
H           49.08466789670528       15.33974852204148       49.14800105294945
H           50.68996082378656       13.38575350820155       49.46106220569617
H           52.90863464001425       16.95779778557743       49.60450017224668
Fe          52.27680727544765       10.71995503465926       48.97575092865078
Fe          54.10094841357773       13.78436496651254       50.20317199787316
Fe          54.22696028726155        9.61027325152463       47.73479758762072
Fe          54.30519547454786        9.92520529835920       50.27292038642894
S           55.92569846107851       10.30108594096848       48.90529419479494
S           52.91882042081120        8.67635794555979       49.18581708461186
S           53.28888850419730       11.85826581953330       50.60653986575540
S           53.12443804891399       11.41387463215959       47.05492283886820
Fe          54.52325015750186       11.96670839153499       48.63486595317261
C           52.57600477175418       12.24004133228408       45.47689791750329
O           51.44454214246344       12.71407532003757       45.53927365649638
O           53.41202908187698       12.21540425691908       44.57694663038265
67
 energy: -116.983294521416 gnorm: 0.006061110669 xtb: 6.6.1 (unknown)
C           53.34467001623993       15.37171403897008       53.90229740819265
C           53.44972705888134       16.08367217844431       52.55630498713668
S           54.79221298326343       15.37246985806537       51.55591401230627
H           52.57394453491943       15.82523220123593       54.53185121411165
H           53.09930087573490       14.31717479011380       53.75250998962677
H           54.30044009676023       15.42837204140809       54.42733640304279
H           52.47629206349839       16.04481582000907       52.05070566689675
H           53.68637753895948       17.14134369529007       52.72948362437047
C           48.36203739730050        9.41125966802167       50.15472439241281
C           49.30726460597455       10.56637247494103       50.47960980059411
S           50.05347558013851       11.17308146353481       48.93019985410314
H           47.85657154911965        9.03942106650847       51.05104639189027
H           47.60617964491950        9.74640276976074       49.43969517895337
H           48.91797165592974        8.58859598403391       49.69764490042107
H           48.73478703471233       11.38124320629891       50.94302954346238
H           50.05908199585244       10.23081044600895       51.20642982664302
C           57.46705344115791        7.91700744256934       46.73212210558459
C           56.15370701917888        7.22413152183195       46.37518799200198
S           54.83298789844681        8.40341518954322       45.95096886769115
H           58.25029599310525        7.18625261099247       46.96060775357137
H           57.80231942975467        8.53510370898359       45.89440805640874
H           57.32683270408162        8.56900619626636       47.60317504136617
H           56.31392533399675        6.59897118132768       45.48674159430575
H           55.85350419382276        6.55706829196940       47.19458846414926
C           57.79913030733839        9.17235238729722       51.68084494869152
C           56.63724688420154        8.22848750991149       51.98113933668449
S           55.07186463993635        9.11835060551189       52.24315687082476
H           57.87730862115514        9.92863409834265       52.46707720909879
H           58.74755959178972        8.62503611584672       51.62600746668534
H           57.63174136646203        9.68221510512189       50.72516385140160
H           56.55880120667194        7.48170644986397       51.17974794832663
H           56.85204652908091        7.68715521809219       52.91118755675036
C           55.49932881507365       16.49710703688910       47.92648877946416
C           55.10549184572937       15.12839535221494       47.38033846410711
S           55.66960639757306       13.85481793835463       48.56185359510874
H           55.06093426851187       16.65222870641573       48.91837469995787
H           56.58644791639815       16.54962763867519       48.03476169901365
H           55.17155112763241       17.30349648934635       47.26263306578295
H           54.02314961788370       15.09533587872532       47.18441285635886
H           55.62833690955770       14.95646397665392       46.42854798191701
C           49.49726471404845       18.40044501285484       50.53475396542241
C           50.07092122687432       17.96068291916604       49.18140524126782
C           50.76324820076111       16.64161369208602       49.29297123208232
N           50.07823262423499       15.45254851853702       49.24764112677696
C           50.96710584042780       14.44799819758991       49.44370886313178
N           52.17734591585457       14.93598467804828       49.60568367170287
C           52.06543348142592       16.29933064974681       49.51737539780112
H           48.78301143102491       17.66196143535732       50.90219237890013
H           50.29705303794029       18.50800108437051       51.26956994067441
H           48.98690658145394       19.35728457984560       50.43058734942540
H           49.25631246221540       17.89368756117482       48.45287468031057
H           50.77901472907114       18.71693592260170       48.82751524046501
H           49.08605208741470       15.36310960931901       49.12667439630133
H           50.67675793600856       13.39584833281205       49.43854572928923
H           52.91873426276607       16.95168796573968       49.61734184639866
Fe          52.26597255260501       10.70832847868581       48.96862678703810
Fe          54.08650709963128       13.77512418540845       50.20277111556094
Fe          54.22046925368191        9.59856495554644       47.74192587055837
Fe          54.29423281224841        9.92005969585437       50.27731924932304
S           55.91415436414577       10.29754026550799       48.91208630521151
S           52.90831355418958        8.66828413158163       49.19150730104575
S           53.27027981539394       11.84964392633090       50.60448499728614
S           53.12060181550893       11.39638917608280       47.04365069173253
Fe          54.50585313425314       11.95956273943009       48.63120488613238
C           52.59565554346572       12.19307809431160       45.44364562530682
O           51.46321298347858       12.67250506072682       45.47823933958603
O           53.44660204917988       12.15428156817053       44.55726774191509
67
 energy: -116.982968055975 gnorm: 0.013836039004 xtb: 6.6.1 (unknown)
C           53.34491506742805       15.36944180925303       53.90248950750155
C           53.44872606693441       16.08393369037478       52.55729270412576
S           54.78950403238817       15.37384239535439       51.55278701363546
H           52.57518001555723       15.82241094451462       54.53456911560846
H           53.09890038495043       14.31535518942023       53.75115162879527
H           54.30176909232164       15.42424120884184       54.42626193611110
H           52.47431314413770       16.04668319392319       52.05313372621166
H           53.68654837367804       17.14094973183046       52.73235016889117
C           48.36100970105481        9.41100773659443       50.15916818710608
C           49.30354537009006       10.56826348155769       50.48028639818400
S           50.05187624663469       11.17059024684630       48.93079597167219
H           47.85505079943848        9.04129849258546       51.05581749535708
H           47.60571773965351        9.74198100794571       49.44292837659739
H           48.91886846406225        8.58859056186002       49.70541258316002
H           48.72788125458379       11.38285951755329       50.93813505565102
H           50.05363873893224       10.23837229805465       51.20981016817749
C           57.46849970418830        7.91891135181006       46.73284520537076
C           56.15545185402737        7.22573433355565       46.37649199335564
S           54.83496757072902        8.40294187012972       45.94961811852559
H           58.25160476547012        7.18876737129583       46.96139900460478
H           57.80303273139489        8.53672501976008       45.89510166745163
H           57.32936639497809        8.56998874740567       47.60393046453512
H           56.31537307696236        6.59747183902252       45.49033158030186
H           55.85693784422671        6.56053043779065       47.19781372747574
C           57.79819657823802        9.17184886643890       51.67701317536725
C           56.63562671282697        8.22901937836260       51.98075154731669
S           55.07126723628909        9.12102732448188       52.24050724631957
H           57.87641641062520        9.92924991619802       52.46146485040465
H           58.74656006257256        8.62639412408602       51.62258169091861
H           57.62959481893316        9.68033306870236       50.72078544900532
H           56.55539634441334        7.47890612699549       51.18226860072246
H           56.85002241778223        7.69066880778916       52.91328758792004
C           55.50296039169977       16.49695647183074       47.92374822751950
C           55.10431358657047       15.12929334058007       47.38126883753623
S           55.67107049355185       13.85328534895411       48.56074655271733
H           55.06829537667447       16.65160454573744       48.91657384301949
H           56.58949713507702       16.55278414649326       48.02531611330858
H           55.17120802003059       17.30279872232895       47.26263378829464
H           54.02237501106806       15.09966246545178       47.19746753563952
H           55.61748180097511       14.95711581233887       46.42629467008820
C           49.49816534548884       18.39930441105485       50.53355982008418
C           50.07278116404230       17.95977792067230       49.18058726176454
C           50.76306241024744       16.63985956016587       49.29201694817795
N           50.07727833189810       15.45168826781443       49.24576447216606
C           50.96488164445861       14.44657419535249       49.44403479394561
N           52.17454731880392       14.93396190525958       49.60843889160702
C           52.06427834033633       16.29700711681063       49.51878993049222
H           48.78331336640503       17.66119411191674       50.89933164184370
H           50.29706279519863       18.50514315584572       51.26910667371755
H           48.98868120961910       19.35658639739295       50.43065360442530
H           49.25919251440802       17.89505375171717       48.45137418662480
H           50.78236718236266       18.71485859770284       48.82865948958271
H           49.08493032287303       15.36339572106174       49.12449318419991
H           50.67409360175104       13.39477880568245       49.43893514287229
H           52.91820982216316       16.94839755828997       49.61934787869250
Fe          52.26593462463611       10.71043441554263       48.96734881848423
Fe          54.08848394750434       13.77350187818098       50.20224067756312
Fe          54.21982453842506        9.59907263359082       47.73864493801376
Fe          54.29245143807329        9.91758921232697       50.27417241299544
S           55.91554604367277       10.29367734383821       48.91164997959425
S           52.90631060550280        8.66936539601089       49.18638750868127
S           53.27107162129567       11.84757741299043       50.60394667682385
S           53.12404307022837       11.40293989925626       47.04580691453227
Fe          54.50989178627852       11.95625999280257       48.63397488725405
C           52.61121383017071       12.22342402081175       45.45402568967891
O           51.45926714932288       12.65588501012343       45.46885873492322
O           53.44691134373258       12.14568115401500       44.55510769681873
67
 energy: -116.983444997491 gnorm: 0.002296515128 xtb: 6.6.1 (unknown)
C           53.34522102715055       15.36716560100480       53.90259620602947
C           53.44788678498747       16.08408615721021       52.55820846497458
S           54.78733584987001       15.37529536346687       51.55004129761018
H           52.57642064617632       15.81961841571497       54.53697075521962
H           53.09855289822030       14.31351211258437       53.74978633556924
H           54.30303590224099       15.42025192458389       54.42523773453465
H           52.47261645188790       16.04831471022852       52.05530940635983
H           53.68672394608703       17.14049880566213       52.73506616760012
C           48.36014870873019        9.41077176711269       50.16323827508827
C           49.30001391946474       10.57023067946550       50.48098418228577
S           50.05041508193174       11.16870894891799       48.93151793923857
H           47.85378190310471        9.04307624444919       51.06026365546914
H           47.60528506366820        9.73778647205202       49.44582525211204
H           48.91983829792856        8.58849015786102       49.71266308585032
H           48.72134427384287       11.38465830576292       50.93362259976808
H           50.04853037814987       10.24560501039655       51.21311672315724
C           57.47012729113103        7.92055314566240       46.73339751434678
C           56.15727479583780        7.22706017708954       46.37782368732148
S           54.83714929508808        8.40250997485822       45.94858466415201
H           58.25316368656744        7.19092859857405       46.96184136454568
H           57.80386666649513        8.53824013056778       45.89564262646429
H           57.33203804926222        8.57074344375343       47.60458769108148
H           56.31690455350686        6.59600469893127       45.49370544565044
H           55.86018530986560        6.56359820162524       47.20093063630528
C           57.79725496486812        9.17130794822557       51.67345827192386
C           56.63409212725165        8.22946320024947       51.98043506019582
S           55.07060693381300        9.12330573176535       52.23822610921489
H           57.87555506831608        9.92983458441224       52.45623494625061
H           58.74551165499801        8.62736637480034       51.61936642319247
H           57.62751684845325        9.67840935471921       50.71666976180694
H           56.55230964648196        7.47627858603129       51.18465736881260
H           56.84824436254933        7.69391641121689       52.91521922192027
C           55.50628067863733       16.49679452205330       47.92125153029056
C           55.10280709115558       15.13018025150917       47.38198512328701
S           55.67211201011855       13.85183410224510       48.55943375144281
H           55.07535335309519       16.65115728765266       48.91512413324801
H           56.59239234681078       16.55527366228003       48.01646908834508
H           55.17088170643349       17.30220418006667       47.26260322371635
H           54.02108493644506       15.10365446878676       47.20935264193445
H           55.60712007956065       14.95746931024073       46.42405402502385
C           49.49901819192751       18.39819504507057       50.53247642949653
C           50.07451051865506       17.95902189241211       49.17979240278982
C           50.76282160894697       16.63826454351429       49.29105300734824
N           50.07626668385286       15.45093642202546       49.24395927746549
C           50.96268420612638       14.44524793267867       49.44416028918761
N           52.17189872908517       14.93202312059204       49.61052058945641
C           52.06316875173384       16.29482153188836       49.51996872249559
H           48.78353782133481       17.66042899774795       50.89666747891940
H           50.29711617868747       18.50240634778056       51.26872163135723
H           48.99039647255864       19.35592093750661       50.43068477831274
H           49.26185874140911       17.89645713771482       48.44990617366091
H           50.78556450548793       18.71300571995522       48.82972059474616
H           49.08375265437357       15.36375926264308       49.12252669586197
H           50.67145175812999       13.39377811880027       49.43913149291065
H           52.91773074862083       16.94525475754777       49.62114134198998
Fe          52.26584140622274       10.71271371132753       48.96708360528488
Fe          54.09031762098557       13.77249015121590       50.20162581310031
Fe          54.22146866045659        9.59838422134101       47.73719764520123
Fe          54.29138794746027        9.91626327907418       50.27174197205494
S           55.91673716177073       10.29427330021460       48.91193067520191
S           52.90506471496922        8.67074607465005       49.18270015797307
S           53.27213945633777       11.84645197324781       50.60336820493605
S           53.12498621506347       11.40193735462685       47.04511170617733
Fe          54.51032740292492       11.95470955975030       48.63362275227187
C           52.60408969181025       12.20114681296043       45.44562000024789
O           51.46824067855830       12.66854826861174       45.47162863330521
O           53.45739308237605       12.16148529159119       44.56232590697000
67
 energy: -116.983506340962 gnorm: 0.001344779711 xtb: 6.6.1 (unknown)
C           53.34626314214781       15.36372802830977       53.90206577952772
C           53.44795048337286       16.08342742426459       52.55913418867653
S           54.78802037151809       15.37712497487682       51.54964230330012
H           52.57855741386393       15.81559061828985       54.53797346745471
H           53.09844157849253       14.31057874061016       53.74758184940799
H           54.30451745527053       15.41532353432600       54.42397406991338
H           52.47238664104484       16.04895633056500       52.05671207351392
H           53.68717259976756       17.13938894190683       52.73794563131515
C           48.36018876099184        9.41030121467132       50.16724112180338
C           49.29638478933906       10.57418936267704       50.48137608131395
S           50.04845274024742       11.16761381677976       48.93053045857543
H           47.85401383377303        9.04561903664729       51.06576169453340
H           47.60473985009139        9.73225475536186       49.44774698672463
H           48.92203746662521        8.58677164627427       49.72114570973649
H           48.71471176188501       11.38997364071427       50.92847165949861
H           50.04405635303326       10.25491875487888       51.21716631585231
C           57.47265543234602        7.92271228151886       46.73383843848481
C           56.15938762478458        7.22841299051420       46.38059319696034
S           54.83952686298035        8.40279849249311       45.94851756851353
H           58.25620249274282        7.19313643039860       46.96148533840550
H           57.80537897184810        8.54059433422978       45.89569613631549
H           57.33474278001056        8.57303898015989       47.60514953040090
H           56.31952511285869        6.59547418995631       45.49779763632323
H           55.86205753207244        6.56659192632303       47.20519132418617
C           57.79545074924053        9.17055500596002       51.66988832126246
C           56.63248725393434        8.22981377034263       51.98068356830105
S           55.06890984039025        9.12377774247213       52.23736243436717
H           57.87454617758655        9.93130311081594       52.45068759507953
H           58.74334529316709        8.62564581495892       51.61583686217331
H           57.62449860466825        9.67498831011708       50.71184568248801
H           56.55049216804659        7.47399302982997       51.18753024088059
H           56.84776035965398        7.69740327792650       52.91688304625238
C           55.50893187276883       16.49733498247590       47.91959995677153
C           55.09819107504878       15.13087157613313       47.38445397634327
S           55.67347947068276       13.85443222194984       48.56215955145274
H           55.08526993750928       16.65412676576186       48.91658488813567
H           56.59613242172655       16.55382133757900       48.00696289617789
H           55.16992307860996       17.30219053153424       47.26143634448604
H           54.01460865326389       15.10591726899295       47.22052854964248
H           55.59567333489193       14.95389062338501       46.42334110297936
C           49.50005568925803       18.39653252669773       50.53141861446192
C           50.07652593538167       17.95861343391594       49.17866299428862
C           50.76265143585432       16.63667200011291       49.28981740041844
N           50.07477021368025       15.45015915339150       49.24193747883676
C           50.95995169238257       14.44339310405666       49.44312833343788
N           52.16966463987391       14.92881604490174       49.60958092464163
C           52.06249511491173       16.29180222321885       49.52039162133097
H           48.78311882623904       17.65913639647516       50.89390338048947
H           50.29759274370534       18.49902758913523       51.26868593679101
H           48.99277040259667       19.35502652936633       50.42981016039631
H           49.26467321277641       17.89817735197173       48.44757657058771
H           50.78954788389748       18.71177283942056       48.83045112762925
H           49.08214203011991       15.36438596107788       49.12061451364875
H           50.66766418813806       13.39220467639261       49.43813561543574
H           52.91790911034912       16.94098538118898       49.62284856176920
Fe          52.26504760222029       10.71163870421605       48.96753515362058
Fe          54.09117868581081       13.77150293747343       50.20469401589776
Fe          54.22012172401647        9.59871857125614       47.73634022316617
Fe          54.29257050886945        9.91577106118884       50.26997465527842
S           55.91565630536437       10.29681249486917       48.90889439235234
S           52.90495801991909        8.66954473605697       49.18165847408671
S           53.27270368253581       11.84536018844875       50.60268884547624
S           53.12318542673815       11.40196401113566       47.04464111786369
Fe          54.50945675646945       11.95781741298856       48.63126018726309
C           52.60703298193258       12.20230333245320       45.44415031717759
O           51.47054554332212       12.66897707302396       45.46723949478339
O           53.46569350138888       12.16912923886284       44.56532668140367
67
 energy: -116.983684005121 gnorm: 0.006658120490 xtb: 6.6.1 (unknown)
C           53.35223382717930       15.34086381245757       53.89959946780968
C           53.44771618362262       16.07820927881828       52.56585358711948
S           54.78537750586494       15.38492425703406       51.54197838713967
H           52.59207965040042       15.78871313059231       54.54697587475417
H           53.09702259469481       14.29114346799940       53.73341129719278
H           54.31443864425149       15.38125849233727       54.41517778866275
H           52.46991295331590       16.05231780247494       52.06726522933157
H           53.69007178095379       17.13125124578148       52.75693694088031
C           48.36034183997555        9.40874662085270       50.19544323417664
C           49.27361353346846       10.59948713102512       50.48456851559673
S           50.03856876233136       11.16074396680937       48.92675033829797
H           47.85441611863675        9.06262723244031       51.10228354493271
H           47.60289828085597        9.69698438177822       49.46157983625812
H           48.93814499449167        8.57953008873339       49.77834798916319
H           48.67113535927546       11.42168614752075       50.89550260334908
H           50.01502616272938       10.31647575728695       51.24399266725290
C           57.48791613010097        7.93831070326801       46.73799209143842
C           56.17350304177962        7.23790367458863       46.39730701049775
S           54.85291342477856        8.40264518964096       45.94553520531660
H           58.27542786662506        7.21082431107317       46.96117014360765
H           57.81280112008044        8.55563141434553       45.89605823577750
H           57.35293414996047        8.59050950027807       47.60898885681081
H           56.33584115021811        6.59031251328030       45.52486928976742
H           55.87712679278678        6.58840888714237       47.23303913399398
C           57.78412414314089        9.16487412737347       51.64488733095982
C           56.62370731740365        8.23043251644771       51.98386616861239
S           55.06153019491662        9.12869792712028       52.23061494638988
H           57.86963248764119        9.94065674412609       52.41120158724401
H           58.73037127261627        8.61635244446936       51.59172525992372
H           57.60426805386218        9.65136116058234       50.67858239665954
H           56.53784529119463        7.45650020576529       51.20857991606749
H           56.84553463611920        7.71971851470782       52.93063018742351
C           55.52494625383231       16.50140123122692       47.90713075566637
C           55.06696015220056       15.13682148142080       47.40062212067321
S           55.67556830965984       13.86060248068317       48.56781703260799
H           55.14923481227852       16.67183722015236       48.92373087755853
H           56.61811115193676       16.54354942633118       47.94242923068495
H           55.16453116700955       17.30528323633430       47.25636731973145
H           53.97342299187131       15.12581339802827       47.29311463315837
H           55.51638957192478       14.93810027667588       46.41764475908490
C           49.50575232689185       18.38762247318487       50.52372497225770
C           50.08997470322268       17.95658946516775       49.17177799897230
C           50.76229468131930       16.62741109397011       49.28176732428035
N           50.06584549328634       15.44628555821575       49.22814027554524
C           50.94253116766276       14.43277224090173       49.43706576993702
N           52.15424152515805       14.90983966490035       49.61098360244060
C           52.05843361759850       16.27342725712713       49.52269847653741
H           48.77986600954967       17.65237227597265       50.87405923561818
H           50.29869257839449       18.47779151667866       51.26821151002666
H           49.00694243457911       19.35102160393696       50.42492706786511
H           49.28429471194173       17.91023745648343       48.43234335854286
H           50.81525344681221       18.70460442066543       48.83650784830986
H           49.07263797234713       15.36944492345294       49.10565933245185
H           50.64357746993043       13.38335061409526       49.43007350216587
H           52.91941498488825       16.91438858890744       49.63250610073203
Fe          52.25961603039249       10.70815957690471       48.96384585367695
Fe          54.09730497491682       13.76144522931959       50.21423856915857
Fe          54.21826344369045        9.60177377551873       47.72849680991469
Fe          54.29088721979262        9.91167950790913       50.26093904512209
S           55.91355898565000       10.29863511941237       48.90119680984018
S           52.90385759018183        8.66586562598218       49.16724098282095
S           53.26869382692973       11.83924707632508       50.60120546146531
S           53.12158694098468       11.40761203191711       47.04253070866203
Fe          54.51018127669456       11.96141366216862       48.62860991628420
C           52.63150945349668       12.21731812887014       45.43831493008470
O           51.48580964224328       12.66476438935641       45.43919551031035
O           53.51809401550857       12.21824611393205       44.58405760546817
67
 energy: -116.983773413828 gnorm: 0.004556354797 xtb: 6.6.1 (unknown)
C           53.35391581573096       15.33375810326616       53.89865938742101
C           53.44878409438704       16.07522216030937       52.56721743799122
S           54.78517160197966       15.38502142047748       51.53964036971314
H           52.59553851120207       15.78046368076819       54.54898453268784
H           53.09683099109952       14.28503509410474       53.72920335942110
H           54.31712493614454       15.37056754975520       54.41263541070554
H           52.47060203277523       16.05143056942193       52.06924354134896
H           53.69170141254623       17.12753198505301       52.76161821842881
C           48.36148268194032        9.40939356753105       50.20401195506566
C           49.26887406782223       10.60630282525652       50.48451815175508
S           50.03594069978446       11.15886135362915       48.92468672177566
H           47.85535110179391        9.06800660405170       51.11235779024173
H           47.60438073298147        9.68795765811748       49.46651584017883
H           48.94422570014554        8.58015910753586       49.79454670065248
H           48.66117823797838       11.42838206585159       50.88678788403956
H           50.00873703753210       10.33357104911276       51.24873549332631
C           57.49186067819750        7.94307210769367       46.73922866752073
C           56.17777314749380        7.24069146044531       46.40169512237537
S           54.85693647984171        8.40387530404180       45.94614025271313
H           58.28058776726679        7.21697565657333       46.96190770001578
H           57.81419480377965        8.55940265668228       45.89564408106668
H           57.35835771878470        8.59631877375077       47.60952475796831
H           56.33958132824623        6.58919468101617       45.53217142942686
H           55.88210821567593        6.59504992587978       47.24043813025140
C           57.78227916774676        9.16214164085354       51.63866888014208
C           56.62183462726216        8.23055918564569       51.98523407865264
S           55.05971747040022        9.12925850364919       52.23065166122404
H           57.87043286965493        9.94184293285029       52.40043537876319
H           58.72826813310954        8.61330037644789       51.58595734704017
H           57.60060966230849        9.64393457529798       50.67049581917665
H           56.53411584529797        7.45210604457178       51.21470964817870
H           56.84541068724712        7.72512604112135       52.93431935473824
C           55.52599201635312       16.50138137393706       47.90377665652413
C           55.05760805187827       15.13835078848819       47.40459980496679
S           55.66886378540030       13.86130863433481       48.56891935588644
H           55.16073216164776       16.67491647940522       48.92290793976817
H           56.61889833437837       16.53809237536738       47.92893034268236
H           55.16425819093546       17.30651331175418       47.25622740883247
H           53.96431519639137       15.13342401480661       47.30576963440138
H           55.49674417102963       14.93785727560578       46.41833970731099
C           49.50675729293373       18.38633851578041       50.52123768349472
C           50.09372035239584       17.95665458426486       49.17014047762110
C           50.76320583090345       16.62614698455777       49.27953210476046
N           50.06457076262680       15.44635609154893       49.22444901337169
C           50.93899475072547       14.43120500482042       49.43457699572052
N           52.15120383933190       14.90604239780578       49.61060424855150
C           52.05819546123432       16.26972560312383       49.52223154337884
H           48.77879220593771       17.65167987806930       50.86811062213170
H           50.29790811109014       18.47302634589859       51.26790830299890
H           49.01001374157008       19.35087008938124       50.42375412333079
H           49.29013832555864       17.91352996641087       48.42836625715653
H           50.82133555938677       18.70377419430678       48.83835737816731
H           49.07132824087611       15.37152012667380       49.10110464214944
H           50.63817798500968       13.38223788000644       49.42640234051172
H           52.92043914725239       16.90865046030958       49.63357438353749
Fe          52.25699025321646       10.70718108103335       48.96155653244672
Fe          54.09546585709855       13.75723671724468       50.21774960613601
Fe          54.21703230888307        9.60266656850539       47.72729460254272
Fe          54.28955532088825        9.90906173542818       50.25978288112167
S           55.91246074354645       10.29843374844682       48.90039369241516
S           52.90213609402726        8.66570367614453       49.16504830824459
S           53.26623168065682       11.83495086302702       50.60157591619319
S           53.12185880256161       11.40954646798081       47.04191209911098
Fe          54.50923533609578       11.95977348208535       48.62987576744850
C           52.63937200908632       12.22385674401254       45.43791089889325
O           51.49099749528003       12.66360832920927       45.43194918942586
O           53.52931852570575       12.22869433974255       44.58843480482491
67
 energy: -116.983935710385 gnorm: 0.001770890634 xtb: 6.6.1 (unknown)
C           53.35814463932262       15.31219452302623       53.89641373881373
C           53.45211661805605       16.06511753292646       52.57160449065243
S           54.78309179840054       15.38057521871317       51.53468831394889
H           52.60457240551359       15.75609407769791       54.55421329033332
H           53.09551928172524       14.26632152097857       53.71766812979786
H           54.32388065334125       15.33869845549642       54.40632566055154
H           52.47336281628309       16.04725276200557       52.07450611650498
H           53.69723035224622       17.11540714746736       52.77451109253270
C           48.36807845100343        9.41201149956238       50.22703434720457
C           49.25782845467525       10.62679481515965       50.48398115650501
S           50.02884279528138       11.15507197247890       48.91806820993227
H           47.86121960897409        9.08469461031941       51.13973395457437
H           47.61198228540315        9.66254160703372       49.47912261277812
H           48.96495194848085        8.58251508301720       49.83991372533211
H           48.63619777836374       11.44863331040444       50.86247656383222
H           49.99516536243654       10.38312833367019       51.25960007833492
C           57.50243566985363        7.95741864053506       46.74202059410794
C           56.18910497375955        7.24946944042539       46.41445973657802
S           54.86595332240576        8.40720894844197       45.94735047762874
H           58.29494561642597        7.23570774169179       46.96433695725417
H           57.81764540540550        8.56999251722022       45.89304356231921
H           57.37259888069866        8.61489975104934       47.60941461934439
H           56.34927569943960        6.58795873690435       45.55261113840999
H           55.89549053683332        6.61416596274506       47.26112519163216
C           57.77838825315700        9.15317682373761       51.62281632244056
C           56.61882725013496        8.22891490444768       51.99041047834207
S           55.05809030563740        9.13133269493470       52.23118626312466
H           57.87463645051250        9.94374633724459       52.37193202669216
H           58.72320209304002        8.60219147551504       51.57194471916860
H           57.59230161177842        9.62164435945000       50.64915320820373
H           56.52525350564817        7.43929515002788       51.23209791494276
H           56.84704342716477        7.73748773730648       52.94550423396451
C           55.52567847450171       16.49924182536258       47.89685521211089
C           55.02851291373868       15.14192562284265       47.41351282132705
S           55.64837785468595       13.86108283399408       48.56543613894460
H           55.18838539754639       16.68110218282056       48.92266907463965
H           56.61798284442242       16.51933318851426       47.89510517998711
H           55.16151696414117       17.30855422084716       47.25793720865347
H           53.93513380824601       15.15371014951721       47.33686772544680
H           55.44103233651512       14.93703419807749       46.41833343698062
C           49.50838980990739       18.38415973077530       50.51395240402329
C           50.10399970306032       17.95868423392516       49.16554574774196
C           50.76698073233126       16.62522893681197       49.27386710336292
N           50.06262555840787       15.44872681100092       49.21458043495256
C           50.93108575344453       14.42928160945120       49.42714124814217
N           52.14457965205234       14.89817252471295       49.61019961100890
C           52.05892604536176       16.26213049101965       49.52074415962246
H           48.77435386124304       17.65118469623864       50.85085792872850
H           50.29397227223515       18.46161120814415       51.26730950593046
H           49.01738485293743       19.35175051897450       50.41935470183338
H           49.30666430817217       17.92306414672000       48.41685828163482
H           50.83726766686983       18.70420262880049       48.84344101823076
H           49.06959132622424       15.37864806597842       49.08717984069744
H           50.62536098067289       13.38150186657258       49.41434169170449
H           52.92442697798643       16.89588178217998       49.63558036837418
Fe          52.24834944771904       10.70134478319288       48.95548444261104
Fe          54.09003046273410       13.74678879662444       50.22004608211687
Fe          54.21640514608072        9.60497721730251       47.72537106426358
Fe          54.28075684469521        9.90473998437461       50.26020654939921
S           55.90826292213258       10.29620632805410       48.90475780440859
S           52.89923817770259        8.66295814754551       49.15940423465090
S           53.25364642019239       11.82777389753998       50.60304897329526
S           53.11998147782180       11.41081108009992       47.04012306308235
Fe          54.50404030877768       11.95277378567678       48.63395783568200
C           52.65981426852385       12.23901893816348       45.43654793046813
O           51.50412793168732       12.65836073498051       45.41131651135706
O           53.56249444587758       12.26119993181095       44.60268610887056
67
 energy: -116.984060369955 gnorm: 0.005550606801 xtb: 6.6.1 (unknown)
C           53.36415141038883       15.27458741709228       53.89313341522032
C           53.45797725167471       16.04602652561786       52.57890241857523
S           54.78277180714938       15.37152733877534       51.52894434529968
H           52.61805650908700       15.71438842092804       54.56239323247473
H           53.09214043979132       14.23351026020426       53.69941348672430
H           54.33335084762812       15.28453416970935       54.39753500789924
H           52.47806428688316       16.03915200448855       52.08334317143181
H           53.70727259123973       17.09267255204636       52.79627746566000
C           48.38285004169474        9.41669714368448       50.26445208255778
C           49.24157869371976       10.66263170608664       50.48206981675666
S           50.01739991195748       11.15170430007441       48.90563366434662
H           47.87427683394918        9.11368768263432       51.18480429224824
H           47.62857398025876        9.61956052847882       49.49858212592821
H           49.00360094367596        8.58610633572932       49.91617098548576
H           48.59561212185034       11.48425564804673       50.82057354291946
H           49.97598381491104       10.46810799826450       51.27608929201210
C           57.51967198611052        7.98242121580180       46.74598701711717
C           56.20845630154835        7.26353250373047       46.43518504298975
S           54.88192078889559        8.41233460501133       45.95073575881131
H           58.31832857403986        7.26805141077014       46.96926451254300
H           57.82406338856684        8.58798984693551       45.88794736465607
H           57.39366711171937        8.64784419043232       47.60778107812970
H           56.36648058027597        6.58605017044462       45.58548848872195
H           55.91846288856996        6.64497418415666       47.29514088462504
C           57.77314537269414        9.13698597075644       51.59901454809676
C           56.61260471257230        8.22677405501731       51.99848407928581
S           55.05450776504119        9.13625661066310       52.23373621739371
H           57.88142187235132        9.94453397103756       52.32843184219308
H           58.71510492694244        8.58069009798220       51.55193457443907
H           57.58126896339937        9.58435221407135       50.61640852340987
H           56.50959157451810        7.41916638869171       51.25979672511719
H           56.84768714539464        7.75699507132008       52.96307871193338
C           55.52377510411632       16.49411063100585       47.88593790453672
C           54.97798019458592       15.14612191981383       47.42648807987838
S           55.61703491207824       13.86103521074277       48.55948834543157
H           55.23237126476264       16.68637487724791       48.92474940748919
H           56.61634124668343       16.48914980007969       47.83867901378483
H           55.15180178664737       17.31013737303193       47.26082183771990
H           53.88145659582963       15.18317893756859       47.39314374715963
H           55.34456822528795       14.93226281791046       46.41373587586342
C           49.50970146604734       18.38189851824587       50.50150319551326
C           50.12096549669709       17.96406180165195       49.15778555324355
C           50.77415272733224       16.62599138476280       49.26498216236650
N           50.06112212536021       15.45460875336910       49.19810574619864
C           50.92034506403387       14.42830117003884       49.41410639006103
N           52.13585309367967       14.88785787894591       49.60774737632480
C           52.06130333369091       16.25246897807556       49.51986703486135
H           48.76488390782485       17.65176000569711       50.82091402387099
H           50.28537520526977       18.44460314854183       51.26669927854531
H           49.02832452846101       19.35460569970465       50.41034695522352
H           49.33416096611825       17.93986563893865       48.39738739648183
H           50.86338336373448       18.70758456702077       48.85215080828434
H           49.06857402831320       15.39174396616624       49.06303245525068
H           50.60715611049761       13.38256995460901       49.39458146228772
H           52.93161354355906       16.87849926026996       49.64163398614443
Fe          52.23384693601439       10.69025386974763       48.94779589744042
Fe          54.07844293888115       13.73148616583292       50.22535891602379
Fe          54.20971012830722        9.60425677964180       47.72335887439890
Fe          54.27295895760160        9.89783132088503       50.25924849778765
S           55.90004484454085       10.29513887252549       48.90238958600000
S           52.89420668599030        8.65667013965590       49.15722844323052
S           53.23578615292144       11.81447505681302       50.60262823521613
S           53.11303609329899       11.40851824017465       47.03677761622583
Fe          54.49264140279170       11.94512566163333       48.63553370215151
C           52.68997053228598       12.25822269759531       45.43332714374023
O           51.52289986408388       12.64552486874321       45.37510908351866
O           53.62092193422372       12.32043228491290       44.63051262281043
67
 energy: -116.984158578434 gnorm: 0.003210110769 xtb: 6.6.1 (unknown)
C           53.36489879486491       15.25606753545430       53.89271668502239
C           53.46123737117988       16.03459237960544       52.58288459532116
S           54.78392843394957       15.36163236576230       51.53068894984447
H           52.62088790634591       15.69476364516811       54.56474498119458
H           53.08888366760842       14.21720867962149       53.69319171738967
H           54.33435430514827       15.25946520414358       54.39649046636605
H           52.48138869263870       16.03294394265446       52.08699553276842
H           53.71323472325833       17.07939424230673       52.80575998240499
C           48.39491265156397        9.42118365336867       50.27894546724614
C           49.23979519355387       10.67826159529163       50.48019116957447
S           50.01432268141522       11.15561762300441       48.90067241906224
H           47.88521271798678        9.12748228353901       51.20134082789630
H           47.64250252646198        9.60488386831762       49.50784776502527
H           49.02504537702638        8.59235496964175       49.94589657047057
H           48.58518795963297       11.49653266389038       50.80626445424720
H           49.97472734044983       10.50235609342941       51.27614982607214
C           57.52599335281062        7.99427985653663       46.74633411977158
C           56.21626926692020        7.26990310964740       46.44345693678466
S           54.88608014837951        8.41284674519965       45.95329109426243
H           58.32737146102236        7.28389931105272       46.97279626532704
H           57.82680986844863        8.59527222476140       45.88389199498026
H           57.39941282866160        8.66479912991736       47.60406455835565
H           56.37395553229531        6.58778031173946       45.59792371515402
H           55.92888069911057        6.65668414863822       47.30768884102228
C           57.77353812545523        9.12769953316597       51.59325717055303
C           56.61114891494330        8.22492219756232       52.00219891890524
S           55.05622500661300        9.14105978167712       52.23632024474789
H           57.88627843564881        9.94015098588617       52.31588345661334
H           58.71326029336274        8.56733460291684       51.54872958948677
H           57.58125996736675        9.56807682510593       50.60788598396349
H           56.50338950852738        7.41305141104859       51.26951668588923
H           56.84785279806356        7.76087053411415       52.96881373876400
C           55.51505677910014       16.48870044585326       47.88263859592438
C           54.95599885669012       15.14604269174814       47.42721163832801
S           55.60125659163324       13.85868824444182       48.55154547063345
H           55.23491410510593       16.67969223583658       48.92293744485573
H           56.60534264951956       16.47497749300284       47.82594609600996
H           55.14353981617808       17.30908075637392       47.26288654325754
H           53.86041876884691       15.19067800620619       47.40504955733954
H           55.30965294125913       14.93251527122738       46.41100607327101
C           49.50782110528677       18.38403050723410       50.49547524278127
C           50.12764504446861       17.96939767414589       49.15471815541019
C           50.77935091992138       16.63072041340958       49.26251292930382
N           50.06429938622858       15.46066120042904       49.19160495593309
C           50.92076710889954       14.43236506499753       49.40793073111327
N           52.13659601281458       14.88913611607929       49.60653075466966
C           52.06474415711912       16.25408844372757       49.52102376407014
H           48.75853231728060       17.65518185770028       50.80697847787865
H           50.27801771845246       18.44192155911009       51.26640326805597
H           49.02999378898971       19.35840329067733       50.40423023231150
H           49.34589970411822       17.94731614269669       48.38923321414708
H           50.87210324152608       18.71345105896482       48.85584368367193
H           49.07247827634238       15.39913266840839       49.05072133008820
H           50.60565886797998       13.38742203673126       49.38518801252038
H           52.93572132376565       16.87849620697197       49.64629366017618
Fe          52.22742119912628       10.68335184225867       48.94443073243280
Fe          54.07063144557079       13.72780873500867       50.22316068328553
Fe          54.20701197597477        9.60037909365447       47.72484623323695
Fe          54.26766171531720        9.89674712966810       50.26155731864352
S           55.89433615120857       10.29483588163757       48.90436744474775
S           52.89227174814376        8.65154525950639       49.16019659303078
S           53.22515403565441       11.81177437974844       50.60021581092114
S           53.10819942195625       11.40104699140202       47.03331155352004
Fe          54.48361719770471       11.94150182707831       48.63369959849123
C           52.69809394168749       12.26081789030213       45.43237894376141
O           51.53155101180134       12.64297592218748       45.36349242889317
O           53.63675032366483       12.33657499769002       44.64148847286721
67
 energy: -116.984287821746 gnorm: 0.003410386840 xtb: 6.6.1 (unknown)
C           53.36486561505509       15.22423342608962       53.89375545342183
C           53.46589985014628       16.01582990395107       52.59191566422979
S           54.78613722010617       15.34622250960266       51.53513229538422
H           52.62411832605113       15.66095190504024       54.57042397389103
H           53.08184273135572       14.18933256493783       53.68377652529630
H           54.33449590127618       15.21640911668312       54.39700514394711
H           52.48621930132698       16.02414901276985       52.09548728554250
H           53.72317609042747       17.05705405204478       52.82518483748390
C           48.41661745117040        9.42827355054766       50.30372397375949
C           49.23583235963405       10.70614303439305       50.47774577189080
S           50.00920681497644       11.16111642868217       48.89174554454031
H           47.90467937458009        9.15109294872275       51.22995518407894
H           47.66715951110871        9.57699343407882       49.52239501299968
H           49.06419156862826        8.60201954739494       49.99892843959361
H           48.56364299014909       11.51945680062513       50.77969573002221
H           49.97065078094235       10.56475307025476       51.28049779986985
C           57.53689677384662        8.01433318564394       46.74621677577472
C           56.23035110600626        7.27898613771936       46.45613220103058
S           54.89265250789906        8.40896015952344       45.95667065982705
H           58.34315958417102        7.31111819110834       46.97864869429547
H           57.83190033401877        8.60764697615683       45.87649988156731
H           57.40797153737197        8.69356649793718       47.59690154379359
H           56.38947850952924        6.58834153296353       45.61799524550058
H           55.94882837531367        6.67412958716790       47.32813149248659
C           57.77228314235938        9.11250764520378       51.58320083758709
C           56.60581233491023        8.22261528433094       52.00786249788553
S           55.05810838148436        9.15282135797750       52.23899302080021
H           57.89251955106719        9.93307309586735       52.29505553480119
H           58.70772614004925        8.54464518920514       51.54285067340839
H           57.57936075798260        9.54155954994686       50.59308193537073
H           56.48918879324075        7.40304148238397       51.28555562555169
H           56.84420640143887        7.76839980044743       52.97861243032578
C           55.50089924407224       16.48090892547993       47.87447383847618
C           54.91937753057513       15.14556627540859       47.42728641702521
S           55.58128313257644       13.85519388145725       48.53858646755130
H           55.24354295766359       16.67031141033295       48.92084273835260
H           56.58923300644241       16.45536127036372       47.79590523680802
H           55.12557095132087       17.30711150576941       47.26385110602436
H           53.82410091721012       15.19927247338962       47.43162102157350
H           55.24708833925258       14.92961999621819       46.40289015145818
C           49.50454966043384       18.38802861856407       50.48484389333370
C           50.13962053607920       17.97854018343098       49.14948075508451
C           50.78793574839276       16.63821092246636       49.25910304081173
N           50.07008860492611       15.47042420110162       49.17961428777105
C           50.92197882147676       14.43890329629086       49.39904484708979
N           52.13773234162777       14.89152860208228       49.60854434160400
C           52.07028009321988       16.25706417259190       49.52682336790689
H           48.74778564959672       17.66114444324803       50.78246152602910
H           50.26505138333400       18.43801733850755       51.26586171421587
H           49.03257183920199       19.36517752320259       50.39274725268472
H           49.36678291416823       17.96077228343507       48.37482806143044
H           50.88860752771341       18.72289525924120       48.86276463389062
H           49.07958465339662       15.41141289138332       49.02797686503630
H           50.60416299117339       13.39511763168664       49.37149606356824
H           52.94190887829510       16.87901771427137       49.66039347448479
Fe          52.21870552331549       10.67384553191811       48.94023642286286
Fe          54.06087744684704       13.72280676586050       50.22010718033970
Fe          54.20210292205814        9.59382553603912       47.72478850638258
Fe          54.26093625373782        9.89410375364036       50.26205731304961
S           55.88604200828275       10.29379979000115       48.90496191216560
S           52.88901137460539        8.64335016323365       49.16149864047615
S           53.21191635218391       11.80775664819375       50.59518049525555
S           53.10023717530386       11.38968267069487       47.02776294069380
Fe          54.47039301513851       11.93686904482557       48.62959703504121
C           52.71069670099703       12.26342151309563       45.43026144638119
O           51.53945236634096       12.62725229858352       45.33848239634580
O           53.66746722146868       12.36873927487559       44.66373729290821
67
 energy: -116.984463891306 gnorm: 0.003183586715 xtb: 6.6.1 (unknown)
C           53.36065311850689       15.18273990716690       53.89918642931094
C           53.47239933436546       15.98963976230353       52.60739521469140
S           54.79184734977277       15.32248500172604       51.54778327862795
H           52.62172734311373       15.61747834593475       54.57883078668746
H           53.06915438602830       14.15303078292390       53.67582258906245
H           54.32865850234523       15.16096902647384       54.40493635597725
H           52.49428465127320       16.01190129645565       52.10813755685236
H           53.73725540891211       17.02578327081019       52.85417746777231
C           48.45065861664582        9.43874311134705       50.33304610611136
C           49.23552269534959       10.74205449447510       50.47424480892384
S           50.00590925671068       11.17309153757259       48.88079851874183
H           47.93508683337790        9.18021440961195       51.26267781769346
H           47.70620115821202        9.54304825690575       49.53945127162257
H           49.12151274515784        8.61849532211467       50.06354310338857
H           48.54076722754955       11.54664602753982       50.74866138255106
H           49.97046865351269       10.64375005169528       51.28375350282465
C           57.54912663864924        8.03953265517303       46.74443141024074
C           56.24900766048189        7.28697457922393       46.46822672833407
S           54.89886987445307        8.39705687093250       45.96114175526135
H           58.36196947248497        7.34711612149543       46.98773393773984
H           57.83811662026611        8.62151336268485       45.86507021649892
H           57.41370771141312        8.73138320746001       47.58443927878229
H           56.41259123978011        6.58754241614115       45.63817424020156
H           55.97747231371535        6.68995723806768       47.34898477848382
C           57.77042815765819        9.09202173345262       51.57565734684274
C           56.59535128619700        8.22041067430930       52.01435519229548
S           55.05978468652049        9.17262991259367       52.24246874589141
H           57.90061175249125        9.91974438075031       52.27714318449500
H           58.69927608484831        8.51285630047585       51.54045923806832
H           57.57951365534861        9.51075350080981       50.58099476226808
H           56.46599769447055        7.39452140648283       51.30198510393614
H           56.83275992618858        7.77416912220060       52.98886992767132
C           55.47466379115976       16.47151026726744       47.86068127485390
C           54.87586752830237       15.14222086384574       47.42088237220192
S           55.55955085525946       13.85022835233169       48.51992174463901
H           55.23939394005144       16.65640227809933       48.91344187325574
H           56.56078316170577       16.43859065487453       47.75980034508986
H           55.09335557753610       17.30332108164410       47.26018744313519
H           53.78184831931971       15.19856867257082       47.45494181283128
H           55.17728679563619       14.92427824974368       46.38917121388807
C           49.49806108990673       18.39709171536396       50.47039827735059
C           50.15456663499366       17.99242477318700       49.14361921427574
C           50.80059578517123       16.65095781166790       49.25796313350345
N           50.08218273988017       15.48478485258282       49.16461648179019
C           50.92988727270769       14.45076321610274       49.38988716993929
N           52.14392518070706       14.90059924953129       49.61736990445117
C           52.07921362565364       16.26688893287142       49.54099012906026
H           48.73307057528640       17.67211183043087       50.75068020406641
H           50.24497901476860       18.43994399035079       51.26475295073284
H           49.03184328200877       19.37671582546895       50.37475435201272
H           49.39375062537211       17.97770166807113       48.35690737981545
H           50.90816277478614       18.73781501475100       48.87185211832434
H           49.09410631425893       15.42718172786115       48.99585316451250
H           50.61087631199911       13.40780643881618       49.35567332867900
H           52.94939395767041       16.88804414141461       49.68833074048892
Fe          52.20985681695603       10.66402403385137       48.93419434528114
Fe          54.04964815360318       13.72002963052867       50.21508476745094
Fe          54.19389150217238        9.58203713774896       47.72420306865964
Fe          54.25612220849784        9.89161605169081       50.26036982238560
S           55.87664453568801       10.29118852824495       48.90099825864669
S           52.88385452952872        8.63446951397537       49.16572888514947
S           53.19842099592226       11.80415874784150       50.58554056800553
S           53.09260619278542       11.37316201191625       47.01909100933919
Fe          54.45445763628015       11.93162743085170       48.62351594503473
C           52.72004670763732       12.25946218862932       45.42726721806717
O           51.54347496449555       12.59992708565716       45.31017136669185
O           53.69367474654177       12.39892273319398       44.68846644861319
67
 energy: -116.984626791009 gnorm: 0.005087882775 xtb: 6.6.1 (unknown)
C           53.35302846508733       15.14562799137620       53.90828550614076
C           53.47781372784893       15.96585168716918       52.62585516421945
S           54.79695174675003       15.30033067085904       51.56380471707228
H           52.61358587858829       15.57880303299297       54.58835981680120
H           53.05465648929117       14.12065302734628       53.67249470728257
H           54.31798560783142       15.11127380368183       54.41916023201220
H           52.50237437535502       16.00150953365222       52.12229434359926
H           53.75005482999136       16.99695149980030       52.88531573721666
C           48.48581653520861        9.44962026487918       50.35808306478328
C           49.23957698534140       10.77336048827807       50.47203681889386
S           50.00631744755288       11.18877294667424       48.87321530345420
H           47.96703728453026        9.20343970166808       51.28901682738077
H           47.74703599614440        9.51689409416390       49.55599097909916
H           49.17719074515988        8.63855293068269       50.11619020916210
H           48.52578286050620       11.56739941731248       50.72671309001910
H           49.97378854033774       10.71008237831003       51.28516727820853
C           57.55886581052049        8.06013087184663       46.74098661722660
C           56.26599370826064        7.29060112476530       46.47535043535724
S           54.90124212434335        8.37937746584187       45.96451630925684
H           58.37812715317322        7.37914628397993       46.99563496446621
H           57.84320620487881        8.63179312994602       45.85341973452255
H           57.41533211022619        8.76299326557747       47.57071685137144
H           56.43605691500682        6.58629793560815       45.65060499774224
H           56.00558637523833        6.69673493893583       47.36176622746783
C           57.76684397046630        9.07353307638489       51.57319361637116
C           56.58192434941365        8.21899810629230       52.01972566617150
S           55.05976460421859        9.19377655736077       52.24482636526288
H           57.90721571091772        9.90456770379274       52.26879882711120
H           58.68891916583956        8.48331707268233       51.54149248695965
H           57.57942616990393        9.48721891030025       50.57587578961584
H           56.44014169595871        7.39068178670844       51.31287593791878
H           56.81584738956648        7.77589334025861       52.99650523752801
C           55.44493993000983       16.46531726633249       47.84299072687399
C           54.84228102605344       15.13632774997468       47.40957115097870
S           55.54336085849292       13.84611365266501       48.50331864280854
H           55.22066117639520       16.64688355200301       48.89839906336351
H           56.52942951759127       16.43391925232851       47.73034310424642
H           55.05712335517675       17.29869336935194       47.24872259121820
H           53.75017746653362       15.18823955344222       47.46252864804503
H           55.12856475900678       14.91714497891167       46.37495644402889
C           49.49113385627860       18.40832732842956       50.45667973584627
C           50.16802842180553       18.00553052530645       49.13939311482364
C           50.81327772198666       16.66382560420160       49.26049367330597
N           50.09717038030345       15.49784940211439       49.15192866240245
C           50.94240772998049       14.46313391738415       49.38463924546780
N           52.15327322931770       14.91267266781042       49.63168947363629
C           52.08833249744527       16.27963758844703       49.56071295171643
H           48.72053891796006       17.68433583376965       50.72283698631561
H           50.22510933651412       18.44829507045027       51.26294237174824
H           49.02808760088480       19.38894325424552       50.35545327002271
H           49.41862266827091       17.99148178360761       48.34162543749329
H           50.92486774110964       18.75194733866068       48.87990842716297
H           49.11205617280431       15.44014807934145       48.96549693342564
H           50.62427033664681       13.42021130541498       49.34325230415457
H           52.95522468784793       16.90184964550992       49.72317078047452
Fe          52.20426400278156       10.65674760529263       48.92689042815822
Fe          54.04318293575077       13.72052004301199       50.21047049898443
Fe          54.18938599450180        9.57083149419356       47.72316256972837
Fe          54.25104976681907        9.89012234808608       50.25785040454305
S           55.86925426152613       10.28976701166667       48.89938916379280
S           52.87919622563227        8.62785027270099       49.16759617586418
S           53.18886593286493       11.80350172971986       50.57376914522209
S           53.08800217784272       11.35594843361673       47.00923398061877
Fe          54.44130462233914       11.92778437159692       48.61691868432608
C           52.72259977778217       12.24987881509101       45.42277305439378
O           51.53940266243112       12.56340739381707       45.28654967375650
O           53.70781747790438       12.42345751266712       44.70595899143206
67
 energy: -116.984803973568 gnorm: 0.006701948971 xtb: 6.6.1 (unknown)
C           53.34249045656451       15.10574166359578       53.92120750825293
C           53.48316080051245       15.94072037749291       52.64970556775076
S           54.80232997697109       15.27765330251334       51.58474883448186
H           52.60127959987105       15.53719882332978       54.60068401799057
H           53.03717038882750       14.08601067864673       53.67124980111993
H           54.30314669611575       15.05734397833937       54.43938374871849
H           52.51133451221102       15.99168575163640       52.14067618977386
H           53.76352275482306       16.96592805166699       52.92388642536910
C           48.52632680577970        9.46064102073807       50.38510811486774
C           49.24457838543380       10.80711428738686       50.47051826170283
S           50.00798085135474       11.20498470837524       48.86515771403345
H           48.00425707016547        9.22656189057884       51.31753431235443
H           47.79414173212589        9.48650964586180       49.57318010045417
H           49.24167331764384        8.66098686220373       50.17302722757194
H           48.50884474586923       11.58966129799731       50.70262085249523
H           49.97674467381938       10.78314108713852       51.28952466192896
C           57.56949418001230        8.08030704059464       46.73635048850290
C           56.28559558173598        7.29161241094815       46.48064037877035
S           54.90410960208774        8.35707367342014       45.96819674480926
H           58.39615762460312        7.41264972897525       47.00213710867423
H           57.84844678240147        8.64202241248617       45.84077821287815
H           57.41657492161372        8.79335598858846       47.55563787878534
H           56.46340244027566        6.58410210645223       45.65995100751363
H           56.03766846948419        6.69906530886159       47.37186666760558
C           57.75893507596954        9.05440779960975       51.57250042480262
C           56.56283126371008        8.21811821236525       52.02524967038309
S           55.05581000173851        9.21678567988023       52.24647634271684
H           57.91173109543866        9.88711956415227       52.26403088145010
H           58.67315418798410        8.45188485207806       51.54266979430505
H           57.57556734183591        9.46560828847312       50.57325559117876
H           56.40802565305212        7.38851290153220       51.32251223042428
H           56.79190370633027        7.77658223778848       53.00415475156792
C           55.41157159918775       16.46254029635940       47.81808442525710
C           54.80988769381466       15.12875982531103       47.39515029919016
S           55.52896449227595       13.84518515939739       48.48864449445865
H           55.19735753879647       16.64573296970229       48.87618939311955
H           56.49616688614516       16.43758027196523       47.69372785659634
H           55.01256317672362       17.29272099662186       47.22704608847416
H           53.71828476405870       15.17415355749108       47.46560948689443
H           55.08296793681268       14.90497739384318       46.35756607826170
C           49.48447273124805       18.42115725762008       50.44136094008334
C           50.18342902322009       18.01850706599817       49.13547828478981
C           50.82712260900269       16.67648561783881       49.26545635665200
N           50.11466410939425       15.51026127488994       49.13856110446799
C           50.95725493732205       14.47532582410181       49.38101368958826
N           52.16361097217002       14.92518982909878       49.65113139333007
C           52.09764932485147       16.29285861776283       49.58632950329987
H           48.70905210736068       17.69762439591283       50.69385232465527
H           50.20433408743484       18.46059896552703       51.26022414017524
H           49.02357774814455       19.40206393288234       50.33236247813276
H           49.44690340775182       18.00477023296789       48.32547066262433
H           50.94417761789010       18.76527170301653       48.88850584366897
H           49.13323924175775       15.45251001489648       48.93301277594675
H           50.64065866332475       13.43205435149102       49.33081198850144
H           52.96033079091916       16.91623450194683       49.76702364839905
Fe          52.20027240828122       10.65148864299105       48.91699114749425
Fe          54.04005770707122       13.72268927963355       50.20777169398290
Fe          54.18655434958367        9.56095885440979       47.72068980715228
Fe          54.24582600788148        9.88913847736104       50.25358761386206
S           55.86343033066577       10.28788909195548       48.89678255805008
S           52.87445977593932        8.62334657350266       49.16715206135591
S           53.18159070656653       11.80410026636553       50.56095097334892
S           53.08877900325648       11.34140330135440       46.99825318576325
Fe          54.43214011128076       11.92517058914783       48.61218667104047
C           52.72234648407102       12.23843079371090       45.41629192539209
O           51.53629515041714       12.52847485960377       45.26831965359174
O           53.70837200906503       12.43808436990799       44.71367830924150
67
 energy: -116.985033625353 gnorm: 0.009345472192 xtb: 6.6.1 (unknown)
C           53.32917319580461       15.06397627417672       53.93832444883112
C           53.48927265269338       15.91420311784939       52.67922815240031
S           54.80926463438406       15.25403210031424       51.61231316743329
H           52.58443695988659       15.49342669841701       54.61561379681996
H           53.01752455886866       14.04997779203799       53.67271744481344
H           54.28393564789350       15.00053100658978       54.46619076176799
H           52.52222926513568       15.98198615120747       52.16338046837941
H           53.77796117546929       16.93268597286181       52.96977399524344
C           48.57078332799498        9.47365324953466       50.41425049793715
C           49.25299171764190       10.84006371154907       50.47067766601601
S           50.01073999611543       11.22460735482007       48.85917743958660
H           48.04702532673729        9.24768279303416       51.34755684117471
H           47.84600479389861        9.46014199545530       49.59637558246745
H           49.30947981631106        8.68997449127048       50.22735786770389
H           48.49713951493573       11.60799106529735       50.68412762017265
H           49.98202420292475       10.85320757696963       51.29234999335522
C           57.58029030180948        8.09842564052810       46.73055590876000
C           56.30692433004738        7.28973406371780       46.48346949630844
S           54.90752453154889        8.33184680126434       45.97294449645138
H           58.41505146260560        7.44560672647676       47.00621044039696
H           57.85305024599680        8.65109911154513       45.82760375407730
H           57.41745912958645        8.82008010614739       47.53980770992393
H           56.49261093996190        6.58156909116626       45.66483140168882
H           56.07231682851368        6.69633031528037       47.37796698994864
C           57.74615889918031        9.03489095002671       51.57485267788016
C           56.53780958080252        8.21759201629650       52.03056401141139
S           55.04701052440679        9.23979065487247       52.24780392262388
H           57.91348295949581        9.86623748505519       52.26517045624023
H           58.65153622893599        8.41923322722163       51.54431912764618
H           57.56740731829441        9.44782713235732       50.57537468407068
H           56.37019192780392        7.38897810194939       51.32951141834713
H           56.76061334131897        7.77486253899352       53.01063011044788
C           55.37149994353720       16.46413117755892       47.78386269291533
C           54.78211328371493       15.11909734789327       47.37613702261064
S           55.51427272588879       13.84832713047671       48.47704715846337
H           55.15997346296761       16.65428097608330       48.84073183748490
H           56.45623114319816       16.45231384665043       47.65582286453250
H           54.95975110935283       17.28509125443492       47.19031589226009
H           53.69179287727415       15.15495989620868       47.45231725615209
H           55.05145868434548       14.88926814238040       46.33998121546067
C           49.47908137252588       18.43586721408463       50.42469907791875
C           50.20071322043895       18.03072755890361       49.13223965531681
C           50.84222370669382       16.68855580625929       49.27310056814658
N           50.13488678685840       15.52160648746499       49.12535601917552
C           50.97465050169350       14.48698993343551       49.37891695289049
N           52.17497351948391       14.93771877377783       49.67497449598023
C           52.10709354206178       16.30602988382397       49.61675922375196
H           48.70048594381702       17.71211769023440       50.66537763926218
H           50.18421180358170       18.47822257895092       51.25593069442864
H           49.01873085968716       19.41597429011720       50.30557199156419
H           49.47817276592400       18.01640110078217       48.30960540002403
H           50.96544920283819       18.77707096172879       48.89702140877513
H           49.15792528364710       15.46383360360323       48.90022486243349
H           50.66026896494839       13.44305824245318       49.31813977183239
H           52.96455730096021       16.93048650229534       49.81816181739589
Fe          52.19664980668681       10.64770290161823       48.90597722737942
Fe          54.03988125168615       13.72691068646185       50.20846485107241
Fe          54.18519408226518        9.55369378750929       47.71786271218679
Fe          54.24037410405069        9.88963943650360       50.24845405087312
S           55.85896506015950       10.28761408976181       48.89332244880704
S           52.86981964590719        8.62148199373155       49.16589994333378
S           53.17599883545356       11.80625760090343       50.54822979887643
S           53.09160858122161       11.32967397995136       46.98799197984027
Fe          54.42544700946624       11.92457520677636       48.60962536480830
C           52.71936301059700       12.22455717635093       45.40669132980278
O           51.51996150225043       12.46432074965535       45.24035265648625
O           53.71354996786026       12.47402746718735       44.72369013751165
67
 energy: -116.985127351171 gnorm: 0.011217749402 xtb: 6.6.1 (unknown)
C           53.31346834545152       15.04249689598603       53.95770013562120
C           53.49155885506710       15.89877252450284       52.70650053981726
S           54.81532767523874       15.23872550570246       51.64399024520651
H           52.56162113225474       15.47069001720279       54.62836869095462
H           53.00187977666678       14.03176041930113       53.68277606625789
H           54.26098656493763       14.97225993900244       54.49672011626308
H           52.52975818634621       15.97708538957568       52.18381834720208
H           53.78442336411721       16.91246917017420       53.00679788165074
C           48.60288668005208        9.48310341242749       50.42681199987250
C           49.26865590025822       10.85081991640025       50.47350223034571
S           50.01751732369141       11.23932107978330       48.85932296598739
H           48.08145413701723        9.25168950355786       51.35919053701467
H           47.88291885068993        9.45800094302978       49.61469364943024
H           49.34973975323830        8.71541841235347       50.24067429924245
H           48.50764738106505       11.60610174054088       50.68854554191589
H           49.99511118870518       10.87385662869606       51.28884306274077
C           57.58418478064259        8.09983422762667       46.72502529809537
C           56.31874652243801        7.28174190256347       46.47647982762253
S           54.90890439583750        8.31372800293421       45.97670427514456
H           58.42326430040983        7.45595651447280       47.00327592922920
H           57.85447937841668        8.65102479663475       45.82131706243322
H           57.41416773257684        8.82162861601428       47.53100310089054
H           56.50895986726560        6.58086526358396       45.65267478568323
H           56.09190638070299        6.68064966280811       47.36740264920383
C           57.72951463332394        9.02605636470402       51.58742944586491
C           56.51290691892612        8.21693073321484       52.03179887477196
S           55.03261730239753        9.25025715648434       52.24817295068257
H           57.90584788872435        9.84708677042506       52.28708838810542
H           58.62858124788763        8.40250115187344       51.55066407246312
H           57.55546745706902        9.45259270132426       50.59278707870774
H           56.34066093650902        7.39626202525449       51.32321881882918
H           56.72775302252155        7.76425843054864       53.00924019945601
C           55.33606419548681       16.47458618267700       47.74843261612482
C           54.78312868302430       15.10908813808161       47.35323445058254
S           55.51498843843685       13.86073802646553       48.47749295217909
H           55.10590267867732       16.67800504405741       48.79750913045903
H           56.42250954005073       16.48785946783934       47.63772284368741
H           54.91302316635007       17.27623344654003       47.13836654539986
H           53.69268410523544       15.12790250802100       47.40654604302543
H           55.07514764455444       14.87259727513758       46.32654822802002
C           49.47844824011611       18.44816211654348       50.41537262752099
C           50.21092639342979       18.03561653259386       49.13314005304488
C           50.85202732370718       16.69455182628224       49.28386558525906
N           50.15194371750194       15.52553820889781       49.12118401550816
C           50.99146174205951       14.49322186295010       49.38251491616306
N           52.18515123785885       14.94692564375560       49.69625348634828
C           52.11252326460080       16.31532737555121       49.64241629328080
H           48.70338101311450       17.72210751958323       50.65643318185804
H           50.17621799076701       18.50186578783156       51.25077299567627
H           49.01329992112131       19.42464222885025       50.28515099605905
H           49.49618184897312       18.01702097909435       48.30501887009024
H           50.97643802129597       18.78091287886899       48.90033345206130
H           49.17868403039461       15.46649423278245       48.88567602495667
H           50.68088258246978       13.44816391790975       49.31431812469553
H           52.96425676875242       16.94149861462233       49.85851006815626
Fe          52.20086878177842       10.65300886528922       48.89859930257420
Fe          54.04799238782184       13.73722667477783       50.21316910321828
Fe          54.19119788277514        9.55564187728236       47.71650567769390
Fe          54.23992514590835        9.89484708928729       50.24454389222179
S           55.86262240040934       10.29182772154945       48.89228830861266
S           52.86918297397323        8.62834399564411       49.16329164837503
S           53.18177592129731       11.81384428038413       50.54082779928427
S           53.10230923672736       11.33123471241233       46.98346815759029
Fe          54.43194241479453       11.93190480080964       48.61026029857740
C           52.70399520963432       12.20832253693589       45.39612338223514
O           51.50130451451567       12.42086206265103       45.23349028943242
O           53.68544890198666       12.47476053963351       44.70796994340308
67
 energy: -116.985489492412 gnorm: 0.006687646244 xtb: 6.6.1 (unknown)
C           53.30640745087876       15.00466202883225       53.97094278107748
C           53.49713237940293       15.87752446222385       52.73285720579880
S           54.81936430398085       15.22163896514111       51.66765127732025
H           52.55444825913118       15.42926076820718       54.64405101348100
H           52.98911631009472       13.99949764802268       53.67926371797559
H           54.25071912138331       14.91911592246339       54.51415924389609
H           52.53838020914898       15.97096255753838       52.20630277893650
H           53.79621355092245       16.88518930846570       53.04916148396919
C           48.63708215358361        9.48763040565020       50.45989507549589
C           49.26538042779998       10.88231918540238       50.47208704932191
S           50.01490563726823       11.24287466752689       48.84932385941009
H           48.11559182767335        9.27227817664723       51.39842632159102
H           47.92104539002711        9.41401707213548       49.63465595585495
H           49.41093763615013        8.72857607702717       50.30714400866901
H           48.47985843887947       11.62929976210139       50.65500536838234
H           49.98847694667320       10.95257940677947       51.29903144827276
C           57.59718327560121        8.11453524817851       46.72263122465999
C           56.33603950940969        7.28772970355769       46.48427148064431
S           54.91917200801204        8.31090503438191       45.98025946813909
H           58.44267977470629        7.47923183370516       46.99929417655112
H           57.85806430432782        8.66338469309827       45.81421236873792
H           57.42713960996345        8.83885309780302       47.52559203583906
H           56.52522314334848        6.58250510061872       45.66350384050377
H           56.11529255839324        6.69123727286520       47.38003016739096
C           57.71122067771357        9.01038281997672       51.58249744136148
C           56.49045838997458        8.21312295392177       52.03825763012792
S           55.01788684026936        9.25641471677744       52.25040097235898
H           57.90012890105356        9.83313459676558       52.27798398298741
H           58.60425790342863        8.37864165280522       51.54115994238369
H           57.53522725721942        9.43540020415752       50.58688931612471
H           56.31150309745467        7.38672427335301       51.33635862417385
H           56.70441078162710        7.76720179081847       53.01947215184494
C           55.30897471696909       16.48089695684426       47.71178337729847
C           54.75670170821410       15.10496077265265       47.34473938971759
S           55.49956704717390       13.87568488464155       48.47881929803695
H           55.08957077279036       16.70373426644284       48.76022877855176
H           56.39539461381180       16.49796545216831       47.59020038025412
H           54.87338045012498       17.26844939724233       47.09203619163019
H           53.66373129755074       15.12680836800221       47.40114298361977
H           55.04234374011579       14.85637507358658       46.31630963173086
C           49.48190287676953       18.45343598389651       50.40174303456746
C           50.23044109017196       18.04035516182128       49.12901328602199
C           50.86336201082488       16.69661239558769       49.28573538223505
N           50.16166793975400       15.53029486794357       49.10843738563801
C           50.99392508280757       14.49432408155987       49.37693104876386
N           52.18440719283803       14.94258541035424       49.70868271718948
C           52.11706768496092       16.31134253278605       49.65899448463905
H           48.70268585525672       17.72735267209635       50.63399484116694
H           50.16925363652866       18.50722277832292       51.24679443808349
H           49.01920347959761       19.43022853945129       50.26511624476439
H           49.52769668987563       18.02671687260031       48.28990877227807
H           51.00351745880618       18.78267130369464       48.90826123809030
H           49.19081764983912       15.47620255137347       48.86274233223187
H           50.68017352215672       13.45041895704750       49.29969371414593
H           52.96873704376452       16.93206087527995       49.88895288769793
Fe          52.19711673117706       10.65218508828959       48.88858582167637
Fe          54.04967894210474       13.73585567220752       50.22227183914453
Fe          54.19736199247802        9.56108732357436       47.71594726699260
Fe          54.23263048156886        9.89702546582942       50.24377450423551
S           55.86182851565602       10.29814368792640       48.89700809299804
S           52.86755114710780        8.63134174377612       49.15737477519076
S           53.17471076443007       11.81380501828251       50.53769836643580
S           53.10904019239926       11.33650925999426       46.97938905510702
Fe          54.43355657514756       11.93700069075402       48.61164983347805
C           52.71013576958481       12.21055429241789       45.38552442011031
O           51.50531912505220       12.39353458683778       45.21139998184383
O           53.69235432713715       12.50425639806361       44.70623116123622
67
 energy: -116.985689799710 gnorm: 0.010071962540 xtb: 6.6.1 (unknown)
C           53.29575994301808       14.96570048068073       53.98671713673370
C           53.50168267639130       15.85372376903806       52.76069022292770
S           54.82300178060867       15.19864732141288       51.69502538946069
H           52.54222017755516       15.38718888371398       54.65980724946752
H           52.97294443522696       13.96618937472394       53.67963973477304
H           54.23575821310614       14.86642560879457       54.53596179025392
H           52.54639826533614       15.96336022029328       52.22925771321068
H           53.80877679079754       16.85506746025754       53.09184968001198
C           48.67431383173092        9.49686950176165       50.48698169691527
C           49.27361669903458       10.90636824323190       50.47112754005479
S           50.01585447460837       11.25159688708509       48.84194053394778
H           48.15488275729766        9.29073083419019       51.42877864774682
H           47.96142395047362        9.39237915352237       49.66213976272921
H           49.46331718428515        8.74950700637909       50.35255507735431
H           48.47203094249760       11.64121095868718       50.63685585408337
H           49.99578430038292       11.00843986338194       51.29663419059443
C           57.60770827903689        8.13030367020931       46.71916469198202
C           56.35029579685396        7.29441089960675       46.49008219746685
S           54.92711495509747        8.30994501183224       45.98528862192595
H           58.45870771067550        7.50193178913466       46.99804437831383
H           57.86203409020250        8.67540677443668       45.80597306306200
H           57.43510189179181        8.85976697627323       47.51815897746385
H           56.53957745425957        6.58614794841079       45.67170789997166
H           56.13570732858754        6.70071807346705       47.38952452574157
C           57.69683941104268        8.99266217164528       51.58474991359158
C           56.46900097326973        8.20792427323108       52.04515320350946
S           55.00600348430463        9.26670266630964       52.25578729899181
H           57.89613377471505        9.81377517815229       52.27932938768204
H           58.58328393625105        8.35116488870459       51.53947609145096
H           57.52131800996708        9.41984447732015       50.59004891246193
H           56.28230315809571        7.37975939756444       51.34676256463630
H           56.68036213688465        7.76362692183296       53.02744706847869
C           55.27456190259161       16.48339637768348       47.67598760718062
C           54.73020532131587       15.09967095014664       47.32728385923512
S           55.48796803219100       13.88950638205973       48.47172437777704
H           55.05776888579458       16.71934989679210       48.72239232539076
H           56.36080326199576       16.50621826682095       47.54816387404830
H           54.82978900931480       17.25799107410724       47.04542639438623
H           53.63465269247578       15.11450880687068       47.38730690679684
H           55.01462392402250       14.84050056609196       46.29915607618554
C           49.48214526402040       18.46204264918598       50.38773215427928
C           50.24859203841094       18.04902186284284       49.12440948638046
C           50.87702355486972       16.70406400512056       49.28843306957848
N           50.17536878942257       15.53961018561285       49.09528439223715
C           51.00205210547445       14.50113817862601       49.37206755217498
N           52.18902757958158       14.94605297016565       49.72447543524065
C           52.12506514164929       16.31521636624927       49.67997222760433
H           48.69959987133041       17.73554633727802       50.61097778925809
H           50.15863254687365       18.51780005838864       51.24255713337122
H           49.02037251993885       19.43819312638121       50.24340546963127
H           49.55770092388094       18.03714062557973       48.27448559664180
H           51.02699857964051       18.79016342434833       48.91562276399184
H           49.20690291609001       15.48819660100463       48.83444231763915
H           50.68682525323100       13.45825151076523       49.28682934221743
H           52.97529099317287       16.93323128364637       49.92531736972280
Fe          52.19702999654314       10.65461922478057       48.88179399024147
Fe          54.04899809812189       13.73849070594850       50.22427602577058
Fe          54.19974883432352        9.56549272025341       47.71597793970431
Fe          54.22987841541228        9.90191814148074       50.24330947902729
S           55.86128715889894       10.30323228943504       48.89897910992935
S           52.86749052133808        8.63423473837867       49.15524581791185
S           53.16961906048046       11.81696496113586       50.53462653474350
S           53.11575814416996       11.34317033136407       46.97606380743133
Fe          54.43425085207912       11.94369916524980       48.61281800446611
C           52.70955827099380       12.20455125555155       45.37632849176856
O           51.49877642014422       12.35099870014371       45.18579571813325
O           53.69313050686628       12.52315036552456       44.70856091299434
67
 energy: -116.985986022179 gnorm: 0.007809217055 xtb: 6.6.1 (unknown)
C           53.28832266843879       14.93432594272623       54.00118004453306
C           53.50148368723053       15.83388068686758       52.78501017671741
S           54.81882390494921       15.17769906757070       51.71847583760137
H           52.53542756179331       15.35097578352300       54.67688787615942
H           52.96313491456298       13.93991755666856       53.68194420679207
H           54.22652521524505       14.82605043578031       54.55009809072443
H           52.54757939466409       15.95640616837836       52.25323620296525
H           53.81457846544345       16.82980817088017       53.12636296312187
C           48.69913232406495        9.50154682168804       50.50747235538993
C           49.28409772614445       10.91311419351845       50.46947566284307
S           50.01638830116431       11.24345160226258       48.83449612943497
H           48.18737958050524        9.30471722706043       51.45526317813444
H           47.98258917523800        9.38221301104192       49.69299194259847
H           49.49013768440099        8.75944759802040       50.37801935439393
H           48.47556660145722       11.63922899880931       50.62569198619064
H           50.00853011016638       11.03373276661774       51.28570279561882
C           57.61520590445709        8.14108791192587       46.71949531735896
C           56.35015553369265        7.31501173004680       46.49780820369424
S           54.93957208884584        8.34800030059697       45.98887529682162
H           58.46567102296006        7.50521911195597       46.98874655503717
H           57.86506868595721        8.69094216832773       45.80714654142992
H           57.45201814859334        8.86891411756151       47.52488338451476
H           56.52880255524063        6.60055492869984       45.68231289187982
H           56.12972253863002        6.72883282150347       47.40053476281111
C           57.68226503492600        8.97827855803473       51.58991580768278
C           56.45528312873222        8.19459675530021       52.05437509737376
S           54.99083334635094        9.25556061830110       52.26602125319963
H           57.88433729569341        9.79603594501568       52.28579642597803
H           58.56622645556119        8.33376463868111       51.53628597511316
H           57.50189876428812        9.40963908022004       50.59833080243112
H           56.26859128819596        7.36292420671152       51.36014288175724
H           56.66852219523130        7.75419579469665       53.03699967015829
C           55.24727774851728       16.48644049237409       47.63752259278569
C           54.71007589239881       15.09969590563879       47.30943921867934
S           55.48068643130244       13.91554441288080       48.46970696906529
H           55.02418426365039       16.74308178359286       48.67713764924498
H           56.33210179053933       16.50462104821316       47.50831740242342
H           54.80502945035442       17.24412403765060       46.98366608078847
H           53.60934600813293       15.10561595403385       47.36228964337276
H           55.00411946963048       14.82551644976741       46.28451025999981
C           49.49077742077235       18.46263235428145       50.37888181902070
C           50.26561680869823       18.05285501793255       49.11850840920443
C           50.88820031257010       16.70589148402777       49.28365763499139
N           50.18051949666499       15.54656689872267       49.08509748751763
C           50.99887282552210       14.50235192939718       49.36537839338015
N           52.18580275268110       14.93937177692244       49.72721138236083
C           52.13121703979604       16.30835528527994       49.68485726436418
H           48.70727236983783       17.73446736679499       50.59896094522695
H           50.16390755394221       18.52018245714349       51.23683020330473
H           49.02867315598955       19.43748291715110       50.23140749457064
H           49.58144690750815       18.04470566471698       48.26327254258616
H           51.04834518041403       18.79268779591993       48.91957564482701
H           49.21182105181028       15.50055175740011       48.81780804402354
H           50.67798524304799       13.46258839576150       49.27767833142379
H           52.98448318330587       16.91962558916620       49.93615185738042
Fe          52.20389565202258       10.66690852361965       48.88314975187271
Fe          54.04704168196901       13.73921625548413       50.22657483521750
Fe          54.20690574665925        9.58550428718954       47.72101864783792
Fe          54.23311284084873        9.91409001970246       50.24923412691120
S           55.86691788768218       10.31856230975351       48.90835739328852
S           52.87531847823205        8.64440199412337       49.15252493339175
S           53.16594183926414       11.82136613006397       50.54603653135913
S           53.12377908868505       11.37053162175591       46.98132471927032
Fe          54.44166687459013       11.96048329419674       48.61718337311149
C           52.71128764845678       12.20645126048386       45.36784530145897
O           51.50386814310934       12.33282862705202       45.16391798420609
O           53.69538665861758       12.52945497311189       44.70487583116083
67
 energy: -116.986300913212 gnorm: 0.009236254420 xtb: 6.6.1 (unknown)
C           53.27151848921509       14.88358855639583       54.02512808916127
C           53.50298068355828       15.79983219087597       52.82388789684622
S           54.82041117371701       15.14888583451757       51.75434259700609
H           52.51564517523283       15.29529587304220       54.70061114384761
H           52.94127392832883       13.89681030970183       53.68781254675441
H           54.20418704047054       14.75963572452060       54.58079122432141
H           52.55369335842402       15.94138020324413       52.28802432921312
H           53.82468397791645       16.78700000282695       53.18319216225413
C           48.74991203262343        9.51407104894244       50.54084523591667
C           49.29921377237211       10.94028778136942       50.46709956526078
S           50.02131709485320       11.25302179981733       48.82457074972305
H           48.24286230219576        9.32880784178587       51.49329213547820
H           48.03490804494999        9.35242410642152       49.72768419851403
H           49.56209624679761        8.78814027406882       50.43300880698978
H           48.47214391814896       11.64903300416792       50.60629151903387
H           50.02279853089458       11.10091275715460       51.27942637402509
C           57.62624476535674        8.15967465516185       46.71672134681579
C           56.36175618987589        7.33176900001135       46.50161715517965
S           54.94957733074371        8.36213723007995       45.99110067326490
H           58.47848075756228        7.52540106921933       46.98349275006044
H           57.87219455365284        8.70785532535426       45.80308415085716
H           57.46511052265082        8.88823187237040       47.52160631611199
H           56.53968770372641        6.61387388606017       45.68915317896121
H           56.14398681748695        6.74950743136997       47.40731856369565
C           57.66346263651602        8.95443715933220       51.59951899377260
C           56.42972273277496        8.18224363180686       52.06448058083314
S           54.97387482886766        9.25708283707118       52.27087559211144
H           57.87722453278959        9.76706338875675       52.29796805996251
H           58.54011987055305        8.30032621314867       51.54028860178121
H           57.48363749075878        9.39159225472779       50.61028710141949
H           56.23466379485933        7.35183149817800       51.37180871855318
H           56.63818369548940        7.74194476571922       53.04819985260895
C           55.19597315741741       16.49019931052787       47.58121342534434
C           54.68135891639349       15.08764714969444       47.28096792572711
S           55.46572119452413       13.93305600348627       48.46395947048723
H           54.96166508454166       16.76800352956760       48.61157639151443
H           56.27955914277367       16.51905653984595       47.46153346862848
H           54.75070721082066       17.22980811915365       46.90721327013343
H           53.58253010620585       15.07536822142914       47.32123768998825
H           54.98758377925542       14.79905434264630       46.26523872058350
C           49.49496411804319       18.47592403149622       50.36230129208848
C           50.28767674113254       18.06500324107023       49.11340559379797
C           50.90618763397215       16.71698068570178       49.28586462427111
N           50.19946377906078       15.56001634271354       49.07101690395439
C           51.01112528306094       14.51289801699371       49.36051328243776
N           52.19326650772792       14.94667557853413       49.74354606174292
C           52.14194264495575       16.31574079568223       49.70617334192184
H           48.71296276369422       17.74511351871395       50.57452087632755
H           50.15735524706118       18.53853977519008       51.22752185200062
H           49.03023790188976       19.44830759044837       50.20652363121687
H           49.61578962775190       18.05793178859182       48.24904078670288
H           51.07286971782607       18.80422580500248       48.92632462765432
H           49.23496908053774       15.51665933855193       48.78895983156692
H           50.68914164676666       13.47427350331581       49.26463191902674
H           52.99233948103863       16.92444535779488       49.97518544351964
Fe          52.20764445111388       10.67342130511939       48.87678172524693
Fe          54.04417397333949       13.74619388688803       50.23020144354718
Fe          54.21373109158429        9.59469401768691       47.72412395847860
Fe          54.23248082962390        9.92385006925321       50.24999908156381
S           55.86910151251842       10.33440451842975       48.91574222129316
S           52.87926203736770        8.65194759904171       49.14892081946390
S           53.16039115251424       11.82637812620966       50.54289480745624
S           53.12923467307547       11.37542027545609       46.97597224348390
Fe          54.43883497101118       11.97308190950564       48.61567895062309
C           52.70770478849041       12.19424408841212       45.35558118317152
O           51.49847383444119       12.28052885832375       45.13653076615957
O           53.69275812515366       12.55163802260175       44.70546252863287
67
 energy: -116.986625509705 gnorm: 0.007264924224 xtb: 6.6.1 (unknown)
C           53.25621251108199       14.83865834997341       54.04551920596534
C           53.49715586737570       15.76922657076479       52.85749667448289
S           54.81575678488205       15.12957237443494       51.78054130187422
H           52.49922546627221       15.24553233621044       54.72321583051716
H           52.92214734927954       13.85863911855345       53.69442808659716
H           54.18568778550612       14.70238167845518       54.60373850505808
H           52.55128609758127       15.92358678884336       52.32150441634212
H           53.82360038643495       16.74843942005783       53.23203330033007
C           48.79234307416620        9.52470822464039       50.56933309878223
C           49.31373954780958       10.95899843412479       50.46531604056479
S           50.02890427390194       11.25952180616273       48.81831826645632
H           48.29134151155403        9.34847179135876       51.52593489716128
H           48.07722893425985        9.33453528323294       49.76334062696996
H           49.61759997506528        8.81361087332668       50.47033790125892
H           48.47290201705707       11.65293362179843       50.59419392719118
H           50.03454245809939       11.15055650974888       51.27369103127953
C           57.63452063343701        8.17626558114061       46.71822881148523
C           56.36522440393486        7.35644414375443       46.50346658649286
S           54.96001262408599        8.39164807080910       45.98552035312120
H           58.48279742286584        7.53519102199968       46.97740816150386
H           57.88085145288823        8.72655255635294       45.80745005842430
H           57.48169848847418        8.89964205808933       47.52734122803258
H           56.54195774287743        6.63371932947253       45.69548953523240
H           56.14237369178844        6.78044687191701       47.41155086745632
C           57.64909014502247        8.93312443332097       51.61045613642902
C           56.41192627812539        8.16721123224105       52.07481484784780
S           54.95905253319614        9.24663006734336       52.27286178649808
H           57.87101632088289        9.74181840328872       52.31184928724692
H           58.52136827507659        8.27446027102587       51.54793252049085
H           57.46988160206289        9.37455426414242       50.62265066749583
H           56.21203059417351        7.33752186246929       51.38374541801649
H           56.61556501340482        7.72879081263244       53.06114628302135
C           55.15305559583643       16.49108007169484       47.52366063252625
C           54.65775190756074       15.07292628145000       47.25304974155742
S           55.45159916680569       13.94794789150478       48.46222725990608
H           54.90491830599073       16.79207977401150       48.54406159383416
H           56.23730504009818       16.53049466670480       47.41730816742572
H           54.70829536595389       17.21403289318754       46.83067661322672
H           53.56182714367358       15.04389225798952       47.28801063775501
H           54.97191115141924       14.76762487146464       46.24601811073229
C           49.50296787166044       18.48628635433898       50.35025099340537
C           50.30596643010887       18.07665565149365       49.10894229620973
C           50.92043152568731       16.72693427357495       49.28494569795358
N           50.21391865668272       15.57236206943667       49.06083636464400
C           51.01952858451484       14.52238225427915       49.35760290419289
N           52.19816411356033       14.95354578468968       49.75239827852050
C           52.14988397815913       16.32236827364334       49.71671868684274
H           48.72430379588819       17.75198997640503       50.55588263980479
H           50.15824257655919       18.55170739657582       51.21940743358716
H           49.03483752901219       19.45661339342170       50.19043879020638
H           49.64225895953919       18.07224102177108       48.23936636406453
H           51.09197615379463       18.81536998516755       48.93054144058018
H           49.25389410688484       15.53143117719159       48.77131009071526
H           50.69669463403167       13.48449387850257       49.25616962935815
H           52.99779388989825       16.92886227197414       49.99649528885868
Fe          52.21347711962179       10.67979386008124       48.87316125792157
Fe          54.03932565490569       13.75440067520212       50.23491337223990
Fe          54.22195958539128        9.60903995305445       47.72562898395170
Fe          54.23284334997761        9.93197278450777       50.25128236151262
S           55.87259356919357       10.35241790609499       48.92572401139351
S           52.88797311356039        8.65940253900689       49.14089671988375
S           53.15557874671373       11.83006096678935       50.54179802887670
S           53.13246803249725       11.38313669224771       46.97393899218135
Fe          54.43551194522804       11.98539515783668       48.61735341205283
C           52.71114117958700       12.18645387906236       45.34722864348220
O           51.50311201881492       12.24325622595271       45.11500997185656
O           53.69420413861377       12.56278351830551       44.70577929920905
67
 energy: -116.986938595380 gnorm: 0.007611324859 xtb: 6.6.1 (unknown)
C           53.23939641515913       14.78245786823097       54.06520324038426
C           53.48979806882261       15.73331831290104       52.89443477572511
S           54.80814239426959       15.10512353745811       51.80855160088873
H           52.48331910976473       15.18380925052380       54.74773475529718
H           52.89894876877577       13.81054282837977       53.69654804742340
H           54.16613645383858       14.62998212657055       54.62464811178236
H           52.54740597880903       15.90387864702041       52.35756493636089
H           53.82258385920613       16.70302711081719       53.28869527795032
C           48.84162735391094        9.54090450786643       50.60520207062592
C           49.32805392891061       10.98550928502195       50.46582346488706
S           50.03532364264315       11.26923814417769       48.81258041952949
H           48.34698370631938        9.37745048999561       51.56739116103892
H           48.12891556897585        9.31354727750640       49.80415620819589
H           49.68513028707044        8.84664103961492       50.52177075205507
H           48.47079371274341       11.66199504072681       50.58127622662340
H           50.04336686502219       11.21177156180513       51.26946117984574
C           57.64602116478301        8.19957086048154       46.72113061379790
C           56.37396064640394        7.38219327549485       46.50753040388555
S           54.97548775425195        8.41931736222012       45.97858505046892
H           58.49260544431711        7.55459232116111       46.97634623920280
H           57.89060312631084        8.75000583264897       45.80990231570965
H           57.49882217321591        8.92189340231409       47.53156763208478
H           56.55082027533394        6.65210331015290       45.70642838617555
H           56.14591355807427        6.81568076766272       47.42037890980210
C           57.63615431950262        8.90657563804156       51.61965960682704
C           56.39167793865744        8.15331030776581       52.08631443278127
S           54.94561542003294        9.24359577075189       52.27688262828086
H           57.86732337687680        9.71349842366846       52.32080687001001
H           58.50267124977905        8.24030712258425       51.55672080071786
H           57.46029780762304        9.34974104021591       50.63211995391942
H           56.18585136064475        7.32100333298269       51.40014805503966
H           56.58999615605860        7.71897443510553       53.07596030218731
C           55.10390712596468       16.48615316960205       47.46141340319860
C           54.62264144469082       15.05780418825669       47.21993913289113
S           55.42977076370897       13.96124618448682       48.44987868305851
H           54.84578925413122       16.80849187810716       48.47253546728400
H           56.18949497766130       16.53427318680781       47.36197939209870
H           54.65787357571350       17.19116172469354       46.75147192963288
H           53.52853997006792       15.01787401511820       47.26599170143640
H           54.93361264302742       14.73496754361965       46.21826584281861
C           49.50849796910979       18.49797430012710       50.33475137080761
C           50.32913981292699       18.09326860211158       49.10281262210405
C           50.93766705531257       16.74107296537415       49.28379871242004
N           50.23072054388382       15.58927214998563       49.04553587299885
C           51.02850309462285       14.53573513136340       49.35357980239165
N           52.20306864130288       14.96313693896473       49.76885741812437
C           52.15940709607751       16.33213842821404       49.73430342609056
H           48.72820261442737       17.76122536057640       50.52683091969990
H           50.15168298754985       18.56209165370047       51.21389045010795
H           49.04029168973776       19.46790356317385       50.17120677298460
H           49.67795259019792       18.09379309916529       48.22260237286193
H           51.11991533546747       18.83115570611749       48.93900147479797
H           49.27539470157920       15.55156579193210       48.73971936253867
H           50.70438839647572       13.49868257095615       49.24384889654649
H           53.00465689507863       16.93594442228539       50.02833342539031
Fe          52.21613688157416       10.68187429556325       48.86814635700309
Fe          54.03130741612687       13.76095889202138       50.23465599977138
Fe          54.22577322144550        9.62076149079906       47.72426606102174
Fe          54.23291067592192        9.93478644259483       50.25015381320949
S           55.87420446332192       10.36298828041932       48.92984271903041
S           52.89447884356233        8.66199903400757       49.13358124643627
S           53.15102898480038       11.83112012759274       50.53982720941567
S           53.13570207642631       11.38964296521782       46.97175040717963
Fe          54.43174327923702       11.99210075570303       48.62285998876217
C           52.72137332832750       12.18026967813446       45.33991327084384
O           51.51696465355365       12.20915154586124       45.09072250650929
O           53.70426531092732       12.58068447578015       44.71209790912842
67
 energy: -116.987195626972 gnorm: 0.005957135677 xtb: 6.6.1 (unknown)
C           53.22469928988347       14.73569348386663       54.07590836526734
C           53.47246915283763       15.70262639371949       52.92044657107427
S           54.79293434763598       15.09332449815254       51.82417360026753
H           52.47225980980972       15.13007981953600       54.76683525018954
H           52.88139442114598       13.77035189132420       53.69638185445773
H           54.15221936158194       14.57375560882606       54.62882237773046
H           52.53155751580510       15.87965773119934       52.38673156192745
H           53.80376286211633       16.66465851151480       53.32925463464537
C           48.87776926763382        9.55788721709430       50.63271786466393
C           49.34072081345517       11.00049491143506       50.47258845168405
S           50.04188412402923       11.27656315499278       48.81660492045237
H           48.39178717898502        9.40130788481884       51.59951739288162
H           48.16635707087488        9.31273091041327       49.84352926861865
H           49.72830948378407        8.87818810959682       50.54805745534424
H           48.47354231711100       11.66318671278948       50.58299335922147
H           50.04989997379474       11.24972220912044       51.27066082971754
C           57.65443002861889        8.21861038447952       46.72999045870016
C           56.37493338772098        7.41239505954323       46.50899109164904
S           54.99230624667526        8.45962942094950       45.96252165498574
H           58.49539946574507        7.56299259030385       46.97845187261413
H           57.90179012032475        8.77494881040077       45.82255901200173
H           57.51468415158072        8.93532544620925       47.54624139192221
H           56.55279351686645        6.67545147392549       45.71529966292066
H           56.13240283140330        6.85594600901067       47.42397197367978
C           57.63038142300375        8.88446052699612       51.63018523918734
C           56.38216102878580        8.13827019895873       52.09609924351896
S           54.93820346226419        9.23160199753932       52.27707788893709
H           57.86325015061083        9.69154080839082       52.33017033322548
H           58.49454296081532        8.21503503540172       51.57215388280931
H           57.46035253122039        9.32632476616124       50.64124879926953
H           56.17775857164509        7.30227353678822       51.41452766764109
H           56.57609685314902        7.70928790744583       53.08892335056736
C           55.06535671736675       16.47311684246895       47.40445956951924
C           54.59057529121847       15.04097451254068       47.19127670287021
S           55.40927070702283       13.97093945121679       48.43823466631260
H           54.79317809579010       16.81629722193052       48.40482944059806
H           56.15371765707398       16.52530322005648       47.31643210010213
H           54.62441133135159       17.15932033601034       46.67620745737351
H           53.49907044395422       14.99831733571590       47.25840402825754
H           54.89058926364479       14.69920717376730       46.19379047200682
C           49.51704502345265       18.50629542829846       50.32561081357579
C           50.34723113248828       18.10948516580673       49.09867786762691
C           50.95038289185669       16.75465933297695       49.27861634192836
N           50.24199347535058       15.60545058732542       49.03649308974536
C           51.03281272320200       14.54872971048588       49.35150175151588
N           52.20509292906510       14.97216239131605       49.77427944587595
C           52.16571726197198       16.34160604386412       49.73910629182546
H           48.73554653050580       17.76770822939418       50.50614585838687
H           50.15263677347889       18.56443695287852       51.21012958303874
H           49.05011561898004       19.47733278184024       50.16521029601577
H           49.70328059462078       18.11651643222936       48.21358233954669
H           51.14070786096597       18.84670733456277       48.94511213121663
H           49.29074924620756       15.57092278049376       48.72070689308519
H           50.70729204636538       13.51251099089073       49.23901918271699
H           53.00879954159436       16.94330317123013       50.04042159773300
Fe          52.21828979174002       10.68133103463444       48.86389912504234
Fe          54.02043740812136       13.76934001469852       50.23243483293508
Fe          54.23092396053327        9.63605908372090       47.71978641277741
Fe          54.23411542309213        9.93184841896772       50.24906685554576
S           55.87678933556244       10.36900156635831       48.93421736054692
S           52.90350470015966        8.66149993040566       49.12346819494616
S           53.15127453444339       11.83063691534587       50.53863970977911
S           53.14019342472602       11.40156283138076       46.97310830509987
Fe          54.43144270005976       11.99640138372641       48.63288292182564
C           52.74348939188978       12.18343395212255       45.33821611927224
O           51.54222061379146       12.18900009589194       45.06981645278882
O           53.72544803748721       12.59908911484753       44.72246887689555
67
 energy: -116.987448993526 gnorm: 0.010621612293 xtb: 6.6.1 (unknown)
C           53.20617979847398       14.67484821187648       54.09217017138705
C           53.46533471001995       15.66580879678225       52.95750178584809
S           54.78703494101024       15.07086181716238       51.85567580227655
H           52.45489117585594       15.06043625037992       54.78938311423170
H           52.85667811968034       13.71858776149005       53.69096346138587
H           54.13104260512988       14.49449560719299       54.64533069152983
H           52.52795480066664       15.86021203311306       52.42089360461725
H           53.80063107248981       16.61813404288898       53.38906257822504
C           48.93157242387009        9.57519566120057       50.67554294783547
C           49.35137618417874       11.03426441847656       50.47582818473418
S           50.04237612519814       11.29105874267423       48.81133335918611
H           48.45524767678206        9.42748473294822       51.64874777236756
H           48.22174569866475        9.28895993669905       49.89461367564216
H           49.80086880586932        8.91677161637992       50.60485376503515
H           48.46258690668909       11.67749805669962       50.56643100210120
H           50.05761215175895       11.32935449277920       51.27041056254532
C           57.66996324301262        8.24131905285073       46.73294780838186
C           56.39123737602558        7.43255473450095       46.51433854076972
S           55.01077125816730        8.47774976417553       45.95801939552487
H           58.51366464290990        7.58813049457067       46.97993624765193
H           57.91369615002613        8.79943699817425       45.82487515129588
H           57.52912849192519        8.95808874363981       47.54952403767410
H           56.57087212290175        6.69067030831484       45.72579964665900
H           56.14643965004532        6.88219497270940       47.43213106553194
C           57.61363973705726        8.85757629962338       51.63634780398802
C           56.35794277880496        8.12599778403069       52.10674977846283
S           54.92438867246518        9.23487261690244       52.27911596218043
H           57.85591770592390        9.66475872955152       52.33324439093521
H           58.47058218246056        8.17774655709817       51.57895059207860
H           57.44768214859428        9.29838926627173       50.64616601651734
H           56.14837770038711        7.28560363530186       51.43101483749067
H           56.54739747631718        7.70243201782923       53.10249146175761
C           55.01452983136367       16.46704556977107       47.34031218985205
C           54.54549156457517       15.02471499108733       47.16771620046747
S           55.38811536156033       13.98884541282348       48.43117604108466
H           54.73908606106750       16.83930716868051       48.33280243251666
H           56.10389447076766       16.52358698216076       47.25169519938488
H           54.56864095029838       17.12688847186347       46.58742656795094
H           53.45273205563296       14.97839877495834       47.25065751835957
H           54.83330581730141       14.65940289244000       46.17124961527696
C           49.52275130406613       18.51841727117007       50.30893788444995
C           50.37387136216917       18.12526343883151       49.09392592167494
C           50.96963894034458       16.76792965116234       49.27836611160659
N           50.26038774559090       15.62199305423823       49.02077293800107
C           51.04202661821875       14.56116127081192       49.34508351623766
N           52.20969738502419       14.97834161589145       49.78949517741412
C           52.17591348879677       16.34865664909863       49.75959062876793
H           48.73681716450628       17.77950783611313       50.47495351125247
H           50.14434837834009       18.57332731978814       51.20458392997374
H           49.05894278742934       19.49024032810262       50.14442492630299
H           49.74457592230340       18.13822972722814       48.19733729098290
H           51.17325310553199       18.86082635099891       48.95658030593827
H           49.31364690677962       15.59259085721604       48.68746566232586
H           50.71368416468331       13.52665583885195       49.22542201781494
H           53.01653477307093       16.94598846212403       50.07931371133021
Fe          52.21569654031378       10.68165359708789       48.85392429760697
Fe          54.01503260950890       13.77579272434167       50.23667215662249
Fe          54.23742954192121        9.64753337195270       47.71633140838319
Fe          54.23119113566006        9.93259436837879       50.24741289821924
S           55.87700357605077       10.37600648469399       48.93818314156362
S           52.90618202283346        8.66390456016489       49.11473049596112
S           53.14827970043957       11.83243763564762       50.53338450634529
S           53.14731937693449       11.41248483231289       46.96963430118667
Fe          54.43190939149320       12.00519277213728       48.63691594145219
C           52.75918840713729       12.18470426938008       45.32819235570355
O           51.55972384660436       12.15585739274561       45.03555748566655
O           53.74107935836756       12.62785469176311       44.72926686657973
67
 energy: -116.987627304363 gnorm: 0.009846320333 xtb: 6.6.1 (unknown)
C           53.19529901272846       14.64500989757177       54.09121586134813
C           53.45614945618001       15.64962992834150       52.96839904153630
S           54.78122281813137       15.06832013634505       51.86529552977625
H           52.44565385829584       15.02262786772087       54.79412168777455
H           52.84299798960792       13.69369375862424       53.67855961743121
H           54.12094277192075       14.45558886988739       54.64127984916652
H           52.51922752688441       15.84896903476774       52.43038959251504
H           53.78854344333454       16.59806321158183       53.41193107423732
C           48.95601645199281        9.58956130164976       50.69622193090424
C           49.35398686650432       11.05480397851021       50.48182717484392
S           50.03957866228999       11.30510904339979       48.81332814613799
H           48.48731384282763        9.44250563031960       51.67353305620031
H           48.24624202671969        9.27911919824056       49.91767537395160
H           49.84026634791467        8.94283719164443       50.63296507854852
H           48.46163218761887       11.68736386991558       50.57190268404897
H           50.05794933020959       11.35952862685073       51.26787121818216
C           57.67821118355434        8.25029307379508       46.73776138779717
C           56.40209031275312        7.43845986103724       46.51427252179421
S           55.02228427090429        8.48280861842291       45.95454472455736
H           58.52376411100598        7.60000013079036       46.98707663807942
H           57.92343794712099        8.81191298717252       45.83168738764635
H           57.53135465072297        8.96609786586170       47.55527257550299
H           56.58528258666814        6.69695007033405       45.72656672435506
H           56.15504907611419        6.88770720470547       47.43073701036774
C           57.60989635233476        8.84607689440753       51.63911376650564
C           56.34988278139317        8.12174107469504       52.11038133077297
S           54.92240064051678        9.23920480066745       52.27769242900752
H           57.85402501588489        9.65621024858889       52.33186332135123
H           58.46393647883764        8.16131813923289       51.58677733488601
H           57.44834685992895        9.28233880943310       50.64622103041906
H           56.13877161099128        7.27885135643392       51.43699577626737
H           56.53712189876133        7.70066746507010       53.10687457591490
C           54.98873621708599       16.45600353072021       47.31223744626008
C           54.51622833579676       15.01313597177682       47.16333613559087
S           55.37414874069785       13.99285718036554       48.42592761278699
H           54.70922588841270       16.84309857707129       48.29775438125015
H           56.07805863288291       16.50758836623397       47.22658773210420
H           54.54671651375765       17.10075606852662       46.54494348453654
H           53.42385495850328       14.97191460613915       47.25755331507387
H           54.79150002775815       14.63640679654371       46.16761284218145
C           49.52558396215846       18.52543864515192       50.30362442648881
C           50.38587762107164       18.13418401833745       49.09415097440790
C           50.97936186047558       16.77626545469240       49.27882533936769
N           50.26938442361325       15.63159241391166       49.01361873657904
C           51.04696504731243       14.56928620349199       49.34058771201824
N           52.21251220286543       14.98300749806168       49.79728511487413
C           52.18156951712437       16.35414324942446       49.76927504427395
H           48.73554514626660       17.78874391496725       50.46144626042958
H           50.13995052975751       18.57458919882331       51.20490442408238
H           49.06610272157365       19.49934608143455       50.13947090892574
H           49.76354862449632       18.15041904019694       48.19261510929825
H           51.18709115940867       18.86924071589955       48.96458981508280
H           49.32484699839822       15.60503263210770       48.67068346523868
H           50.71669094600980       13.53572808354230       49.21932618926724
H           53.02098619628473       16.94947211909257       50.09749871293719
Fe          52.21007890420103       10.67869377622396       48.84867603951206
Fe          54.01187950200474       13.77860943610041       50.23896863284574
Fe          54.23939963873517        9.64844592359634       47.71296085796700
Fe          54.23113604070785        9.92765699814373       50.24516821580708
S           55.87584570512059       10.37434146759655       48.93586245853915
S           52.90383428356451        8.66327173941832       49.11126879779163
S           53.15092076038518       11.83135041543702       50.52857170885043
S           53.14700359364328       11.41102247817359       46.96508232743439
Fe          54.42965847305538       12.00585202265956       48.63572085795089
C           52.77368694609184       12.19185079644844       45.32490413111052
O           51.58338053077100       12.16626220603521       45.02222412917830
O           53.75656717940204       12.64585301794340       44.73627157823663
67
 energy: -116.987857089296 gnorm: 0.009272375628 xtb: 6.6.1 (unknown)
C           53.18171801269220       14.61344192526172       54.09254474699829
C           53.44516748785617       15.62953855774876       52.98139680685839
S           54.77562947333703       15.06364417934304       51.87794291271756
H           52.43122726348716       14.98232727201715       54.79867543833597
H           52.82936857299587       13.66743752077700       53.66966553696955
H           54.10670797695743       14.41753848668750       54.64087187298853
H           52.50934984583174       15.83174722358318       52.44274062410853
H           53.77267157859919       16.57406708106513       53.43559942258192
C           48.98565588666466        9.60619730675657       50.71399094899661
C           49.36631439813784       11.06858476554066       50.49086867030799
S           50.04208029781481       11.31312123976758       48.81665932722937
H           48.52152445355164        9.46122736021614       51.69472633242898
H           48.28008228838263        9.28529429476480       49.94239692761129
H           49.87695308959327        8.97075560933778       50.65093943540741
H           48.46610120809927       11.69042992872172       50.57741579250201
H           50.06812528706739       11.38688967078529       51.27056364242294
C           57.68548279292539        8.25822519327180       46.74204931589743
C           56.41213642797568        7.44467569606848       46.51174249976982
S           55.03200567314928        8.48884796281466       45.95310564056795
H           58.53113059729502        7.60935427324448       46.99343587371092
H           57.93436620035968        8.82320599678779       45.83933050570201
H           57.53312200302136        8.97122251650697       47.56142689838348
H           56.59872720840129        6.70621721398933       45.72229183342059
H           56.16375641217737        6.89054775246932       47.42556558843464
C           57.60467980853875        8.83374124205349       51.64570464936412
C           56.33991357353625        8.11582240011633       52.11385253272837
S           54.91826400660762        9.24083639840457       52.27705548144681
H           57.85027518824337        9.64377087048890       52.33758827104092
H           58.45573187392336        8.14523178542562       51.59748165666719
H           57.44745581188275        9.26864094407043       50.65161823446361
H           56.12571969906155        7.27453703096042       51.43967184861295
H           56.52301594938712        7.69393892348268       53.11040647150417
C           54.95457757957040       16.44553124940252       47.28008398670121
C           54.48918809866518       15.00010335017833       47.15262109265080
S           55.35990203537961       14.00019613720003       48.42000564118360
H           54.66211445066670       16.84831534451433       48.25371943564208
H           56.04341516275359       16.49480837216626       47.20632853610474
H           54.51991830080615       17.07501523343135       46.49704419639588
H           53.39827493075790       14.95628182682834       47.24958127285872
H           54.76187462481312       14.61280703783572       46.16306772622115
C           49.52994855580830       18.53512281301659       50.29896061970858
C           50.39814482512031       18.14468518463106       49.09530552130351
C           50.99068038903907       16.78671334134848       49.28194351962279
N           50.28145775443764       15.64309202812602       49.00895360011220
C           51.05580174911278       14.57976217916244       49.33830093105813
N           52.21850361594320       14.99107719969610       49.80454628410922
C           52.18883091355600       16.36254344905597       49.77952083147540
H           48.73743962690236       17.80008893081782       50.44932417357745
H           50.13712135847596       18.58132516774915       51.20504411572303
H           49.07341101184363       19.51017816740384       50.13291209109261
H           49.78267491143077       18.16201016601492       48.18947020995283
H           51.19963701865249       18.87986808074458       48.97281812265434
H           49.33999839670870       15.61850003924232       48.65827847380744
H           50.72451909628163       13.54676743815019       49.21443000659990
H           53.02611762876014       16.95624451022443       50.11416446477817
Fe          52.21019621551876       10.68142916993303       48.84496438828462
Fe          54.00868557026542       13.78329934489066       50.24053835302878
Fe          54.24175811601768        9.65073342731915       47.71091158581142
Fe          54.23235850764524        9.92675498838368       50.24393611083605
S           55.87609991762963       10.37559358316546       48.93518162071956
S           52.90225334056071        8.66680725182764       49.10776508450766
S           53.15330757788055       11.83287743217989       50.52680840791613
S           53.14980797059735       11.41320104284537       46.96090741356237
Fe          54.42821996711083       12.00890354437950       48.63659685214139
C           52.78297642696282       12.19365548557498       45.32019426269659
O           51.59422725518414       12.14973451901256       45.00031884526535
O           53.76885295163476       12.66974513132867       44.74601685182529
67
 energy: -116.988002118270 gnorm: 0.003877356860 xtb: 6.6.1 (unknown)
C           53.18098728316826       14.61217452820093       54.08795019287595
C           53.44403204791010       15.62968546639562       52.97915524776632
S           54.77563066387377       15.06831862720784       51.87468497251690
H           52.42963931676103       14.97952440998527       54.79391010652090
H           52.82967812625147       13.66825943793057       53.66195200042365
H           54.10555676939533       14.41550323909736       54.63591513070499
H           52.50800345025456       15.83125956439866       52.44136031055706
H           53.76927991064623       16.57383512450336       53.43472903941993
C           48.98903389379375        9.60739499378946       50.71668963395229
C           49.36713656454075       11.06915894509519       50.48939902557758
S           50.04344733896458       11.31362220960546       48.81593967906655
H           48.52451077762988        9.46152787108839       51.69679921212064
H           48.28480979125890        9.28409154130716       49.94656008052885
H           49.87910692253912        8.97429818738748       50.65183854996457
H           48.46535406389037       11.68856158125094       50.57547527682188
H           50.06901762386008       11.39227527331419       51.26898680654257
C           57.68571020000747        8.25609168896063       46.74285732245130
C           56.41363877180172        7.44188186355874       46.51110920114915
S           55.03002093407950        8.48424053531530       45.95608883828625
H           58.53161216935708        7.60830923314506       46.99452032489999
H           57.93491160751773        8.82116055790392       45.84060878951506
H           57.53239820818919        8.96786454730797       47.56244675105994
H           56.60119490687008        6.70723900908882       45.71727706339065
H           56.16744109827356        6.88224551326732       47.42298425261116
C           57.60364519696500        8.83469252558580       51.64428597648038
C           56.33944090518484        8.11657624578051       52.11281321872644
S           54.91829632574753        9.24154089962501       52.27659711858560
H           57.84881995909170        9.64458563858723       52.33634874874202
H           58.45457355749471        8.14688403342869       51.59652951440600
H           57.44596653167405        9.26917095922013       50.65018761435674
H           56.12364759627543        7.27707818586597       51.43760706564306
H           56.52201976854312        7.69358822662910       53.10951435338596
C           54.95246131743041       16.44463814257991       47.27930843060085
C           54.48716124931317       14.99900498357522       47.15905417907459
S           55.36035751923908       14.00289125718462       48.42590139854658
H           54.66347268864424       16.85480551993912       48.24963308865104
H           56.04079406045609       16.49456279499167       47.20273677163517
H           54.51720249732017       17.07093956680633       46.49507338261986
H           53.39632914841392       14.95257226294516       47.25733949926097
H           54.75821290473877       14.60880038817390       46.17030480014478
C           49.53072107043328       18.53587499618985       50.29987246442083
C           50.39993771560197       18.14523349203946       49.09761276530830
C           50.99137083614450       16.78661808181897       49.28419300369927
N           50.28256567111191       15.64400118782323       49.00927794950458
C           51.05622675158312       14.57960955896188       49.33748619909754
N           52.21815364059515       14.98978572432802       49.80347704219238
C           52.18866356409534       16.36088714071860       49.78114000970099
H           48.73753251160869       17.80173864108275       50.44759892137209
H           50.13629844496137       18.58083695579544       51.20628382400851
H           49.07624016063242       19.51166576391176       50.13369519835148
H           49.78571876900245       18.16317076417430       48.19152689616618
H           51.20133390598286       18.88036923952117       48.97685809001359
H           49.34193594846072       15.62053685607706       48.65910584636453
H           50.72463290251361       13.54695388156265       49.21223087052508
H           53.02613441413795       16.95318174814104       50.11673534537716
Fe          52.21157872950015       10.68318126763470       48.84374076715773
Fe          54.00869264755421       13.78134349197073       50.24281142497706
Fe          54.24262167565283        9.64933544911603       47.71205408771886
Fe          54.23033856579163        9.92950487753097       50.24466344022836
S           55.87542246379245       10.37816719258963       48.93776670170605
S           52.90191876101785        8.66814301584686       49.10778576028547
S           53.14928881420887       11.83298507793860       50.52749960762845
S           53.15197300792774       11.41251785593511       46.95943341511072
Fe          54.42750772859419       12.00991944431770       48.63703974266064
C           52.78219151257302       12.20032226929227       45.32261565770921
O           51.59961488746568       12.12885153972113       44.98621037040766
O           53.76358743173763       12.68923969624707       44.75870199883223
67
 energy: -116.987286546203 gnorm: 0.021977004014 xtb: 6.6.1 (unknown)
C           53.17768377227834       14.60607655319826       54.06829687267782
C           53.43876664062039       15.63098687020891       52.96976024439397
S           54.77507468151497       15.08781397625569       51.86143785931826
H           52.42302325992961       14.96654835966570       54.77409998692883
H           52.83050133233645       13.66994098757458       53.62978608680221
H           54.10060704106604       14.40630596939435       54.61517122134992
H           52.50213624683720       15.83022226773147       52.43455293907006
H           53.75544044519382       16.57357728847492       53.43124684136871
C           49.00422854220751        9.61228745216660       50.72669679718788
C           49.37038186930398       11.07236536646238       50.48301771901551
S           50.04653290582247       11.31390663711658       48.81112065600313
H           48.53937431944431        9.46494490652534       51.70535840610696
H           48.30371418649524        9.27884582725015       49.96294243306940
H           49.89087240250316        8.98828476275950       50.65621876952883
H           48.46235614063691       11.68231078686470       50.56690595084688
H           50.07236727825703       11.41474576843084       51.26156802279274
C           57.68658952087726        8.24734286395751       46.74678726031542
C           56.42054853176533        7.42921301287228       46.50773022561614
S           55.02312858796197        8.46524120848162       45.96943301006949
H           58.53366686384454        7.60392085446593       47.00011121089310
H           57.93750339597539        8.81319195293032       45.84661857354285
H           57.52825151673160        8.95454108623439       47.56713977375731
H           56.61191209517585        6.71051679959505       45.69620720465878
H           56.18284665510171        6.84704890028773       47.41103185588917
C           57.59898889186014        8.83879333342723       51.63864941674578
C           56.33641367695976        8.12019671145227       52.10797542972295
S           54.91705261888730        9.24477312390522       52.27706635339819
H           57.84252415923905        9.64843741929568       52.33116794846662
H           58.44963659097596        8.15355443881820       51.59253410140389
H           57.43969876353130        9.27173598300455       50.64451765966749
H           56.11474441520102        7.28731863139493       51.42883628611224
H           56.51803044990172        7.69233926054453       53.10457241912409
C           54.94357100056240       16.44124849462813       47.27601589317926
C           54.47886604932588       14.99477883684493       47.18444057710706
S           55.36297397522402       14.01188432324413       48.44718203774706
H           54.66836274706733       16.87958600825699       48.23442109859219
H           56.03015859489093       16.49262371182840       47.18737993027607
H           54.50486086114751       17.05424003577860       46.48633998571981
H           53.38847033481137       14.93964827134935       47.28969963085783
H           54.74173697126263       14.59368599570057       46.19810979217999
C           49.53371024787656       18.53915006530063       50.30395851716842
C           50.40757757274076       18.14805391640980       49.10715323465102
C           50.99416402082829       16.78678018457847       49.29354399762409
N           50.28633195442390       15.64836421649587       49.01048950980353
C           51.05703351208345       14.57953921286633       49.33420010524380
N           52.21572775423492       14.98493502222724       49.80080026238892
C           52.18829815218898       16.35469095405361       49.78806025708629
H           48.73698791478475       17.80908882520263       50.44095256314411
H           50.13265984552617       18.57842874197660       51.21232006782137
H           49.08782283293309       19.51820947507842       50.13744795563630
H           49.79870569742504       18.16852941886419       48.19954054228798
H           51.20936939954140       18.88241248987199       48.99345434475399
H           49.34855623304913       15.62973203192755       48.66196572759506
H           50.72397130094191       13.54832409011593       49.20279768656061
H           53.02696083199345       16.94107989043639       50.12767797376831
Fe          52.21679145012526       10.69193947438213       48.84164251528341
Fe          54.00882670248885       13.77401067458990       50.25034397618384
Fe          54.24666935402314        9.64305424869749       47.71888398761937
Fe          54.22416631301043        9.94000494164655       50.24807799326788
S           55.87426315184583       10.38866935298464       48.94778082328178
S           52.89982393739810        8.67423942611224       49.10975492759507
S           53.13619078074883       11.83362670333523       50.53203468350745
S           53.16004051802495       11.40505907304440       46.95287986246021
Fe          54.42438936978617       12.01304675986201       48.63799519611842
C           52.78966038124165       12.16813360555813       45.30261850602694
O           51.61615951946655       12.07213021608814       44.94598851024745
O           53.73829911858652       12.79857274022734       44.82537816147943
67
 energy: -116.988253553525 gnorm: 0.008443540447 xtb: 6.6.1 (unknown)
C           53.17737555081982       14.60552986731845       54.06975022039905
C           53.43835028761026       15.63243063804325       52.97082130983850
S           54.77456026883971       15.08588584166633       51.86437256214712
H           52.42340979187661       14.96561843225903       54.77657171579462
H           52.82954919056516       13.66655278922563       53.63342556138157
H           54.10080455725311       14.40636694228705       54.61752623056611
H           52.50235162591793       15.83246157324867       52.43327184406920
H           53.75738601271467       16.57514288718180       53.43240372532682
C           49.00414899368654        9.61155949227048       50.72371142577522
C           49.36981950142943       11.07355021619043       50.48390326601479
S           50.04301813834018       11.31074848024813       48.80938319399125
H           48.54165823667776        9.46821557820802       51.70468795246621
H           48.30015062630549        9.27883181868212       49.95918443703085
H           49.89494324720323        8.98525999600868       50.65771461283860
H           48.46299553436333       11.68587164782905       50.56705041245756
H           50.07091733292824       11.41163270907221       51.26158255252312
C           57.68609931166064        8.24860020013998       46.74714099750030
C           56.42001458708785        7.42947335348028       46.50660793218171
S           55.02610448830634        8.46837817600498       45.96777994425092
H           58.53323833463215        7.60403466306279       47.00081570849348
H           57.93746494368859        8.81560825774228       45.84717833860515
H           57.52664708611712        8.95702897049292       47.56760074502027
H           56.61083119393320        6.70835465335823       45.69923112002931
H           56.17991822148358        6.85172710848106       47.41034698017439
C           57.59893633235792        8.83867955554796       51.63970026682193
C           56.33503141699031        8.12054059209078       52.10776235172408
S           54.91507582023327        9.24526894123592       52.28013604446851
H           57.84297916805167        9.64887060586133       52.33168672567207
H           58.45007714487072        8.15236269322740       51.59268697109737
H           57.44036032490290        9.27232756237034       50.64559705981389
H           56.11569416528141        7.28516892563194       51.42972560793753
H           56.51874862419076        7.69308164081887       53.10313381728965
C           54.94476693160885       16.44227649994539       47.27622354041184
C           54.48032531422361       14.99569216659654       47.17946748242499
S           55.36385017289558       14.00805555626825       48.44140858295285
H           54.66626232247901       16.87256035304182       48.23947948764953
H           56.03219793905900       16.49143366159591       47.18856251591107
H           54.50443054451348       17.05630696791621       46.48606559088579
H           53.39011760032982       14.94594997328233       47.28651242234925
H           54.74208460674107       14.59717443209866       46.19165917409998
C           49.53310146518373       18.53891818839133       50.30395289922472
C           50.40725439736132       18.14841824926878       49.10593054292292
C           50.99407668796201       16.78752105919609       49.29216797845897
N           50.28462006875206       15.64845298379829       49.01000350908676
C           51.05551176991840       14.58026885823081       49.33465748799172
N           52.21503998320254       14.98616216916396       49.80417555418461
C           52.18931526145330       16.35654888140426       49.78774741122571
H           48.73552620530638       17.80885136115641       50.44280454250021
H           50.13286533310622       18.57798678901741       51.21332793536389
H           49.08600845425121       19.51788824417936       50.13782189186202
H           49.79792043445586       18.16889675431486       48.19752805192564
H           51.21045688893965       18.88190662028329       48.99118623456470
H           49.34524913884501       15.62936570297183       48.66025075891218
H           50.72229456712047       13.54892462256625       49.20343537386121
H           53.02838804833188       16.94384293372046       50.12708629790382
Fe          52.21523113745256       10.68906720586785       48.84536349730674
Fe          54.00870132630769       13.77601683675851       50.24866869479060
Fe          54.24274028786469        9.64707788951210       47.71609538806799
Fe          54.22786035787109        9.93522628960036       50.24713959537848
S           55.87622511262598       10.38074017560414       48.94265495353898
S           52.90065278493763        8.67153448677953       49.10967332372738
S           53.14275822167242       11.83258131353554       50.53314211349930
S           53.15727176531281       11.41414193612434       46.95983786596336
Fe          54.42993824936328       12.01028201221116       48.64091448019470
C           52.78409720659531       12.19871335633796       45.32014811547128
O           51.61673797740224       12.05670583067100       44.94407487702414
O           53.74421757628171       12.77417561961480       44.80823056477064
67
 energy: -116.988243139029 gnorm: 0.007973159788 xtb: 6.6.1 (unknown)
C           53.17754544410003       14.60528600629210       54.07045946877786
C           53.43828668789723       15.63311380352219       52.97122669465252
S           54.77440365135933       15.08473122372486       51.86571768924787
H           52.42422458135827       14.96565850958359       54.77784720902934
H           52.82892695458110       13.66497074283040       53.63551751316731
H           54.10119933944500       14.40622826996521       54.61862529665258
H           52.50257384373482       15.83311093043313       52.43240404799366
H           53.75833833251499       16.57612912588812       53.43250608013724
C           49.00433842839122        9.61095681161718       50.72185093092494
C           49.37022957820842       11.07376533117004       50.48377500254924
S           50.04197417034705       11.30852723290139       48.80795916357069
H           48.54352194585697        9.47049846242884       51.70431722596198
H           48.29751839373573        9.27907607941688       49.95769532559900
H           49.89640813376315        8.98257259615616       50.65774416698859
H           48.46414143247591       11.68756938607921       50.56577306289083
H           50.07051989979743       11.40993047658073       51.26147297150772
C           57.68651319360661        8.24872944291381       46.74698667006318
C           56.42086207956659        7.42841844162816       46.50605108326348
S           55.02937790619138        8.46995682948455       45.96760669725609
H           58.53424445791894        7.60406806035870       47.00008478488456
H           57.93710061642806        8.81666994984183       45.84708074361410
H           57.52642057279623        8.95745290215452       47.56775465746927
H           56.61114946068194        6.70575693627346       45.70083575340676
H           56.17935613464859        6.85326270308107       47.41026344663771
C           57.59878974467424        8.83868229144427       51.64006081527580
C           56.33400006651170        8.12107812529107       52.10740214109094
S           54.91267684538492        9.24459125675849       52.28167683097719
H           57.84391619581310        9.64848693709862       52.33225578763893
H           58.44978602768798        8.15142769552243       51.59163219352541
H           57.44037829045548        9.27349903859143       50.64639716499643
H           56.11642464680331        7.28382522610783       51.43056337487116
H           56.51893687340022        7.69449513274241       53.10241977768328
C           54.94508240644507       16.44319140090611       47.27630169708606
C           54.48079707607801       14.99660455365479       47.17690935445983
S           55.36390299683913       14.00605376818883       48.43798221492078
H           54.66424753025431       16.86985024819608       48.24164148440423
H           56.03305298063360       16.49070019751077       47.19012505329901
H           54.50499439571492       17.05774171632885       46.48526104146528
H           53.39061934933041       14.94950158799575       47.28446430286944
H           54.74218998134806       14.59942162956397       46.18835743437982
C           49.53263543101961       18.53851413170193       50.30391672215512
C           50.40724581349489       18.14874158164686       49.10537927495711
C           50.99409120183250       16.78799214320181       49.29141026250223
N           50.28360156743192       15.64868548189119       49.01009657759930
C           51.05466099401909       14.58075144872135       49.33489718123672
N           52.21459780908861       14.98685360348655       49.80565673058260
C           52.19009996946864       16.35749251021468       49.78687222165497
H           48.73478947101051       17.80823400959480       50.44341480062374
H           50.13258647580445       18.57761591259765       51.21390486667447
H           49.08474924438235       19.51732674373947       50.13786685637781
H           49.79785718947934       18.16925177734974       48.19650365208923
H           51.21120107453840       18.88177745074411       48.99034825264919
H           49.34327156130585       15.62943702772225       48.66025697611043
H           50.72126639905179       13.54933381156105       49.20389044452764
H           53.02972018148580       16.94513286899640       50.12541819990815
Fe          52.21453271124672       10.68602986201253       48.84649051214367
Fe          54.00827336074677       13.77705209822770       50.24731862825492
Fe          54.23868316628182        9.64502950993013       47.71676338627875
Fe          54.23011101412033        9.93486489561389       50.24712581505898
S           55.87601681695076       10.37818011537784       48.93802767517130
S           52.90015659677674        8.66879322961960       49.11550174450971
S           53.14352501496226       11.83293644055508       50.53202383934848
S           53.15726115889626       11.41566121931965       46.96224748100928
Fe          54.43095249749559       12.00923040056987       48.64164164151535
C           52.78434857254093       12.20133394862450       45.32268214511741
O           51.61431812873968       12.06315128406093       44.95147113134593
O           53.74723213109605       12.76983622300276       44.80375699551681
67
 energy: -116.988337823123 gnorm: 0.004778489833 xtb: 6.6.1 (unknown)
C           53.17506314374322       14.60278651987115       54.06519296368134
C           53.43611863029800       15.63340976242177       52.96895777148103
S           54.77424272141214       15.09084121082051       51.86286948293068
H           52.42054395451760       14.95953585415230       54.77325016982181
H           52.82830989644837       13.66370059115963       53.62631744850707
H           54.09874697043468       14.40299265049470       54.61296557290746
H           52.50066103077785       15.83438779315889       52.43023335395066
H           53.75432364324447       16.57519756849009       53.43371782312508
C           49.00878240289755        9.61300437957149       50.72502197797606
C           49.37069946820617       11.07605609663934       50.48304527463233
S           50.04450745748431       11.31317595956883       48.80855050875909
H           48.54886131280105        9.47143751099913       51.70780710025907
H           48.30389105783447        9.27691678993794       49.96136950165801
H           49.90312814342357        8.98838777949648       50.66088278581474
H           48.46244149965412       11.68664356710434       50.56448661223770
H           50.06986846380379       11.41570109658298       51.26011903199588
C           57.68583041581320        8.24688259124857       46.74865797521135
C           56.42003230567440        7.42774166712176       46.50460724141042
S           55.02568654138635        8.46647569671544       45.96703250552262
H           58.53314576167934        7.60233656333097       47.00343994723853
H           57.93871832700299        8.81579541253161       45.85004341306021
H           57.52401153284210        8.95466879778212       47.56967004660137
H           56.61219599642448        6.70894340377998       45.69643071515095
H           56.17973451103786        6.84754598968048       47.40605130195208
C           57.59758463484599        8.83984482947650       51.63912233097508
C           56.33416504425604        8.12061173755140       52.10749008866854
S           54.91471332405379        9.24593946369849       52.28149139592610
H           57.84174255291196        9.65009125687434       52.33112500577451
H           58.44899577499842        8.15326006262705       51.59137865745691
H           57.43906238408342        9.27410179054586       50.64510485053702
H           56.11492805752219        7.28554335841521       51.42850435504511
H           56.51896101668338        7.69204467424324       53.10180269024247
C           54.94371423843057       16.44215931148853       47.27565604950748
C           54.47814872080721       14.99562566599449       47.18034036982204
S           55.36420321810655       14.00791685298960       48.44114575857832
H           54.66552218730362       16.87174540188557       48.24015142439769
H           56.03129645972822       16.49052984231125       47.18616896115156
H           54.50107432852602       17.05447566729079       46.48468282577267
H           53.38833838542867       14.94871557583793       47.29167069253331
H           54.73626510351857       14.59694059806989       46.19168360017939
C           49.53345704557544       18.53987678627742       50.30509619299399
C           50.40957874440122       18.14975752318576       49.10788849315187
C           50.99499281743299       16.78822649926909       49.29340628770964
N           50.28398903216359       15.64984940911225       49.00982459025204
C           51.05387747399872       14.58079820509813       49.33404086202492
N           52.21432548852590       14.98536489192060       49.80468610538597
C           52.19004462524636       16.35610478068894       49.78953909592664
H           48.73395878894414       17.81095510204434       50.44177700206460
H           50.13161888191922       18.57623122474889       51.21631040440713
H           49.08787298243222       19.51987078966021       50.13983188487745
H           49.80170760247879       18.17202422664301       48.19805630958902
H           51.21424070285524       18.88230030885609       48.99512623261506
H           49.34390064497478       15.63198437062672       48.65970136359043
H           50.71969838734242       13.54994189373157       49.20151930685096
H           53.02981703384582       16.94239014338197       50.12982929759854
Fe          52.21570093888191       10.68769599604625       48.84352089955873
Fe          54.00983502869274       13.77624617992021       50.24955592765207
Fe          54.24561652486742        9.64564058790493       47.71821257668240
Fe          54.22593735246723        9.93538606891723       50.24925812447101
S           55.87663062459960       10.37907693838901       48.94708038669749
S           52.90102696716254        8.67065111320301       49.11088202810804
S           53.14178573569491       11.83384808189480       50.53168016421693
S           53.16031847367689       11.41300260808238       46.96028547080039
Fe          54.43258645825397       12.00947888850547       48.64083421311948
C           52.78440059240668       12.19838626147289       45.32149750860042
O           51.62184206915076       12.04011931537440       44.94116787767073
O           53.73973456200913       12.78551125339656       44.81104218104019
67
 energy: -116.988456552516 gnorm: 0.005729615991 xtb: 6.6.1 (unknown)
C           53.16888250198234       14.59487429436848       54.05066902009049
C           53.43028660468691       15.63438987100805       52.96331796866203
S           54.77254829664695       15.10541917793192       51.85536145534754
H           52.41161466113110       14.94302578996719       54.76022363906957
H           52.82604154077930       13.65892612654192       53.60214103761204
H           54.09222653953235       14.39280505810205       54.59808658218424
H           52.49553881950466       15.83766873407702       52.42447811356428
H           53.74436094487760       16.57318637371486       53.43665349498751
C           49.02281632633571        9.61817809449498       50.73181660057163
C           49.37349593223390       11.08221611119200       50.47919610259224
S           50.04642539897871       11.31715488296802       48.80408615677010
H           48.56623377985745        9.47729384579733       51.71625320387224
H           48.32024375213584        9.27093670932797       49.97157379048011
H           49.92211634500576        9.00130868898366       50.66855788954495
H           48.45982508066029       11.68512760544677       50.55761201230745
H           50.07004321983978       11.43245319301014       51.25409654666392
C           57.68457785116186        8.24184255900638       46.75391624637287
C           56.42104310455281        7.42225271497697       46.49995216728334
S           55.02303703896325        8.46046075769398       45.97030027975963
H           58.53112433432582        7.59768615275943       47.01186808282136
H           57.94257257194766        8.81402451741578       45.85881960400214
H           57.51722357959186        8.94660294593265       47.57631995880379
H           56.61690370253305        6.71335990407418       45.68365974187156
H           56.18201102577746        6.83065738298237       47.39465474528020
C           57.59485534405023        8.84248935278447       51.63770567343990
C           56.33227638424302        8.12166368756053       52.10569480229324
S           54.91404046343047        9.24754794922208       52.28351779924960
H           57.83703391290366        9.65337765736172       52.32959596939504
H           58.44715062795142        8.15714442897061       51.59090731803498
H           57.43665798672964        9.27607808134731       50.64330564608944
H           56.11093790423501        7.29014266937401       51.42306211593903
H           56.51748912728176        7.68878094825912       53.09815575724746
C           54.93946507622388       16.44090952090191       47.27403916741282
C           54.47150681117748       14.99431585095897       47.18923258875567
S           55.36575962167237       14.01094914772869       48.44693261660014
H           54.66785464249424       16.87707493530518       48.23708506718825
H           56.02623423939090       16.48958244474564       47.17679244481872
H           54.49145503301946       17.04835346267219       46.48279958228661
H           53.38263984143057       14.94841737702992       47.31002782496508
H           54.72073792031584       14.59185169090179       46.20010597764584
C           49.53536895004206       18.54336903484250       50.30861630131730
C           50.41584665456641       18.15381605202003       49.11462146431939
C           50.99714741490458       16.79024309263885       49.29836723717959
N           50.28428381883919       15.65434501018935       49.00954555069272
C           51.05108050411398       14.58242128564355       49.33196283943861
N           52.21187742330319       14.98297438689932       49.80458255195975
C           52.19017669352511       16.35382345629735       49.79506024381668
H           48.73145646823029       17.81790405905522       50.43746674936011
H           50.12864902287781       18.57235896465453       51.22323929201231
H           49.09582702406831       19.52644744868318       50.14546668752271
H           49.81221673529798       18.18068335638744       48.20210403038681
H           51.22279516621185       18.88471894078049       49.00803000407438
H           49.34468999371557       15.64004687500509       48.65879924007603
H           50.71488836964721       13.55275747047537       49.19543081980392
H           53.03103640995938       16.93638948165798       50.13877082521209
Fe          52.21783643224193       10.69141370163480       48.84349980849736
Fe          54.01134001641937       13.77469793059907       50.25293180520806
Fe          54.24976871598371        9.64603903381427       47.72047667958809
Fe          54.22467976893105        9.93600285450011       50.25116539435336
S           55.87871048024262       10.37861641423356       48.95222516411354
S           52.90080038545351        8.67364211444585       49.10904343240119
S           53.14282396591498       11.83377298996437       50.53528759982261
S           53.16532215457149       11.41361423929794       46.96140775999325
Fe          54.43742361606593       12.00971040974203       48.64308145155182
C           52.78388546956112       12.19010883031624       45.31967840260600
O           51.63811033490974       11.97844957255392       44.91449096771735
O           53.72142632085639       12.82593308708411       44.83196327520692
67
 energy: -116.988616379599 gnorm: 0.004961042933 xtb: 6.6.1 (unknown)
C           53.15676824643143       14.57889416736414       54.02727032330332
C           53.41944368424404       15.63566191119715       52.95619296202839
S           54.76789119259793       15.12767990105531       51.84567053982368
H           52.39494951333569       14.91224058014874       54.73935898101531
H           52.82002285338146       13.64732481670260       53.56286536884019
H           54.07931558862688       14.37256002005307       54.57509438210337
H           52.48651003965667       15.84472836739488       52.41605791762521
H           53.72871419222820       16.56852807391656       53.44512189567119
C           49.04857301987504        9.62697823707457       50.74215415144479
C           49.37823052979476       11.09403452192325       50.47402478843189
S           50.05030101814583       11.32284665965095       48.79726669107560
H           48.59854049914971        9.48949082030881       51.73030169281479
H           48.34893729443205        9.26031138479584       49.98738804538484
H           49.95875022371396        9.02258478824239       50.68329993521733
H           48.45556268068430       11.68450293843238       50.54507749879487
H           50.06875631810797       11.46075452647976       51.24511657993605
C           57.68233818746895        8.23431506437238       46.76384504095655
C           56.42110981592834        7.41608128809521       46.49121058898699
S           55.02261484511160        8.45814043015506       45.97196758487404
H           58.52639586697639        7.58857147372901       47.02679385482014
H           57.95005996973308        8.81329176110283       45.87557056219567
H           57.50603608897951        8.93384045410120       47.58937700079878
H           56.62237004017047        6.72115560766680       45.66490341494121
H           56.18012494126677        6.80984391316787       47.37514576158158
C           57.59195060713743        8.84586418120943       51.63790973025597
C           56.32980947040594        8.12221933720401       52.10314184451275
S           54.91209639362167        9.24788842116549       52.28665783363389
H           57.83054303407861        9.65779050698000       52.32986625185632
H           58.44610232208448        8.16220161703425       51.59250346642543
H           57.43522771821536        9.27900560104317       50.64297464265381
H           56.10767860988223        7.29461090703078       51.41546523606560
H           56.51578835985245        7.68338780362792       53.09242946029941
C           54.93321937572035       16.44111259479299       47.27242950096373
C           54.46102689251816       14.99479084643154       47.19810184298665
S           55.36758280993621       14.01441927585608       48.45030152985289
H           54.67050565696766       16.88017372216066       48.23701695132852
H           56.01898083570208       16.48840536687448       47.16409104208325
H           54.47668257319030       17.04458140432286       46.48283692178384
H           53.37391957366284       14.95353319022172       47.33438311053221
H           54.69589544003535       14.58853980395274       46.20743339249747
C           49.53803211241327       18.54912575779543       50.31472679765737
C           50.42626145045869       18.16212569290549       49.12541731525727
C           51.00060980515606       16.79519123874228       49.30499451302251
N           50.28346196713487       15.66297662838467       49.00884608734700
C           51.04511079431744       14.58674281300275       49.32854733975342
N           52.20720773780209       14.98060773401414       49.80580995641253
C           52.19084125352793       16.35199231822948       49.80268306251712
H           48.72627524149433       17.82940724086344       50.43037283626871
H           50.12316277799091       18.56463418892736       51.23572769556347
H           49.10815931049118       19.53745142559214       50.15630836851496
H           49.82985998077194       18.19791142726380       48.20786225428274
H           51.23785039290223       18.88984000397845       49.02959848785230
H           49.34396588559602       15.65420337626406       48.65643218792736
H           50.70541446000649       13.55891046969941       49.18596357364582
H           53.03387794619688       16.92892232311864       50.15112523024089
Fe          52.22104779447581       10.69407780604597       48.84264378806137
Fe          54.01426010507764       13.77508384807823       50.25612865407333
Fe          54.25479777301611        9.64543564644739       47.72479127058273
Fe          54.22461355421868        9.93626243465522       50.25425243994538
S           55.88179670818651       10.37762223889565       48.95731966913732
S           52.90042850023118        8.67605785577572       49.11051902816462
S           53.14657575506526       11.83524260747626       50.53818812243162
S           53.17383589326691       11.41432999873887       46.96351708304294
Fe          54.44516932594817       12.01080726426499       48.64539098204916
C           52.78215647616612       12.16668269841429       45.31394998654924
O           51.66083747048177       11.89951574678137       44.88899165657890
O           53.69181940459891       12.85078371892384       44.84116366283146
67
 energy: -116.988434639808 gnorm: 0.023719725498 xtb: 6.6.1 (unknown)
C           53.13963980192509       14.55399273516094       53.99364292530433
C           53.40413255357442       15.63635068496809       52.94775262190726
S           54.76056574251226       15.15720307305638       51.83372631204168
H           52.37119362460367       14.86774953389814       54.70786637946016
H           52.81065359963372       13.63044713171134       53.50600511745893
H           54.05962603437118       14.34037354221832       54.54331420962606
H           52.47374863134719       15.85363500336974       52.40613244885508
H           53.70749616802303       16.56039709188416       53.45796326823382
C           49.08778534092888        9.63958632477162       50.75754113700450
C           49.38511427177268       11.11054293489660       50.46747867545538
S           50.05613554733773       11.32761539568414       48.78863446999596
H           48.64498825771992        9.50860173356782       51.74985369663214
H           48.39205507311912        9.24668197841780       50.01125358802812
H           50.01108534479109        9.05271318251750       50.70493995958528
H           48.44984955533242       11.68325164326111       50.52662732208399
H           50.06677708183241       11.50399844048727       51.23376185936726
C           57.67951251440886        8.22276471559716       46.77823442913712
C           56.42115339560736        7.40838896413606       46.47889456590617
S           55.02313128781093        8.45798783673176       45.97429748259539
H           58.51923306027619        7.57348826383759       47.04662974449644
H           57.96044438571074        8.81090830628124       45.89970364593569
H           57.49224873674211        8.91417224000989       47.60853363749933
H           56.62878646252981        6.73258952444286       45.63803158202684
H           56.17619189787594        6.78097415676468       47.34739288853402
C           57.58901514838139        8.84955107074518       51.63905334113100
C           56.32675165921089        8.12239970868149       52.09844688514411
S           54.90900612883155        9.24685614545487       52.28988124260805
H           57.82224402468077        9.66244581361878       52.33174677063860
H           58.44554821507283        8.16852544315120       51.59650138885696
H           57.43466948183045        9.28227909794895       50.64356846979670
H           56.10485632917803        7.29944293662586       51.40501578602293
H           56.51287102278549        7.67662813593211       53.08440908975897
C           54.92321375159158       16.44314321378293       47.27050484821294
C           54.44709800917752       14.99729207486547       47.21195152513269
S           55.36971657988816       14.02104158647767       48.45599383340200
H           54.67489160815289       16.88843712705053       48.23649968871101
H           56.00756784790193       16.48650154648391       47.14613873487511
H           54.45638686518084       17.04175470592215       46.48294013205212
H           53.36231309684187       14.96031062970531       47.36685725438330
H           54.66405700858069       14.58502790531978       46.21989482869010
C           49.54224176727294       18.55727509626325       50.32393753323667
C           50.44137396227752       18.17521141205478       49.14110099434367
C           51.00571459610732       16.80338990908952       49.31436264856756
N           50.28295989953523       15.67667030616174       49.00848790511908
C           51.03788879978667       14.59430149192267       49.32322050246436
N           52.20040601929422       14.97877073255870       49.80747557399606
C           52.19230094667531       16.35036164830295       49.81168403738004
H           48.71987218059895       17.84593066174591       50.42009084322014
H           50.11554239374223       18.55402277517337       51.25320190978537
H           49.12648408440270       19.55294011468310       50.17229073918267
H           49.85549141167293       18.22333057334637       48.21692933335091
H           51.25920611945648       18.89834572594948       49.06081407258913
H           49.34411114378749       15.67544869349545       48.65411820019863
H           50.69372879931132       13.56889670860600       49.17203603941033
H           53.03883899028812       16.91916679635664       50.16563909219204
Fe          52.22662853954494       10.69622367800126       48.84142393092402
Fe          54.01795226024499       13.77634122514451       50.26011363496874
Fe          54.25947700339329        9.64346787922685       47.73170147218567
Fe          54.22348212549683        9.94070170041237       50.25890126491792
S           55.88418406804622       10.38100852802772       48.96443677646402
S           52.90055172770037        8.67782977561673       49.11575771603181
S           53.14643806867040       11.83961618489410       50.54026148373951
S           53.18417886980866       11.41564251849503       46.96566374403269
Fe          54.45131763404163       12.01480131540120       48.64775082335271
C           52.77760114186913       12.13182447014895       45.30341049777407
O           51.69332352054359       11.75034502702101       44.83277376164884
O           53.64370497940036       12.90691426278594       44.86469005244381
67
 energy: -116.988786484232 gnorm: 0.002864594837 xtb: 6.6.1 (unknown)
C           53.14285201972582       14.55783188078957       54.00415862518441
C           53.40817730039286       15.63352475670164       52.95272822821563
S           54.76122285164748       15.14434021180306       51.83990928654164
H           52.37607766021176       14.87809019061911       54.71648492885762
H           52.81083370682095       13.63310099069474       53.52282035175340
H           54.06242435671753       14.34500747272371       54.55455972534804
H           52.47730861870383       15.85032305008907       52.41184178889102
H           53.71514759334407       16.55888868095754       53.45715730491778
C           49.07943944466184        9.63651101478318       50.75350173790062
C           49.38434426536515       11.10596179111844       50.46989549520485
S           50.05431063432192       11.32475113628107       48.79082775969039
H           48.63333693867115        9.50498523119408       51.74407428903056
H           48.38295077435357        9.25165893533923       50.00482704584098
H           49.99841257783464        9.04468627609275       50.70004475580904
H           48.45263669690463       11.68307299462226       50.53130346647192
H           50.06732951858503       11.49350831396508       51.23782724430284
C           57.68058077365031        8.22638034230262       46.77526596308568
C           56.42017704292823        7.41381758629628       46.48254697397131
S           55.02673789884294        8.46601324516325       45.97163862223722
H           58.52004938302711        7.57566741939997       47.04045875168111
H           57.95808511731984        8.81241299178834       45.89475112917017
H           57.49812561407889        8.91923898404565       47.60506526154156
H           56.62483371412477        6.73044697741890       45.64775723910113
H           56.17268230464605        6.79539565953230       47.35592462996962
C           57.59195760224851        8.84722791185147       51.64110175663228
C           56.32869141569940        8.12146638647935       52.09986683062111
S           54.90951880915314        9.24493381837413       52.28819422565228
H           57.82626413904962        9.65922786493331       52.33443596090894
H           58.44775977084664        8.16539004279781       51.59846919198258
H           57.43800388475501        9.28074291228885       50.64598862140713
H           56.10911110484150        7.29572689137833       51.40932269817739
H           56.51369248111548        7.67912441471587       53.08760140549509
C           54.92604739517218       16.44481880121722       47.27184271756504
C           54.45163745490949       14.99929050480419       47.20387952654269
S           55.36723563103487       14.01910924700490       48.45011384203062
H           54.67361816791945       16.88440012982580       48.23925793345888
H           56.01089268529832       16.48781494049502       47.15329602408070
H           54.46384746022876       17.04898897053971       46.48587240260977
H           53.36617895171035       14.96073292886905       47.35036806311615
H           54.67629085016721       14.59001903414725       46.21237448709221
C           49.54084077281213       18.55502322289783       50.32171550713819
C           50.43653219945500       18.17329013486050       49.13633430127882
C           51.00389569288130       16.80292513648832       49.31020693318712
N           50.28271727388402       15.67439583261683       49.00872478192250
C           51.04012010046703       14.59425628883627       49.32451413194833
N           52.20222777233793       14.98179746718868       49.80651076145979
C           52.19196224593928       16.35308824636965       49.80667085311592
H           48.72226999540680       17.84107614932060       50.42319724945894
H           50.11768828938985       18.55696775108206       51.24793851926969
H           49.12055260627419       19.54828714417219       50.16920876386532
H           49.84764918092043       18.21846346978671       48.21444555388376
H           51.25243671085796       18.89765603939568       49.05202330686061
H           49.34382196463098       15.67022762162149       48.65476949025041
H           50.69768466156978       13.56787856619829       49.17668305679400
H           53.03765280076546       16.92476978207858       50.15763530043539
Fe          52.22476405877597       10.69366336395936       48.84426740457872
Fe          54.01588735964340       13.77824899194096       50.25636860067202
Fe          54.25457339971654        9.64404801119069       47.72919781203397
Fe          54.22629489419506        9.94008099443020       50.25644972097308
S           55.88256395572308       10.38273076033247       48.95801785941927
S           52.90105546574983        8.67567287226726       49.11704548513427
S           53.14729295233706       11.83913402391646       50.53899968620275
S           53.17661586848222       11.41446644190077       46.96525415189173
Fe          54.44519727063124       12.01535260243301       48.64573402611256
C           52.77721483470086       12.13462404085527       45.30343469386676
O           51.67850520575022       11.80550752285474       44.85709878274382
O           53.65991405571645       12.85656737788417       44.84008734351897
67
 energy: -116.988865719587 gnorm: 0.001618282224 xtb: 6.6.1 (unknown)
C           53.13576137688720       14.54728431664904       53.99624041546610
C           53.40433230774543       15.62981808527147       52.95289870877596
S           54.75853793643208       15.14715661125407       51.83882170508611
H           52.36669852326003       14.86265207223801       54.70819866277765
H           52.80534604364037       13.62595608662173       53.50746102056766
H           54.05354769814997       14.33079294431692       54.54820151511517
H           52.47455253324427       15.85153036666029       52.41199032364139
H           53.71152258528590       16.55130650049875       53.46414400814226
C           49.09234038469955        9.64099535146579       50.75902927172756
C           49.38729632289673       11.11093396201932       50.46884047768063
S           50.05658297025872       11.32714880248475       48.78918926494264
H           48.64746413989495        9.51125985148941       51.75039579823833
H           48.39785608402980        9.24853713763087       50.01240892032134
H           50.01516044257699        9.05500835550604       50.70781211633238
H           48.45170265225494       11.68188737183214       50.52676908216790
H           50.06685107355180       11.50702181633102       51.23550517421346
C           57.67996519873315        8.22331945029181       46.78044968712292
C           56.41864561999047        7.41520232716887       46.47986476978547
S           55.02970663145336        8.47336466402823       45.96959772747142
H           58.51674336939583        7.56915083442029       47.04563314345969
H           57.96192448716199        8.81245294766947       45.90347253403336
H           57.49642425920753        8.91309632123492       47.61251517255079
H           56.62416592291009        6.73506815892289       45.64286177757778
H           56.16638886074792        6.79373725727642       47.34950295801654
C           57.59303161870680        8.84725117346221       51.64379098284665
C           56.32922185385461        8.12065974520881       52.09978596619261
S           54.90965953998064        9.24369217201674       52.28856179565242
H           57.82573936937897        9.65868704657821       52.33831601426447
H           58.44919683326167        8.16579048574991       51.60237339967833
H           57.44079965805887        9.28158196822839       50.64878261016367
H           56.11109713996392        7.29557520269874       51.40801047986177
H           56.51304184624592        7.67714716878488       53.08724190652922
C           54.92393704019170       16.44720943430034       47.27168103590847
C           54.44781429679513       15.00250155626787       47.20247833661919
S           55.36462561066100       14.02075880730357       48.44673890138330
H           54.67522189763588       16.88473066281168       48.24100370306441
H           56.00848270974523       16.48886085547474       47.14991687195835
H           54.46006115113407       17.05402361443339       46.48869543890739
H           53.36273931108754       14.96473556717322       47.35086540395073
H           54.67051582075191       14.59354885343219       46.21044123594004
C           49.54184919209087       18.55773683824978       50.32444090693038
C           50.44014593556754       18.17882697806808       49.14014363946087
C           51.00512085766454       16.80717235628328       49.31112850027555
N           50.28234012249035       15.67994903359431       49.00848573387265
C           51.03847778941736       14.59849462111448       49.32260070193944
N           52.20108904826064       14.98390470279267       49.80479425278646
C           52.19264737488760       16.35509905522914       49.80678713569520
H           48.72107624277935       17.84571362588632       50.42010524848089
H           50.11577162864910       18.55396678058775       51.25237648690718
H           49.12485391345864       19.55282519147841       50.17508670938730
H           49.85402949156195       18.22820481537822       48.21678548974240
H           51.25754060144848       18.90201432395764       49.06074154498867
H           49.34364871197484       15.67712213444415       48.65401213634794
H           50.69509890811571       13.57260657256544       49.17356189720468
H           53.03932905869640       16.92516159462985       50.15810815398488
Fe          52.22612385081295       10.69319495025705       48.84450232459749
Fe          54.01558629568247       13.77997058546617       50.25470212398035
Fe          54.25570389221983        9.64291195872545       47.73097376413978
Fe          54.22740597327626        9.94106006176443       50.25685130359022
S           55.88290075568916       10.38597686636909       48.95849988464630
S           52.90190588581407        8.67540666852199       49.11865723837605
S           53.14818948371708       11.84006281402220       50.53883513698114
S           53.17668598374297       11.41010232828043       46.96347805814296
Fe          54.44289408826835       12.01708790135271       48.64401162597989
C           52.77381309550590       12.11641356597396       45.29671757654805
O           51.68380046295874       11.76512425732002       44.84646817207187
O           53.64402443342930       12.85728430080515       44.83654630491326
67
 energy: -116.988626172205 gnorm: 0.029510945773 xtb: 6.6.1 (unknown)
C           53.08985043487380       14.47724236740824       53.94585948941466
C           53.38203048621509       15.60401129786866       52.95530196230938
S           54.74281219204121       15.16100740135569       51.83283992196056
H           52.30595800600211       14.76227784310077       54.65505663522971
H           52.76871728780907       13.57840974209693       53.40882752191052
H           53.99529829267627       14.23527446766013       54.50849286646282
H           52.46012991144656       15.86000044318030       52.41406019131040
H           53.69257469626667       16.49950625485160       53.51109936926332
C           49.17503524430583        9.66950685952576       50.79520004525909
C           49.40462151471461       11.14313893467771       50.46306723116099
S           50.07131126005802       11.34454346710585       48.78101415092392
H           48.73789535812632        9.54925330346125       51.79133293600066
H           48.49484209887852        9.22652505148252       50.06151009686982
H           50.12308447814901        9.12229899565686       50.75811852952219
H           48.44362204828855       11.67389168409671       50.49968414859477
H           50.06290103050848       11.59362761890156       51.22090933324500
C           57.67595902906722        8.20219203257866       46.81525408037917
C           56.40829586112118        7.42324466357180       46.46486234905657
S           55.04758206778753        8.51919578936263       45.95799133065216
H           58.49597329467540        7.52608998167809       47.07915675335307
H           57.98609260773166        8.81183598333336       45.96131494920656
H           57.48621909882991        8.87158176358734       47.66261614125616
H           56.61985464400404        6.76375950420679       45.61304152554075
H           56.12552531789165        6.78207838085116       47.31103795839232
C           57.60012973103210        8.84751230022044       51.66086923642239
C           56.33296806547185        8.11610352378793       52.10008376442199
S           54.91276085260710        9.23862836296772       52.29007804452765
H           57.82416236971279        9.65455276697897       52.36342385594882
H           58.45779776429975        8.16764545804619       51.62537578359593
H           57.45787683287853        9.28794409138838       50.66708971258472
H           56.12205059831633        7.29623085360835       51.39974896745672
H           56.50926143617630        7.66437539656209       53.08554749417037
C           54.91108321442849       16.46307676717444       47.26973977669681
C           54.42361515840931       15.02320475373549       47.19093330621609
S           55.34706165825706       14.03219705158256       48.42390198925654
H           54.68614056836184       16.88712403002055       48.25143290046903
H           55.99368739912546       16.49789268026596       47.12739258318056
H           54.43639871850997       17.08741320669990       46.50643319137252
H           53.34019522697997       14.99041355639285       47.34925570632945
H           54.63506147214120       14.61765113936636       46.19473434779313
C           49.54685475901779       18.57504830192135       50.34203959704654
C           50.46205026603123       18.21475245693328       49.16464652473699
C           51.01268850221476       16.83505197134873       49.31692733106798
N           50.27995267349315       15.71613862376366       49.00705491887702
C           51.02866940652392       14.62620215331759       49.30994362647382
N           52.19450382012786       14.99847377417300       49.79325089551010
C           52.19722485762392       16.36910523773422       49.80694365729826
H           48.71231771227274       17.87471839125214       50.40030453200780
H           50.10242057850859       18.53450574902239       51.28079930370998
H           49.15032174364055       19.58169003630002       50.21328371027607
H           49.89326894475303       18.29103967008902       48.23209506269754
H           51.28832852278326       18.93106743388623       49.11674184969139
H           49.34268419172670       15.72168758084788       48.64918288700677
H           50.67943274329167       13.60345434585303       49.15306643488211
H           53.04976664036700       16.92935716057768       50.16059848843292
Fe          52.23335035545897       10.69122213808899       48.84594457240654
Fe          54.01213315097027       13.79120958006944       50.24285382745311
Fe          54.26225985776741        9.64412801831574       47.73672995959910
Fe          54.23307765341318        9.94739998316357       50.25875140470954
S           55.88513150202574       10.40309782536868       48.96218982320281
S           52.91121671105748        8.67476433945095       49.12296708709765
S           53.15296269954732       11.84635879385356       50.53756813671644
S           53.17461120702895       11.39711838309611       46.95797465507979
Fe          54.43231044399263       12.02841083592204       48.63671715004348
C           52.75040323682585       12.00447840347917       45.25494019359623
O           51.71997283203176       11.49764653449617       44.76947301797269
O           53.54240385936692       12.85424329761848       44.81321154479421
67
 energy: -116.989101520288 gnorm: 0.006125920191 xtb: 6.6.1 (unknown)
C           53.09769358536039       14.48871685463632       53.95862543928277
C           53.38754042446056       15.60525194202707       52.95720145832805
S           54.74583729935156       15.15085681076345       51.83664012549061
H           52.31695398567853       14.78190689691187       54.66750023205089
H           52.77341410678175       13.58577872741203       53.43220242163676
H           54.00479163046540       14.25047271354272       54.51971328266656
H           52.46457225891903       15.85626462898624       52.41627018527474
H           53.69949853955862       16.50515763212561       53.50360670494928
C           49.15756625362397        9.66387529941613       50.78870931560170
C           49.40108089030677       11.13633585803058       50.46638110460299
S           50.06821921014588       11.34127381916501       48.78502480034976
H           48.71830258656868        9.54105921207536       51.78354894053565
H           48.47500527557902        9.23217520302403       50.05181127351246
H           50.10007840800200        9.10865825489771       50.74862485005050
H           48.44594362297241       11.67561029446981       50.50848239056537
H           50.06397086536819       11.57408320602286       51.22587271625815
C           57.67741821695449        8.20668392428836       46.80857147099104
C           56.40992334232975        7.42364085858056       46.46971004257018
S           55.04559817955618        8.51290198242257       45.95844903094119
H           58.50058305268463        7.53404463629635       47.07075915143177
H           57.98109344973067        8.81224856317026       45.95009670501161
H           57.49092781284629        8.87983918061336       47.65350536952590
H           56.61979536591524        6.75723950134008       45.62295648657846
H           56.13150066048097        6.78967640044755       47.32219826029873
C           57.60027096092654        8.84716107730723       51.65907671214148
C           56.33332820146062        8.11740843756895       52.10144616254566
S           54.91344031977553        9.24062592997796       52.28914994856835
H           57.82714168095112        9.65412897154427       52.36075247211489
H           58.45694812060244        8.16614924407865       51.62136520375579
H           57.45600186975452        9.28750083807020       50.66558884735024
H           56.12121352396426        7.29590102896835       51.40342916182988
H           56.51052849364912        7.66815689045606       53.08780287054637
C           54.91420067163686       16.46060347284762       47.26914981820556
C           54.42897234458250       15.01981211048512       47.18752883337562
S           55.34796742520069       14.02888384527126       48.42381278665029
H           54.68308893209709       16.88441421159168       48.24929901375209
H           55.99738557352863       16.49743943190284       47.13282985533532
H           54.44308217826955       17.08401380278838       46.50309274263772
H           53.34454795318423       14.98589714918823       47.34028126442676
H           54.64568824520190       14.61567393277146       46.19166022882368
C           49.54509883247911       18.57150885164122       50.33820273862064
C           50.45627982486491       18.20830546681875       49.15868807400515
C           51.01103801802232       16.83066592360477       49.31428570697249
N           50.28060705982733       15.70967253952618       49.00713364357861
C           51.03175654707872       14.62190331792602       49.31208964295153
N           52.19717663389579       14.99768801080400       49.79416714056046
C           52.19687899499257       16.36842834696694       49.80483496889786
H           48.71459994247514       17.86778932486720       50.40513053417097
H           50.10536824612925       18.53942521097161       51.27392635526098
H           49.14269751477683       19.57501863264907       50.20562242887972
H           49.88315232063226       18.27882513425530       48.22866956454268
H           51.27999852294888       18.92656746982017       49.10371111436193
H           49.34293175398312       15.71276530101547       48.65005377363673
H           50.68398477188484       13.59832700473483       49.15775767615951
H           53.04788923865446       16.93170634944615       50.15710240216245
Fe          52.23064789540258       10.68930920013349       48.84529067091010
Fe          54.01124654647803       13.78949776177305       50.24189087295208
Fe          54.26100517213766        9.64328331620600       47.73475371583406
Fe          54.23230277484143        9.94590815103788       50.25755370562008
S           55.88376624859636       10.40152978042089       48.96024512646719
S           52.91056376934166        8.67325979978980       49.12189999234228
S           53.15149734957857       11.84488578419552       50.53523362420694
S           53.17065046415744       11.39538395981882       46.95673557119854
Fe          54.43086442613066       12.02601022662147       48.63444120542692
C           52.75527003517564       12.02760003811106       45.26282883832354
O           51.70711829757457       11.57581567535621       44.79449135210947
O           53.57124947955336       12.83622743634284       44.81042224938737
67
 energy: -116.989148252463 gnorm: 0.002350237177 xtb: 6.6.1 (unknown)
C           53.09240903568234       14.47991569875017       53.95443803309890
C           53.38612661520003       15.59966440593598       52.95802413015237
S           54.74494102384686       15.14722990022103       51.83715201444603
H           52.31054497894678       14.77183281353296       54.66254002368015
H           52.76788049068306       13.57957324782585       53.42408044426625
H           53.99787543933010       14.23800839705862       54.51641204349470
H           52.46458517521657       15.85521741717411       52.41718703536245
H           53.69944588407946       16.49634858133831       53.50857275851445
C           49.16363857010599        9.66653663573266       50.79354600841823
C           49.40229390277800       11.13884656853664       50.46777703927695
S           50.06793051892144       11.34237557264796       48.78573477055815
H           48.72517533549861        9.54371833484097       51.78871214385337
H           48.48300801935191        9.23073155312818       50.05779282143635
H           50.10795768240555        9.11494539179750       50.75384000114678
H           48.44554996878399       11.67487185133766       50.50959131944025
H           50.06406015284849       11.58007237845826       51.22588715966010
C           57.67764715290473        8.20409742991787       46.81215425506460
C           56.41032202869688        7.42265213152639       46.47009504974192
S           55.04670918508157        8.51264332056390       45.95855504953779
H           58.50015876110940        7.53055442677106       47.07342511388920
H           57.98270752334633        8.81130578070949       45.95559344249793
H           57.49075433386722        8.87532376759499       47.65849934815626
H           56.62131205257192        6.75750116939597       45.62234044127616
H           56.13049759388435        6.78746141485559       47.32122044004657
C           57.60090447215300        8.84831915630601       51.66063326358652
C           56.33315002154939        8.11951692358653       52.10206312870738
S           54.91405478305291        9.24378625971318       52.28937806189450
H           57.82855039963763        9.65428800676737       52.36315817256526
H           58.45695331179936        8.16660230968875       51.62186485848100
H           57.45680922256027        9.28983910510663       50.66771017862582
H           56.12028596020426        7.29879152590630       51.40341382251498
H           56.50963410954685        7.66929319980285       53.08808912012780
C           54.91241353217529       16.46149789657939       47.26642463086743
C           54.42734547908992       15.02045342318316       47.18450146402053
S           55.34603397330502       14.02979982258671       48.42113494825544
H           54.68226873525342       16.88454671682782       48.24691988207736
H           55.99537155438581       16.49901612805228       47.12897274401748
H           54.44052983150755       17.08523696680662       46.50138882065264
H           53.34260319495925       14.98660199765582       47.33632097857546
H           54.64433482928216       14.61699198658884       46.18832447812523
C           49.54491043649179       18.57309997743122       50.33964793436656
C           50.45766497216192       18.21144753500472       49.16093338308705
C           51.01215642015755       16.83349482013944       49.31507889225768
N           50.28135822118414       15.71314399155015       49.00672964304567
C           51.03223238696606       14.62461607537849       49.31035917962859
N           52.19788785791705       14.99952562357690       49.79273419391289
C           52.19792077954707       16.37032938215432       49.80492870959522
H           48.71390429807622       17.86983777479904       50.40413174341039
H           50.10374797077026       18.53886510999229       51.27602587127559
H           49.14323767538494       19.57699655457012       50.20846762552369
H           49.88573270002505       18.28357732395683       48.23037490469694
H           51.28135335869108       18.92976768433214       49.10809083587386
H           49.34383333685878       15.71700752625085       48.64946839897467
H           50.68383497867454       13.60138498433153       49.15512923645912
H           53.04892472576766       16.93309411093094       50.15787554319493
Fe          52.23010051445817       10.68912383016587       48.84439759837456
Fe          54.00993700156418       13.78956764976146       50.23910301662820
Fe          54.26127596921405        9.64393420722191       47.73379746235413
Fe          54.23356293338630        9.94633586315875       50.25665974431760
S           55.88392729215072       10.40338255415726       48.95826044590942
S           52.91157277067178        8.67354917276993       49.12143834424516
S           53.15170753239369       11.84458859528959       50.53369408509425
S           53.16925105187667       11.39534838823817       46.95511547083162
Fe          54.43022549115754       12.02679519447938       48.63171357958808
C           52.75414367748615       12.02554382324345       45.26118187832925
O           51.70985852073387       11.57027205046060       44.79248710774218
O           53.56771849066892       12.83419137218485       44.80859610127666
