31
 energy: -3.604222080166 gnorm: 282.172104176846 xtb: 6.6.1 (unknown)
Fe           0.91005181000000        0.88866377000000        0.89486125000000
Fe           0.90183630000000       -0.89713345000000       -0.89204973000000
Fe          -0.90158894000000        0.89662212000000       -0.89054479000000
Fe          -0.91015541000000       -0.88795556000000        0.89302353000000
S           -1.20765493000000        1.21281473000000        1.20903818000000
S            1.20739189000000       -1.21258369000000        1.20783801000000
S            1.21864198000000        1.20158480000000       -1.20504301000000
S           -1.21849567000000       -1.20159661000000       -1.20668218000000
S            1.95473105000000        2.28583323000000        2.29628027000000
C            3.76189980000000        2.14263635000000        2.15070892000000
H            4.20092894000000        2.85416210000000        2.85371610000000
H            4.11972369000000        2.39180938000000        1.14769751000000
H            4.12177830000000        1.14299615000000        2.41037565000000
S            1.93630196000000       -2.30130957000000       -2.29412009000000
C            3.74405895000000       -2.16130781000000       -2.15236485000000
H            4.10453437000000       -1.15909811000000       -2.40103269000000
H            4.18059311000000       -2.86505461000000       -2.86473812000000
H            4.10389162000000       -2.42271415000000       -1.15313677000000
S           -1.93605960000000        2.30182531000000       -2.29211831000000
C           -3.74388342000000        2.16039460000000       -2.15167698000000
H           -4.10338314000000        1.15820743000000       -2.40186049000000
H           -4.18074909000000        2.86476119000000       -2.86331650000000
H           -4.10438947000000        2.42007710000000       -1.15223343000000
S           -1.95478210000000       -2.28625150000000        2.29386393000000
C           -3.76210991000000       -2.14180525000000        2.15064917000000
H           -4.20096356000000       -2.85295674000000        2.85422910000000
H           -4.12124828000000       -2.39077011000000        1.14805159000000
H           -4.12090021000000       -1.14185106000000        2.41058473000000
C           -2.19938417000000       -2.14577387000000        2.15626630000000
O           -2.19938417000000       -1.32376702000000        2.97474339000000
O           -2.19938417000000       -2.96778072000000        1.33778921000000
31
 energy: -67.088702187358 gnorm: 5.218533414682 xtb: 6.6.1 (unknown)
Fe           0.91006407347662        0.88865780093922        0.89485742898902
Fe           0.90184870660709       -0.89712955438442       -0.89204379326056
Fe          -0.90159973499434        0.89662656950950       -0.89054909206147
Fe          -0.91018719295037       -0.88799512711060        0.89306309911269
S           -1.20766818157968        1.21283508509004        1.20904260634373
S            1.20740168685442       -1.21258666013141        1.20784095977495
S            1.21865202933090        1.20158891208956       -1.20504726583959
S           -1.21850923718296       -1.20160115118788       -1.20670250369481
S            1.95472707586142        2.28584261451229        2.29629200088427
C            3.76189943334991        2.14263503877817        2.15070676668248
H            4.20093104685755        2.85416345584739        2.85371755076366
H            4.11972525859319        2.39180959938110        1.14769574131488
H            4.12177947649313        1.14299462293860        2.41037596242819
S            1.93629792741533       -2.30132122625796       -2.29412945400821
C            3.74405861287699       -2.16130567465074       -2.15236354070964
H            4.10453594618444       -1.15909638289581       -2.40103291734484
H            4.18059518112911       -2.86505605788888       -2.86473946518513
H            4.10389279725054       -2.42271447593938       -1.15313528060869
S           -1.93605709114374        2.30182675785844       -2.29211974015480
C           -3.74388405331866        2.16039404087017       -2.15167638687967
H           -4.10338401928129        1.15820634373672       -2.40186048045541
H           -4.18075131711697        2.86476244222366       -2.86331775003977
H           -4.10439036941896        2.42007709438250       -1.15223236666580
S           -1.66515767679613       -2.45238482319892        2.45665480790689
C           -3.76261351083744       -2.14176201289490        2.15060655087832
H           -4.20095305293822       -2.85295300448879        2.85422520756335
H           -4.12126111969118       -2.39076899753743        1.14805666484345
H           -4.12091349878370       -1.14185619359770        2.41058367723381
C           -2.48796195108628       -1.98001876039938        1.99391836048911
O           -2.19963020986916       -1.32142413176465        2.97669388231362
O           -2.19963950529156       -2.96976771382853        1.33541766938595
31
 energy: -67.375848695485 gnorm: 4.689285932351 xtb: 6.6.1 (unknown)
Fe           0.91259022072866        0.89046049686503        0.89793666834673
Fe           0.90438715237035       -0.90016578046927       -0.89373713177542
Fe          -0.91869187714646        0.89979199666617       -0.89375504761822
Fe          -0.90208301999618       -0.91309204845731        0.91828742388394
S           -1.21033361661138        1.21995481717249        1.20416361162373
S            1.21829655084513       -1.21371581655435        1.20907882217250
S            1.22500098902002        1.19961947812321       -1.20322047841724
S           -1.22120058108126       -1.19690238637859       -1.21370902108323
S            1.95338282225326        2.28935924125953        2.29805866665138
C            3.76153552278473        2.14222097011826        2.15072259460746
H            4.20155148803810        2.85416423577939        2.85402316342838
H            4.11989750760851        2.39164572372915        1.14757461201042
H            4.12191239622430        1.14244834969092        2.41066476870563
S            1.93515842255835       -2.30316054783848       -2.29736758219418
C            3.74389186363581       -2.16135494879157       -2.15162347030253
H            4.10486915431141       -1.15902229796324       -2.40061284565244
H            4.18144960310150       -2.86542988859190       -2.86433634565507
H            4.10418735768106       -2.42293914496568       -1.15223783883979
S           -1.93486696362308        2.30518773285323       -2.29573909274301
C           -3.74331372236068        2.16027068521972       -2.15189204930329
H           -4.10329505239975        1.15792374109828       -2.40213084003378
H           -4.18121491242163        2.86487621801865       -2.86384504658183
H           -4.10436897317936        2.42006738767841       -1.15234013830195
S           -1.60719804660341       -2.46359532712718        2.46801613519108
C           -3.84309357466158       -2.12986415549371        2.14061030421089
H           -4.20971090290562       -2.86256802675434        2.86355365169401
H           -4.17590322537402       -2.39122796400819        1.14179915496839
H           -4.17559110869065       -1.13489488720150        2.41292142423105
C           -2.43496982275978       -1.98220348130741        1.99360993460076
O           -2.15737228024427       -1.26516853190744        3.02032514770739
O           -2.16305584110160       -3.01000741046087        1.27399974446763
31
 energy: -67.719176145787 gnorm: 3.632895881079 xtb: 6.6.1 (unknown)
Fe           0.91186341016438        0.89889818516024        0.90014500731661
Fe           0.90357767168392       -0.90238851600016       -0.90226422030135
Fe          -0.93439137303632        0.89884191861937       -0.89273602370052
Fe          -0.89628923212917       -0.94751466916470        0.95260425588695
S           -1.20763369617494        1.22201502543159        1.19716924874300
S            1.22819231104913       -1.21605771189145        1.21130664975708
S            1.23181133640558        1.19745390692073       -1.20099292181998
S           -1.21837456510471       -1.18989037620920       -1.21585187373551
S            1.95333207459688        2.28947401762840        2.29618146221574
C            3.76194484914199        2.14271920722309        2.15011888413086
H            4.20202316757255        2.85500251583416        2.85341638149426
H            4.11930504179941        2.39230510019607        1.14678054353665
H            4.12194743773225        1.14294314328266        2.40984796948625
S            1.93504061956757       -2.30123799315077       -2.29758803171844
C            3.74422381875155       -2.16076571785359       -2.15226788930478
H            4.10421363660630       -1.15824602189750       -2.40139433118558
H            4.18179535377719       -2.86481827253920       -2.86534806680142
H            4.10415673393511       -2.42217520361801       -1.15290307456033
S           -1.93621284795004        2.30522321214422       -2.29565416931595
C           -3.74482378728215        2.16010239562792       -2.15156870367529
H           -4.10374167448401        1.15733966937923       -2.40134474205823
H           -4.18325361953450        2.86457794880505       -2.86336078452535
H           -4.10480420433935        2.41940274128893       -1.15159509429422
S           -1.55806932065883       -2.49274559859749        2.50196453784470
C           -3.92312191733391       -2.10807002926871        2.11782303715854
H           -4.20330465402555       -2.86012761947432        2.86129117113542
H           -4.19784633482826       -2.39102992398485        1.13124767472240
H           -4.19790466014724       -1.12455743340836        2.41067803105700
C           -2.40732227263036       -1.99539041162722        2.00440998862611
O           -2.13952963388402       -1.16719076634943        3.09163161369413
O           -2.14495613924098       -3.08141429250749        1.17705237019147
31
 energy: -67.995678709602 gnorm: 2.553293028485 xtb: 6.6.1 (unknown)
Fe           0.90879675665743        0.90432866766137        0.89343082777519
Fe           0.90038394020859       -0.89557311360803       -0.90770720699237
Fe          -0.92286955207262        0.88842562532721       -0.88226273962544
Fe          -0.89507031427137       -0.95975229516942        0.96455265163597
S           -1.19976425850079        1.22233873259371        1.19932369663143
S            1.23197903627590       -1.21443114075572        1.20958192458696
S            1.22933522480411        1.19972191242483       -1.20324845274190
S           -1.21063180374272       -1.19192024829933       -1.21629557259884
S            1.95563684242160        2.28442926077589        2.29558012197938
C            3.76270676208916        2.14357454902116        2.14936518710489
H            4.20175941620230        2.85539325681851        2.85248238791963
H            4.11842594338021        2.39289969015118        1.14630027128882
H            4.12129420950039        1.14402047530293        2.40895915267801
S            1.93718050154583       -2.30053025374186       -2.29281611667377
C            3.74481289681793       -2.16001199956357       -2.15345213598936
H            4.10319220052099       -1.15776148565400       -2.40225855561051
H            4.18127633143995       -2.86384250415189       -2.86614432137778
H            4.10336118237503       -2.42137843773154       -1.15434941466263
S           -1.94041169020863        2.29951937475114       -2.28966252935039
C           -3.74770786663742        2.16055949423467       -2.15166884104166
H           -4.10379038546644        1.15738810867364       -2.40064911591096
H           -4.18503500842200        2.86436779133150       -2.86272246308320
H           -4.10481571682826        2.41898167308545       -1.15125544355457
S           -1.49977759943037       -2.52680965312077        2.54660800570418
C           -3.99125517593864       -2.09281127270796        2.10009806677639
H           -4.19668786314728       -2.85521824251811        2.85666700530087
H           -4.22478781174414       -2.39610400772152        1.11727827604147
H           -4.22469647288266       -1.11158664357683        2.41395615278758
C           -2.39189165834505       -2.01610970447230        2.01851285751085
O           -2.12858210529848       -1.04154377944387        3.17496868758145
O           -2.13051843130516       -3.16788539992306        1.05562653591295
31
 energy: -68.116232435240 gnorm: 1.889217387091 xtb: 6.6.1 (unknown)
Fe           0.91158872728415        0.90015108107957        0.89404414539071
Fe           0.90293758110003       -0.89622771077251       -0.90364042253018
Fe          -0.92249548321387        0.88479271812072       -0.87853303917278
Fe          -0.88266685664760       -0.95496266879233        0.96009348388519
S           -1.18991791883127        1.22169576866907        1.19582346879233
S            1.23951019562438       -1.20597484190744        1.20089681770189
S            1.21743001908857        1.19879083989930       -1.20223253528817
S           -1.20108380477210       -1.18838931911124       -1.21547167194497
S            1.95636607982503        2.27974107871013        2.28988576869818
C            3.76260519925956        2.14294447807772        2.14831894904830
H            4.20002331367855        2.85507354273034        2.85119889015151
H            4.11725674476436        2.39303647920632        1.14603639140576
H            4.12098416299304        1.14420435056645        2.40808043808446
S            1.93763181518595       -2.29464781922840       -2.28849671661264
C            3.74442864336834       -2.15901290235742       -2.15334072371384
H            4.10179974828260       -1.15754746882418       -2.40283766626863
H            4.17911596964801       -2.86256349501186       -2.86646069320720
H            4.10282216702493       -2.42069370293614       -1.15511151448434
S           -1.94000423210403        2.29375614220045       -2.28348534445455
C           -3.74763310863886        2.15917907046804       -2.14974009934591
H           -4.10410708513301        1.15727638002104       -2.40008425832448
H           -4.18335059149608        2.86335442366499       -2.86103616899321
H           -4.10505393548833        2.41884937489286       -1.15055390429156
S           -1.44712984049088       -2.55113222083952        2.58768191372905
C           -4.02329216835725       -2.08535181814457        2.08974357618122
H           -4.19597106976911       -2.84778132471565        2.84918002273294
H           -4.26661352232557       -2.39997400577158        1.10250610112685
H           -4.26590063905468       -1.09950971043063        2.41462662133657
C           -2.38350627095653       -2.03942870197872        2.03088796391588
O           -2.11870160440268       -0.96043286670641        3.23002053955663
O           -2.11522470544943       -3.22653672078801        0.98079856689879
31
 energy: -68.191872895605 gnorm: 1.404628417859 xtb: 6.6.1 (unknown)
Fe           0.91475992721661        0.89755214827846        0.89635326101856
Fe           0.90579164187297       -0.89872128206905       -0.90116734511803
Fe          -0.92904277971952        0.88388246404203       -0.87751247766588
Fe          -0.87390562348461       -0.94732161301213        0.95426463750382
S           -1.18174020813666        1.21877162078032        1.19313941306610
S            1.25507696867874       -1.19813816495596        1.19275881076688
S            1.20981131676407        1.20040871944510       -1.20390714281669
S           -1.19349283533796       -1.18583008302180       -1.21155792032526
S            1.95719326120745        2.27525344835073        2.28271331692107
C            3.76286607853987        2.14156058399411        2.14701715472274
H            4.19779345018487        2.85439634428077        2.85033820739017
H            4.11696013018750        2.39267533340103        1.14537442611926
H            4.12113785944301        1.14344665421728        2.40738305387449
S            1.93814833226001       -2.28735003944740       -2.28432404907968
C            3.74438352973332       -2.15788102354974       -2.15243057905745
H            4.10128546102202       -1.15708123287720       -2.40292265969790
H            4.17640991068481       -2.86186199469384       -2.86636029708735
H            4.10274035291574       -2.42028909370346       -1.15488648408122
S           -1.93800800542050        2.28876433146394       -2.27817762569831
C           -3.74654380604618        2.15747666846848       -2.14754719063924
H           -4.10418285538431        1.15686854676726       -2.39965566605672
H           -4.17974518313545        2.86268849861060       -2.85977315139546
H           -4.10504121899291        2.41882943876780       -1.14961753001327
S           -1.39298036082527       -2.56376482580547        2.62592805791853
C           -4.03147566258121       -2.08294334237817        2.08430532729324
H           -4.20297726411428       -2.84095495411707        2.84118343395826
H           -4.32035926228655       -2.39800405735685        1.09733084510326
H           -4.31750629139339       -1.09724172941863        2.40981280610189
C           -2.37828557316766       -2.06472181054952        2.03662387435837
O           -2.10789333460473       -0.90977021840994        3.25963061422034
O           -2.09933042608413       -3.25802090551250        0.93448177839968
31
 energy: -68.273732482491 gnorm: 0.949982483276 xtb: 6.6.1 (unknown)
Fe           0.91918945157512        0.89760015104823        0.89629184318235
Fe           0.91003555481531       -0.89902245681027       -0.90119347914590
Fe          -0.93426207465857        0.88250160424332       -0.87608773526741
Fe          -0.87416301245883       -0.94199319297049        0.95150549439727
S           -1.17537098901156        1.21507617562972        1.19336243744514
S            1.26690327041819       -1.19159196021053        1.18613831996037
S            1.20563674403677        1.20362655950861       -1.20736982189777
S           -1.18762813005363       -1.18605764032025       -1.20687957471367
S            1.95808315683771        2.27214879011717        2.27829529949661
C            3.76314752477602        2.14048791105313        2.14590865940611
H            4.19587606473489        2.85389434763762        2.84985359473803
H            4.11716103916925        2.39232501061543        1.14471080562476
H            4.12131907470708        1.14278093819406        2.40699886393652
S            1.93909171762484       -2.28297009980938       -2.28112361949931
C            3.74470936106878       -2.15694347833699       -2.15118360412721
H            4.10156743774396       -1.15662561281451       -2.40249546136399
H            4.17449587408320       -2.86159273723634       -2.86565508779920
H            4.10298688361665       -2.42002735106977       -1.15404370380548
S           -1.93628558859782        2.28400310907355       -2.27367068386713
C           -3.74585870209897        2.15610327982132       -2.14633268062225
H           -4.10415951261224        1.15629926873346       -2.39967270794419
H           -4.17654663840117        2.86230702664357       -2.85958916848829
H           -4.10503369959682        2.41872189638233       -1.14922984614939
S           -1.32725850967396       -2.56482490678345        2.66963962928570
C           -4.02035253471457       -2.08271543293667        2.08349873611058
H           -4.21583131385192       -2.83727817887627        2.83613341628172
H           -4.37893673438941       -2.38870035676372        1.09883266121147
H           -4.36977342204629       -1.09937272001253        2.40344560708991
C           -2.38130952918220       -2.10077211873291        2.03083005279568
O           -2.09568021414532       -0.88056833734019        3.26827163180167
O           -2.08990501971922       -3.26414105768907        0.89960902193193
31
 energy: -68.387490755418 gnorm: 0.532757178556 xtb: 6.6.1 (unknown)
Fe           0.92271893067447        0.89890305937247        0.89525617504208
Fe           0.91388989544110       -0.89821005438129       -0.90237392306014
Fe          -0.93756847079740        0.88015619431093       -0.87413800429282
Fe          -0.88346600003296       -0.94561192259636        0.95643870931017
S           -1.17085306058529        1.21130969755087        1.19432754406526
S            1.27489279388251       -1.18646471018847        1.18135078252347
S            1.20235413539764        1.20594529872261       -1.21001284427419
S           -1.18290025747019       -1.18721252895204       -1.20293456923321
S            1.95857507904371        2.27064196924903        2.27579707248374
C            3.76315726124344        2.14040056512609        2.14534123655723
H            4.19435286006831        2.85431444857408        2.84969100283579
H            4.11719788530847        2.39252515133718        1.14428551707249
H            4.12131510115538        1.14285214489823        2.40695855664148
S            1.94039590007227       -2.28051588930149       -2.27890819735440
C            3.74548334916426       -2.15631013656466       -2.14984193920784
H            4.10226164896835       -1.15615083889299       -2.40167804663296
H            4.17396386169353       -2.86144083871743       -2.86460346834147
H            4.10365598593343       -2.41960511024784       -1.15275183955033
S           -1.93537017067085        2.28046754252452       -2.27114564029826
C           -3.74572703105991        2.15468462204138       -2.14613610867658
H           -4.10422647311748        1.15521974197185       -2.40016172826543
H           -4.17452446206512        2.86145964563935       -2.86020480407322
H           -4.10532048722982        2.41815631107560       -1.14950064112185
S           -1.24502902846703       -2.54710355082719        2.73057892307708
C           -3.98702603379194       -2.08171108230360        2.08807162914513
H           -4.23636807525890       -2.83486478234935        2.83376708986191
H           -4.42518833871610       -2.37237741549575        1.10616996690926
H           -4.40610142658759       -1.10227640497854        2.39639805237235
C           -2.40518632795648       -2.15943458366598        2.00368615571153
O           -2.08492625902450       -0.88544792009405        3.24525970162447
O           -2.10258525522053       -3.22962019285021        0.87981253915430
31
 energy: -68.517427234590 gnorm: 0.315419546744 xtb: 6.6.1 (unknown)
Fe           0.92471029304004        0.90078433244067        0.89324743505546
Fe           0.91706819161513       -0.89577735695418       -0.90420267869558
Fe          -0.93880295462026        0.87725584081821       -0.87228369572073
Fe          -0.89761733361407       -0.96022981826760        0.96754319217874
S           -1.16770636925282        1.20799452607977        1.19631302198950
S            1.27927521426911       -1.18275880433497        1.17864729523382
S            1.19847538348837        1.20755468855436       -1.21229671740915
S           -1.17851190752228       -1.18959352091513       -1.20058225542131
S            1.95824962902972        2.27119529533757        2.27449639515632
C            3.76268898690233        2.14137426775713        2.14517971642286
H            4.19260221951435        2.85589915762675        2.84974415293975
H            4.11697293221549        2.39354838571631        1.14402278233534
H            4.12110933239876        1.14386439655621        2.40725044255101
S            1.94208315639757       -2.27896356569731       -2.27788733576498
C            3.74692907678491       -2.15565909879603       -2.14797067910894
H            4.10360762895009       -1.15537112393390       -2.40026610515382
H            4.17474499747960       -2.86109928039369       -2.86287302643659
H            4.10507633288782       -2.41870526296825       -1.15064733718064
S           -1.93533173863125        2.27807770820027       -2.27075412216441
C           -3.74580808263262        2.15274247901431       -2.14699647663984
H           -4.10440607190183        1.15317529998699       -2.40114091366005
H           -4.17329187031325        2.85960669678992       -2.86165016967589
H           -4.10601973536307        2.41668532366582       -1.15053419919900
S           -1.16182538144258       -2.50720745304588        2.80692326952487
C           -3.94097352646109       -2.07709289552461        2.09829451914441
H           -4.25967331372152       -2.83143616728759        2.83242458343585
H           -4.44131666893935       -2.35407839426093        1.12090423627243
H           -4.41008012675438       -1.10520691702051        2.39283935987821
C           -2.45190656610215       -2.23482989043783        1.95063490461115
O           -2.07576885093915       -0.95027924467709        3.17966860386499
O           -2.15270534676743       -3.13879117404345        0.89075070164183
31
 energy: -68.599709734688 gnorm: 0.273683160857 xtb: 6.6.1 (unknown)
Fe           0.92630326755942        0.90320357767554        0.89027174171992
Fe           0.92132796446459       -0.89174550695464       -0.90681387878246
Fe          -0.94056700749088        0.87515847746418       -0.87129146795613
Fe          -0.90726448421099       -0.97585075672149        0.97553808990173
S           -1.16543104749789        1.20400818599420        1.19990350508143
S            1.27997738255013       -1.18010445458721        1.17678099087619
S            1.19289449491240        1.20975310551878       -1.21544417250723
S           -1.17342362191993       -1.19344829652547       -1.19978791137863
S            1.95738899422048        2.27562291214859        2.27396240145081
C            3.76205989945532        2.14305464807000        2.14526717864632
H            4.19088156207084        2.85835670921546        2.84990864341513
H            4.11706766802037        2.39506036924412        1.14388215626248
H            4.12101523871602        1.14549941008859        2.40779965855781
S            1.94443544857402       -2.27825567429658       -2.27979066715345
C            3.74936241080586       -2.15502605504610       -2.14512963982427
H            4.10628656823380       -1.15449854615604       -2.39784235064364
H            4.17707419396298       -2.86081285991472       -2.85992337356743
H            4.10741641911824       -2.41746707936383       -1.14724858029165
S           -1.93584683699937        2.27746724983229       -2.27332958515350
C           -3.74573376546440        2.15005269927233       -2.14891249691453
H           -4.10476941389032        1.15008009628757       -2.40267010413873
H           -4.17238751374308        2.85667431206906       -2.86413746697236
H           -4.10720121953167        2.41422669848543       -1.15248184814348
S           -1.10103424315848       -2.46719743210779        2.87626575522293
C           -3.91672967714462       -2.07062621839237        2.11035628090007
H           -4.28160470402766       -2.82536274083966        2.83038039876054
H           -4.43795765450632       -2.33580885198941        1.14162349570897
H           -4.38235018927650       -1.10667580914393        2.39912813871306
C           -2.49318544238999       -2.29446332503162        1.89780756785899
O           -2.06482052146030       -1.06511923379011        3.09655640020659
O           -2.22133663995845       -3.02307718052125        0.91817004015060
31
 energy: -68.631972244161 gnorm: 0.301765409792 xtb: 6.6.1 (unknown)
Fe           0.93063223201309        0.90893620404905        0.88369468583070
Fe           0.92863877718468       -0.88551383494714       -0.91198692314380
Fe          -0.94804423684618        0.87581421555632       -0.86861561675205
Fe          -0.90280687233384       -0.97229029472887        0.99521532942880
S           -1.16367226899881        1.20631621624598        1.20772716483045
S            1.27994783216255       -1.17807275435424        1.17302065579772
S            1.18327369353488        1.21656128978750       -1.22219243951956
S           -1.16819056234334       -1.19914892851947       -1.18742673127128
S            1.96004435454642        2.28633876861347        2.27058448439113
C            3.76498926059783        2.14277476897152        2.14292778735616
H            4.19490466872937        2.85785765725483        2.84740764104886
H            4.12209245215164        2.39315127713552        1.14141491077022
H            4.12265079309450        1.14438065500727        2.40607476386221
S            1.94574104007893       -2.27906080619653       -2.28899985607593
C            3.75105722785282       -2.15728043340098       -2.14335721522253
H            4.11074886591392       -1.15719305268506       -2.39564274270450
H            4.17956935290590       -2.86426934211172       -2.85674243259244
H            4.10737479624238       -2.41930381233668       -1.14416784201457
S           -1.93640922850014        2.28023320981372       -2.27961592765717
C           -3.74540209523390        2.14904416507532       -2.15060493894399
H           -4.10552612465170        1.14856939676895       -2.40293717626012
H           -4.17208574609299        2.85520255989528       -2.86620792558834
H           -4.10754908771156        2.41333228626154       -1.15389962479100
S           -1.07797917428502       -2.44168104634277        2.91720077387329
C           -3.93538472110640       -2.08513634078338        2.10751526716457
H           -4.30808604737607       -2.83433778537870        2.82084095772456
H           -4.43619709648478       -2.33241140414433        1.15039212155767
H           -4.34514985398890       -1.11884080863968        2.40759780730335
C           -2.50585263788345       -2.29894468118492        1.89206553345488
O           -2.08933813894670       -1.14587892785563        3.05592668843582
O           -2.23214392423174       -2.94646998684195        0.92158971971264
31
 energy: -68.696206416409 gnorm: 0.296432015172 xtb: 6.6.1 (unknown)
Fe           0.93477221276272        0.91382537589637        0.87821848590282
Fe           0.93609828335008       -0.88058051635999       -0.91973188066743
Fe          -0.95343958274102        0.88042726358966       -0.86862852873608
Fe          -0.88348024052461       -0.97437234269993        1.01150942815827
S           -1.16608682078923        1.20043819442904        1.21509025317027
S            1.28248899347669       -1.17836926131870        1.16890244289974
S            1.18003651526752        1.22082638034240       -1.22507651939449
S           -1.16398473635211       -1.19530648961268       -1.18880109192763
S            1.96445219341560        2.29552712199663        2.26745071098603
C            3.77023137259375        2.13952588637553        2.14028767910392
H            4.20218348587100        2.85382809027943        2.84483741739801
H            4.12909986509077        2.38817734207273        1.13823463538837
H            4.12615023751822        1.13967191534938        2.40314997329251
S            1.94364348584921       -2.28179141181401       -2.30007939035068
C            3.75030300191583       -2.16127257193566       -2.14427116250150
H            4.11324881194672       -1.16144493129437       -2.39566595387559
H            4.17916430429638       -2.86958138995385       -2.85664485966003
H            4.10547911135973       -2.42319248665557       -1.14380771249887
S           -1.93733277770403        2.28485172569430       -2.28385629858824
C           -3.74509496827771        2.15179709179939       -2.15035837996247
H           -4.10697976668976        1.15070284669925       -2.40100836871535
H           -4.17182134532504        2.85797638923906       -2.86584971577322
H           -4.10732605713562        2.41544547571276       -1.15271281784591
S           -1.03488189141295       -2.37329295247446        3.00059890458049
C           -3.99337427799313       -2.13665997617089        2.09172577468285
H           -4.34852930771632       -2.85240741711176        2.82445757614019
H           -4.43681963965634       -2.36775199339458        1.15905310566324
H           -4.29742491355408       -1.14990536113883        2.39762355310936
C           -2.50650140596839       -2.25778350112181        1.92087900881394
O           -2.17448879587568       -1.23781702801969        2.96644294314944
O           -2.18793781700447       -2.82881303841329        0.93682968806313
31
 energy: -68.740374870184 gnorm: 0.287858561043 xtb: 6.6.1 (unknown)
Fe           0.93933936035581        0.91402492055675        0.87894612083278
Fe           0.94075232091298       -0.87558090451632       -0.92658542720820
Fe          -0.95668426255148        0.88830772471237       -0.87113444654155
Fe          -0.84205185917163       -1.00355499684279        1.00165282476689
S           -1.16567482251367        1.18561639858823        1.22162462099919
S            1.29743502828545       -1.17921311793325        1.16201722005477
S            1.18224625253484        1.22204340048279       -1.22794393678574
S           -1.16255670606358       -1.17984593527536       -1.20968721111333
S            1.96832988411779        2.30006380079698        2.26695594073841
C            3.77508690728521        2.13488738861511        2.13913160117745
H            4.20979950539212        2.84747696910464        2.84406489213775
H            4.13505730569928        2.38236036915112        1.13669778723422
H            4.12875503477860        1.13344911660193        2.40105692356058
S            1.94019662065718       -2.28317925481835       -2.31029153032747
C            3.74839849915065       -2.16457999910951       -2.14751501278671
H            4.11372957358895       -1.16482141014351       -2.39739284727621
H            4.17769775447336       -2.87343082564685       -2.85940361545200
H            4.10217253715322       -2.42707061041254       -1.14612505142224
S           -1.93735913679337        2.29094220312473       -2.28324526516924
C           -3.74429130990720        2.15706458452611       -2.14806188576875
H           -4.10769047007507        1.15572700233249       -2.39810013120951
H           -4.17171227524921        2.86362729029590       -2.86276560283813
H           -4.10627221819451        2.41966547180211       -1.14953161057416
S           -0.94608944333478       -2.26753978015214        3.14270377275382
C           -4.08575995585215       -2.21784364747206        2.07683945989594
H           -4.40034549852485       -2.87129781882657        2.85995306172972
H           -4.47094726252462       -2.42652435065815        1.14912806413146
H           -4.26328428485567       -1.18390041132009        2.37932222218382
C           -2.49554609346814       -2.18968995564401        1.98460436173029
O           -2.29757286586153       -1.33944859757740        2.79388612223131
O           -2.10331058944939       -2.68505659435400        0.96799747831904
31
 energy: -68.761175542060 gnorm: 0.150231719179 xtb: 6.6.1 (unknown)
Fe           0.93845302687607        0.91429797689866        0.87984715808882
Fe           0.94910764816653       -0.86823103687861       -0.93351721319025
Fe          -0.95239269555848        0.89805272777408       -0.86747597240723
Fe          -0.84748055547741       -1.00631260854825        0.98485021380403
S           -1.16388741971361        1.17690685168034        1.22628749761312
S            1.31172753843546       -1.17403162244854        1.15063706820054
S            1.18082337107582        1.23083163723059       -1.23183554521910
S           -1.15334753352228       -1.17083752624349       -1.21987559012624
S            1.97097290099424        2.30562965570130        2.26419364052860
C            3.77683920476941        2.13555957100229        2.13993536966676
H            4.21362644498460        2.84621473865993        2.84522881453186
H            4.13915766509861        2.38104435793405        1.13829412581137
H            4.12603152159830        1.13304563273211        2.40264834603552
S            1.94416972037210       -2.27888219850740       -2.31711534619484
C            3.75126802427887       -2.16546002090288       -2.14635202684743
H            4.11924108727613       -1.16661459208221       -2.39432568459062
H            4.18326305426313       -2.87485195357903       -2.85572167580849
H            4.09959641107102       -2.42827334225660       -1.14344373340358
S           -1.93774048915382        2.29323032704336       -2.28364776433787
C           -3.74495921869305        2.15732568382595       -2.15050052067024
H           -4.10651433693280        1.15586263608652       -2.40052896382220
H           -4.17282845376786        2.86345432741086       -2.86534093542640
H           -4.10639715224445        2.41991625705102       -1.15231555798964
S           -0.95146249613569       -2.28161164927635        3.12646665183780
C           -4.07647195338063       -2.20819762713244        2.09591411992255
H           -4.40847247216361       -2.87918794149274        2.87241437749115
H           -4.49606408011726       -2.43889218832489        1.14916144073917
H           -4.29463065623601       -1.19143751520715        2.38506893338040
C           -2.50295338803596       -2.21336841778789        1.97045965877309
O           -2.26158174237831       -1.27345611841065        2.84353012926154
O           -2.12524544575373       -2.72904759196228        0.95585788435148
31
 energy: -68.775594180180 gnorm: 0.134730214035 xtb: 6.6.1 (unknown)
Fe           0.94021402971096        0.91070083120350        0.88108428543660
Fe           0.96624582068715       -0.85049884593271       -0.95255528802634
Fe          -0.94058674748503        0.91860618050146       -0.86787796342013
Fe          -0.84093034953807       -1.03452659537389        0.94468711904586
S           -1.15959577344406        1.15105890764679        1.22989818140537
S            1.33609234228585       -1.17198970626301        1.12375840122893
S            1.18674529642656        1.25033118559596       -1.23545662552861
S           -1.13720137202386       -1.14711941430770       -1.25644675354887
S            1.97639324499371        2.31292604159587        2.25896549578549
C            3.78185575381149        2.13289207033155        2.14162996714159
H            4.22278782986476        2.83959671631938        2.84836157269765
H            4.14968601991938        2.37519632118041        1.14137280513214
H            4.12223637943544        1.12773312048769        2.40548765235721
S            1.95050204475245       -2.26733689414434       -2.33767345076922
C            3.75665085891586       -2.16767987425835       -2.14713280261640
H            4.13263384188325       -1.17077926866344       -2.39004755060935
H            4.19339701114318       -2.87908289374583       -2.85147059294273
H            4.09166375921760       -2.43272591256616       -1.14022212497988
S           -1.93900149140282        2.30538172169499       -2.28002635814430
C           -3.74617611325784        2.16203402992193       -2.15282369613417
H           -4.10355253919928        1.15958747802337       -2.40384083647078
H           -4.17550237953380        2.86713831237479       -2.86785657706722
H           -4.10875882730682        2.42319419410757       -1.15508445299491
S           -0.91813484500558       -2.23705830834372        3.18012663362824
C           -4.10534957685462       -2.23800282273278        2.12101765533977
H           -4.43919792318313       -2.89891078158281        2.91550849976593
H           -4.53956331787620       -2.50318881409433        1.16801199144171
H           -4.34277148958324       -1.22171499181627        2.37679269528072
C           -2.51396491566021       -2.20688637175579        1.98335923449728
O           -2.27582823252185       -1.23110104025526        2.80878153142920
O           -2.11914080917372       -2.71509614515569        0.97847025164176
31
 energy: -68.788857176472 gnorm: 0.080936933984 xtb: 6.6.1 (unknown)
Fe           0.94597779534325        0.89581462386707        0.88013810252602
Fe           0.98472485464940       -0.83056966065288       -0.97081213186507
Fe          -0.91618786498499        0.93705978150373       -0.87534916018513
Fe          -0.82464467701191       -1.05352312417542        0.90065540364834
S           -1.13876913245772        1.15135917831491        1.21884235012243
S            1.36787901406325       -1.17782175156693        1.09214178838301
S            1.19801237076856        1.27193034440353       -1.24652475768829
S           -1.13007676758695       -1.13358748201400       -1.26699573877428
S            1.98068441093283        2.31146824048656        2.25374995153908
C            3.78553678277681        2.13052186378709        2.14152338150086
H            4.22940968242435        2.83442466072527        2.84929361261806
H            4.15909522267227        2.36979523289646        1.14294843415293
H            4.11788675379098        1.12400453555537        2.40816535790586
S            1.96037154424053       -2.24711588514075       -2.35713222705680
C            3.76467474414656       -2.17103059192169       -2.14658191734528
H            4.15237348136263       -1.17789381668292       -2.38395650223171
H            4.20530385278722       -2.88693969565367       -2.84367415818175
H            4.08056895865935       -2.43916758813068       -1.13462638762456
S           -1.93940395491634        2.31973775620483       -2.27063821773960
C           -3.74708771191335        2.16381155329850       -2.15724108580404
H           -4.09726729643569        1.15991548875708       -2.41040398350708
H           -4.17752570427649        2.86649852537330       -2.87421626500446
H           -4.11387480586110        2.42454981003222       -1.16167357255484
S           -0.84709819013884       -2.16804820788478        3.24983916357353
C           -4.15428440202682       -2.28779467937864        2.16576888067230
H           -4.48042734575118       -2.96302011123006        2.94995357573120
H           -4.61373052463811       -2.55143384413061        1.19156813861686
H           -4.43812718929531       -1.26838993977221        2.41928777664941
C           -2.52832753732394       -2.19007442484775        1.99870698320176
O           -2.27437277763938       -1.20100237210752        2.77261447602074
O           -2.10944605635899       -2.65079998991745        0.93342762870169
31
 energy: -68.794375023808 gnorm: 0.087134454942 xtb: 6.6.1 (unknown)
Fe           0.94527103194185        0.88079778346926        0.87272213311865
Fe           1.01120299325396       -0.80771829777057       -1.00432842408715
Fe          -0.89061166166977        0.95673329904510       -0.89291048841939
Fe          -0.84296007806079       -1.09179881082702        0.85031472841027
S           -1.14275316510939        1.11967354467021        1.20219203694432
S            1.36193822535769       -1.19496346150656        1.05724823740060
S            1.22128448351268        1.29733826491778       -1.24578078017466
S           -1.10086087964073       -1.11228598717051       -1.32441705054869
S            1.98296106245255        2.29969510747778        2.25527494584537
C            3.78859627406910        2.11965444264712        2.14729784012453
H            4.23138509464643        2.82259849942242        2.85725562795806
H            4.16702753464676        2.36005176136166        1.15036601711969
H            4.11932118867858        1.11268803298460        2.41427419687286
S            1.97271851820517       -2.22318092678601       -2.39697804987754
C            3.77522356299328       -2.16889519903188       -2.15088853466936
H            4.18037537945076       -1.17982299130006       -2.37902292370920
H            4.22031604582649       -2.88881030545338       -2.84127083643719
H            4.06887959762868       -2.44375043207816       -1.13310555350425
S           -1.94154109160251        2.35082255998806       -2.26217604873332
C           -3.74811877791239        2.17186986233716       -2.15693854706406
H           -4.08721721628640        1.16484871837120       -2.41435608890251
H           -4.18197445320191        2.87162714909808       -2.87487310971375
H           -4.12347901166772        2.42701019522136       -1.16273354284588
S           -0.82931151725835       -2.09157792892220        3.30854465313041
C           -4.17348108400745       -2.32335912941587        2.20115859921796
H           -4.48613521688340       -2.98625145881144        3.00798971460762
H           -4.62086377459550       -2.65789311703935        1.25208985949203
H           -4.51407747833614       -1.30702226572182        2.39859711373133
C           -2.55329232551082       -2.15978103100271        2.01298059820928
O           -2.29771229423844       -1.12405202410752        2.72243815999868
O           -2.11026343667631       -2.63156742406534        0.99783441650678
31
 energy: -68.798392774708 gnorm: 0.074722691390 xtb: 6.6.1 (unknown)
Fe           0.95351014222571        0.87065034561537        0.85429048967055
Fe           1.02047031742436       -0.78894867780591       -1.03595161432774
Fe          -0.86607488854924        0.97593555468299       -0.91176358156168
Fe          -0.86931266627836       -1.07833062223132        0.84897582724131
S           -1.13015289713266        1.14311341227498        1.17761422488070
S            1.34424099534994       -1.21149523890842        1.02354922191611
S            1.24613443185584        1.31495195828231       -1.25587413864360
S           -1.09403993672610       -1.09563174615485       -1.33593269707104
S            1.98363763826421        2.28020907340705        2.25844913024343
C            3.79026301839583        2.10939462267233        2.14968402417588
H            4.22955781769720        2.81492742736601        2.85945832596280
H            4.16941458820747        2.35089395875944        1.15304526999019
H            4.12512712558067        1.10418385264710        2.41770128300681
S            1.98942563699062       -2.19450161769651       -2.43260657992118
C            3.78989033467555       -2.17000488020255       -2.15121375337571
H            4.21613854500451       -1.18696241560515       -2.37033465748091
H            4.23789082574982       -2.89651780750508       -2.83308032553903
H            4.05803728058787       -2.45082817368962       -1.12709466748855
S           -1.94343005090695        2.37574657418270       -2.25706699100506
C           -3.74863267599116        2.17290491133919       -2.16308472155028
H           -4.07320903723105        1.16138994826273       -2.42290923482002
H           -4.18744741658485        2.86724467746480       -2.88345316934511
H           -4.13424275377897        2.42268889283317       -1.17101167315032
S           -0.83444313264331       -2.05214078566291        3.32088847966527
C           -4.18414508937842       -2.35060991818798        2.23553303607968
H           -4.46521707037664       -3.03547215082078        3.03822892822925
H           -4.63162182667249       -2.69824640659944        1.29740564426669
H           -4.57693864553189       -1.35600547597630        2.44384083760366
C           -2.57743175800687       -2.13452633542330        2.01846152643277
O           -2.31033653528803       -1.10563815841040        2.72403651464106
O           -2.12521478692016       -2.59569636890455        0.99901394127646
31
 energy: -68.805458395609 gnorm: 0.047400256564 xtb: 6.6.1 (unknown)
Fe           0.96563526668455        0.85957006072421        0.81936103162716
Fe           1.04610586525807       -0.76117443124652       -1.08855858837377
Fe          -0.83605889024265        1.00730843650133       -0.93268701597813
Fe          -0.89638224609705       -1.06831730810246        0.86427438727209
S           -1.11467617899554        1.15697583402354        1.15857359336984
S            1.32934686877192       -1.23218745321726        0.97528882893631
S            1.27495012716968        1.34144138780278       -1.27865029661859
S           -1.08119967154443       -1.07770559883432       -1.34546307019999
S            1.98565133194408        2.23923779030623        2.26736362624823
C            3.79423852642714        2.09251705352693        2.15362324874655
H            4.22524475832777        2.80466371499663        2.86231829109326
H            4.17021019635995        2.33740483333987        1.15632895241605
H            4.14084496871348        1.09146648457378        2.42262036804699
S            2.01790180145656       -2.15752602269763       -2.49182853263472
C            3.80969158445588       -2.16906238763011       -2.15202595701203
H            4.26504862986212       -1.19597466425219       -2.35545100925387
H            4.26365849359750       -2.90382632602558       -2.82070695430165
H            4.03879021002356       -2.45653312418520       -1.12113966089963
S           -1.94524711334041        2.41454650634934       -2.24779719352843
C           -3.74692304002330        2.16969093141654       -2.17354363344140
H           -4.04668615641529        1.15105278754233       -2.43648863254140
H           -4.19554402077977        2.85455391024574       -2.89733990589564
H           -4.14958314032647        2.40984653547845       -1.18512858537640
S           -0.87148842478426       -1.98474558855418        3.32235739755822
C           -4.19277884642990       -2.38235483100048        2.28213661876632
H           -4.40418491173620       -3.10789865348647        3.07443200960422
H           -4.63267556267884       -2.75609461178605        1.36319856473179
H           -4.67624664918313       -1.42963498228984        2.52489702895140
C           -2.63366364703195       -2.07963523000622        2.02068450902626
O           -2.33132089891842       -1.07205052210441        2.73342319291513
O           -2.17081170050039       -2.53287610139804        0.99472628675058
31
 energy: -68.810795816303 gnorm: 0.029626607636 xtb: 6.6.1 (unknown)
Fe           0.98270645903312        0.84173284323487        0.79476779711967
Fe           1.07576470274859       -0.74098161122944       -1.13302479271605
Fe          -0.80774275361380        1.03231056314802       -0.95273308112638
Fe          -0.90790875471309       -1.07221180593641        0.89217267454747
S           -1.08907987940164        1.16076080084681        1.13702618107366
S            1.32254267476716       -1.25260892710072        0.93379091784625
S            1.30037569566764        1.35932744808419       -1.30018992366056
S           -1.06748165484433       -1.06422716631058       -1.33614956985793
S            1.98830483215371        2.19466937022335        2.28317506034357
C            3.79856118225423        2.07539554698908        2.15742478477066
H            4.22190743755231        2.79415819213814        2.86427917191577
H            4.16723039968295        2.32547258594694        1.15855950993572
H            4.16113754420127        1.07942048890361        2.42553792290635
S            2.04523550013015       -2.11973587066542       -2.55155813404425
C            3.82568814657164       -2.16441014322160       -2.15808437565945
H            4.30537517427937       -1.20006521586816       -2.34540592172975
H            4.28676205770286       -2.90665253774695       -2.81360054331090
H            4.01767116029762       -2.45669298788681       -1.12149264909495
S           -1.95150794232404        2.44336818865787       -2.22992334549539
C           -3.74863908392389        2.16356052023283       -2.18026219792049
H           -4.02427120562788        1.13913905096412       -2.44706918203546
H           -4.20445898298131        2.84052446502945       -2.90718079704804
H           -4.16582662466975        2.39355749815769       -1.19519564465423
S           -0.92333502385722       -1.90138822082470        3.32933288842748
C           -4.19942129635557       -2.40989607661379        2.31182950203980
H           -4.33035226605216       -3.16141768552522        3.10158571244521
H           -4.62480767784283       -2.82910623205442        1.40800047637699
H           -4.76115319301036       -1.50276382331013        2.58006562921476
C           -2.70348548990584       -2.01216789791359        2.02256727518193
O           -2.36885843642053       -1.01740436869097        2.73645845315830
O           -2.21908517146399       -2.46898856164990        1.00409510106156
31
 energy: -68.814029838035 gnorm: 0.015389351007 xtb: 6.6.1 (unknown)
Fe           0.98905717468188        0.83820614418847        0.79095553657341
Fe           1.08343266298811       -0.73998133042506       -1.14076157898427
Fe          -0.79834628916588        1.05039189133730       -0.95409360383504
Fe          -0.89578579865224       -1.07881648556957        0.90697194228091
S           -1.07995265783040        1.15819911277716        1.13995401191805
S            1.32428053565292       -1.25557832918676        0.92386789242906
S            1.31322867364318        1.35772428831187       -1.31093917379034
S           -1.06320293171912       -1.04716915178677       -1.31869535445756
S            1.99226166415969        2.17507630294539        2.29401220843118
C            3.80235220592130        2.06857736094018        2.15785106673743
H            4.22498577504475        2.78917649926111        2.86295798696474
H            4.16367196392109        2.32122186592519        1.15702080407376
H            4.17279003185705        1.07488107024369        2.42347304162663
S            2.05208521010635       -2.10713498909205       -2.57175579601024
C            3.82683790723941       -2.16468156809949       -2.16198457639564
H            4.31320488729456       -1.20304942855036       -2.34416930826253
H            4.28958041047244       -2.90954906267986       -2.81319081302409
H            4.00784557682084       -2.45791022036071       -1.12422196701975
S           -1.95488444530144        2.44838503418191       -2.22449859063915
C           -3.74959790988516        2.15905245039595       -2.18087373238000
H           -4.01831711791802        1.13405162162435       -2.44987960307795
H           -4.20632165869370        2.83427663100086       -2.90847520502235
H           -4.17016515792496        2.38580632300312       -1.19711951777026
S           -0.97387687172252       -1.87601812469506        3.36497366476543
C           -4.20052738032760       -2.43101494542525        2.30754493331407
H           -4.26001372569465       -3.16187684547017        3.11812162738871
H           -4.63592614298440       -2.86714084940758        1.41034332198662
H           -4.76848644560987       -1.54328860282836        2.59355083296162
C           -2.74190658689812       -1.95992675628851        1.99248864353505
O           -2.40010364418540       -0.97942789729572        2.72622735621118
O           -2.23635238525577       -2.44978357896703        0.99914284948270
31
 energy: -68.816341907054 gnorm: 0.014064212753 xtb: 6.6.1 (unknown)
Fe           0.99992012111227        0.82484772964208        0.79005833898541
Fe           1.10348665715287       -0.73253924038866       -1.14806667363692
Fe          -0.77607467786616        1.07174901694415       -0.95644135530554
Fe          -0.89599962768850       -1.07483863350324        0.93061471810785
S           -1.06030840583204        1.17312256922625        1.13960765068568
S            1.30916749568026       -1.27383458872849        0.91990449041537
S            1.33847804567629        1.36344883373111       -1.31390757929709
S           -1.04737839591793       -1.03027118695264       -1.30087201499224
S            1.99994457049766        2.14293021439992        2.31362333071853
C            3.80971514411256        2.05823911913283        2.15697362048727
H            4.23147558131376        2.78241507296640        2.85875044487617
H            4.15770626940168        2.31584401872044        1.15261466752097
H            4.19428842344321        1.06838945935317        2.41783897712741
S            2.06034587639935       -2.08698880088877       -2.60185128160123
C            3.82810505361389       -2.16307634426543       -2.17010285753303
H            4.32706658142317       -1.20649385397943       -2.34512663393544
H            4.29288353633409       -2.91282140442840       -2.81435565080436
H            3.99257737144524       -2.45799776791849       -1.13024016944260
S           -1.95997023767593        2.45405264566441       -2.20937482424431
C           -3.75157934062140        2.14850620368965       -2.18054283906768
H           -4.00831165354374        1.12200124851612       -2.45400751979646
H           -4.21016129138142        2.82101756791293       -2.90929693587443
H           -4.18031315702856        2.36881451953710       -1.19929078973624
S           -1.00601064596440       -1.80258099695530        3.38513810818840
C           -4.20935515905729       -2.44632133205560        2.30237446160379
H           -4.16795961203818       -3.16143340462288        3.13002969510440
H           -4.64871164687384       -2.91792981219823        1.42171277947511
H           -4.81468790095811       -1.59547904151642        2.60999554572701
C           -2.78821872914958       -1.91644228553109        1.96394134231807
O           -2.45732102199193       -0.94836376704041        2.71602101728540
O           -2.26095169398318       -2.42528732845479        0.99307683665219
31
 energy: -68.819304117253 gnorm: 0.021196507640 xtb: 6.6.1 (unknown)
Fe           1.01359405373386        0.81152284787219        0.79028061473733
Fe           1.12783778659912       -0.72116095147807       -1.16448459157564
Fe          -0.74361685813780        1.11348986314012       -0.95375683781547
Fe          -0.90458895628425       -1.06838063131179        0.97723140019668
S           -1.03608983827651        1.18928733302053        1.14553725705386
S            1.29093277521443       -1.29251064405136        0.90641317675097
S            1.37901070298094        1.36881961633308       -1.31501278263007
S           -1.03267290821896       -0.99501712893781       -1.27046893349400
S            2.01474748662794        2.09294747345766        2.34867970350540
C            3.82333507191331        2.04252285451301        2.15412418466951
H            4.24536722145442        2.77223671464991        2.84994363296137
H            4.14812851911471        2.30816145025666        1.14361299603997
H            4.23038411057278        1.05868253023818        2.40614011074659
S            2.07249220809945       -2.05775331351384       -2.64166132672325
C            3.83136740667246       -2.16264509727348       -2.18245035199944
H            4.34892444391486       -1.21389055877943       -2.34862024300741
H            4.29697102210691       -2.92025013278753       -2.81729524225963
H            3.97275874648608       -2.45926420807794       -1.13949393449621
S           -1.96437503232074        2.46807774467590       -2.18966288559495
C           -3.75076690804801        2.13039589369486       -2.17961999963144
H           -3.98803531101610        1.10090356942324       -2.45989874828198
H           -4.21455365590503        2.79789425642224       -2.90965415682711
H           -4.19306042956604        2.33982595511901       -1.20196696849399
S           -1.01189330529394       -1.64713518847544        3.38606010558756
C           -4.23135994146924       -2.47097139094775        2.29384584048016
H           -4.06691112473796       -3.16733932886490        3.13050157086742
H           -4.66756689886343       -2.99392960305571        1.43852586685733
H           -4.89584663060972       -1.67420302978864        2.62964311272554
C           -2.85440458612456       -1.87112526614593        1.93475545662381
O           -2.55045938918434       -0.91652035192167        2.70816465882268
O           -2.28780225140080       -2.39999284739691        0.99938621421603
31
 energy: -68.822448191160 gnorm: 0.031570293636 xtb: 6.6.1 (unknown)
Fe           1.02778728911693        0.80033002546536        0.78530031986611
Fe           1.15432449568608       -0.70313795940226       -1.18791512133085
Fe          -0.70708933575011        1.16282943663308       -0.94825651525258
Fe          -0.92040033031323       -1.06129252452566        1.05312428382906
S           -1.00934909847292        1.20568032907269        1.15446257967746
S            1.27312542799971       -1.30817422631606        0.88249029697814
S            1.42356273984581        1.38097861931863       -1.32115829480893
S           -1.02209035355341       -0.95683995801530       -1.22194282638066
S            2.03418239111255        2.03190669004076        2.39098991140743
C            3.84031819469244        2.02519617232426        2.14916868103583
H            4.26307969685980        2.76154840739756        2.83768595687182
H            4.13602530911427        2.30044262176727        1.13144967619969
H            4.27448158812020        1.04894677631146        2.38940519182973
S            2.08433053285981       -2.02835299792611       -2.68253857331564
C            3.83424281723739       -2.16277490112524       -2.19636461421733
H            4.37159027687061       -1.22298710569973       -2.35423329118344
H            4.29962431789832       -2.92889900892933       -2.82160262863087
H            3.95273225043895       -2.46030518742359       -1.15061394643421
S           -1.96796591691104        2.48670304321662       -2.16361236311614
C           -3.74757067242236        2.10791438174759       -2.17804982743627
H           -3.95944145046822        1.07430915400838       -2.46609370422989
H           -4.21882549239935        2.76856687513898       -2.90978704197162
H           -4.20643771483208        2.30293166647739       -1.20456003564576
S           -0.97244247572181       -1.43227677754247        3.36864952903364
C           -4.26621213730553       -2.49874353200990        2.27644306872946
H           -3.99889046966023       -3.17119905022616        3.10396276131249
H           -4.68702285972412       -3.06888335710280        1.44502827894429
H           -4.98728373804049       -1.76280946421251        2.64456206647528
C           -2.92989450852508       -1.83878422481019        1.91500118929141
O           -2.66088645315298       -0.90767419793671        2.72091079772263
O           -2.30575679056636       -2.38247129570743        1.02689309476151
31
 energy: -68.824432404231 gnorm: 0.032824406489 xtb: 6.6.1 (unknown)
Fe           1.03228272727315        0.80554116341077        0.77914545762075
Fe           1.14917513666157       -0.69691950203170       -1.19768923003378
Fe          -0.69753456407191        1.18029682067530       -0.94774439724911
Fe          -0.92648850524422       -1.05158975559450        1.09344406229194
S           -1.00322508517929        1.21136425269066        1.15272955706606
S            1.27314127792284       -1.30262379873931        0.86443460733874
S            1.43615035201941        1.38623885753586       -1.32429332326392
S           -1.03494403064019       -0.94369062326026       -1.19862518203815
S            2.04628680377107        2.00298141861251        2.41121202230962
C            3.84924374621210        2.01925235245857        2.14554967188414
H            4.27234458470347        2.75897049507255        2.83039241498195
H            4.12939612679112        2.29933377833678        1.12492432608842
H            4.29611425924448        1.04721165091099        2.37842863168755
S            2.08533908201539       -2.01792500422191       -2.69034144399792
C            3.83427118327818       -2.16151851131298       -2.20206642846539
H            4.37723678560165       -1.22524368631774       -2.35921039160669
H            4.29650039049656       -2.93037559416991       -2.82615945271946
H            3.94912371272195       -2.45883558396146       -1.15635703909004
S           -1.96908487268185        2.49713884234809       -2.15225319921437
C           -3.74422681958091        2.09531692115546       -2.17651460605664
H           -3.94133070696139        1.05920577486894       -2.46730610974817
H           -4.22041119191088        2.75137883111864       -2.90941817520228
H           -4.21031424536279        2.28210276489247       -1.20458496731487
S           -0.93768487158742       -1.34754521152876        3.37137358917201
C           -4.28712019028510       -2.50386807060156        2.25950084883308
H           -4.03625016550182       -3.17105999263063        3.06506970059694
H           -4.68577245408914       -3.07682749201212        1.42821090119312
H           -5.01505886881152       -1.78434856917673        2.62885205439005
C           -2.94340859065967       -1.84532530634534        1.92952704240326
O           -2.68764400533022       -0.93044610951510        2.75214252245109
O           -2.28425947078110       -2.38551268265892        1.06642543570399
31
 energy: -68.827478851636 gnorm: 0.033086531154 xtb: 6.6.1 (unknown)
Fe           1.03795306984887        0.82340780482273        0.76769338310996
Fe           1.12788007905065       -0.68934570223738       -1.20220997087026
Fe          -0.69695806386473        1.18866035016135       -0.94685621140073
Fe          -0.93447944056813       -1.02709140556287        1.11933645408909
S           -1.00207128304012        1.21978501999228        1.14917473848183
S            1.27097629398934       -1.28524258572189        0.84794010273132
S            1.43604990938260        1.39594236906720       -1.32772076520481
S           -1.06187801946292       -0.93418925607477       -1.18672480757076
S            2.06267133748808        1.97301064653098        2.43100849781169
C            3.86003526429256        2.01399085341955        2.14134942389113
H            4.28354297480988        2.75728229191410        2.82228415333426
H            4.12281025818907        2.29970010779823        1.11854469398706
H            4.32027648447438        1.04693907434821        2.36464000336187
S            2.07805270013021       -2.01427801005180       -2.68427811795270
C            3.83036120431298       -2.16022872633447       -2.20539394960647
H            4.37452019908732       -1.22628483234030       -2.36634095726614
H            4.28560226826113       -2.93007881019685       -2.83292718016254
H            3.95117207088653       -2.45716372122801       -1.16108220327551
S           -1.96797391409300        2.51000306723801       -2.14349077963523
C           -3.73695643586169        2.08222461839788       -2.17488973601128
H           -3.91592111812972        1.04313320884135       -2.46709574254912
H           -4.21978298755315        2.73198383225259       -2.90922587573306
H           -4.20871574922536        2.25931847642814       -1.20388214005309
S           -0.91078371059900       -1.28806177736897        3.38895946921731
C           -4.31549078560228       -2.50402855864761        2.23045986885879
H           -4.09667140540225       -3.18422617532956        3.02802453612424
H           -4.68228307825731       -3.07222545565039        1.38884445572220
H           -5.04333278870629       -1.78650083428834        2.58136328546859
C           -2.93304134558458       -1.86204345526724        1.96458959238985
O           -2.68369642305885       -0.96660863564036        2.80503227457093
O           -2.23002003516073       -2.39510534926299        1.13167240415365
31
 energy: -68.831582953883 gnorm: 0.034160541951 xtb: 6.6.1 (unknown)
Fe           1.04141497523726        0.84413501327743        0.75827824970063
Fe           1.10364085440954       -0.67828477078182       -1.20278870080711
Fe          -0.70436518453857        1.19468569993440       -0.94679866523190
Fe          -0.95008139823760       -0.99823668037058        1.13208851325994
S           -1.00577823330893        1.23062427930655        1.14809168924036
S            1.25510172514851       -1.26651236941445        0.84497592006870
S            1.42626480533044        1.40920153808894       -1.32736251890713
S           -1.09095325677743       -0.92395609587910       -1.17959924581528
S            2.08281300139261        1.94067588218033        2.44651056470591
C            3.87244473834160        2.01035382141015        2.13404549127454
H            4.29546777696150        2.75750352177543        2.81131723545687
H            4.11648874616579        2.30332788599427        1.10999777797199
H            4.34981644685537        1.04991639294787        2.34615234339555
S            2.06261841713909       -2.01484857343484       -2.67456141321174
C            3.82079545200527       -2.15793960091354       -2.20828912798067
H            4.36327099425682       -1.22475914915500       -2.37599524415514
H            4.26838128776504       -2.92785276857899       -2.84114090189720
H            3.95276896289174       -2.45444577932493       -1.16504450290316
S           -1.96933485663944        2.52597878085720       -2.14130386958823
C           -3.72921643198814        2.06690463854648       -2.17446956564351
H           -3.88574089542344        1.02461612859663       -2.46649871473072
H           -4.22221642882149        2.70766229888904       -2.90979923714357
H           -4.20447234727731        2.23320004068524       -1.20376960285329
S           -0.88441783772658       -1.23609873907738        3.42534797031357
C           -4.33872899849647       -2.49558238351033        2.18859566024745
H           -4.20543224504193       -3.21073415845337        2.98506247391434
H           -4.66041348647760       -3.03345247217647        1.31187472551963
H           -5.05791135228500       -1.75979185630201        2.50362021553504
C           -2.89536667365889       -1.90126398861177        2.02336850048807
O           -2.65195548413613       -1.03384102831287        2.89518058905177
O           -2.15305554303206       -2.41850707818358        1.22171229073659
31
 energy: -68.835447376779 gnorm: 0.037422197296 xtb: 6.6.1 (unknown)
Fe           1.03833860849140        0.85267975978186        0.75965937293847
Fe           1.07842163988878       -0.67316297770278       -1.19822855745024
Fe          -0.71023894311184        1.20799125104586       -0.94301424400636
Fe          -0.95903386914705       -0.97891064598740        1.15742996197924
S           -1.01151716302144        1.24777144032270        1.15422291736656
S            1.23887043232428       -1.25862825246858        0.85453171290736
S            1.42243052397090        1.41281895452233       -1.32528989025478
S           -1.12207892301876       -0.91193322560176       -1.15269975373320
S            2.10380978800230        1.89974842513300        2.46517123013859
C            3.88629640790617        2.00427733570536        2.12352714836288
H            4.30816354797986        2.75525598885755        2.79759671492789
H            4.10896249857097        2.30706953474636        1.09734880493326
H            4.38644922096035        1.05172699411861        2.32318154725459
S            2.04608979411974       -2.00555728628127       -2.67301343005808
C            3.80791438289611       -2.15382050752201       -2.21516795261195
H            4.35203703035490       -1.22194390515099       -2.38700493250296
H            4.24958574220784       -2.92544221635874       -2.85053166896942
H            3.94605726237854       -2.45063978239209       -1.17209989563972
S           -1.97386642942185        2.54232043440203       -2.13683885444149
C           -3.72369755590499        2.04941764090004       -2.17471420334691
H           -3.85582953774308        1.00430560677329       -2.46776771652735
H           -4.22880388127184        2.68022623787161       -2.91028597089491
H           -4.20396744610435        2.20381931325012       -1.20472475906358
S           -0.86016141644874       -1.13521853926962        3.46440813859786
C           -4.34708431758022       -2.48760624598990        2.13756116267551
H           -4.30492692894256       -3.23645684711747        2.93808230509401
H           -4.62456226993923       -2.98989057690687        1.21816421763185
H           -5.06447441022460       -1.72973427684554        2.41329302985912
C           -2.86559134164378       -1.93563470585188        2.07053141472706
O           -2.64032894613685       -1.10869258738790        2.99478965611314
O           -2.07541597035731       -2.45347790858682        1.31068139400616
31
 energy: -68.838632737055 gnorm: 0.052854763868 xtb: 6.6.1 (unknown)
Fe           1.02446638640915        0.85391016673540        0.77691786408392
Fe           1.05464202793126       -0.67890393446475       -1.18162830506850
Fe          -0.72646710839604        1.20657318757200       -0.93659595324702
Fe          -0.96416250992589       -0.97679939277279        1.15326457712429
S           -1.02815615736997        1.26109137686700        1.16215792333450
S            1.22403782854957       -1.25506116062999        0.88403784413693
S            1.40573918134174        1.40435897267879       -1.31720110307138
S           -1.14115202107018       -0.91495366506369       -1.13369273196656
S            2.11420805750341        1.88696768811334        2.46386315852306
C            3.89131706210245        2.00363669022607        2.11464774133037
H            4.31141388232357        2.75444807628664        2.78990596332484
H            4.10640176425404        2.31161874135804        1.08941097421428
H            4.40131133348557        1.05542763542481        2.30733074672057
S            2.02774503216792       -2.00172929544760       -2.66272984594978
C            3.79324539412815       -2.14762903675008       -2.21776843949072
H            4.33370693998650       -1.21369788667553       -2.39391109232386
H            4.23232797485665       -2.91842736415376       -2.85621219774414
H            3.94050715248618       -2.44475807849350       -1.17515411322547
S           -1.97899249171866        2.54613416232682       -2.14155075262513
C           -3.72198992039586        2.03920320461320       -2.17738573117429
H           -3.84238536144287        0.99441775740481       -2.47003197885019
H           -4.23519423496469        2.66377976971754       -2.91185549542081
H           -4.20209771597771        2.18814552183185       -1.20704388297518
S           -0.86817066815752       -1.10353495218244        3.49145449430141
C           -4.31431586464194       -2.46819254815758        2.10305221050405
H           -4.40076573471951       -3.25344931910265        2.90395863912132
H           -4.57217335737335       -2.91108407166249        1.13729731616302
H           -5.00909262257654       -1.66207223131566        2.33459218737446
C           -2.81752235740656       -1.97572148564115        2.10616944363140
O           -2.60083229812611       -1.19072334520287        3.07669344466979
O           -2.03575206322902       -2.49029675343057        1.35680599458761
31
 energy: -68.841561121842 gnorm: 0.041656604097 xtb: 6.6.1 (unknown)
Fe           1.01370285493545        0.84859536665288        0.79567703204442
Fe           1.04459248438608       -0.68196333773091       -1.16716839160856
Fe          -0.72940196941947        1.22389413569328       -0.92165961746320
Fe          -0.96777145525341       -0.98780182083952        1.18522958084023
S           -1.03392714543635        1.27012733079177        1.17963192538350
S            1.20732850492970       -1.25838729702365        0.91131617379698
S            1.40297475769723        1.39487652051755       -1.31602148258016
S           -1.14821896864585       -0.90616445864650       -1.09171641478733
S            2.12800108054096        1.85810417113135        2.47959980262469
C            3.90125244900391        1.99353082244059        2.10532769246392
H            4.32175833692001        2.74443502942250        2.78009400181789
H            4.10067398870428        2.30963048025941        1.07786028375442
H            4.42614924896164        1.04989796661984        2.28768144113078
S            2.01296531453072       -1.98693453870555       -2.66786333633248
C            3.77651611236416       -2.14167943886934       -2.22597830941600
H            4.32151204481616       -1.20934540791501       -2.40157933663283
H            4.21392196271714       -2.91421988638657       -2.86377639740462
H            3.92352243829637       -2.44007574965316       -1.18369991095031
S           -1.98335371692784        2.55348424212148       -2.13128935680502
C           -3.71989222045128        2.02551190656110       -2.17766060133694
H           -3.82460110302432        0.98029554693127       -2.47474160724286
H           -4.24008780577003        2.64483564622257       -2.91130458262215
H           -4.20678943204180        2.16569666299406       -1.20890945608958
S           -0.86757920940439       -0.95442559376439        3.50828918912393
C           -4.28840914541082       -2.46005187420052        2.05337061201722
H           -4.39867437730945       -3.23611498099614        2.85555568732210
H           -4.53915551089229       -2.89216987151578        1.07883234331208
H           -4.98211823523131       -1.64187116617055        2.27217593308943
C           -2.82010221685623       -1.99099686483407        2.10907326985418
O           -2.63951659373210       -1.25336485068083        3.12882491666932
O           -2.00342494296314       -2.54467026041783        1.40362781604005
31
 energy: -68.844121175629 gnorm: 0.035994905209 xtb: 6.6.1 (unknown)
Fe           1.00088795005480        0.84463007559303        0.81342109230713
Fe           1.03388194535815       -0.69389995162173       -1.14308239511168
Fe          -0.74284175719981        1.21126550794025       -0.90481036393038
Fe          -0.95086585445044       -0.99054468643248        1.19468510978678
S           -1.04610304085958        1.27168782919719        1.19235412926076
S            1.23078435538917       -1.25549646300703        0.93512644944563
S            1.38456335785901        1.38280539907938       -1.30754742083268
S           -1.15231588596328       -0.92636345229145       -1.07163964401826
S            2.12495062372883        1.87191075818165        2.47675581169327
C            3.89943145418868        1.99544190153584        2.09815818904192
H            4.32391907503541        2.74255206193109        2.77451376856556
H            4.09998008888113        2.31244788209847        1.07054240961284
H            4.41899258404240        1.04891446094925        2.27840875964067
S            1.99649547112379       -1.98861563122777       -2.65371414120050
C            3.76206479697333       -2.13593186867345       -2.22686945010589
H            4.30222134986401       -1.20142272909924       -2.40494354741001
H            4.19872512771964       -2.90573011457961       -2.86838209463756
H            3.91762597432497       -2.43446237530593       -1.18644070146269
S           -1.98527619868739        2.54216276122569       -2.12832291219397
C           -3.72405500544553        2.02109975188918       -2.17791042590398
H           -3.83248284578618        0.97662946052423       -2.47683697861253
H           -4.24220115441443        2.64315018146030       -2.91074375044508
H           -4.21138071241441        2.16207763135232       -1.20908213169839
S           -0.90564941849081       -0.99733614762880        3.53453123997565
C           -4.26198074237637       -2.42600521088520        2.01893601135512
H           -4.39711132776037       -3.18845319537326        2.80438935243029
H           -4.51333515607189       -2.85869392137859        1.04955322325273
H           -4.93869581066236       -1.59478824836148        2.23995419688327
C           -2.79673971490356       -2.00057920376722        2.10997769999701
O           -2.61897652126654       -1.28088536878373        3.13433784124496
O           -1.97266547775666       -2.58488866453157        1.41347957308320
31
 energy: -68.846811378836 gnorm: 0.020159887355 xtb: 6.6.1 (unknown)
Fe           0.98831880503422        0.85183044759691        0.83757893446458
Fe           1.01082267414895       -0.71105773086406       -1.09685637549357
Fe          -0.76418445660584        1.19654409898820       -0.87242139601721
Fe          -0.94917452297180       -0.97181304591880        1.20597471158693
S           -1.06231768269587        1.27566206495994        1.21964585642362
S            1.24086958088634       -1.24321762824717        0.97936052048133
S            1.35465736582167        1.36784260230284       -1.29080182469100
S           -1.16816072361498       -0.94462017524536       -1.05090031234989
S            2.12957165542474        1.89155437205238        2.47560583526836
C            3.90146348210098        1.99715745860003        2.08535302747533
H            4.33538780644919        2.73974694089622        2.76067071055459
H            4.09755478588416        2.31405077150193        1.05737087069165
H            4.41266291903770        1.04666904071506        2.25914863786449
S            1.96461198584071       -1.99536512289829       -2.62275615964370
C            3.73665688000962       -2.13023246873990       -2.22528148008956
H            4.26884906920974       -1.19327376502833       -2.41067616693000
H            4.16780721108100       -2.89628357209711       -2.87496832160828
H            3.91005779665487       -2.42827188055672       -1.18816328045855
S           -1.98783307089885        2.52558417296699       -2.12136114799284
C           -3.72741840223605        2.00709343032024       -2.18071643270133
H           -3.83483276976086        0.96291096431618       -2.48238525936626
H           -4.24181159570097        2.63130897071784       -2.91460761460048
H           -4.21796687891371        2.14596232580264       -1.21303252743249
S           -0.87593998411582       -1.00476562913696        3.54754462503681
C           -4.24071914158338       -2.38257540267877        1.95583336412583
H           -4.44387598543997       -3.15040278538487        2.70655609691451
H           -4.46976555575113       -2.78822186117175        0.97081349001617
H           -4.87938789235328       -1.52848732488801        2.17552523633291
C           -2.74295150411005       -2.04188049271000        2.14155270245896
O           -2.57249855085476       -1.36622613576391        3.19588131145945
O           -1.93860576994288       -2.61454421039800        1.43931126823302
31
 energy: -68.848884064142 gnorm: 0.018615736086 xtb: 6.6.1 (unknown)
Fe           0.98272437421567        0.86122440763320        0.87196555633888
Fe           0.99460996183677       -0.72389875672089       -1.04541034286437
Fe          -0.78918461076782        1.18731737473404       -0.83486433073519
Fe          -0.94538876148560       -0.97010393693008        1.20688789614664
S           -1.07411217977036        1.26832422899149        1.25700219856339
S            1.24987213566297       -1.22931272535446        1.03196249481632
S            1.32147152847858        1.35673063745477       -1.26443668605016
S           -1.18054973766185       -0.95236066858423       -1.03389819441887
S            2.13731520758215        1.92467788181854        2.47281870935018
C            3.90493766263888        1.99881236469585        2.07026333299716
H            4.35566374068300        2.73381656769617        2.74299029417713
H            4.09532958412153        2.31382997755149        1.04183903305663
H            4.40248794855599        1.04127741572823        2.23570800647358
S            1.92350938484139       -2.01028465520786       -2.58556497981120
C            3.70471238531580       -2.12551051282925       -2.22444759453814
H            4.22487431568493       -1.18395912888840       -2.41986134218388
H            4.12921246487482       -2.88648683745256       -2.88451189893055
H            3.90210574116292       -2.42328856349342       -1.19127019445955
S           -1.99430002726705        2.51136297082847       -2.10928454931730
C           -3.73330514542391        1.99178853553856       -2.18164568181141
H           -3.83889245595408        0.94894179777420       -2.48803440213367
H           -4.24132385350404        2.61913250749371       -2.91706348111542
H           -4.22959224570043        2.12710704748915       -1.21649910575033
S           -0.85971472091870       -0.97835569475507        3.56777424634853
C           -4.21166036082596       -2.33750012464991        1.89248229448170
H           -4.51128575206530       -3.11628191470666        2.61204361302830
H           -4.39929849465170       -2.70800638680542        0.88044212530312
H           -4.81461675412405       -1.44979513493252        2.08569050076706
C           -2.69283078299375       -2.08297183754228        2.16031408374081
O           -2.53691854268094       -1.46059674379565        3.25030955470861
O           -1.87400447982619       -2.68295166276980        1.48509774383557
31
 energy: -68.851224955230 gnorm: 0.013463974407 xtb: 6.6.1 (unknown)
Fe           0.98283275817351        0.86946470062065        0.92099983094295
Fe           0.98970068403206       -0.74198090917314       -0.97334159305307
Fe          -0.82205161691339        1.16941640409684       -0.77981301576024
Fe          -0.94787363655505       -0.97789166163539        1.17870578445425
S           -1.07838341196165        1.25790387488987        1.31591111309763
S            1.25906145619657       -1.21816954963718        1.10479303844012
S            1.28057047082951        1.34096178340480       -1.22697969171602
S           -1.18397191460475       -0.96237309831371       -1.03316605077109
S            2.13741082561726        1.99188241250861        2.46764773243598
C            3.90445418460917        2.00440869968659        2.05573572926183
H            4.38448964526559        2.72601119642677        2.72375508696399
H            4.09385791865488        2.31341889784517        1.02606238407298
H            4.37293865832648        1.03072067948627        2.21495853723396
S            1.87670542867518       -2.03801127487444       -2.52967178689727
C            3.66974277505902       -2.12510849126363       -2.21649615702132
H            4.17147703935832       -1.17575475761208       -2.42441505641790
H            4.08684136417575       -2.87894929989107       -2.88948417222661
H            3.89777619142694       -2.42246493628482       -1.18871621046179
S           -2.00057432322819        2.48734478344374       -2.08590963129389
C           -3.74338531947963        1.97757625269061       -2.18400453456440
H           -3.85536060746977        0.93738246362668       -2.49875696817272
H           -4.23330316406422        2.61449106448096       -2.92360895822068
H           -4.25133416570296        2.11251789379951       -1.22489042111239
S           -0.84291886327645       -0.97823805195219        3.54741929600348
C           -4.16264960554867       -2.28907762907940        1.84319933590607
H           -4.51654399185712       -3.06583681480957        2.51897079548106
H           -4.31860458072099       -2.63045497166018        0.82045468326422
H           -4.72425750776522       -1.37519980811215        2.02963381902152
C           -2.65973381039143       -2.10365286605104        2.13672666721295
O           -2.50922126114634       -1.55092576469274        3.26769024743425
O           -1.85584408968088       -2.73673279195494        1.47538906647586
31
 energy: -68.853289389780 gnorm: 0.022565421335 xtb: 6.6.1 (unknown)
Fe           0.97690048713119        0.88502388618369        0.96537684510060
Fe           0.95876027161535       -0.76738082349394       -0.89250781875496
Fe          -0.87181113030883        1.13039291377390       -0.72143983787177
Fe          -0.93574723684547       -0.98411742446632        1.15029514863640
S           -1.08544380588052        1.26075459658244        1.37574101371727
S            1.28636960182847       -1.19619592164828        1.18333029580634
S            1.23063554623102        1.31493377481794       -1.19714125842961
S           -1.21520814193050       -0.99154080303611       -1.03224120585771
S            2.14071330796568        2.05951767000121        2.46002828951742
C            3.90833561066746        2.01567739848064        2.03682173469721
H            4.41824527408475        2.72140527082206        2.70086236458772
H            4.09699985036764        2.32027661696067        1.00503279854314
H            4.34671052743207        1.02515623186684        2.19221028984187
S            1.83333715355845       -2.05639990176095       -2.46056073919691
C            3.64007750257476       -2.12491342244865       -2.20749462517782
H            4.12105645947689       -1.16731993279741       -2.42891099629251
H            4.04455774173335       -2.87208758660446       -2.89613691227209
H            3.90272550156529       -2.42235651726132       -1.18688148812658
S           -2.00741696061062        2.46745602862351       -2.05079712327729
C           -3.75300417891134        1.96334716327234       -2.18228425076694
H           -3.86648930548486        0.92457433339099       -2.50544208269618
H           -4.22549884623466        2.60723809368711       -2.92803776438432
H           -4.27835063123202        2.09688588875396       -1.23172422387938
S           -0.82233641562586       -1.02477523199848        3.53908284542233
C           -4.12003783193843       -2.23210023568121        1.77540848498953
H           -4.55348408819311       -3.00901118889407        2.41486501051947
H           -4.24599587951883       -2.53585669704753        0.73804666917810
H           -4.63841534377416       -1.29024904429205        1.95591399346294
C           -2.61407377366656       -2.12590000287723        2.12161275897017
O           -2.46043891990850       -1.64338051698059        3.29943139757804
O           -1.80982481613480       -2.78637618591933        1.47633928642933
31
 energy: -68.854711682193 gnorm: 0.024442552045 xtb: 6.6.1 (unknown)
Fe           0.98136811133733        0.90917669040968        0.99454357964172
Fe           0.92284156238571       -0.78298039595699       -0.83674909983450
Fe          -0.92812566112468        1.07171603256270       -0.67196238885431
Fe          -0.91807245960466       -1.02091977989844        1.10871816902162
S           -1.08187658253372        1.24203477587162        1.42512773491495
S            1.31408504562756       -1.16746383200223        1.23096330272659
S            1.17947344363182        1.29395381677152       -1.17877776220656
S           -1.24980942819600       -1.03340584474501       -1.04667795889664
S            2.14437899854545        2.13244650019401        2.44298618646640
C            3.91433900501971        2.03030024410167        2.02463905764446
H            4.44819322038496        2.71891535529120        2.68662127862342
H            4.11299694188148        2.32671237308290        0.99216622979056
H            4.31382268954386        1.02217829096406        2.18615945984624
S            1.81222418496445       -2.06794241452073       -2.39368803079699
C            3.62749201972082       -2.12683359404196       -2.19373942425376
H            4.08851417779113       -1.16212307144604       -2.42482516683100
H            4.01679652558833       -2.86794040767203       -2.89759253842212
H            3.91922519824682       -2.42590292184652       -1.18200853444571
S           -2.01198400287916        2.45032742727966       -2.00676376946217
C           -3.76077379552127        1.95999849509377       -2.17372587436644
H           -3.87766893688690        0.92291447963893       -2.50389581017878
H           -4.21267442183116        2.61099783848949       -2.92710344598807
H           -4.30534664750675        2.09439713724417       -1.23400271175888
S           -0.80187883047954       -1.08563089425896        3.52279911586864
C           -4.09297044028550       -2.18840875941221        1.73164972058314
H           -4.56222056063804       -2.94875580948087        2.35514430982364
H           -4.20158524124692       -2.47248079272754        0.69009739590590
H           -4.58144565513518       -1.23554421550441        1.91687013123858
C           -2.58797616822100       -2.13722084009587        2.10021037667720
O           -2.42765651203917       -1.68085353991059        3.27337711940531
O           -1.79183825050681       -2.81898391346572        1.45823824813128
31
 energy: -68.855922524667 gnorm: 0.021861612037 xtb: 6.6.1 (unknown)
Fe           0.98819221441308        0.93484105235113        1.00275943259332
Fe           0.89475564225690       -0.77757250271162       -0.82503109124984
Fe          -0.96681476785424        1.01935579037260       -0.64393769627330
Fe          -0.89635973066798       -1.04263737917260        1.11992650408975
S           -1.07650382156527        1.23357774553543        1.44692959770325
S            1.32847893141687       -1.14031954564358        1.23535553694843
S            1.14195969410371        1.29079914631190       -1.17225476879842
S           -1.27319242502454       -1.07861502555838       -1.02101904149261
S            2.15509146738376        2.17915517097472        2.42389299980273
C            3.92465604839658        2.04100264269485        2.01247770364306
H            4.47017705809729        2.71789532709011        2.67337590955761
H            4.13335370828284        2.32946313881671        0.97999768429468
H            4.29663088069152        1.02408262087274        2.18240651728867
S            1.80730109024375       -2.07653204536729       -2.35029031346434
C            3.62172100594830       -2.12958379946960       -2.17813342099766
H            4.07133441681903       -1.16229561408873       -2.41511810231871
H            3.99785859997249       -2.86735058846510       -2.89131380722936
H            3.93173779988727       -2.43008631223031       -1.17444789008928
S           -2.01949466446639        2.43449450675040       -1.96537195071515
C           -3.76709517024499        1.95575059755280       -2.16327357479468
H           -3.88087915603032        0.92021614939998       -2.49759758831326
H           -4.20231617363482        2.60926547668568       -2.92419903549923
H           -4.32894292904918        2.09006036356782       -1.23437962247521
S           -0.77655116563168       -1.13375958794401        3.50775333996361
C           -4.08076303783444       -2.16168013538292        1.68729531781078
H           -4.56490770993503       -2.91523491264876        2.29619187170187
H           -4.18154592535501       -2.42037922720586        0.63757765798939
H           -4.54821909886915       -1.20645370466296        1.89378905822224
C           -2.58449235823923       -2.14167830511069        2.08984999931223
O           -2.42551216526848       -1.72456714332009        3.29259167721709
O           -1.78781072821008       -2.80853546998524        1.44299599558592
31
 energy: -68.856738356091 gnorm: 0.014052528283 xtb: 6.6.1 (unknown)
Fe           0.98649350268780        0.95283758803806        0.99211000699511
Fe           0.87955800627591       -0.77284514906716       -0.81958843507696
Fe          -0.97679972338170        0.99911169118138       -0.63774732088788
Fe          -0.87739201052502       -1.07904158247461        1.12469185918203
S           -1.08683969734187        1.19808023792502        1.44716347925892
S            1.33676469973180       -1.12236983833862        1.24391872648761
S            1.12492546100985        1.29230908762622       -1.17713342087795
S           -1.27718168641717       -1.09342391556871       -1.01426960085866
S            2.16038666445796        2.21404454127206        2.39616637947366
C            3.92919466078092        2.04597095367857        2.00597050925691
H            4.47744770895970        2.71596980082671        2.66922786956256
H            4.15411560645694        2.32643161638969        0.97566843692661
H            4.28396086134206        1.02642712692702        2.18327009625597
S            1.80904786675284       -2.08609040393979       -2.33101889476565
C            3.61828298419328       -2.12972610841009       -2.16206112498543
H            4.06561810845875       -1.16278399845534       -2.40023854514983
H            3.98939349947111       -2.86394357395029       -2.87954039351015
H            3.93959748512108       -2.43282334130936       -1.16387626530110
S           -2.03524554809719        2.42052587072376       -1.94079533993889
C           -3.78036653033287        1.95958046479192       -2.15197676313715
H           -3.89424278524618        0.92620118053421       -2.48692269854666
H           -4.20201584822558        2.61591789720776       -2.91696785689812
H           -4.34869305060182        2.09622185488170       -1.22955132977357
S           -0.75796009299220       -1.16666204542309        3.50632434469647
C           -4.06805981170704       -2.14230342208835        1.66600157301908
H           -4.59014319638784       -2.89748251028344        2.26646465291147
H           -4.16779827049659       -2.37863436114313        0.60697911524297
H           -4.51087272387084       -1.16851435288442        1.87197982232535
C           -2.57568771179564       -2.16058126909427        2.09300314362384
O           -2.42389528544503       -1.74764325340761        3.28901102062034
O           -1.77974561280313       -2.82208235615679        1.44253585388246
31
 energy: -68.857549122652 gnorm: 0.014370635145 xtb: 6.6.1 (unknown)
Fe           0.98445049678070        0.97051160272855        0.97445619686775
Fe           0.87299221932144       -0.77196822193937       -0.81220111196260
Fe          -0.97674879882532        0.99017455653117       -0.63255592755335
Fe          -0.85190265083006       -1.11809282117355        1.13049318935692
S           -1.09478843017505        1.15872102320584        1.45193056426454
S            1.35058564225024       -1.10449279454211        1.25690349415210
S            1.11596293227854        1.29289875265258       -1.18588963118212
S           -1.27031982066522       -1.10007678470972       -1.01684199561712
S            2.16157702690811        2.26356167478299        2.35500488320623
C            3.93157152724382        2.04972950650592        1.99717054857357
H            4.48497772750474        2.71186834662432        2.66413264388701
H            4.18036727526428        2.31862193002768        0.96881337683847
H            4.26468733468095        1.02577247395102        2.18378148654451
S            1.81654957596587       -2.10010944322676       -2.31453711990790
C            3.61968789439440       -2.13297014185627       -2.14221625421587
H            4.06778119132179       -1.16625704794319       -2.37743803243288
H            3.99103653522767       -2.86292598936833       -2.86201096440044
H            3.94864627563697       -2.43880566880487       -1.14834453348080
S           -2.06035099364181        2.41260366044955       -1.90535680505167
C           -3.80309365989662        1.96339475688415       -2.13770357429839
H           -3.91691011122345        0.93176089376580       -2.47611356401474
H           -4.20834150459486        2.62422326782613       -2.90693573127052
H           -4.38401628361332        2.10180638275430       -1.22372805988598
S           -0.74361744119748       -1.24486224888674        3.50784706572693
C           -4.05734481668811       -2.11508415672932        1.64665189672429
H           -4.58564921200610       -2.86212068001782        2.23558543906144
H           -4.15913218026929       -2.34648031090240        0.59092054211722
H           -4.48822118142462       -1.13860748592065        1.86252495792591
C           -2.58130679396999       -2.16321243942404        2.07921009796809
O           -2.42696037058620       -1.76069283399142        3.27698108991830
O           -1.78032187514016       -2.82621132924462        1.42826473215412
31
 energy: -68.858292306720 gnorm: 0.015692205219 xtb: 6.6.1 (unknown)
Fe           0.97470701152971        0.98356917062009        0.97900418170269
Fe           0.87029165815769       -0.78171146775251       -0.78276523201291
Fe          -0.98418826074280        0.98609600399644       -0.60930396294342
Fe          -0.82480972686489       -1.15802844143161        1.13020593839507
S           -1.10644817783236        1.11834404100046        1.48375991388917
S            1.36977950729942       -1.08653624486660        1.29004651216229
S            1.09574197583922        1.28739962499547       -1.17666473859834
S           -1.25811317125620       -1.10913795405992       -1.01680710574431
S            2.15811843586673        2.33687700433600        2.29956457585765
C            3.92974377979854        2.05333168550204        1.97881703927838
H            4.49556554158863        2.70416906497025        2.65096590882446
H            4.20751619630751        2.30754206406829        0.95259550023087
H            4.23105074296665        1.01964064970909        2.17389239653038
S            1.80716287265655       -2.12860186462770       -2.28063699229452
C            3.61241594015065       -2.13759648089799       -2.12125172309786
H            4.05391197729744       -1.16525621046533       -2.35367306224377
H            3.99000451627291       -2.85890818479798       -2.84738268257177
H            3.95514169318444       -2.44584031319171       -1.13028128386706
S           -2.09600989089295        2.40929360641599       -1.86013629879970
C           -3.83621774823630        1.95959755707305       -2.12346396246299
H           -3.94962907129230        0.92959483148229       -2.46909841793664
H           -4.22475992064587        2.62645174591102       -2.89622682367847
H           -4.43493594081427        2.09725552251887       -1.21911075210456
S           -0.71556657255775       -1.33608702971082        3.51812021560549
C           -4.02746646273681       -2.05775051574850        1.60282661484852
H           -4.61040525893122       -2.80172476073450        2.15857931917899
H           -4.11154626432561       -2.26772033742948        0.53686884922985
H           -4.42840114501996       -1.06455150823306        1.81966893895517
C           -2.56486320038073       -2.18082221973273        2.06915254001705
O           -2.40876086474785       -1.81789113265452        3.28853789636207
O           -1.76718264160693       -2.85831947625583        1.42299559730088
31
 energy: -68.858999232127 gnorm: 0.013926889230 xtb: 6.6.1 (unknown)
Fe           0.95943065387267        0.97422060397101        0.97214968041188
Fe           0.89594208021846       -0.77713005875002       -0.80134051115748
Fe          -0.96644748904196        1.00418685790777       -0.61955674549798
Fe          -0.79731802793564       -1.18622334204914        1.15130028441105
S           -1.11294603908930        1.09422437012742        1.48472365491885
S            1.38452687628399       -1.08986752559955        1.26770028808683
S            1.10994961873160        1.29851743155645       -1.17176669642001
S           -1.23059874706731       -1.10795306171987       -1.00570068389154
S            2.14741011451434        2.36316346068084        2.24790731069081
C            3.92158469723483        2.05033340103292        1.96848258027120
H            4.48167165493949        2.69768679390091        2.64947609479214
H            4.22763619092996        2.29320235017001        0.94456194097316
H            4.20492170116714        1.01444152522070        2.17722123114729
S            1.81970144292217       -2.15015633575671       -2.28078503681306
C            3.62546166213406       -2.14541949518777       -2.10794952664731
H            4.06302567729487       -1.16600286329534       -2.32636173746197
H            4.02246168547713       -2.85976945574845       -2.83269725629837
H            3.95603828146684       -2.45530881870069       -1.11316653635405
S           -2.13157980182452        2.42270924288824       -1.83494055882612
C           -3.86798935757259        1.95986026668209       -2.11049534570979
H           -3.98033371524396        0.92937405625817       -2.45829070065577
H           -4.25486819726467        2.62758772377237       -2.88220155520080
H           -4.47297191119051        2.09661134684414       -1.20991196522107
S           -0.69631688529445       -1.41885318494179        3.53609539870234
C           -4.01812082361093       -2.02487279407940        1.59516290638507
H           -4.61848846005685       -2.76334644176031        2.13521584481603
H           -4.09315938908141       -2.23112071783076        0.52482602101127
H           -4.41202537537728       -1.03401897903703        1.81591605278963
C           -2.57009906612388       -2.17807866698999        2.06384805728036
O           -2.41049146718310       -1.81886068535575        3.27972308555389
O           -1.78416005419852       -2.85645857420217        1.40965332392569
31
 energy: -68.859641612534 gnorm: 0.010436568395 xtb: 6.6.1 (unknown)
Fe           0.94715511952481        0.96714978793137        0.98128513274294
Fe           0.89376737350602       -0.78546041650403       -0.79375224518652
Fe          -0.97330511372704        1.00222497993555       -0.61633094827425
Fe          -0.76307585804201       -1.21049119665006        1.16089164120668
S           -1.11823861503950        1.07338264344033        1.49185209202903
S            1.41760813788008       -1.09155349278149        1.26833010703367
S            1.10487151347813        1.29362120574535       -1.17202561857591
S           -1.23832995354016       -1.11402446969955       -0.99054930748396
S            2.14027842323811        2.37681384331623        2.22038333341679
C            3.91406240251186        2.04799492882867        1.95947643650166
H            4.46988571686404        2.69181184849009        2.64562291016306
H            4.23512761325026        2.28275980545060        0.93738982875537
H            4.17963961971925        1.00900252494141        2.17897715723837
S            1.82545255797101       -2.15484486074288       -2.26975552312831
C            3.63436694297765       -2.14737679840141       -2.09550447849892
H            4.06429287783393       -1.16197605249917       -2.30327481075878
H            4.04088596443269       -2.85525184323870       -2.82395405608397
H            3.95507041252472       -2.46255739256372       -1.09895924831797
S           -2.16059256004249        2.41569534837307       -1.81978574370554
C           -3.89461433695914        1.95418035218671       -2.09628056550448
H           -4.00763281471949        0.92360328646964       -2.44193759721324
H           -4.28320286106727        2.62048461652511       -2.86893220004236
H           -4.49771360094083        2.09052471256486       -1.19655632621643
S           -0.66839742029741       -1.48349000499188        3.54330164894794
C           -4.00123404906366       -1.97995750923509        1.56744416197743
H           -4.62499355909334       -2.70534279417629        2.09208515821161
H           -4.07245879697968       -2.17584101785039        0.49962151210923
H           -4.37170782355375       -0.98145902957623        1.79447483008608
C           -2.55937690707887       -2.17703283889567        2.05171855137299
O           -2.39703266166500       -1.83256818306390        3.26922530861540
O           -1.78871021387287       -2.86734355332047        1.39431775859412
31
 energy: -68.860097361216 gnorm: 0.005415050043 xtb: 6.6.1 (unknown)
Fe           0.95210370679029        0.96564831511990        0.97982022719562
Fe           0.89610159400976       -0.78231630029345       -0.80109374698307
Fe          -0.97862585465505        0.99714248062225       -0.61642099848407
Fe          -0.75093247510923       -1.21885289789724        1.16471740525202
S           -1.11530874528906        1.06277064282819        1.48893683479964
S            1.42865249687624       -1.09517877116754        1.25717796437468
S            1.10004173510070        1.29417404303003       -1.17758866341037
S           -1.23737735703815       -1.11339057450648       -0.97950222202428
S            2.13747804351931        2.36572312105054        2.23805310514936
C            3.90827031947963        2.04578868261998        1.96053930199730
H            4.46655752912775        2.69177234462059        2.64229786813548
H            4.21814151290228        2.28262935728008        0.93814441722724
H            4.17923402639856        1.00854475662075        2.17597142436818
S            1.82983852170325       -2.14601170372667       -2.28115737034118
C            3.63782257745211       -2.14288291512774       -2.09244214793175
H            4.07001666551017       -1.16002665386182       -2.29964713365509
H            4.04222968217052       -2.85072059906007       -2.82029805237490
H            3.95397806260706       -2.46150210709106       -1.09547555147177
S           -2.15934557491459        2.40567477014452       -1.82754814845102
C           -3.89625817868441        1.94505762950438       -2.09131912791758
H           -4.00842245151498        0.91440300193164       -2.43612287396225
H           -4.29188000899572        2.60838262792269       -2.86379802602712
H           -4.49455526450279        2.08066506385117       -1.18677674353648
S           -0.66160517684145       -1.51046763848002        3.54475800055288
C           -4.00270244165203       -1.96644127924798        1.56391120973174
H           -4.63340108422351       -2.68502851545957        2.09127256154069
H           -4.06874730542002       -2.15902899114025        0.49468391918160
H           -4.36080975907049       -0.96349765803217        1.78883517571340
C           -2.56042826921339       -2.16333041604021        2.04719243303199
O           -2.39807008270614       -1.81591027687406        3.26486175457936
O           -1.80014891378646       -2.87111110913341        1.39681610375094
31
 energy: -68.860724777195 gnorm: 0.007161518019 xtb: 6.6.1 (unknown)
Fe           0.95431394877622        0.95348809299185        0.98345967444351
Fe           0.89846931084440       -0.78022668098925       -0.81210248179544
Fe          -0.98814596406187        0.97270835763681       -0.60564166333444
Fe          -0.73100499770726       -1.23287430667509        1.15907939195028
S           -1.11307395244649        1.04343219920650        1.49841554530843
S            1.44623188281503       -1.10928503017274        1.24123741138244
S            1.09192267742577        1.29566998529849       -1.17761998950913
S           -1.23410631302519       -1.12703601916112       -0.97761720956629
S            2.12682833900069        2.33506903635948        2.27279603540318
C            3.89383491309113        2.04087069934054        1.96196539123827
H            4.45712869397402        2.69253755469826        2.63405338110970
H            4.17893604543433        2.28297744555159        0.93690279863653
H            4.18039922443767        1.00756432903582        2.16974395564109
S            1.84212815738558       -2.11972276832339       -2.30792112294512
C            3.64802402060034       -2.13213031299827       -2.08790546496966
H            4.08771013710936       -1.15358871691532       -2.28817341386505
H            4.05269040041450       -2.84111454209946       -2.81218263899404
H            3.94737345047534       -2.45696915615108       -1.08766224694459
S           -2.15893410876770        2.36993971012781       -1.83736011300972
C           -3.90267074274697        1.91682095983037       -2.07598031434935
H           -4.01725131815927        0.88625497690966       -2.41896602474695
H           -4.31124860375734        2.57760877053201       -2.84517882248208
H           -4.48835383857442        2.05279119840144       -1.16138993474831
S           -0.63626207857403       -1.56249537461599        3.53420924889141
C           -4.00180142998433       -1.91996814276912        1.55232167584168
H           -4.64821041992463       -2.62324371688233        2.08257872197891
H           -4.06202935375289       -2.10789307586857        0.48150308712678
H           -4.33491233182710       -0.90754077698411        1.77377139208741
C           -2.56093455289708       -2.13608978681234        2.03555021084583
O           -2.39073268702926       -1.77323411899335        3.24918713185234
O           -1.82447097851791       -2.88164235950478        1.39772528753241
31
 energy: -68.861242902144 gnorm: 0.011258071311 xtb: 6.6.1 (unknown)
Fe           0.95726167972238        0.94021813934341        0.99087070683215
Fe           0.89897914601343       -0.78262177127696       -0.82355455140458
Fe          -0.99523896795960        0.95306935738973       -0.60329996926500
Fe          -0.71080171440478       -1.26219829908592        1.15081622384422
S           -1.11145940901138        1.01035048955041        1.50112775521626
S            1.46315104885036       -1.12349596725576        1.22442967778467
S            1.08896848209690        1.29476060313060       -1.16614445306989
S           -1.23059315466761       -1.14177550011838       -0.97926440705062
S            2.11462389568124        2.30261569821870        2.30872785194999
C            3.87910076467796        2.03630756028176        1.96252779278497
H            4.44674091684134        2.69513134263431        2.62412307294597
H            4.13831849354297        2.28430385502769        0.93243413441687
H            4.18496074667032        1.00698845272454        2.16329425395296
S            1.85850852904459       -2.08955013821942       -2.33770302667303
C            3.66139165161907       -2.12062301187911       -2.08386742040603
H            4.11187898290567       -1.14539554181348       -2.27301831796931
H            4.07127815584493       -2.83119033429805       -2.80293743490157
H            3.93845473796837       -2.45121936834176       -1.07880432265233
S           -2.16620982205398        2.33805786382769       -1.84460541691791
C           -3.91335157108733        1.88106324155538       -2.05515681992188
H           -4.03058855844578        0.85008576926250       -2.39589135669647
H           -4.33463810474473        2.54055119356693       -2.81894324839215
H           -4.48527489230874        2.01740200729979       -1.13153270569181
S           -0.61331154900509       -1.60610042172925        3.51993913617109
C           -3.99745592090887       -1.85760811733749        1.53740378383282
H           -4.66497244949859       -2.54342104745363        2.06456152216799
H           -4.05653234042427       -2.04087666670425        0.46573214046672
H           -4.30199531540448       -0.83508136339382        1.75823025699780
C           -2.56353052880602       -2.11760916066080        2.02622931828219
O           -2.38050359942626       -1.73677096041119        3.23260804442543
O           -1.85531180329106       -2.90268947383206        1.40046667894964
31
 energy: -68.861855474913 gnorm: 0.010662401792 xtb: 6.6.1 (unknown)
Fe           0.95472518460965        0.91668372797864        0.99888561825174
Fe           0.90038258132000       -0.78990164117477       -0.83272088783289
Fe          -0.99977739899540        0.91906945303011       -0.59784409694227
Fe          -0.69576620050738       -1.28355354585373        1.13570371645294
S           -1.11476782520345        0.98426471696677        1.50659555362906
S            1.47479457782065       -1.14798091011826        1.21223521900793
S            1.08531751376104        1.29444280063342       -1.14819261657963
S           -1.22183371037871       -1.17458012735877       -0.99192533804789
S            2.09991958647233        2.26171884758681        2.34113495316263
C            3.86403217651342        2.03156708550303        1.96174267619439
H            4.43275109877783        2.70031757535236        2.61262689240865
H            4.09717471113108        2.28572548659187        0.92573127648107
H            4.19370503339308        1.00718923369501        2.15556237346052
S            1.88069983609662       -2.05420529945166       -2.37144060561818
C            3.67854699813454       -2.10778832303719       -2.07929533585259
H            4.14361737282474       -1.13569869566838       -2.25377819414182
H            4.09761386384493       -2.82027847745030       -2.79176210051681
H            3.92846592744760       -2.44431993111476       -1.06869440770093
S           -2.17943303552948        2.29764503495670       -1.83935399390379
C           -3.92832500963388        1.83684513167661       -2.02602484859539
H           -4.04910228470133        0.80546657798755       -2.36471966426348
H           -4.36063261006189        2.49646019405974       -2.78305607414169
H           -4.48666283036442        1.97264388070048       -1.09492663039586
S           -0.59397439179377       -1.63928748955281        3.49779965735127
C           -3.98801999734123       -1.77832576893462        1.51795179846115
H           -4.68192891696087       -2.44620543385074        2.03392420332323
H           -4.05031650285540       -1.95108014392640        0.44482427833219
H           -4.25870825466055       -0.74685062052990        1.74617604667349
C           -2.56571947970812       -2.09949188804275        2.01378546291345
O           -2.36540370497720       -1.71073690646107        3.21304302885078
O           -1.88952677844310       -2.91707611419288        1.39481093958735
31
 energy: -68.862409947105 gnorm: 0.007481040252 xtb: 6.6.1 (unknown)
Fe           0.95636767772092        0.89818342838929        1.00104155002117
Fe           0.90252240567854       -0.80124943157800       -0.83983279551446
Fe          -0.99886487385970        0.89867389828374       -0.59957677674818
Fe          -0.68978104371401       -1.31088945049235        1.11916726521732
S           -1.11592846806655        0.95241183837675        1.50489076727121
S            1.47776315411895       -1.16727521410477        1.20517990368328
S            1.08490774882152        1.28868723600673       -1.13376043774118
S           -1.21126787037365       -1.19664190703302       -1.00999250665588
S            2.09027582443695        2.23186503843079        2.35779263497151
C            3.85442724326184        2.02891017824469        1.95937423393727
H            4.41945080501654        2.70671502393032        2.60366928015783
H            4.07197509592168        2.28608744217401        0.91942921541476
H            4.20269260276363        1.00916749300565        2.14927155473796
S            1.90712619746529       -2.02402332869098       -2.39783583953004
C            3.69775676546490       -2.09800432228354       -2.07370467474886
H            4.17686510715458       -1.12823667940606       -2.23359306128542
H            4.12744309312631       -2.81236252128559       -2.77978001475575
H            3.92301564526159       -2.43852222982910       -1.05900707184705
S           -2.20093173780948        2.27056418460451       -1.82892048080188
C           -3.94708399534367        1.79403327560145       -1.99361490898209
H           -4.06759778353983        0.76152749418721       -2.33012636416178
H           -4.39050299002566        2.45257847699387       -2.74404677134846
H           -4.49410059379763        1.92670500632503       -1.05716377889470
S           -0.59072091294871       -1.66007393958626        3.47963522750555
C           -3.97645027509541       -1.70078253493565        1.49891855272981
H           -4.69981350992984       -2.35105930626928        1.99627013490930
H           -4.04258039428634       -1.85758469812324        0.42354387039456
H           -4.21109485444686       -0.66310300673693        1.74157026055747
C           -2.57260721915915       -2.09323345185366        2.00440966839894
O           -2.35521073043547       -1.70920810958533        3.19918661419536
O           -1.92620458334983       -2.93118145276027        1.38640364892182
31
 energy: -68.862856592116 gnorm: 0.008553630019 xtb: 6.6.1 (unknown)
Fe           0.95621253233784        0.87649863114750        0.99947404054992
Fe           0.90717072079763       -0.81032587263764       -0.84953711596930
Fe          -0.99859334253413        0.87338860939108       -0.60258076049169
Fe          -0.68520002377713       -1.32924643261262        1.10377561312296
S           -1.11952207283931        0.92880922680335        1.50032634154235
S            1.48064310814982       -1.19004308622537        1.19606583110764
S            1.08107026984969        1.28644122681816       -1.12711486231119
S           -1.19998493994412       -1.22354828033526       -1.02759896698567
S            2.08253696974763        2.20726019338936        2.36189403038282
C            3.84762329354562        2.02780450404086        1.95625885135226
H            4.40576409741232        2.71395384148720        2.59726266849313
H            4.05811546576867        2.28590881957436        0.91487235052035
H            4.21017477481457        1.01288900722635        2.14549321350519
S            1.93653533658396       -1.99854155621695       -2.42021381859181
C            3.71897114636687       -2.08911230980201       -2.06453470760165
H            4.20993406696765       -1.12225158011170       -2.21252350977202
H            4.15755267039154       -2.80441158361742       -2.76522511884684
H            3.92378278361147       -2.43377869685526       -1.04742745710427
S           -2.22391747642981        2.24590997651404       -1.81331824895269
C           -3.96675476137810        1.75201907564737       -1.95801278430255
H           -4.08351127282955        0.71843281352074       -2.29342243097221
H           -4.42455885967138        2.40766168966446       -2.70214992882422
H           -4.50350001675354        1.87857106190281       -1.01546826503932
S           -0.58697152561304       -1.70558172317122        3.46529632656215
C           -3.96720009704340       -1.62572673258591        1.48059714133086
H           -4.71805807398182       -2.25830557917719        1.96008964984275
H           -4.03268559922309       -1.76445098753700        0.40243039683053
H           -4.16593457161418       -0.58415784132949        1.73884184963850
C           -2.58288646850549       -2.07616928645391        1.99012121058372
O           -2.35103877392297       -1.70573882291486        3.18516572012172
O           -1.96392183025276       -2.93147987554295        1.36996164028940
31
 energy: -68.863436241750 gnorm: 0.008118307834 xtb: 6.6.1 (unknown)
Fe           0.96185096858634        0.85711343795461        0.98911375537747
Fe           0.91401306608237       -0.82086866812990       -0.86605297733470
Fe          -0.99800009999679        0.85331029069695       -0.60652823042058
Fe          -0.68305345340888       -1.35699081177863        1.08537801998640
S           -1.11686912850476        0.89274433059107        1.49610099163300
S            1.48123491871537       -1.21069418379040        1.18061399049787
S            1.07377182743605        1.28070594916580       -1.13314442975703
S           -1.18729000314553       -1.24290667821192       -1.04938706533949
S            2.07783072566283        2.19120534778070        2.35385768438562
C            3.84444439033264        2.02910877722341        1.95235903422821
H            4.39217481790841        2.72315449803117        2.59338670700245
H            4.05664768758873        2.28588917221425        0.91122051625156
H            4.21741382306725        1.01939119511465        2.14503524275187
S            1.97467715477262       -1.97889898819531       -2.43870664544490
C            3.74656690869997       -2.08158072127016       -2.04952501252531
H            4.24693835552661       -1.11777544466388       -2.18643839960004
H            4.19461700556259       -2.79728892491427       -2.74435397085353
H            3.93226978266749       -2.42968877425352       -1.03094721058150
S           -2.25449921243158        2.22604750243453       -1.79177756713612
C           -3.99140040764280        1.70497433322488       -1.91267968056342
H           -4.09802253652037        0.66999682386832       -2.24801116900787
H           -4.47045418660920        2.35476142395168       -2.64903557233672
H           -4.51683097760585        1.82080272178012       -0.96219422774847
S           -0.59264776799727       -1.76109105025401        3.44805357250235
C           -3.95910780085551       -1.54352579838959        1.46116995311498
H           -4.74019910466046       -2.15385721885682        1.91999990756267
H           -4.01979314120175       -1.65856131961035        0.37959969740609
H           -4.11662755744201       -0.50074866538824        1.73888593827697
C           -2.60098301614161       -2.05568648422357        1.97036014176506
O           -2.35448162795074       -1.71083786888862        3.17050597469326
O           -2.01234388046288       -2.92552577320898        1.34193993122768
31
 energy: -68.864103898626 gnorm: 0.006598756933 xtb: 6.6.1 (unknown)
Fe           0.96932177955793        0.83762816358080        0.97364502741405
Fe           0.92086144063996       -0.83272599942618       -0.88952278225293
Fe          -1.00091143121300        0.82699131960733       -0.61372249843537
Fe          -0.68497092295504       -1.38583656880126        1.06373311619738
S           -1.11026700855749        0.85503365250459        1.48788744179407
S            1.48003902068654       -1.23206802037818        1.15767776880992
S            1.06287244410294        1.27292649029006       -1.14810854273032
S           -1.17590601513417       -1.26465254819385       -1.07609789600698
S            2.07434622814500        2.17807418320540        2.33726338220160
C            3.84461933700870        2.03350637309524        1.94808082587364
H            4.37967496063800        2.73633398357032        2.59058177934050
H            4.06304850684327        2.28829275837433        0.90776518425913
H            4.22733721957334        1.02938111082281        2.14808864956977
S            2.01985669063268       -1.96238799796005       -2.45906683729993
C            3.78027350759101       -2.07477641093129       -2.02701309029797
H            4.28866418765518       -1.11420846405819       -2.15197036591213
H            4.23968876995674       -2.79047163339661       -2.71425380847670
H            3.94438595238853       -2.42677611249954       -1.00589975065143
S           -2.29123790208284        2.20528880850534       -1.76085174400030
C           -4.01995802504309        1.65039680132408       -1.85551996208781
H           -4.11030128417177        0.61447033915556       -2.19310933968779
H           -4.52600024494559        2.29192681478136       -2.58197620242942
H           -4.53286454274933        1.75148977016191       -0.89535911994073
S           -0.60135578265267       -1.83796854391177        3.42097350064211
C           -3.95198606040756       -1.45036734668037        1.44036517667735
H           -4.76588983624374       -2.03297252565152        1.87759874632129
H           -4.00571595179400       -1.53544347939674        0.35518295856725
H           -4.06143700834528       -0.40815777080893        1.74174288813720
C           -2.62373128178881       -2.02916765374346        1.94192945663980
O           -2.36303561999550       -1.72273614157468        3.15218268902675
O           -2.06757359730914       -2.90834492155729        1.29657224875647
31
 energy: -68.864679130158 gnorm: 0.007765975478 xtb: 6.6.1 (unknown)
Fe           0.97886213840750        0.82134512383252        0.95421634119355
Fe           0.92560573420205       -0.84317447568880       -0.91676828115883
Fe          -1.00623074840712        0.80306986490717       -0.61937743064911
Fe          -0.68709892598007       -1.41938463028124        1.03601385276846
S           -1.09928217006844        0.81482405001792        1.48254628483705
S            1.47902445103705       -1.25110236418254        1.13073693289620
S            1.05175682721583        1.26449061926793       -1.16814543868617
S           -1.16739537433019       -1.28026880861496       -1.10893372457624
S            2.07160878112373        2.16810465949026        2.31813891062172
C            3.84679118165839        2.03994195832404        1.94418098860070
H            4.36900675217865        2.75127687639171        2.58846137210611
H            4.07285301058902        2.29255957457121        0.90497458734898
H            4.23805323816507        1.04104578701605        2.15317442047221
S            2.06432738558522       -1.95193614447340       -2.47498492066989
C            3.81405601837346       -2.07003336732030       -2.00009869901039
H            4.32714108991132       -1.11130008343733       -2.11233133241165
H            4.28641714277773       -2.78596075763420       -2.67784932898685
H            3.95536402148859       -2.42430871751478       -0.97562796618659
S           -2.32869439102131        2.18334639737969       -1.72810677947119
C           -4.04849077776268        1.59415553992537       -1.79406357791162
H           -4.12156245283217        0.55794875470916       -2.13460646556277
H           -4.58193941353233        2.22666734682536       -2.50929394320911
H           -4.54742063715811        1.68068516362846       -0.82393867416268
S           -0.61528674494610       -1.91138404277367        3.38064658085451
C           -3.94516717092791       -1.35671499322181        1.42054564609735
H           -4.78858838420100       -1.90932510090512        1.83972766488336
H           -3.99525096419562       -1.41038222127784        0.33295906938449
H           -4.00577184823400       -0.31743784438712        1.74733399800200
C           -2.64541584162464       -2.00397426984587        1.90838407046822
O           -2.37478699676189       -1.74260581233006        3.13003585896307
O           -2.12063740069981       -2.88748965238200        1.24084888317913
31
 energy: -68.865084597991 gnorm: 0.008106425441 xtb: 6.6.1 (unknown)
Fe           0.98764245710315        0.81048308949034        0.93587902923164
Fe           0.92902062521124       -0.85089856166416       -0.94146739018830
Fe          -1.00886848179688        0.78376202209488       -0.62948152899037
Fe          -0.69321095739346       -1.44307573063833        1.00747251322662
S           -1.08812058034769        0.78869835011143        1.47165934546530
S            1.47383679636010       -1.26643145074997        1.10713194366569
S            1.04706554248295        1.25805424321769       -1.18518676364489
S           -1.16068799188963       -1.29123705024562       -1.14339237895424
S            2.07086730182785        2.16159289546397        2.29816640737885
C            3.85105196264129        2.04650013624220        1.94096313129745
H            4.36128456012204        2.76501945655557        2.58716310084859
H            4.08474105631320        2.29680725757886        0.90289162623748
H            4.24802418140692        1.05181436152926        2.15900290785049
S            2.10074397219111       -1.94748538359972       -2.48445667380005
C            3.84117496153127       -2.06804179350769       -1.97117283780151
H            4.35614398628078       -1.10962621324182       -2.07161566619675
H            4.32670505094559       -2.78434968297685       -2.63863234159752
H            3.96098409880905       -2.42276846534421       -0.94358894953238
S           -2.36241013524233        2.16155351368876       -1.70036875182679
C           -4.07370572912410        1.54289161093553       -1.73537811097897
H           -4.13327847603277        0.50699596138051       -2.07818925251659
H           -4.63225992144510        2.16743143622653       -2.43805950806070
H           -4.55614190633305        1.61792707988980       -0.75536762846318
S           -0.62903156781080       -1.98096021400504        3.33249319091358
C           -3.93806614667946       -1.27701150404581        1.40365796236615
H           -4.80115100047096       -1.80175105752915        1.81274986368582
H           -3.99014326609728       -1.30227052877721        0.31563384774930
H           -3.95744897273675       -0.24486546585658        1.75401125205991
C           -2.66261163762216       -1.98138023595139        1.87241200042454
O           -2.38776238858932       -1.76518954860879        3.10363192131025
O           -2.16253986358517       -2.85951009764007        1.18023663887041
31
 energy: -68.865149055882 gnorm: 0.015044413663 xtb: 6.6.1 (unknown)
Fe           0.99454582233817        0.79551764126384        0.92315560040322
Fe           0.93435468383724       -0.85587509740287       -0.96435213971761
Fe          -1.00814575155211        0.76441256184740       -0.64025058546611
Fe          -0.68473511020983       -1.48286517061530        0.97701973586585
S           -1.08188477427113        0.74856638822707        1.46105888991611
S            1.47918192294217       -1.28585415178554        1.08352716987709
S            1.04817130335106        1.25690682704929       -1.19115020422452
S           -1.14950422451562       -1.30472820933921       -1.17536355442931
S            2.06423882006021        2.13946329717934        2.29964772576848
C            3.84695910992621        2.04954600907538        1.93833111722900
H            4.34892448477500        2.77771886699457        2.58048183735514
H            4.07362160327328        2.30041982987736        0.89873559737841
H            4.25844045066631        1.06028672275040        2.15920959537670
S            2.13585069431379       -1.92726661098801       -2.50653429439659
C            3.86580112650844       -2.06113615614592       -1.94326749493596
H            4.38953839333713       -1.10438048698577       -2.02754730070362
H            4.36646632946985       -2.77875974105729       -2.59873612970678
H            3.95419683995404       -2.41875814884306       -0.91086213480200
S           -2.39475525433138        2.12734527131354       -1.68702719838852
C           -4.10023003964637        1.48268152768401       -1.67688128590281
H           -4.15321747848871        0.44637576484332       -2.01851955756092
H           -4.68677804301383        2.10026671073767       -2.36483852964258
H           -4.55845742799725        1.54948038628421       -0.68352063443031
S           -0.63088660482845       -2.05196762230508        3.28400435736836
C           -3.92822717054197       -1.18079505663740        1.38279473063710
H           -4.82094156379013       -1.67327759560318        1.78287471988782
H           -3.98696086811861       -1.17972426886680        0.29422240412445
H           -3.89395153737737       -0.14829169623390        1.75382704111190
C           -2.67622621765388       -1.95846973506078        1.83770313404798
O           -2.39128207568338       -1.77342132500585        3.07113007361244
O           -2.21225991270351       -2.85073830222357        1.12992621438195
31
 energy: -68.865415026001 gnorm: 0.005455162340 xtb: 6.6.1 (unknown)
Fe           0.99725811828335        0.79962154993716        0.91486002503938
Fe           0.93618868164524       -0.85225778207948       -0.97079554648056
Fe          -1.00156924744528        0.77087181612922       -0.64990280996108
Fe          -0.68715337771889       -1.48154944363173        0.96420867698880
S           -1.07750393757380        0.75384234371791        1.45210416031852
S            1.47677243526272       -1.28488669943482        1.07753135300418
S            1.05784664060655        1.26038946108260       -1.19761259516324
S           -1.14690462616821       -1.29610626006932       -1.19048617231708
S            2.06718841957627        2.14377641912534        2.29079132720079
C            3.85133387012169        2.05142336827025        1.93839061128227
H            4.35059254574559        2.77927914024878        2.58194858838065
H            4.08264421651850        2.30076235099573        0.89957951043887
H            4.25981839224473        1.06214168121218        2.16243942373857
S            2.13766503227815       -1.93927222412670       -2.49512666835052
C            3.86459403257022       -2.06534827165081       -1.92971209521999
H            4.38214900886365       -1.10615176538192       -2.01314485373159
H            4.36928447734761       -2.78300275349388       -2.58073744392596
H            3.94975723907905       -2.41909546966251       -0.89801954153575
S           -2.40148863058986        2.12207027156345       -1.68778823726019
C           -4.10343781836705        1.47378036187147       -1.65936613152994
H           -4.15809018563783        0.43773811598962       -1.99960727739830
H           -4.69677369438901        2.08883946461866       -2.34031066948867
H           -4.54994991207077        1.54200747263346       -0.66223653827022
S           -0.64486079044893       -2.05380519765875        3.25862351423081
C           -3.92679017494275       -1.17879245299281        1.38249484039936
H           -4.80920618046692       -1.66598925493339        1.79345283166320
H           -3.99432275254516       -1.17385701009042        0.29689516768813
H           -3.89112276495725       -0.15633190945793        1.75643520628076
C           -2.67759587040653       -1.95165870015762        1.81981476473609
O           -2.40098857429059       -1.78757652985161        3.05513291792568
O           -2.21348704209542       -2.82818366269059        1.09894256135405
31
 energy: -68.865501091241 gnorm: 0.005323889744 xtb: 6.6.1 (unknown)
Fe           0.99788695509997        0.79796270334547        0.91269874035236
Fe           0.93960997760175       -0.85331714418783       -0.97490301962986
Fe          -0.99720212137187        0.76716801560964       -0.65657905939715
Fe          -0.69263423096909       -1.47604826577365        0.95517007424841
S           -1.07757393637491        0.75712560792498        1.44428053761485
S            1.47121840408553       -1.28925275473353        1.07443635599414
S            1.06155727199420        1.26113353816207       -1.19731891494362
S           -1.13998275715814       -1.29946708178334       -1.20242510591163
S            2.06622889882862        2.13873338679454        2.29222422315709
C            3.84964393961644        2.05129098028026        1.93713051218128
H            4.34721703379986        2.78147699937954        2.57937222059801
H            4.07854055323672        2.30003072946500        0.89763995773748
H            4.26147401973379        1.06357873725000        2.16108455588563
S            2.14662264214690       -1.93564511214675       -2.49856304519296
C            3.86853156724570       -2.06486347066729       -1.92009016283330
H            4.38799200989497       -1.10635278355064       -2.00027800048691
H            4.37746996862899       -2.78338990473656       -2.56700971636892
H            3.94451913025713       -2.41796450107933       -0.88773685240895
S           -2.41035959352780        2.11231440155667       -1.68865175822791
C           -4.10916418801149        1.45812698353134       -1.64385013782127
H           -4.16413095922194        0.42066205641678       -1.98121972900194
H           -4.71120502675908        2.07019179987266       -2.32004973277558
H           -4.54560004066191        1.52635880984665       -0.64268099118272
S           -0.64136941892101       -2.07997359521428        3.24699319336288
C           -3.92362234980420       -1.15707039321149        1.37817651017794
H           -4.80919257899853       -1.63910171641078        1.78947065596463
H           -3.99830589712821       -1.14329939077057        0.29184376828675
H           -3.87331182307895       -0.13611739940839        1.75991675869413
C           -2.68032839768221       -1.94638419227570        1.80804713817153
O           -2.39734444401115       -1.79891004117804        3.04565571768330
O           -2.22533707846106       -2.81631857227428        1.07601420611069
31
 energy: -68.865591458992 gnorm: 0.003784152148 xtb: 6.6.1 (unknown)
Fe           0.99689665864531        0.79571306166682        0.91122309397259
Fe           0.94447927077197       -0.84921241382940       -0.98146969104504
Fe          -0.99100343505840        0.76984253934404       -0.66702431546147
Fe          -0.68888403296236       -1.48137714460023        0.94280095685652
S           -1.08104908971777        0.75081648904838        1.43437341420992
S            1.47358232289528       -1.29280975771160        1.06679373084469
S            1.06901469969457        1.26779964272394       -1.19555938089948
S           -1.13241123681822       -1.29647784443052       -1.21496946063417
S            2.06345046526843        2.12840030863113        2.30027622770858
C            3.84541302994177        2.04975522298852        1.93645893595983
H            4.34295923777415        2.78273846351023        2.57548620007599
H            4.06748309711567        2.29873826610370        0.89555849515102
H            4.26311992674549        1.06398093144931        2.15833916496660
S            2.15481960364166       -1.92781035522940       -2.50580361129989
C            3.87032722113797       -2.06379134270603       -1.90855378649364
H            4.39402056455677       -1.10669730977829       -1.98405070238116
H            4.38425873099679       -2.78380214252675       -2.54994810838232
H            3.93294570357713       -2.41686737095170       -0.87508103251229
S           -2.41756494919707        2.10270548777709       -1.69934512785224
C           -4.11294592639933        1.44201577861579       -1.62777034618583
H           -4.17029413413275        0.40239957929491       -1.95995619400140
H           -4.72742559432029        2.04934764524167       -2.29771943443837
H           -4.53430176419169        1.51205706264301       -0.62051362811555
S           -0.63808314618479       -2.10114231906918        3.23076539363671
C           -3.92087533478507       -1.13502421164807        1.37643548972529
H           -4.80851725094382       -1.60922356285311        1.79556219512034
H           -4.00482908884371       -1.12028863341890        0.29144735720228
H           -3.85608164605828       -0.11535448453660        1.75766661473709
C           -2.68242967653583       -1.93914118283864        1.79534172289460
O           -2.39378317681983       -1.80450497010424        3.03233318693214
O           -2.24044351976480       -2.81010700277128        1.05570153974836
31
 energy: -68.865700316029 gnorm: 0.004288571624 xtb: 6.6.1 (unknown)
Fe           0.99210608928383        0.79667249900712        0.91118610617694
Fe           0.95030538656470       -0.83576959742308       -0.99139437521417
Fe          -0.98205223181786        0.78096442615648       -0.68305795937515
Fe          -0.68712545288248       -1.48157561807839        0.92398696199234
S           -1.09011581206725        0.74835308780970        1.41965769172557
S            1.47379575977404       -1.29322729925192        1.05439189172643
S            1.08022810949301        1.28448426366361       -1.19155679167723
S           -1.12367102947609       -1.28496110443882       -1.23289256524661
S            2.05826105015136        2.11207496363219        2.31960568683985
C            3.83598972235444        2.04504551987958        1.93605076553205
H            4.33678216421432        2.78092049452061        2.56907249842939
H            4.04463397405356        2.29498888988984        0.89271204854279
H            4.26251051040005        1.06187150685555        2.15232260897367
S            2.16281673554755       -1.91559860498474       -2.51323428050054
C            3.86746817504443       -2.06386373952712       -1.89272250442341
H            4.39837159037214       -1.11008883036211       -1.96296225167675
H            4.38561957593852       -2.78775394923014       -2.52583169440963
H            3.91169701465291       -2.41584209123335       -0.85869204337606
S           -2.41919958419500        2.09255915659113       -1.73069869073437
C           -4.10965877611009        1.42935826133209       -1.61396548874378
H           -4.17440683941383        0.38601006621608       -1.93613133238189
H           -4.74168528830791        2.02884067183801       -2.27436732311663
H           -4.50656641056335        1.50671820063721       -0.59798163391381
S           -0.63070687916525       -2.11437540365953        3.20583146606341
C           -3.91779230825336       -1.12149036813673        1.38200356987867
H           -4.80295250940104       -1.58706686740217        1.82260902553159
H           -4.02277821292342       -1.11281419122351        0.29899780920612
H           -3.83140479832227       -0.09984868845581        1.75662526080181
C           -2.68129735529592       -1.93862187929449        1.78203333003943
O           -2.38327126017279       -1.81661613466389        3.01565455641759
O           -2.25405357944805       -2.80666921062715        1.03154655695342
31
 energy: -68.865765202114 gnorm: 0.003391237218 xtb: 6.6.1 (unknown)
Fe           0.98788649411641        0.79776178569396        0.90774422338520
Fe           0.95174095701187       -0.82695324075973       -1.00314616954898
Fe          -0.97940970729707        0.78740000886089       -0.69477202516456
Fe          -0.68754539455856       -1.48062745713091        0.90690536357231
S           -1.09604569031875        0.74758995098970        1.40818360904355
S            1.47314517447810       -1.29202898108314        1.04049535638688
S            1.08441247135265        1.29393735495245       -1.19274107515833
S           -1.12209133265443       -1.27604112020397       -1.24929941640427
S            2.05387133867242        2.10345684621803        2.32586165308974
C            3.82956096986748        2.04288500088505        1.93532614456191
H            4.33082253923027        2.78076849602463        2.56572640962223
H            4.03242718685526        2.29286475767438        0.89126421691978
H            4.26085359616444        1.06161626014977        2.14983026654080
S            2.17313116472050       -1.90435481256163       -2.52040897641130
C            3.86909985538221       -2.06510063446682       -1.87805367230506
H            4.40762698065773       -1.11489684274471       -1.94234026332892
H            4.39059233021884       -2.79315573559075       -2.50382686291382
H            3.89728547041830       -2.41641213155605       -0.84272612280319
S           -2.42049519088971        2.08793769705264       -1.75180231369474
C           -4.10646187098495        1.42148696261160       -1.60184427174848
H           -4.17338189123489        0.37640055825728       -1.91825920182030
H           -4.75279944905457        2.01529969614101       -2.25351725966662
H           -4.48602410523758        1.50221280236974       -0.57937679514672
S           -0.62204465805099       -2.13601615830870        3.18114757229994
C           -3.91738841410226       -1.11102744666248        1.38944492355829
H           -4.79425163400482       -1.57008193559729        1.84894846041934
H           -4.04107717654774       -1.10786202230951        0.30818921697248
H           -3.81925663461638       -0.09115278223988        1.75844376111365
C           -2.68153473255650       -1.93545714219738        1.77056153603256
O           -2.37547000805932       -1.82792799980307        3.00446679526793
O           -2.26533110894925       -2.79984330462648        1.00837381737153
31
 energy: -68.865840084206 gnorm: 0.002645047945 xtb: 6.6.1 (unknown)
Fe           0.98242725669832        0.80042276819453        0.90044924407302
Fe           0.95032718926358       -0.81642588198486       -1.01959435213922
Fe          -0.97944548304712        0.79372538786359       -0.70829147256909
Fe          -0.69199916528480       -1.47905953917428        0.88804960417193
S           -1.10238752747212        0.74755413693411        1.39469262722457
S            1.46930142639167       -1.28906790046644        1.02185697538843
S            1.08567226011205        1.30393572662834       -1.19821276694584
S           -1.12447560643189       -1.26584336548762       -1.26790142905938
S            2.04790864364080        2.09783086715882        2.32586407209046
C            3.82241881433465        2.04154923466758        1.93394532118294
H            4.32290397515836        2.78080224688495        2.56347487124337
H            4.02296552854085        2.29135266606018        0.88996229897389
H            4.25673809501411        1.06188800878595        2.14831980261618
S            2.18718126848730       -1.89125097581071       -2.52517981630740
C            3.87274313204990       -2.06790947092770       -1.86071395770964
H            4.42078194877851       -1.12301979589011       -1.91837734062322
H            4.39523746005360       -2.80186783821008       -2.47856330713245
H            3.88482003009317       -2.41797248833445       -0.82485203689485
S           -2.42180540514579        2.08982996984623       -1.77050739730762
C           -4.10108686677551        1.41948177755143       -1.59061050149106
H           -4.16734740467694        0.37319911593567       -1.90191755894589
H           -4.76112919592463        2.00758117980970       -2.23239173204354
H           -4.46432291364819        1.50282435926814       -0.56292479826276
S           -0.61331944661746       -2.15604577376804        3.15017147077829
C           -3.91731951247358       -1.10738098142624        1.40116826948089
H           -4.78840371319481       -1.55435631037367        1.88546565307370
H           -4.06593506648063       -1.11216731312233        0.32248218510149
H           -3.80095498325714       -0.08534563311085        1.76040710571652
C           -2.68079325160101       -1.93980969440372        1.76094859366052
O           -2.36703312367650       -1.84571337096045        2.99486417676275
O           -2.27182083288044       -2.79606268209540        0.98671509593830
31
 energy: -68.865899835392 gnorm: 0.003371959285 xtb: 6.6.1 (unknown)
Fe           0.97826614778359        0.80350618484235        0.88903845509800
Fe           0.94710941968198       -0.80968273752051       -1.03687393280683
Fe          -0.98281545668920        0.79625212846843       -0.71926907565040
Fe          -0.69737827650062       -1.47711279812744        0.87164712875804
S           -1.10634069813866        0.74688002634028        1.38369573855188
S            1.46425248636983       -1.28672637711729        1.00396621382148
S            1.08177597823693        1.31036210720214       -1.20872656537774
S           -1.12821982173903       -1.26060908287473       -1.28523296763698
S            2.04062361055821        2.09582234248608        2.32027014679008
C            3.81612357604277        2.04183141844813        1.93211923342255
H            4.31408577046321        2.78175734752807        2.56302558716934
H            4.01900170474915        2.29198773123444        0.88869200026959
H            4.25159675727136        1.06286961638847        2.14819573128696
S            2.20346572673906       -1.87576257311469       -2.53158357896861
C            3.87879852410912       -2.07184740790065       -1.84431258106201
H            4.43888549120543       -1.13374900272631       -1.89522343964719
H            4.40029450894044       -2.81253920348058       -2.45503720464883
H            3.87462413406025       -2.42145451110903       -0.80756083550704
S           -2.42206052613340        2.09849847101991       -1.78116754777939
C           -4.09611530344441        1.42369900030392       -1.58123460952443
H           -4.16030347896133        0.37707355391934       -1.88969111705741
H           -4.76756727130227        2.00718325588196       -2.21510448199082
H           -4.44725544185978        1.50718125033676       -0.54924063236969
S           -0.60440695640372       -2.17179888759154        3.12265316145528
C           -3.91899865345137       -1.10913572638773        1.41315865128902
H           -4.78131042668838       -1.54416323476254        1.92203512160111
H           -4.09270778234035       -1.12248001789210        0.33776468194401
H           -3.78771128671349       -0.08410741309320        1.75979926420755
C           -2.68005969010540       -1.94542503822230        1.75439158068776
O           -2.35896071761642       -1.86158855733329        2.98803499712230
O           -2.27484451809562       -2.79404343509966        0.97056977660054
31
 energy: -68.865955924481 gnorm: 0.004031024362 xtb: 6.6.1 (unknown)
Fe           0.97507153169668        0.80666932907333        0.87519080835326
Fe           0.94323145389639       -0.80456355304375       -1.05523357241087
Fe          -0.98571319140171        0.79559391141762       -0.73195151272776
Fe          -0.70099762666295       -1.47800747641854        0.85495841039519
S           -1.11001165801578        0.74296916141304        1.37060872522259
S            1.46096787791579       -1.28457957059610        0.98530265184763
S            1.07740923605471        1.31648555793465       -1.22137049742825
S           -1.13139015298915       -1.25923063773595       -1.30347021446606
S            2.03229580414084        2.09781104874722        2.30759858513651
C            3.81020948155888        2.04346310921096        1.93041095842170
H            4.30396387567811        2.78350625083088        2.56449983631830
H            4.01953741817850        2.29338339911094        0.88803323685344
H            4.24381603334517        1.06447393056254        2.14958185900812
S            2.22437372412348       -1.85878478934540       -2.53520830269653
C            3.88721303227589       -2.07727784538113       -1.82658321963135
H            4.45992533076615       -1.14714308868880       -1.87101998694524
H            4.40590956699154       -2.82604633868014       -2.42981861476001
H            3.86662716866946       -2.42498709140008       -0.78984572583339
S           -2.42488392468864        2.10926918854427       -1.78389878130330
C           -4.09459202220807        1.43037814328221       -1.56947294509608
H           -4.15688630185332        0.38366398560186       -1.87652888285516
H           -4.77385619440682        2.01012401839041       -2.19671196257867
H           -4.43604021951201        1.51373068539657       -0.53459805094998
S           -0.59397045432672       -2.18800391599947        3.09571147470248
C           -3.92149109545174       -1.11109296224001        1.42427123489875
H           -4.77473524917959       -1.53070449869384        1.96086769326118
H           -4.12267654322854       -1.13534515597817        0.35371912405520
H           -3.77358309804670       -0.08170517909741        1.75381594142254
C           -2.67954404235022       -1.95099684634773        1.74695849288551
O           -2.34950058879334       -1.87741571163787        2.97965984459816
O           -2.27883164214901       -2.79295862817995        0.95332229235372
31
 energy: -68.866025816326 gnorm: 0.004888205559 xtb: 6.6.1 (unknown)
Fe           0.97251113698567        0.81268015059601        0.85412746245273
Fe           0.93984559894903       -0.80084960406238       -1.07983986835351
Fe          -0.98953044788776        0.79179006443755       -0.74903684064008
Fe          -0.70378917916822       -1.47872921426050        0.83407231311207
S           -1.11338115080699        0.73728961967613        1.35294312095282
S            1.45844300912832       -1.28026570232942        0.96132000739373
S            1.07039169879439        1.32277496735184       -1.24040436301136
S           -1.13220745895443       -1.26136047162178       -1.32720285032933
S            2.02051618366358        2.10398453388149        2.28828506051825
C            3.80255383412983        2.04603343884317        1.92868210594812
H            4.29067186136257        2.78528854183982        2.56781965668096
H            4.02309382562828        2.29566645765243        0.88802141574250
H            4.23156346647350        1.06605295844714        2.15251333127660
S            2.25404610299129       -1.82696759204129       -2.55073944857824
C            3.89770011163973       -2.08635012860897       -1.80162490252147
H            4.49430907073403       -1.16952682047500       -1.83493594460512
H            4.41284757041601       -2.84749012766524       -2.39333030952507
H            3.84691103768216       -2.43318354306749       -0.76324885595478
S           -2.42826324733309        2.12215766293788       -1.78523275933462
C           -4.09615622506918        1.44272411076943       -1.55250585474187
H           -4.15953484673430        0.39612182081053       -1.85873281693893
H           -4.78504748826417        2.02015183558081       -2.17135384615793
H           -4.42434929700062        1.52539122990923       -0.51253738153521
S           -0.57938872048854       -2.20297168162740        3.06332789205997
C           -3.92442909426519       -1.11709961057735        1.43640740557716
H           -4.76281874774498       -1.51506209769835        2.01294862075327
H           -4.16338866059356       -1.15987479409413        0.37395664348615
H           -3.75626745120088       -0.08115775053977        1.73743987990209
C           -2.67750592154716       -1.95831544398931        1.73727824616685
O           -2.33591758256399       -1.89378734821028        2.96650033771219
O           -2.28158145892886       -2.79243703180450        0.93388144254892
31
 energy: -68.866122092833 gnorm: 0.003517840607 xtb: 6.6.1 (unknown)
Fe           0.97353393657191        0.82118042842756        0.83046619331191
Fe           0.93719894882436       -0.80091084625018       -1.09986357329068
Fe          -0.99546994810587        0.78235320342107       -0.76199897694668
Fe          -0.70189246027914       -1.48257628164415        0.82071897112690
S           -1.11271094473259        0.72894299760081        1.33931780627800
S            1.46047376107115       -1.27305328063092        0.94331219768361
S            1.05893865604047        1.32584954935293       -1.26292272693486
S           -1.13058662896922       -1.27131085436266       -1.34389761811526
S            2.01001887856271        2.12068327118853        2.26031182685251
C            3.79850285332823        2.05078675264663        1.92895930442916
H            4.28024843575832        2.78715467291727        2.57593918239547
H            4.03805034423782        2.29932632793664        0.89126711794086
H            4.21705869852298        1.06766874242248        2.15995612664164
S            2.28435851949323       -1.80547877099201       -2.55188987698467
C            3.90817013252011       -2.09823150290614       -1.78155146615383
H            4.52226865254088       -1.19420560924040       -1.80915401672977
H            4.41427040467816       -2.87163732665160       -2.36489274380781
H            3.83809858393448       -2.43975057715592       -0.74505321576050
S           -2.43257790530203        2.13571092833812       -1.77244969449660
C           -4.10428023143440        1.46345540259699       -1.53954679920362
H           -4.17212460068584        0.41805234655446       -1.84874394822090
H           -4.79187174687477        2.04500587766335       -2.15488416181908
H           -4.42900988236553        1.54445261598901       -0.49858705329418
S           -0.56511238858297       -2.20798324560598        3.04430983656708
C           -3.92850917753543       -1.12893863936743        1.44332057286694
H           -4.74829594643100       -1.50876609318198        2.05460821074071
H           -4.19999457830851       -1.19354692918417        0.39073085893271
H           -3.74903173998339       -0.08640869561231        1.71215147801389
C           -2.67463654653711       -1.96563397410158        1.73083020795981
O           -2.32287843679354       -1.90463898425190        2.95633665302561
O           -2.28036011313777       -2.79487307584793        0.92169822705374
31
 energy: -68.866201605750 gnorm: 0.008532138867 xtb: 6.6.1 (unknown)
Fe           0.97558885427899        0.82921400613754        0.80175200073614
Fe           0.93997939668735       -0.79596144045395       -1.13177653871808
Fe          -0.99923787749733        0.76800497516412       -0.78417011347001
Fe          -0.69580435745017       -1.49272838836084        0.79183504608613
S           -1.11165333883654        0.71326101369212        1.31705366657298
S            1.46619995363737       -1.26735906136925        0.91250521910844
S            1.04969773151404        1.33618860807278       -1.28809823736990
S           -1.12074298704314       -1.28348235948096       -1.37612110967567
S            1.99878616899524        2.13336201861500        2.23247200372084
C            3.79293824008977        2.05519658557916        1.93034270861389
H            4.26714739865265        2.79072372341236        2.58367416684955
H            4.04985410977847        2.30115008839797        0.89588421778439
H            4.20272649999924        1.07023062155276        2.16910258485265
S            2.32821188943704       -1.77045177997444       -2.56658606247009
C            3.92161661355657       -2.11179115249862       -1.74481328592244
H            4.56231886849150       -1.22451553658615       -1.75864630355686
H            4.42470362785661       -2.90119792534956       -2.31077752274490
H            3.80977438569592       -2.44743207691452       -0.70743888942083
S           -2.44770200982533        2.13026767786407       -1.76589162592967
C           -4.12332799820458        1.46735080912752       -1.50509203444236
H           -4.20337579194838        0.42244445376524       -1.81436613178912
H           -4.81740786473268        2.05367317246511       -2.10971754611331
H           -4.43040078852694        1.54939608110342       -0.45755686561691
S           -0.54879774077011       -2.23123173322437        3.00290587533655
C           -3.92711893590026       -1.11600890048110        1.44587239287931
H           -4.73004872922716       -1.46456923980906        2.10204468793997
H           -4.24236835760388       -1.20487733344628        0.40579052883912
H           -3.71754352818637       -0.06754781628568        1.68150801646455
C           -2.67232517994103       -1.96551122709298        1.70675633423476
O           -2.30569982645848       -1.92489083709732        2.93009396220537
O           -2.29414089649363       -2.78822859644412        0.88025775508530
31
 energy: -68.866340320416 gnorm: 0.008778720257 xtb: 6.6.1 (unknown)
Fe           0.98136692715472        0.84023885762172        0.79109294576979
Fe           0.94801829651654       -0.79595653268477       -1.13821136139547
Fe          -1.00368116962680        0.74974737415166       -0.78753147794056
Fe          -0.67983791362544       -1.49587660962320        0.79346383410069
S           -1.10505674566963        0.70840572415091        1.31384500454716
S            1.48155385309681       -1.25557049931328        0.90786105621744
S            1.04011560842076        1.33974199755654       -1.29856999628905
S           -1.10656273280321       -1.30247524063497       -1.37481241311258
S            2.00042105084396        2.15479667653769        2.21416078787281
C            3.79718489628810        2.05715744001074        1.93660281009714
H            4.27110186870069        2.78814529936105        2.59476753950732
H            4.06865197449567        2.29955277124825        0.90576308693808
H            4.19213184249126        1.06752417264794        2.18003323030651
S            2.34218028114377       -1.75255046238785       -2.57794112939593
C            3.91713598861623       -2.12308214518939       -1.73404040316881
H            4.57314958752345       -1.24637319239098       -1.74224922855880
H            4.41458148673340       -2.92073368633245       -2.29271393709836
H            3.78380807878341       -2.45360072271743       -0.69703661727923
S           -2.45640595566028        2.11135569736829       -1.75148295243616
C           -4.14768368027348        1.48306721408782       -1.49959425159731
H           -4.25253553965417        0.44009075390220       -1.81261267092621
H           -4.82001523647427        2.08912398601051       -2.10726859790317
H           -4.45957391573083        1.57084004748672       -0.45557391905433
S           -0.53845726457895       -2.21904158365215        3.00996196352113
C           -3.92127477132015       -1.12453089316311        1.43475996513785
H           -4.71074558589661       -1.46510689207953        2.10470825480747
H           -4.24385887830459       -1.23975406236875        0.40492333928149
H           -3.71815327058779       -0.07363106294759        1.64236812723684
C           -2.66271977996919       -1.96384413878780        1.70169217211293
O           -2.29688317673474       -1.91356618827970        2.92115041833680
O           -2.28610859387406       -2.79141566950472        0.88128332043722
31
 energy: -68.866440796413 gnorm: 0.010475035537 xtb: 6.6.1 (unknown)
Fe           0.97889625095518        0.85665131048768        0.77387840178174
Fe           0.95194447129127       -0.78225797376856       -1.15741579857482
Fe          -1.00992914578399        0.74758924831818       -0.80371785808812
Fe          -0.67011592592501       -1.49396074554306        0.77870564391054
S           -1.10644798939265        0.70670405715110        1.29859244252385
S            1.49021698621603       -1.23758867518585        0.88842580891368
S            1.03052725830055        1.35385989168319       -1.31396032336215
S           -1.09759687719517       -1.30349297482624       -1.38989099006708
S            1.99589698485452        2.16512293267428        2.20427963481499
C            3.79348335765245        2.05594694804597        1.94195970106504
H            4.26728047070861        2.78366016052161        2.60384628879559
H            4.07447727787276        2.29632564881109        0.91396334443929
H            4.18030453457309        1.06379504143948        2.18840148406256
S            2.36527783439657       -1.73297392316796       -2.57962144702333
C            3.91388969591852       -2.13659994662450       -1.70896812868198
H            4.58739698069412       -1.27323107290277       -1.70825155614654
H            4.40348142935379       -2.94695260859596       -2.25562807000758
H            3.75626236796810       -2.45958695402133       -0.67596988839422
S           -2.46198204276296        2.10125128707249       -1.77253016471517
C           -4.16130879921220        1.50125987881241       -1.49180238074267
H           -4.28957969882789        0.45877784251794       -1.80080305618525
H           -4.83489218033518        2.11939662133498       -2.09123511215785
H           -4.45567865021649        1.59499926431232       -0.44075197776274
S           -0.51775744959366       -2.22886123443253        2.98874581390992
C           -3.91447132623205       -1.13677141139094        1.43778755197435
H           -4.68603176406006       -1.45754739959431        2.14854716791518
H           -4.27253153320730       -1.28617202309293        0.41782205943269
H           -3.70048995756202       -0.07993365717149        1.60722555444552
C           -2.65038018756687       -1.97074797987715        1.69150893483576
O           -2.27928002892544       -1.92116974859635        2.90753433517430
O           -2.27901481393249       -2.79481337429960        0.86812148399166
31
 energy: -68.866593698212 gnorm: 0.003814617769 xtb: 6.6.1 (unknown)
Fe           0.97651631573344        0.85829074855013        0.77291654221465
Fe           0.95073804421188       -0.77825973508901       -1.16195800686169
Fe          -1.01486999250792        0.74728383874604       -0.80236355804090
Fe          -0.66964828669960       -1.49078110854749        0.78069132847962
S           -1.10646852974482        0.70913278080893        1.30011992380251
S            1.49010272863236       -1.23453379194470        0.88371716502972
S            1.02465954356236        1.35579801914987       -1.31530158071879
S           -1.09951721673057       -1.30353143224790       -1.38821824825573
S            1.99676208585385        2.16345297381710        2.20406001764980
C            3.79420811612616        2.05509354303457        1.94198637027290
H            4.26739149709143        2.78249084728553        2.60516094164317
H            4.07633939649676        2.29595335999816        0.91433626653141
H            4.18217530072054        1.06359053163583        2.18891284281570
S            2.37046724599020       -1.72452643081451       -2.58379021751493
C            3.91144997669537       -2.13693367132210       -1.70632140977007
H            4.58930965549012       -1.27855118304973       -1.69899384687519
H            4.39880000763043       -2.94957795857219       -2.25075064479989
H            3.74579559873122       -2.45959959456622       -0.67512287087644
S           -2.46784699095294        2.09716400118054       -1.78553036412386
C           -4.16311255807374        1.50188059239118       -1.49134792809177
H           -4.29425131286820        0.46045997882722       -1.79731010072659
H           -4.83654368735657        2.12068321768351       -2.08880247679419
H           -4.45252624272458        1.59843921661525       -0.44086392075242
S           -0.51898588366600       -2.23567634866576        2.98610761616775
C           -3.90894665357643       -1.13816856282971        1.43634392384979
H           -4.68253350571939       -1.45216073313052        2.14028266567764
H           -4.26318001234151       -1.28620213982368        0.41728888826915
H           -3.69630221175715       -0.08179643143468        1.60557911264516
C           -2.64723236657814       -1.97504424421221        1.69387805514421
O           -2.27794492385584       -1.92212337846203        2.91295556353715
O           -2.27295760778859       -2.79956847492015        0.87113685054919
31
 energy: -68.866662158565 gnorm: 0.002012000800 xtb: 6.6.1 (unknown)
Fe           0.97616790444390        0.86561140022491        0.76893373451231
Fe           0.94878972204451       -0.77207429612356       -1.16707388342538
Fe          -1.01902158344702        0.74608328926492       -0.80355144845074
Fe          -0.66792812177718       -1.49458937225988        0.77977759691568
S           -1.10461852445474        0.70660943161911        1.29973458565316
S            1.48970593615978       -1.22720681042498        0.87958707103647
S            1.01763947763054        1.36084006712116       -1.32047042718687
S           -1.10125444004456       -1.30368428778051       -1.38840725222021
S            1.99859281219859        2.16444187384298        2.20364417592960
C            3.79572498392971        2.05397545549666        1.94255271112209
H            4.26885027358706        2.78073023360541        2.60685942252850
H            4.07933020441900        2.29522704711216        0.91537545818025
H            4.18357970020897        1.06241687133756        2.18959808729518
S            2.37601183808069       -1.70994408132850       -2.58782275569384
C            3.90594088544549       -2.13816182300995       -1.70028625477101
H            4.59151322622344       -1.28675160761833       -1.68422774970247
H            4.39021661970067       -2.95392871935337       -2.24235363896668
H            3.72863919085390       -2.46164727675357       -0.67145288217600
S           -2.47361342790863        2.09033192155251       -1.79668912712836
C           -4.16696566148616        1.50378793845187       -1.49040774221963
H           -4.30426943994472        0.46276165032728       -1.79219688019535
H           -4.84160477824260        2.12357474412981       -2.08490397611060
H           -4.44962320084358        1.60417954658303       -0.43939468479196
S           -0.51771773577188       -2.23783030567224        2.98464759972140
C           -3.90144011740614       -1.14050177607440        1.43332176220978
H           -4.67814028065537       -1.44847503385373        2.13201089341212
H           -4.24992056826200       -1.28724089490436        0.41328678463359
H           -3.68631412948219       -0.08470814481543        1.60208220180615
C           -2.64263859203238       -1.97994573819709        1.69512743984085
O           -2.27512538804959       -1.92419547987708        2.91670549292158
O           -2.26865925509335       -2.80700739253090        0.87479258539727
31
 energy: -68.866718473090 gnorm: 0.004871831038 xtb: 6.6.1 (unknown)
Fe           0.97035237064120        0.86756254200918        0.76458899933064
Fe           0.94465538260585       -0.76544603893781       -1.17528982403344
Fe          -1.02570808593838        0.74139977371837       -0.80670472349437
Fe          -0.66240139062633       -1.48917826142905        0.78041468719781
S           -1.10977820855658        0.71187001678934        1.29729425304088
S            1.49507894220247       -1.22318822949637        0.86997090897810
S            1.00755375824705        1.36848729495880       -1.32349738997169
S           -1.10365541112909       -1.30896255675049       -1.38724472299959
S            1.99939875604415        2.16470293044965        2.19713083360698
C            3.79713667866270        2.05194761405227        1.94283752405840
H            4.26937091750082        2.77763604919496        2.60930060584457
H            4.08485087316599        2.29347017155650        0.91687616917348
H            4.18352509578225        1.05991695655605        2.19061063930757
S            2.38467496532772       -1.68646229316623       -2.59250561642687
C            3.89752757067385       -2.14103796501424       -1.68936455038492
H            4.59499390892621       -1.29964994805292       -1.66043945466638
H            4.37707197521451       -2.96121671420145       -2.22883248804528
H            3.70255877131751       -2.46637884357595       -0.66411066526719
S           -2.48068568323151        2.08010627558202       -1.80811360634954
C           -4.17397962647196        1.50726771924713       -1.48745948982937
H           -4.32155003081510        0.46630528687361       -1.78404006865354
H           -4.84970726343813        2.12913877198686       -2.07853518179223
H           -4.44804705343014        1.61335934437556       -0.43506643420995
S           -0.51134204702029       -2.23686363766244        2.98224695035585
C           -3.88942918315116       -1.14360760958082        1.42755846529703
H           -4.67092820594002       -1.44806012509107        2.12017506586373
H           -4.23004880566925       -1.28796451440442        0.40492911078592
H           -3.67166459442828       -0.08842478293944        1.59771719410563
C           -2.63305410401356       -1.98439571233020        1.69435763796534
O           -2.26812414788930       -1.92763681761669        2.91824422885281
O           -2.25679859453910       -2.81201826700892        0.87574984243615
31
 energy: -68.866807724591 gnorm: 0.006365064016 xtb: 6.6.1 (unknown)
Fe           0.97115075279564        0.88523254145337        0.75163193430691
Fe           0.94011625769932       -0.75567447919570       -1.18761913508537
Fe          -1.03480852772250        0.73897695801896       -0.81224289797288
Fe          -0.65502758410775       -1.49562751888562        0.77567554206664
S           -1.10595193848851        0.70739105351373        1.29218056295248
S            1.49844889786614       -1.20636492450643        0.85855012103316
S            0.99229625572834        1.37904967900934       -1.33648729460343
S           -1.10456153652575       -1.31131345698924       -1.38976461528457
S            2.00111132923445        2.17372854571529        2.18965240207377
C            3.79912065856736        2.04957371580290        1.94355456427327
H            4.27222088152467        2.77216621130249        2.61290501202818
H            4.09343141179074        2.29058317274603        0.91928767982575
H            4.17963695625486        1.05533558744879        2.19225776943724
S            2.39826989499381       -1.65179864860656       -2.59779876676927
C            3.88426740644769       -2.14762554686662       -1.66990000636971
H            4.59965657178137       -1.32123143575243       -1.62132326831101
H            4.35656828184923       -2.97424014606199       -2.20604824789053
H            3.66178532801744       -2.47575013982763       -0.65036668744438
S           -2.49188845077428        2.06685771370651       -1.82319412672751
C           -4.18651286668492        1.51373943694992       -1.48062060757037
H           -4.35002089930036        0.47248490132826       -1.76980455375632
H           -4.86330059535739        2.13905605926570       -2.06733176856886
H           -4.44813942376477        1.62865384579406       -0.42564569140721
S           -0.49906562510198       -2.23179078951083        2.97896605270674
C           -3.87189303229948       -1.14909427186591        1.41822828120021
H           -4.66109641970228       -1.44980940944987        2.10361515771082
H           -4.20238778315138       -1.29017087934991        0.39152210920724
H           -3.64918698513550       -0.09489208684747        1.59059151698796
C           -2.62072714802838       -1.99430529629923        1.69259866270832
O           -2.25690010831973       -1.93458340703199        2.91769582982061
O           -2.24476443006197       -2.82587855491559        0.87803336949805
31
 energy: -68.866916590276 gnorm: 0.004771904114 xtb: 6.6.1 (unknown)
Fe           0.97064316648209        0.90146246818852        0.73627350725346
Fe           0.93628048327168       -0.74636786486237       -1.20033972631809
Fe          -1.04311656857015        0.73476386041919       -0.81930395952111
Fe          -0.64436176361119       -1.49721132473314        0.76946257420805
S           -1.10437691815203        0.70560234316366        1.28509961000384
S            1.50584150908908       -1.19000279316756        0.84575005136849
S            0.97783147737358        1.39104142265803       -1.35043386692717
S           -1.10291371118119       -1.31640425726294       -1.39409194549827
S            2.00031469022073        2.18756778299675        2.17452214443986
C            3.79953673475733        2.04801336474462        1.94322001517178
H            4.27339480326814        2.76624821637650        2.61658355015493
H            4.10379369676866        2.28734738197055        0.92138422652187
H            4.16976753526448        1.05023139828773        2.19399140468061
S            2.41469847503669       -1.61764562424562       -2.59856756610295
C            3.87209098002138       -2.15821718374186       -1.64727644028755
H            4.60426322786354       -1.34706171946672       -1.57944925788651
H            4.33531110214993       -2.99133761887836       -2.18156394592332
H            3.62216810597898       -2.48817057801357       -0.63425387828233
S           -2.50307353964321        2.05629078950931       -1.82982545133291
C           -4.20171525183876        1.52291459791327       -1.47047556151690
H           -4.37992397895743        0.48144793825635       -1.75331107276410
H           -4.87723327771735        2.15271130145864       -2.05456718295617
H           -4.45275623390980        1.64583591856814       -0.41317152595337
S           -0.48178825257164       -2.22378846842467        2.97413352001037
C           -3.85495580400246       -1.15615995517427        1.40802283853151
H           -4.65095797653358       -1.45946903187248        2.08706377392832
H           -4.17734513886198       -1.29338888480368        0.37733247119718
H           -3.63118689397414       -0.10278134720822        1.58562890149671
C           -2.60642167171506       -2.00261344339783        1.68809605878243
O           -2.24277587054483       -1.94175029790492        2.91248373818090
O           -2.22918560573747       -2.83642996125998        0.87638189541554
31
 energy: -68.867047863218 gnorm: 0.003375380721 xtb: 6.6.1 (unknown)
Fe           0.97044171123889        0.92050980131869        0.71777074905835
Fe           0.93548729485612       -0.73747725984771       -1.21370055821299
Fe          -1.05067986943104        0.73066020797442       -0.82818834890127
Fe          -0.63126001991065       -1.49559760889213        0.76168011468051
S           -1.10255038784598        0.70485069317736        1.27554442285539
S            1.51562886046861       -1.17014766167204        0.83234591761026
S            0.96403160039276        1.40323013336268       -1.36732939069791
S           -1.09717054938121       -1.32179304990904       -1.40065989852900
S            1.99706322010240        2.20986488786754        2.15178195117677
C            3.79792046789184        2.04796249085951        1.94154399987347
H            4.27289216681517        2.75999304180738        2.62032109803980
H            4.11611213993322        2.28396658540793        0.92306190245027
H            4.15202530598226        1.04500445086047        2.19577181062437
S            2.43464834101815       -1.58977866067710       -2.59350375774332
C            3.86256998235951       -2.17401385327002       -1.62225030213826
H            4.60971826114758       -1.37859314843404       -1.53723614748287
H            4.31479565723814       -3.01350656933247       -2.15605211338186
H            3.58749026907551       -2.50425824118447       -0.61641442348941
S           -2.51508874053189        2.05330569242711       -1.82564349180008
C           -4.21880333211643        1.53567843427979       -1.45640148173029
H           -4.40790198766754        0.49462560855900       -1.73510826979829
H           -4.89064871717444        2.17028062743506       -2.03994168528808
H           -4.46288763175514        1.66446825046449       -0.39777848262702
S           -0.46093128263674       -2.21547782364764        2.96646647800637
C           -3.84092784222827       -1.16643516425078        1.39798647757909
H           -4.64085165193588       -1.47950040240425        2.07180109508210
H           -4.15791473999887       -1.29946589334900        0.36416598165819
H           -3.62197991143376       -0.11344650099722        1.58392924665794
C           -2.59137087967780       -2.00982219931585        1.68094368633903
O           -2.22645871423905       -1.94803046051772        2.90297161213315
O           -2.21155149053164       -2.84437797800587        0.87092070806958
31
 energy: -68.867180109022 gnorm: 0.005605766032 xtb: 6.6.1 (unknown)
Fe           0.96828801119870        0.94314982711980        0.69707474053620
Fe           0.93763900976161       -0.72673846066500       -1.22872805175897
Fe          -1.05826353869048        0.72679340958858       -0.83795046608566
Fe          -0.61690695699511       -1.48997596696271        0.75333650058829
S           -1.10185407923874        0.70592310715310        1.26522765641478
S            1.52667753918186       -1.14547449198668        0.81814165918390
S            0.94981013972750        1.41677354624487       -1.38751773033856
S           -1.08890382184730       -1.32634577348245       -1.40915743153323
S            1.99279150000052        2.23874247444519        2.12323124726888
C            3.79491071561940        2.04896859157540        1.93876184314365
H            4.27123088474719        2.75323854413733        2.62439508650126
H            4.13034765865729        2.28034647297157        0.92459705626510
H            4.12864600692238        1.03995288235452        2.19739175049091
S            2.45917231480059       -1.56551042649669       -2.58704397019808
C            3.85504553994886       -2.19421944393334       -1.59587166826139
H            4.61920338545689       -1.41718241587438       -1.49283092071453
H            4.29533285500931       -3.04049005560502       -2.12885950247733
H            3.55443858625487       -2.52461379651141       -0.59773867986292
S           -2.52864561960802        2.05651253815402       -1.81666403041269
C           -4.23636073813318        1.55125734541360       -1.43936375566325
H           -4.43364008642347        0.51115952091755       -1.71528715383984
H           -4.90434845029177        2.19010925925770       -2.02260883179862
H           -4.47534046393992        1.68455136776314       -0.38010714849467
S           -0.43903739629031       -2.21005066138441        2.95500501605019
C           -3.82959353478534       -1.18063144511873        1.38893209729890
H           -4.63022574227164       -1.50731165653465        2.05757100253981
H           -4.14229912655034       -1.30929590450739        0.35296081336387
H           -3.62073621278946       -0.12747623798361        1.58458836963809
C           -2.57530548961228       -2.01659791533640        1.67220903965361
O           -2.20839271925356       -1.95226829674145        2.89209325918906
O           -2.19183264054243       -2.85061750787678        0.86301110338590
31
 energy: -68.867341081107 gnorm: 0.006875789406 xtb: 6.6.1 (unknown)
Fe           0.96325426921464        0.97319952073653        0.67308833768716
Fe           0.94358580806719       -0.71167333157382       -1.24728362577059
Fe          -1.06602931783347        0.72461016313067       -0.85023414822061
Fe          -0.60135970162330       -1.47995980905865        0.74322042468510
S           -1.10250849396695        0.70908166780893        1.25255098810117
S            1.53818524609407       -1.11221129972494        0.80168581671404
S            0.93451047097565        1.43374928937965       -1.41208779947447
S           -1.07681144475808       -1.32816826315563       -1.42091440759316
S            1.98805329079069        2.27746330009950        2.08686448191652
C            3.79019274328286        2.05094190460104        1.93477978951082
H            4.26842714649925        2.74492114627274        2.62939667283889
H            4.14763194571520        2.27592603518787        0.92654754821559
H            4.09729790982011        1.03462347287557        2.19859619832266
S            2.49117567542093       -1.54414687616867       -2.57699580503917
C            3.84960002440576       -2.22164022214023       -1.56627091345995
H            4.63290943784401       -1.46716763590903       -1.44318396929119
H            4.27562480918616       -3.07582949943754       -2.09817947688472
H            3.52169888849909       -2.55079954411036       -0.57683232236003
S           -2.54486997852698        2.06544118036521       -1.80439650180333
C           -4.25509416073537        1.57072506448081       -1.41771023084520
H           -4.45928907664748        0.53193043734510       -1.69137453661541
H           -4.92019712685410        2.21338621511912       -1.99967561997015
H           -4.48876655804003        1.70758482543865       -0.35789101182556
S           -0.41436962767312       -2.20579138697275        2.93764013489765
C           -3.82084480064692       -1.20095678844019        1.38077391984422
H           -4.61872687172734       -1.54597792207305        2.04398129601248
H           -4.12987471031649       -1.32469534615928        0.34333880573277
H           -3.62804273740369       -0.14701980475223        1.58778023244244
C           -2.55730928559415       -2.02417223848360        1.66103190134204
O           -2.18682694412779       -1.95462195804314        2.87887974346326
O           -2.16937929931704       -2.85607386654153        0.85167297749774
31
 energy: -68.867505075434 gnorm: 0.006513291688 xtb: 6.6.1 (unknown)
Fe           0.95307324005046        1.01370766627401        0.64533710581212
Fe           0.95339020469216       -0.69041361475762       -1.27078472820957
Fe          -1.07411207522458        0.72380551870316       -0.86682414608870
Fe          -0.58443765823681       -1.46531911291151        0.73080336383514
S           -1.10611970596547        0.71517624912599        1.23632773632234
S            1.54967800568953       -1.06744145052069        0.78197505567847
S            0.91749250189961        1.45622301500538       -1.44175340504399
S           -1.06074947019273       -1.32753182744165       -1.43659910174237
S            1.98427448023962        2.32557699609105        2.04317570542819
C            3.78392421025794        2.05311638731920        1.92992567377957
H            4.26471057287218        2.73388205869934        2.63593525651381
H            4.16803710003925        2.27024171596937        0.92965536166565
H            4.05853097118120        1.02865591687549        2.19870897802472
S            2.53370954408263       -1.51606250170756       -2.56663426842923
C            3.84273358460016       -2.25657458928477       -1.53104175458699
H            4.65158016568005       -1.53280934605853       -1.38112207288059
H            4.25030578363344       -3.12096620450089       -2.06139526694792
H            3.48041269026807       -2.58443073833789       -0.55249599608182
S           -2.56427941427206        2.07411244696190       -1.79688939337112
C           -4.27495361430843        1.59383117567621       -1.39050456772043
H           -4.48968657448979        0.55635685589433       -1.65976084312812
H           -4.93992684261505        2.24048994199182       -1.96779428830651
H           -4.49809805790257        1.73559811518389       -0.32906442681449
S           -0.38574143057979       -2.19968537827385        2.91375652011408
C           -3.81213036278185       -1.22853172783196        1.37269688977599
H           -4.60505182457979       -1.59535004462893        2.02862179999356
H           -4.11623009280518       -1.34589614000633        0.33365497484857
H           -3.63991833832186       -0.17368774136150        1.59275597137991
C           -2.53558529855519       -2.03426077612029        1.64733159167343
O           -2.16041358278305       -1.95659001781568        2.86376392946490
O           -2.14257118154915       -2.86254441811279        0.83703724511033
31
 energy: -68.867611661301 gnorm: 0.003996918513 xtb: 6.6.1 (unknown)
Fe           0.93983291573340        1.04996390564076        0.62680573684228
Fe           0.96660968516580       -0.67096417091087       -1.28719034235486
Fe          -1.07560352642658        0.72886623602058       -0.88268700220206
Fe          -0.57535383238959       -1.44894011998831        0.71971900251053
S           -1.11301236246736        0.72377348628161        1.22152833453304
S            1.55405868636765       -1.02762393375738        0.76993513000307
S            0.91097894512370        1.47513226245312       -1.46333936314878
S           -1.04396960187594       -1.32021063066480       -1.45209593987752
S            1.98360066292698        2.36475547696743        2.01043948519400
C            3.77718699133955        2.05364420180445        1.92614256994077
H            4.26069424515897        2.72275849410317        2.64140819689098
H            4.18122251662184        2.26429365498615        0.93308810219609
H            4.02533728689640        1.02363718075734        2.19634932355883
S            2.56504908611775       -1.51494802534458       -2.54901827520291
C            3.84193552154963       -2.28558595784055       -1.50773012171388
H            4.66136590698885       -1.58276571815570       -1.34455867275445
H            4.23638837598414       -3.15520413824811       -2.03862900463129
H            3.46420214003850       -2.60842828056477       -0.53611383175634
S           -2.57734544130966        2.08253865579692       -1.79572784123333
C           -4.28422567589822        1.60969328207317       -1.36730148233280
H           -4.50562909768585        0.57311332835948       -1.63287182325857
H           -4.95374391828497        2.25786258961204       -1.93741845175862
H           -4.49558571174979        1.75328975017249       -0.30367994445156
S           -0.36650377329101       -2.19184062198968        2.89094249114204
C           -3.81293931544937       -1.25284496993776        1.37033233959356
H           -4.59701560700978       -1.64034784740323        2.02243651657913
H           -4.11629442986014       -1.36516871642115        0.33126407661443
H           -3.66061435678261       -0.19724555659227        1.60040267877370
C           -2.52184296848820       -2.04018927892056        1.63487093306328
O           -2.14159398016077       -1.95561508241302        2.85023831915456
O           -2.12534183686066       -2.86272102577583        0.82125776015407
31
 energy: -68.867693301091 gnorm: 0.005973765046 xtb: 6.6.1 (unknown)
Fe           0.92514877706794        1.08998941397294        0.60676765709029
Fe           0.97666883708864       -0.65000208380234       -1.30702034448105
Fe          -1.07967090730239        0.72994634611827       -0.90140141451142
Fe          -0.56347853889903       -1.43491510602511        0.70964731738219
S           -1.12077922690881        0.73232176474863        1.20455997002257
S            1.56030855080372       -0.98473530455168        0.75415330094863
S            0.90013796095178        1.49646682464850       -1.48593581684745
S           -1.02902249894336       -1.31800903855933       -1.46539491265213
S            1.98304461289156        2.40885300497527        1.97402002922133
C            3.77016049213835        2.05378073609489        1.92260708735695
H            4.25696918648463        2.70951807877913        2.64861238483255
H            4.19715920937004        2.25865699794419        0.93757515405875
H            3.99047775864719        1.01738919475173        2.19391618910784
S            2.60555384962826       -1.47451425176932       -2.54567305465751
C            3.82980501256340       -2.31384457934859       -1.47820550767233
H            4.67820218270411       -1.64535793001767       -1.28466564731536
H            4.20416521848831       -3.19402160481974       -2.00817226342080
H            3.41496615018604       -2.63713159665247       -0.51771098123326
S           -2.59178632473775        2.07610696306667       -1.81260769425023
C           -4.29459859100285        1.62589590991975       -1.34310910841519
H           -4.53449958067269        0.59007769850178       -1.59884648539896
H           -4.97031106985078        2.27842964186256       -1.90143537226833
H           -4.48248093791480        1.77733705456823       -0.27527513509716
S           -0.34408153338086       -2.17980775390255        2.87078361832259
C           -3.80383342087145       -1.27833535909508        1.36425311753215
H           -4.58428749195904       -1.68334489627517        2.00746320620856
H           -4.10056719292337       -1.38300633156221        0.32263170876845
H           -3.66687876074561       -0.22336276364153        1.60609940790092
C           -2.50264005071454       -2.05127195427303        1.62367025149868
O           -2.12004371255140       -1.96108692401291        2.83925694268240
O           -2.10196042961292       -2.86934372154193        0.80823529535196
31
 energy: -68.867789668325 gnorm: 0.004067788507 xtb: 6.6.1 (unknown)
Fe           0.91981706567402        1.09234614478108        0.61327222764262
Fe           0.97921292955484       -0.65033978642312       -1.30262628640043
Fe          -1.07450558790091        0.73229356497794       -0.90437003209743
Fe          -0.56787168193277       -1.43285325501065        0.71041184223506
S           -1.12590177500589        0.73576058814303        1.20273608676782
S            1.55577582211462       -0.98341641180219        0.75953776338595
S            0.90792484147189        1.49546136866715       -1.48032598250797
S           -1.02724355153166       -1.31588553408051       -1.46538847800317
S            1.98463784530505        2.41236986080228        1.97582496133258
C            3.76763512907710        2.05157683732727        1.92322414350952
H            4.25647623730783        2.70491956910726        2.64966340868641
H            4.19435291208398        2.25685723541289        0.93894912180788
H            3.98686797301644        1.01518156337774        2.19151473354877
S            2.60295982453877       -1.47319147511045       -2.54700116416745
C            3.82674426717849       -2.30973893418412       -1.48355781798727
H            4.67362415742871       -1.64263182848030       -1.29149359947798
H            4.20023495938063       -3.18902608857966       -2.01469258084558
H            3.41463978560407       -2.63210859388659       -0.52258244180469
S           -2.58724147458524        2.06594573285878       -1.83017059491849
C           -4.28491392416494        1.62008304768892       -1.34350023116080
H           -4.52938357713242        0.58420546826535       -1.59529533034104
H           -4.96615132069246        2.27282822561940       -1.89527744567869
H           -4.46156217385066        1.77244401173793       -0.27391165515070
S           -0.34878196525505       -2.17348003207279        2.87275823227415
C           -3.80582510794170       -1.27762151244993        1.36640776616509
H           -4.58552339553395       -1.68317021197151        2.00900832057028
H           -4.10290321404637       -1.38065106349469        0.32449933116119
H           -3.66751470581152       -0.22383493336064        1.60906569547064
C           -2.50517870034033       -2.05089350742501        1.62433616229125
O           -2.12414215537459       -1.96388010345915        2.84075712598523
O           -2.10441190861366       -2.86687151687391        0.80702561777304
31
 energy: -68.867933930067 gnorm: 0.003983518888 xtb: 6.6.1 (unknown)
Fe           0.89822866311253        1.12851705617188        0.60870440259750
Fe           0.98852629233673       -0.63439801856332       -1.30750607887784
Fe          -1.06898396598562        0.73778998557143       -0.92342904812477
Fe          -0.56624351873039       -1.42090029433382        0.70390245319757
S           -1.14343984356146        0.74571183921490        1.18624820427188
S            1.55335558801243       -0.94767209644022        0.75982814458981
S            0.91368516750886        1.51172858184288       -1.48722777021563
S           -1.01305853646014       -1.31144046321338       -1.47430104306874
S            1.98277607042920        2.46280488612608        1.94423805843872
C            3.75530904724350        2.04602682084788        1.92251504639601
H            4.25364110017881        2.68068893768133        2.66002605600783
H            4.20539161911370        2.24652862251795        0.94614721950087
H            3.94230044281008        1.00039443692692        2.18750589369996
S            2.62447560631761       -1.44780065676662       -2.53766124564279
C            3.81513620089921       -2.32298744323599       -1.47452947795879
H            4.67448129509205       -1.67989917428645       -1.26894251010877
H            4.17060657188740       -3.20747459412437       -2.00979256205662
H            3.38695712453425       -2.64110267708343       -0.52031750676388
S           -2.58795917839513        2.04330261789433       -1.87333928402739
C           -4.27151839307412        1.61914475043639       -1.32554966144133
H           -4.53570619585891        0.58435802946392       -1.56332990399674
H           -4.96703078478440        2.27562626835901       -1.85604736818717
H           -4.40856142488848        1.77726814596795       -0.25028654477945
S           -0.34043022276628       -2.15079650875879        2.86557712261009
C           -3.80314978189271       -1.29249603998506        1.36537167700819
H           -4.58043021671658       -1.71558238722779        2.00099159471105
H           -4.09702003761833       -1.38601123704352        0.32095036226931
H           -3.67481918522656       -0.24058983654907        1.62116470995850
C           -2.49647373726539       -2.05707070209843        1.61758739838160
O           -2.11720654377083       -1.97523136742940        2.83490840101220
O           -2.09099169245893       -2.86575905178031        0.79539216066374
31
 energy: -68.868040341805 gnorm: 0.003836521561 xtb: 6.6.1 (unknown)
Fe           0.87375770566715        1.17092936776705        0.59718387180283
Fe           1.00102039155615       -0.61797596916151       -1.31495080649281
Fe          -1.06597447545025        0.74060571102310       -0.94601259872645
Fe          -0.56167989694249       -1.40497139112145        0.69781360465140
S           -1.16308856934877        0.75866294266748        1.16484498080101
S            1.55222039700182       -0.90425855199185        0.75894155054897
S            0.91476776415066        1.52955741789686       -1.50047082339240
S           -0.99386997803681       -1.31027498334708       -1.48390812775817
S            1.98116928107913        2.50580909116660        1.91294380350718
C            3.74088453193111        2.04006450552141        1.92068032084432
H            4.24555150498972        2.65522843485762        2.67080440527548
H            4.21107890731671        2.23513099554060        0.95288274839833
H            3.89503321477664        0.98718354700066        2.17954683390111
S            2.65546156036608       -1.41104977420267       -2.52916919889335
C            3.80363872209377       -2.34141140954120       -1.46142371175944
H            4.68212731258464       -1.72834972951719       -1.23724060116231
H            4.13665365381924       -3.23190182683897       -2.00222136956973
H            3.35250805483552       -2.65641571696173       -0.51639811779325
S           -2.59265248450591        2.02465002005048       -1.90609284680304
C           -4.26126757340293        1.62018274788500       -1.30362115925493
H           -4.54210880945306        0.58730051796629       -1.52860611907857
H           -4.96783833100915        2.28125271666520       -1.81379141250291
H           -4.36089261221122        1.78251279102076       -0.22498978373405
S           -0.32740863816718       -2.12876094087234        2.85752010188299
C           -3.79856158687183       -1.30857233303232        1.36231267106988
H           -4.57398017391410       -1.74973456839231        1.99020138991062
H           -4.08878675279771       -1.39204287137875        0.31571613079104
H           -3.68281914904789       -0.25837546455095        1.63278553720001
C           -2.48478928522756       -2.06280515975077        1.61066247778003
O           -2.10675692949410       -1.98565302080820        2.82846958637359
O           -2.07155022626557       -2.86383866545557        0.78438556224640
31
 energy: -68.868151072364 gnorm: 0.004348198797 xtb: 6.6.1 (unknown)
Fe           0.84953525921121        1.21505306691999        0.58077331460887
Fe           1.01403231362976       -0.60198332349859       -1.32475767700149
Fe          -1.06421187338845        0.74193513620320       -0.96802139825665
Fe          -0.55475908282476       -1.38862223714047        0.69339202209546
S           -1.18207272418256        0.77119771672097        1.14264146832932
S            1.55273088744160       -0.85726051768720        0.75547056094328
S            0.91303031232625        1.54842956622939       -1.51748808282193
S           -0.97278652393196       -1.31131564332640       -1.49210850591597
S            1.97457864187498        2.55173527720189        1.87551977241986
C            3.72024202094702        2.03043090382722        1.91892493392839
H            4.22863722483890        2.62326711727223        2.68440884417471
H            4.21485970272892        2.21901298081941        0.96135539672195
H            3.83610559079871        0.97060808120004        2.17130674516437
S            2.69136206920214       -1.37547451494593       -2.51558769025963
C            3.79661463534052       -2.36130001137503       -1.44960548113453
H            4.69227466688519       -1.77874367532568       -1.20973544478517
H            4.10475055284465       -3.25554536618541       -1.99913253701276
H            3.32371897155609       -2.67241621645365       -0.51420014607657
S           -2.59865260798157        2.00785289232182       -1.93101435014974
C           -4.25037911939566        1.61997930007463       -1.27835014335124
H           -4.54504425648832        0.58941910942602       -1.49165497311280
H           -4.96520699149965        2.28617832397808       -1.76824924497090
H           -4.31405211900077        1.78492105459458       -0.19911211799283
S           -0.31325914828269       -2.10650096425657        2.85198685622218
C           -3.79345744922613       -1.32207808202318        1.35798209532526
H           -4.56729967150402       -1.77896796687681        1.97887381384134
H           -4.08070149948351       -1.39656969193580        0.31013671703067
H           -3.69090716775272       -0.27379919955157        1.64227095524431
C           -2.47243370689660       -2.06494526901996        1.60456970438855
O           -2.09617278526221       -1.99326809198973        2.82273532063651
O           -2.04922859250282       -2.85855132509189        0.77546817182977
31
 energy: -68.868276181922 gnorm: 0.004989411192 xtb: 6.6.1 (unknown)
Fe           0.82440060224698        1.25651870503055        0.56121495648076
Fe           1.02931390851890       -0.58957832698631       -1.33507197738495
Fe          -1.06267725866837        0.73958841518460       -0.99016276374923
Fe          -0.54714937459419       -1.37294033329326        0.69146653118711
S           -1.20055296601975        0.78277278541017        1.11984146299385
S            1.55342977768659       -0.81069764971826        0.75124531676846
S            0.91010821319665        1.56387520593740       -1.53757924051313
S           -0.94947936886091       -1.31563028893633       -1.49950968287153
S            1.96542999983332        2.58898887522537        1.83844571194536
C            3.69330546164259        2.01750610043005        1.91825235782644
H            4.19958471910036        2.58679910062879        2.70212657859957
H            4.21163263483758        2.20051789132011        0.97272588672109
H            3.77040988543544        0.95304211016600        2.16038513454651
S            2.73252390338687       -1.33776444215999       -2.50034011755100
C            3.79405946719259       -2.37910993051807       -1.44138980825964
H            4.70618175345665       -1.82854654535965       -1.18699213610647
H            4.07581616409710       -3.27427654162737       -2.00267329314843
H            3.30175635991318       -2.68709140666276       -0.51590019398237
S           -2.60517646600904        1.98649868716875       -1.95831880821424
C           -4.23904529304552        1.61761951286087       -1.25059608337461
H           -4.54982386136466        0.58940004532663       -1.45206787578646
H           -4.96215480611209        2.29017872426364       -1.71737392480551
H           -4.26216608716811        1.78547858185352       -0.17085282067773
S           -0.30103468669193       -2.08573429343287        2.84975099875871
C           -3.78695511825928       -1.32982380214834        1.35268841874848
H           -4.55983141714103       -1.79642398738267        1.96724864082088
H           -4.07050983984624       -1.39848814973671        0.30424470370765
H           -3.69555514095275       -0.28367322182386        1.64634622568122
C           -2.46056076308224       -2.06207705411052        1.60078202801551
O           -2.08700120719718       -1.99468023676020        2.81995186063962
O           -2.02643166551021       -2.84957010004224        0.77091081304557
31
 energy: -68.868406406759 gnorm: 0.005827062268 xtb: 6.6.1 (unknown)
Fe           0.80446732880634        1.29278810331020        0.53847656983220
Fe           1.04783602311944       -0.58224222614373       -1.34702683895253
Fe          -1.06032023491134        0.73198081242357       -1.01355476290186
Fe          -0.53780717265197       -1.36097826940248        0.68999268011488
S           -1.21239353117724        0.79022855217262        1.09652476074461
S            1.55569009302945       -0.76804717827575        0.74444436399965
S            0.90672247951756        1.57269770289891       -1.56232248858476
S           -0.92453089823442       -1.32401323672838       -1.50792451386082
S            1.95283091077154        2.63036807536935        1.79662849873349
C            3.66251092167324        2.00281142455271        1.91905228886278
H            4.16460863165159        2.54821364112330        2.72200541963487
H            4.21034024704040        2.17969895529927        0.98806250005947
H            3.69665115854866        0.93306959444476        2.15120811183359
S            2.77756893246023       -1.30609798318114       -2.48427387678293
C            3.79734120494046       -2.39559091939808       -1.43457657913971
H            4.72341160236949       -1.87630112150880       -1.16757365764269
H            4.05534303094524       -3.28965291860316       -2.00734256025659
H            3.28889114482466       -2.70067046123483       -0.51791910937945
S           -2.61695319821171        1.96991832423914       -1.96942896028220
C           -4.23526942819100        1.61742926702313       -1.22097780852623
H           -4.55895335247829        0.59203327441765       -1.41452815881673
H           -4.96329325863678        2.29752835922241       -1.66719044424444
H           -4.22527508537125        1.78459025376472       -0.14247237917328
S           -0.28907312087333       -2.06888810407703        2.84737397735000
C           -3.77945211192118       -1.33293389464478        1.34720531818738
H           -4.55099808213499       -1.80659046422990        1.95674216029508
H           -4.05785293443019       -1.40031877265942        0.29791030883562
H           -3.69823017989292       -0.28767920955163        1.64473283732660
C           -2.44879524120910       -2.05502896000767        1.59797761274290
O           -2.07690949841626       -1.98645981863826        2.81805882861105
O           -2.00625885093532       -2.83918437186837        0.76951480144038
31
 energy: -68.868485533296 gnorm: 0.007294488397 xtb: 6.6.1 (unknown)
Fe           0.78905349095309        1.31134641909294        0.51365806014628
Fe           1.06577427338361       -0.58444238024629       -1.35749167920079
Fe          -1.06058341916351        0.71547315794724       -1.03309213180978
Fe          -0.52772951995649       -1.35841276380607        0.69348041059594
S           -1.21744405022020        0.78824134057906        1.07765294558238
S            1.55977899223396       -0.74139108631778        0.73620230146911
S            0.90051246238421        1.56966828627646       -1.58860936282712
S           -0.90162826846004       -1.34133075279508       -1.51165787551774
S            1.93857744301078        2.63976510824446        1.77189121121420
C            3.62540866570869        1.98432906346551        1.92348586201776
H            4.11388634965039        2.51088646254685        2.74372176596600
H            4.19384568857443        2.15907078514165        1.00830105872189
H            3.63083947965363        0.91674881982994        2.13880724443494
S            2.82347750437236       -1.27661323829780       -2.46884057987422
C            3.81182915172569       -2.40159271625177       -1.43864209197131
H            4.74702406420975       -1.90986710026264       -1.16498760107655
H            4.04890316232629       -3.29135896574283       -2.02428398250576
H            3.29547668863493       -2.70499735694365       -0.52758846428628
S           -2.63003808305749        1.94867190036585       -1.97695620219323
C           -4.23506979097449        1.61334674616186       -1.19390337891645
H           -4.57312371561425        0.59145564895424       -1.38283985492171
H           -4.96391966589948        2.30283952464167       -1.62125564723148
H           -4.19718112067420        1.77777604742767       -0.11800075675373
S           -0.28464763903321       -2.05660784841556        2.85477393418272
C           -3.76951236934796       -1.31931457766545        1.34114983767353
H           -4.54300890060570       -1.78845488303821        1.94787417728425
H           -4.04039840614953       -1.39340860316858        0.29070718967056
H           -3.69088945509839       -0.27307660508731        1.63147898092298
C           -2.44103096613726       -2.03814637955530        1.60137805740513
O           -2.07261410180681       -1.96268895373784        2.82329502501534
O           -1.99372041460194       -2.82523666923408        0.77909044684275
31
 energy: -68.868417308611 gnorm: 0.013278929766 xtb: 6.6.1 (unknown)
Fe           0.75713719477546        1.36723467577316        0.47414149732338
Fe           1.09502111146480       -0.56782007491552       -1.38176820412873
Fe          -1.06236925928453        0.70032186438572       -1.07096997635374
Fe          -0.50932604877757       -1.34290509608208        0.68618549817413
S           -1.23151566998960        0.79372280096633        1.04352884924308
S            1.56697837490218       -0.67666259696353        0.71836857861078
S            0.88845044152709        1.58427643853826       -1.63257919288342
S           -0.86216462740969       -1.35607857410549       -1.52959886880534
S            1.92431649899584        2.70341866537244        1.70688465085789
C            3.58045981785495        1.96426208602853        1.92669964867116
H            4.06228124138224        2.45409947665717        2.77753998953096
H            4.19762607835211        2.13198202051825        1.03752790369666
H            3.52341107769297        0.88899164807098        2.12401475021888
S            2.90378855375510       -1.21510294103196       -2.44480384965896
C            3.81588355231691       -2.43028810128809       -1.42009745070309
H            4.78097891358588       -1.99725942483392       -1.11730638430137
H            4.01248684784462       -3.32484026811562       -2.01952322384304
H            3.26626053393706       -2.72902624509093       -0.52343773418250
S           -2.65350212728668        1.91195797974563       -2.01480975103098
C           -4.24057070892712        1.62115005056902       -1.14439871471947
H           -4.61661953420804        0.60409452264322       -1.31757950667020
H           -4.97945001147100        2.32537916493279       -1.53787285500358
H           -4.14486212357273        1.79106041884446       -0.06392346335459
S           -0.26149548402961       -2.02665102923138        2.84457744785641
C           -3.75307706081281       -1.32784895128992        1.33093109378004
H           -4.52460210716210       -1.81152790133571        1.92703615150704
H           -4.01111582910004       -1.40111683946792        0.27644428984890
H           -3.69077223386942       -0.28098831799064        1.62526714166573
C           -2.41762681113834       -2.03094521408159        1.59456812910006
O           -2.05066550697265       -1.94327905528635        2.81799058256585
O           -1.96349756435490       -2.81693275182378        0.77576187304549
31
 energy: -68.868666737242 gnorm: 0.005367890289 xtb: 6.6.1 (unknown)
Fe           0.77324549813846        1.34011207510201        0.48734710479256
Fe           1.08590421887446       -0.57653154513454       -1.37077072913986
Fe          -1.06152040529040        0.70230897497580       -1.05580852463229
Fe          -0.51705180708034       -1.35046098487984        0.68573057979871
S           -1.22042898869407        0.78950099618884        1.05869459041214
S            1.56381107174540       -0.70965064426800        0.72673763191486
S            0.89255440202136        1.57337670229591       -1.61827892000062
S           -0.87508530501838       -1.35278425126257       -1.52561230122424
S            1.93064631986517        2.68473375535828        1.72703520817259
C            3.59949479742414        1.97222372010198        1.92815115482480
H            4.08474903977984        2.47434219907021        2.76951194618203
H            4.20347976298734        2.14393807346995        1.03166401848743
H            3.56501115402935        0.89703121744389        2.13151136359138
S            2.86802062570026       -1.24662986723393       -2.45535755874469
C            3.81594372711612       -2.41674780697151       -1.42976135041662
H            4.76590799874664       -1.95825700418605       -1.14138956151117
H            4.03248250750638       -3.30913284570538       -2.02188303563776
H            3.28602767735140       -2.71730190353744       -0.52462337429502
S           -2.64736898480703        1.93218169152781       -1.97914008867875
C           -4.24380694423392        1.61861990605873       -1.16592337131814
H           -4.59975267795710        0.60154857021252       -1.35040952085153
H           -4.97297731707063        2.31797035177854       -1.57963656119932
H           -4.18628190312033        1.78078752663338       -0.08877253643015
S           -0.26869472584931       -2.03258211595347        2.84782691573034
C           -3.76013022586334       -1.32218363778641        1.33634910693381
H           -4.53261358373476       -1.80121119758452        1.93841638100293
H           -4.02404646844154       -1.39794638051537        0.28303416945374
H           -3.69039416213444       -0.27345565188448        1.62631259110007
C           -2.42735690090396       -2.03346318236664        1.59860601855504
O           -2.05765559190150       -1.94401476487093        2.81972650383758
O           -1.98026527916465       -2.82364354596634        0.77951104934859
31
 energy: -68.868715888477 gnorm: 0.003295417401 xtb: 6.6.1 (unknown)
Fe           0.77231164497714        1.34135154787102        0.48424730490328
Fe           1.08448322405661       -0.57768918092866       -1.37124097753971
Fe          -1.06226790671570        0.69867677052465       -1.05926807331628
Fe          -0.51581025366206       -1.35187776778930        0.68757904520737
S           -1.22055009413325        0.78924464157336        1.05500382056959
S            1.56462240022539       -0.70861252316180        0.72534887958243
S            0.89119898984244        1.57177386960143       -1.62070107143461
S           -0.87538619226210       -1.35809763068097       -1.52201780536203
S            1.93041482975732        2.67887440633985        1.72781695563000
C            3.59434488108164        1.96828248808832        1.93169456122900
H            4.07402683566034        2.46952027878001        2.77485385926250
H            4.20040684616676        2.14057700672492        1.03835437355519
H            3.56273805448363        0.89563718026065        2.13188112915694
S            2.87237044590420       -1.23840419386439       -2.45452009261471
C            3.81752747061888       -2.41354350665825       -1.43384491865733
H            4.76891498587683       -1.95945656331766       -1.14565084143006
H            4.02979233069434       -3.30581004103659       -2.02831366230635
H            3.28684726156382       -2.71402935612485       -0.52842856111758
S           -2.64759213266149        1.92166551586265       -1.98761412062536
C           -4.24179197045567        1.61542905534646       -1.16484419514419
H           -4.60414145054872        0.59992226011234       -1.34746731500973
H           -4.97045984803428        2.31795893950696       -1.57509349293368
H           -4.17814745887818        1.77773647342465       -0.08655268107357
S           -0.26933928060792       -2.02697348188085        2.85165589265177
C           -3.75792948905660       -1.31773590288262        1.33541629940729
H           -4.53216791421918       -1.79207576086288        1.93814759949939
H           -4.02212310938281       -1.39485185076571        0.28245113516219
H           -3.68474478742596       -0.26902504523059        1.62275774488486
C           -2.42684276118948       -2.03134703399858        1.60111298644250
O           -2.05811938028303       -1.93985173887040        2.82188229080636
O           -1.98073864137233       -2.82459042585274        0.78415283067305
